village,vlcode,block,district,shoreline_distance_km,shoreline_proximity_score,erosion_baseline_score,coastal_hazard_score,coastal_hazard_category,hazard_model,hazard_data_quality
Matia,395910,Rajnagar,Kendrapara,0.0324383183400329,1.0,0.2938079811515241,0.7175231924606096,HIGH,0.40*NCCR_erosion_baseline + 0.60*shoreline_proximity,MODELLED_PROXY
Padmanavpatna,396054,Rajnagar,Kendrapara,0.0343118457265921,0.9997607929644622,0.2938079811515241,0.717379668239287,HIGH,0.40*NCCR_erosion_baseline + 0.60*shoreline_proximity,MODELLED_PROXY
Firikidandi,395937,Rajnagar,Kendrapara,0.0444321621315394,0.9984686576568604,0.2938079811515241,0.7166043870547258,HIGH,0.40*NCCR_erosion_baseline + 0.60*shoreline_proximity,MODELLED_PROXY
Gohipur,396053,Rajnagar,Kendrapara,0.0684140351990706,0.9954067153525828,0.2938079811515241,0.7147672216721594,HIGH,0.40*NCCR_erosion_baseline + 0.60*shoreline_proximity,MODELLED_PROXY
Mangalpur,395909,Rajnagar,Kendrapara,0.0794309654281624,0.9940001027566132,0.2938079811515241,0.7139232541145775,HIGH,0.40*NCCR_erosion_baseline + 0.60*shoreline_proximity,MODELLED_PROXY
Paramanandapur,395880,Rajnagar,Kendrapara,0.0990201644903677,0.9914990054842452,0.2938079811515241,0.7124225957511567,HIGH,0.40*NCCR_erosion_baseline + 0.60*shoreline_proximity,MODELLED_PROXY
Nuagan,396520,Marsaghai,Kendrapara,0.1035256755585787,0.9909237537137392,0.2938079811515241,0.7120774446888531,HIGH,0.40*NCCR_erosion_baseline + 0.60*shoreline_proximity,MODELLED_PROXY
Damodarpur,395645,Rajkanika,Kendrapara,0.1107199380324035,0.9900052092549868,0.2938079811515241,0.7115263180136018,HIGH,0.40*NCCR_erosion_baseline + 0.60*shoreline_proximity,MODELLED_PROXY
Baghadia,396016,Rajnagar,Kendrapara,0.1115672679129674,0.9898970244105558,0.2938079811515241,0.7114614071069432,HIGH,0.40*NCCR_erosion_baseline + 0.60*shoreline_proximity,MODELLED_PROXY
Bhitarkanika,395806,Rajnagar,Kendrapara,0.1151664474933818,0.9894374906540836,0.2938079811515241,0.7111856868530597,HIGH,0.40*NCCR_erosion_baseline + 0.60*shoreline_proximity,MODELLED_PROXY
Debendranarayanpur,395875,Rajnagar,Kendrapara,0.1378600610157659,0.986540029930918,0.2938079811515241,0.7094472104191605,HIGH,0.40*NCCR_erosion_baseline + 0.60*shoreline_proximity,MODELLED_PROXY
Sanagahiramatha,395830,Rajnagar,Kendrapara,0.1423967204448532,0.9859608012198452,0.2938079811515241,0.7090996731925168,HIGH,0.40*NCCR_erosion_baseline + 0.60*shoreline_proximity,MODELLED_PROXY
Panchanpur,396515,Marsaghai,Kendrapara,0.1446843255569992,0.985668725832379,0.2938079811515241,0.7089244279600371,HIGH,0.40*NCCR_erosion_baseline + 0.60*shoreline_proximity,MODELLED_PROXY
Jaudia,396018,Rajnagar,Kendrapara,0.1455684719462064,0.985555840353223,0.2938079811515241,0.7088566966725434,HIGH,0.40*NCCR_erosion_baseline + 0.60*shoreline_proximity,MODELLED_PROXY
Habelichintamanipur,395829,Rajnagar,Kendrapara,0.1539249845274138,0.9844889028660394,0.2938079811515241,0.7082165341802333,HIGH,0.40*NCCR_erosion_baseline + 0.60*shoreline_proximity,MODELLED_PROXY
Nalitapatia,395760,Rajnagar,Kendrapara,0.1552092320573043,0.9843249335284542,0.2938079811515241,0.7081181525776821,HIGH,0.40*NCCR_erosion_baseline + 0.60*shoreline_proximity,MODELLED_PROXY
Surtipur,396490,Marsaghai,Kendrapara,0.1678930447668907,0.9827054977735548,0.2938079811515241,0.7071464911247425,HIGH,0.40*NCCR_erosion_baseline + 0.60*shoreline_proximity,MODELLED_PROXY
Kharakhara,396105,Rajkanika,Kendrapara,0.1750769326024152,0.9817882779212592,0.2938079811515241,0.7065961592133652,HIGH,0.40*NCCR_erosion_baseline + 0.60*shoreline_proximity,MODELLED_PROXY
Badagahiramatha,395831,Rajnagar,Kendrapara,0.1766228705072611,0.9815908966467728,0.2938079811515241,0.7064777304486733,HIGH,0.40*NCCR_erosion_baseline + 0.60*shoreline_proximity,MODELLED_PROXY
Gahamapal,395599,Rajkanika,Kendrapara,0.1773913585913726,0.981492778114978,0.2938079811515241,0.7064188593295964,HIGH,0.40*NCCR_erosion_baseline + 0.60*shoreline_proximity,MODELLED_PROXY
Jagadispur,396522,Marsaghai,Kendrapara,0.1834588359854657,0.980718098603461,0.2938079811515241,0.7059540516226863,HIGH,0.40*NCCR_erosion_baseline + 0.60*shoreline_proximity,MODELLED_PROXY
Dakhinadandi,395935,Rajnagar,Kendrapara,0.1928248237343639,0.9795222739892224,0.2938079811515241,0.705236556854143,HIGH,0.40*NCCR_erosion_baseline + 0.60*shoreline_proximity,MODELLED_PROXY
Paunsiapal,396975,Mahakalapada,Kendrapara,0.194360861098337,0.9793261567896836,0.2938079811515241,0.7051188865344198,HIGH,0.40*NCCR_erosion_baseline + 0.60*shoreline_proximity,MODELLED_PROXY
Panasaganda,395644,Rajkanika,Kendrapara,0.2038549376829667,0.9781139781307162,0.2938079811515241,0.7043915793390394,HIGH,0.40*NCCR_erosion_baseline + 0.60*shoreline_proximity,MODELLED_PROXY
Badajoramuhan,395714,Rajkanika,Kendrapara,0.2042029491545328,0.9780695449438604,0.2938079811515241,0.7043649194269259,HIGH,0.40*NCCR_erosion_baseline + 0.60*shoreline_proximity,MODELLED_PROXY
Rajrajeswaripur,395873,Rajnagar,Kendrapara,0.2079922665491156,0.977585734892738,0.2938079811515241,0.7040746333962524,HIGH,0.40*NCCR_erosion_baseline + 0.60*shoreline_proximity,MODELLED_PROXY
Sailendranarayanpur Purbajungal Block,395810,Rajnagar,Kendrapara,0.2101992270969001,0.9773039559905604,0.2938079811515241,0.7039055660549458,HIGH,0.40*NCCR_erosion_baseline + 0.60*shoreline_proximity,MODELLED_PROXY
Ostia,395614,Rajkanika,Kendrapara,0.2124368923627538,0.9770182567909592,0.2938079811515241,0.7037341465351852,HIGH,0.40*NCCR_erosion_baseline + 0.60*shoreline_proximity,MODELLED_PROXY
Mahurigan,395613,Rajkanika,Kendrapara,0.212937115050882,0.9769543896774096,0.2938079811515241,0.7036958262670554,HIGH,0.40*NCCR_erosion_baseline + 0.60*shoreline_proximity,MODELLED_PROXY
Niladripur,396523,Marsaghai,Kendrapara,0.2137919166839548,0.976845250859324,0.2938079811515241,0.7036303429762041,HIGH,0.40*NCCR_erosion_baseline + 0.60*shoreline_proximity,MODELLED_PROXY
Sailendra Sarai,395781,Rajnagar,Kendrapara,0.2239406510806506,0.9755494872174844,0.2938079811515241,0.7028528847911002,HIGH,0.40*NCCR_erosion_baseline + 0.60*shoreline_proximity,MODELLED_PROXY
Bilabalarampur,396712,Marsaghai,Kendrapara,0.2239776611188604,0.9755447618734148,0.2938079811515241,0.7028500495846586,HIGH,0.40*NCCR_erosion_baseline + 0.60*shoreline_proximity,MODELLED_PROXY
Chakarpur,396516,Marsaghai,Kendrapara,0.2278194890165065,0.9750542474197508,0.2938079811515241,0.7025557409124601,HIGH,0.40*NCCR_erosion_baseline + 0.60*shoreline_proximity,MODELLED_PROXY
Paunsiapal,397011,Mahakalapada,Kendrapara,0.2301005732398978,0.974763004602163,0.2938079811515241,0.7023809952219076,HIGH,0.40*NCCR_erosion_baseline + 0.60*shoreline_proximity,MODELLED_PROXY
Sahebnagar,395881,Rajnagar,Kendrapara,0.230813277009088,0.9746720084645736,0.2938079811515241,0.7023263975393539,HIGH,0.40*NCCR_erosion_baseline + 0.60*shoreline_proximity,MODELLED_PROXY
Tangataila,395932,Rajnagar,Kendrapara,0.2342110208410698,0.9742381934932016,0.2938079811515241,0.7020661085565305,HIGH,0.40*NCCR_erosion_baseline + 0.60*shoreline_proximity,MODELLED_PROXY
Mohanpur,395879,Rajnagar,Kendrapara,0.2350555617807456,0.9741303647333877,0.2938079811515241,0.7020014113006423,HIGH,0.40*NCCR_erosion_baseline + 0.60*shoreline_proximity,MODELLED_PROXY
Laxmiprasad Dia,395687,Rajkanika,Kendrapara,0.2437598402065706,0.9730190254203492,0.2938079811515241,0.7013346077128191,HIGH,0.40*NCCR_erosion_baseline + 0.60*shoreline_proximity,MODELLED_PROXY
Garjanpur,396001,Rajnagar,Kendrapara,0.2444030828217585,0.9729368978997084,0.2938079811515241,0.7012853312004346,HIGH,0.40*NCCR_erosion_baseline + 0.60*shoreline_proximity,MODELLED_PROXY
Junapanga,396019,Rajnagar,Kendrapara,0.2452730567785802,0.9728258219193414,0.2938079811515241,0.7012186856122145,HIGH,0.40*NCCR_erosion_baseline + 0.60*shoreline_proximity,MODELLED_PROXY
Habalaganda,395711,Rajkanika,Kendrapara,0.2518969301146657,0.9719801032413706,0.2938079811515241,0.7007112544054319,HIGH,0.40*NCCR_erosion_baseline + 0.60*shoreline_proximity,MODELLED_PROXY
Rajendranarayanpur,395802,Rajnagar,Kendrapara,0.2519560447485655,0.9719725556408212,0.2938079811515241,0.7007067258451023,HIGH,0.40*NCCR_erosion_baseline + 0.60*shoreline_proximity,MODELLED_PROXY
Jaganathpur,396535,Marsaghai,Kendrapara,0.2530852832375178,0.9718283774487674,0.2938079811515241,0.70062021892987,HIGH,0.40*NCCR_erosion_baseline + 0.60*shoreline_proximity,MODELLED_PROXY
Hindulia,396895,Marsaghai,Kendrapara,0.2561581698263891,0.971436039393428,0.2938079811515241,0.7003848160966664,HIGH,0.40*NCCR_erosion_baseline + 0.60*shoreline_proximity,MODELLED_PROXY
Pancheswar,395913,Rajnagar,Kendrapara,0.260296330270959,0.9709076899817104,0.2938079811515241,0.700067806449636,HIGH,0.40*NCCR_erosion_baseline + 0.60*shoreline_proximity,MODELLED_PROXY
Gopaljewpatna J Block,395809,Rajnagar,Kendrapara,0.2613861794943166,0.9707685409072035,0.2938079811515241,0.6999843170049318,HIGH,0.40*NCCR_erosion_baseline + 0.60*shoreline_proximity,MODELLED_PROXY
Satavaya,396069,Rajnagar,Kendrapara,0.2614917952808045,0.9707550561621324,0.2938079811515241,0.699976226157889,HIGH,0.40*NCCR_erosion_baseline + 0.60*shoreline_proximity,MODELLED_PROXY
Sahoo Pada,396985,Mahakalapada,Kendrapara,0.2625448510671793,0.970620604776622,0.2938079811515241,0.6998955553265829,HIGH,0.40*NCCR_erosion_baseline + 0.60*shoreline_proximity,MODELLED_PROXY
Naladia,395930,Rajnagar,Kendrapara,0.2641177752972221,0.9704197779593076,0.2938079811515241,0.6997750592361942,HIGH,0.40*NCCR_erosion_baseline + 0.60*shoreline_proximity,MODELLED_PROXY
Badpalli,396033,Rajnagar,Kendrapara,0.2651593737511157,0.970286789415791,0.2938079811515241,0.6996952661100844,HIGH,0.40*NCCR_erosion_baseline + 0.60*shoreline_proximity,MODELLED_PROXY
Kanhupur,396072,Rajnagar,Kendrapara,0.2668963977779157,0.970065010769218,0.2938079811515241,0.6995621989221406,HIGH,0.40*NCCR_erosion_baseline + 0.60*shoreline_proximity,MODELLED_PROXY
Barahipur,396068,Rajnagar,Kendrapara,0.2765118713814893,0.96883733245904,0.2938079811515241,0.6988255919360336,HIGH,0.40*NCCR_erosion_baseline + 0.60*shoreline_proximity,MODELLED_PROXY
Upulei,395680,Rajkanika,Kendrapara,0.2790273211381542,0.9685161664682717,0.2938079811515241,0.6986328923415726,HIGH,0.40*NCCR_erosion_baseline + 0.60*shoreline_proximity,MODELLED_PROXY
Bada Rahama,396990,Mahakalapada,Kendrapara,0.2794182833117572,0.9684662494490563,0.2938079811515241,0.6986029421300435,HIGH,0.40*NCCR_erosion_baseline + 0.60*shoreline_proximity,MODELLED_PROXY
Ratanpur,396893,Marsaghai,Kendrapara,0.2858804368194427,0.9676411787322614,0.2938079811515241,0.6981078996999666,HIGH,0.40*NCCR_erosion_baseline + 0.60*shoreline_proximity,MODELLED_PROXY
Bilakalupara,396029,Rajnagar,Kendrapara,0.2900744196528688,0.9671057020651588,0.2938079811515241,0.6977866136997048,HIGH,0.40*NCCR_erosion_baseline + 0.60*shoreline_proximity,MODELLED_PROXY
Rajendranarayanpur,395805,Rajnagar,Kendrapara,0.2909049359893703,0.96699966392969,0.2938079811515241,0.6977229908184237,HIGH,0.40*NCCR_erosion_baseline + 0.60*shoreline_proximity,MODELLED_PROXY
Mulubasanta,396984,Mahakalapada,Kendrapara,0.2920837654818715,0.9668491540890928,0.2938079811515241,0.6976326849140653,HIGH,0.40*NCCR_erosion_baseline + 0.60*shoreline_proximity,MODELLED_PROXY
Fazilpur,395593,Rajkanika,Kendrapara,0.2931803660269487,0.9667091430236344,0.2938079811515241,0.6975486782747904,HIGH,0.40*NCCR_erosion_baseline + 0.60*shoreline_proximity,MODELLED_PROXY
Baradia,395618,Rajkanika,Kendrapara,0.2933758792703643,0.9666841804083554,0.2938079811515241,0.6975337007056228,HIGH,0.40*NCCR_erosion_baseline + 0.60*shoreline_proximity,MODELLED_PROXY
Gunthala,395604,Rajkanika,Kendrapara,0.2937385487091545,0.9666378757309028,0.2938079811515241,0.6975059178991514,HIGH,0.40*NCCR_erosion_baseline + 0.60*shoreline_proximity,MODELLED_PROXY
Durgaprasad,395801,Rajnagar,Kendrapara,0.2959276701999676,0.9663583744724712,0.2938079811515241,0.6973382171440923,HIGH,0.40*NCCR_erosion_baseline + 0.60*shoreline_proximity,MODELLED_PROXY
Bandhapara,395938,Rajnagar,Kendrapara,0.2987630822103805,0.9659963565450016,0.2938079811515241,0.6971210063876105,HIGH,0.40*NCCR_erosion_baseline + 0.60*shoreline_proximity,MODELLED_PROXY
Sadanandapur,395876,Rajnagar,Kendrapara,0.3031599680967654,0.965434973751227,0.2938079811515241,0.6967841767113458,HIGH,0.40*NCCR_erosion_baseline + 0.60*shoreline_proximity,MODELLED_PROXY
Gualigan,395615,Rajkanika,Kendrapara,0.3053116981087375,0.9651602465381988,0.2938079811515241,0.6966193403835288,HIGH,0.40*NCCR_erosion_baseline + 0.60*shoreline_proximity,MODELLED_PROXY
Khurusiapat,396963,Mahakalapada,Kendrapara,0.3062116787439816,0.9650453393842692,0.2938079811515241,0.6965503960911712,HIGH,0.40*NCCR_erosion_baseline + 0.60*shoreline_proximity,MODELLED_PROXY
Deuli,395617,Rajkanika,Kendrapara,0.3081729567449028,0.9647949285817204,0.2938079811515241,0.6964001496096419,HIGH,0.40*NCCR_erosion_baseline + 0.60*shoreline_proximity,MODELLED_PROXY
Kanapur Kaema,395603,Rajkanika,Kendrapara,0.3124293741567541,0.9642514804323072,0.2938079811515241,0.6960740807199939,HIGH,0.40*NCCR_erosion_baseline + 0.60*shoreline_proximity,MODELLED_PROXY
Jalopoka,396702,Marsaghai,Kendrapara,0.3131187622133681,0.9641634611834076,0.2938079811515241,0.6960212691706542,HIGH,0.40*NCCR_erosion_baseline + 0.60*shoreline_proximity,MODELLED_PROXY
Talapatta,396052,Rajnagar,Kendrapara,0.3136875256118649,0.9640908429727248,0.2938079811515241,0.6959776982442445,HIGH,0.40*NCCR_erosion_baseline + 0.60*shoreline_proximity,MODELLED_PROXY
Saradaprasad,395762,Rajnagar,Kendrapara,0.3228822994069212,0.962916878504559,0.2938079811515241,0.6952733195633449,HIGH,0.40*NCCR_erosion_baseline + 0.60*shoreline_proximity,MODELLED_PROXY
Odiasala,397012,Mahakalapada,Kendrapara,0.3244416729239343,0.962717781806546,0.2938079811515241,0.6951538615445372,HIGH,0.40*NCCR_erosion_baseline + 0.60*shoreline_proximity,MODELLED_PROXY
Kanakapur,395978,Rajnagar,Kendrapara,0.3281769156424145,0.962240875867454,0.2938079811515241,0.694867717981082,HIGH,0.40*NCCR_erosion_baseline + 0.60*shoreline_proximity,MODELLED_PROXY
Baripal,396886,Marsaghai,Kendrapara,0.3355848493917781,0.9612950504237704,0.2938079811515241,0.6943002227148718,HIGH,0.40*NCCR_erosion_baseline + 0.60*shoreline_proximity,MODELLED_PROXY
Anduli,397042,Mahakalapada,Kendrapara,0.3366497458366538,0.9611590872542104,0.2938079811515241,0.6942186448131358,HIGH,0.40*NCCR_erosion_baseline + 0.60*shoreline_proximity,MODELLED_PROXY
Govindapur,395878,Rajnagar,Kendrapara,0.3375702853614734,0.9610415551954816,0.2938079811515241,0.6941481255778985,HIGH,0.40*NCCR_erosion_baseline + 0.60*shoreline_proximity,MODELLED_PROXY
Nachhipada,396888,Marsaghai,Kendrapara,0.3384075987435329,0.9609346492311625,0.2938079811515241,0.6940839819993072,HIGH,0.40*NCCR_erosion_baseline + 0.60*shoreline_proximity,MODELLED_PROXY
Krishnapriyapur,395882,Rajnagar,Kendrapara,0.3400643543000522,0.9607231190511772,0.2938079811515241,0.693957063891316,HIGH,0.40*NCCR_erosion_baseline + 0.60*shoreline_proximity,MODELLED_PROXY
Trilochanpur,395765,Rajnagar,Kendrapara,0.3436605416507649,0.9602639673347018,0.2938079811515241,0.6936815728614307,HIGH,0.40*NCCR_erosion_baseline + 0.60*shoreline_proximity,MODELLED_PROXY
Nuagan,395686,Rajkanika,Kendrapara,0.3437135004756291,0.9602572056916148,0.2938079811515241,0.6936775158755786,HIGH,0.40*NCCR_erosion_baseline + 0.60*shoreline_proximity,MODELLED_PROXY
Keradasahi,396031,Rajnagar,Kendrapara,0.3481905391583377,0.9596855892001978,0.2938079811515241,0.6933345459807283,HIGH,0.40*NCCR_erosion_baseline + 0.60*shoreline_proximity,MODELLED_PROXY
Jayakunda,395759,Rajkanika,Kendrapara,0.3484895382521978,0.9596474137844638,0.2938079811515241,0.693311640731288,HIGH,0.40*NCCR_erosion_baseline + 0.60*shoreline_proximity,MODELLED_PROXY
Katakana,395931,Rajnagar,Kendrapara,0.3491979584072078,0.9595569645674356,0.2938079811515241,0.693257371201071,HIGH,0.40*NCCR_erosion_baseline + 0.60*shoreline_proximity,MODELLED_PROXY
Suravi,395780,Rajnagar,Kendrapara,0.3613046733480455,0.958011211133632,0.2938079811515241,0.6923299191407888,HIGH,0.40*NCCR_erosion_baseline + 0.60*shoreline_proximity,MODELLED_PROXY
Abhaypur,396778,Marsaghai,Kendrapara,0.3622844081229743,0.9578861211814886,0.2938079811515241,0.6922548651695029,HIGH,0.40*NCCR_erosion_baseline + 0.60*shoreline_proximity,MODELLED_PROXY
Narayanpur,396519,Marsaghai,Kendrapara,0.3663634158817792,0.957365324228682,0.2938079811515241,0.691942386997819,HIGH,0.40*NCCR_erosion_baseline + 0.60*shoreline_proximity,MODELLED_PROXY
Nuadia,395745,Rajkanika,Kendrapara,0.3668970387341506,0.9572971926702504,0.2938079811515241,0.69190150806276,HIGH,0.40*NCCR_erosion_baseline + 0.60*shoreline_proximity,MODELLED_PROXY
Chakibanka,395936,Rajnagar,Kendrapara,0.3671963268443389,0.9572589803536738,0.2938079811515241,0.691878580672814,HIGH,0.40*NCCR_erosion_baseline + 0.60*shoreline_proximity,MODELLED_PROXY
Nagada,395929,Rajnagar,Kendrapara,0.3747931253895838,0.9562890411509578,0.2938079811515241,0.6912966171511843,HIGH,0.40*NCCR_erosion_baseline + 0.60*shoreline_proximity,MODELLED_PROXY
Asoka Dia,395688,Rajkanika,Kendrapara,0.3749115947474777,0.956273915295789,0.2938079811515241,0.691287541638083,HIGH,0.40*NCCR_erosion_baseline + 0.60*shoreline_proximity,MODELLED_PROXY
Jagannathapur,396002,Rajnagar,Kendrapara,0.3764600789230265,0.956076208920175,0.2938079811515241,0.6911689178127147,HIGH,0.40*NCCR_erosion_baseline + 0.60*shoreline_proximity,MODELLED_PROXY
Raichand,396732,Marsaghai,Kendrapara,0.3774036341219924,0.9559557382808715,0.2938079811515241,0.6910966354291326,HIGH,0.40*NCCR_erosion_baseline + 0.60*shoreline_proximity,MODELLED_PROXY
Pokshyot,396701,Marsaghai,Kendrapara,0.3787201306976331,0.9557876514701776,0.2938079811515241,0.6909957833427163,HIGH,0.40*NCCR_erosion_baseline + 0.60*shoreline_proximity,MODELLED_PROXY
Bhanja Prasad,395778,Rajnagar,Kendrapara,0.381295747604262,0.9554588034963846,0.2938079811515241,0.6907984745584403,HIGH,0.40*NCCR_erosion_baseline + 0.60*shoreline_proximity,MODELLED_PROXY
Naladia,396971,Mahakalapada,Kendrapara,0.381955948485695,0.9553745107890348,0.2938079811515241,0.6907478989340305,HIGH,0.40*NCCR_erosion_baseline + 0.60*shoreline_proximity,MODELLED_PROXY
Sanahalapada,395596,Rajkanika,Kendrapara,0.3826200501498851,0.9552897200400304,0.2938079811515241,0.690697024484628,HIGH,0.40*NCCR_erosion_baseline + 0.60*shoreline_proximity,MODELLED_PROXY
Subarnpur,395768,Rajnagar,Kendrapara,0.3841848851357672,0.955089926036076,0.2938079811515241,0.6905771480822553,HIGH,0.40*NCCR_erosion_baseline + 0.60*shoreline_proximity,MODELLED_PROXY
Balia,396986,Mahakalapada,Kendrapara,0.3878114244527044,0.9546268990606024,0.2938079811515241,0.690299331896971,HIGH,0.40*NCCR_erosion_baseline + 0.60*shoreline_proximity,MODELLED_PROXY
Charapada,395648,Rajkanika,Kendrapara,0.3889905652446379,0.9544763494741144,0.2938079811515241,0.6902090021450782,HIGH,0.40*NCCR_erosion_baseline + 0.60*shoreline_proximity,MODELLED_PROXY
Akhuadakhini,396796,Marsaghai,Kendrapara,0.3898895379304572,0.9543615710125092,0.2938079811515241,0.6901401350681151,HIGH,0.40*NCCR_erosion_baseline + 0.60*shoreline_proximity,MODELLED_PROXY
Agar Bindha,396728,Marsaghai,Kendrapara,0.3908800964463136,0.9542350991136704,0.2938079811515241,0.6900642519288118,HIGH,0.40*NCCR_erosion_baseline + 0.60*shoreline_proximity,MODELLED_PROXY
Kaduanasi,395828,Rajnagar,Kendrapara,0.4007918803865296,0.9529695886811892,0.2938079811515241,0.6893049456693232,HIGH,0.40*NCCR_erosion_baseline + 0.60*shoreline_proximity,MODELLED_PROXY
Narayanpur,395796,Rajnagar,Kendrapara,0.4024482696225606,0.952758105272038,0.2938079811515241,0.6891780556238325,HIGH,0.40*NCCR_erosion_baseline + 0.60*shoreline_proximity,MODELLED_PROXY
Khandiora,395981,Rajnagar,Kendrapara,0.4063560552992845,0.952259169503096,0.2938079811515241,0.6888786941624672,HIGH,0.40*NCCR_erosion_baseline + 0.60*shoreline_proximity,MODELLED_PROXY
Kanhupur,396050,Rajnagar,Kendrapara,0.4065392729355606,0.9522357767585083,0.2938079811515241,0.6888646585157145,HIGH,0.40*NCCR_erosion_baseline + 0.60*shoreline_proximity,MODELLED_PROXY
Bikeikani,396020,Rajnagar,Kendrapara,0.407850564028717,0.9520683545700892,0.2938079811515241,0.6887642052026632,HIGH,0.40*NCCR_erosion_baseline + 0.60*shoreline_proximity,MODELLED_PROXY
Gajipithi,396776,Marsaghai,Kendrapara,0.4142893745117025,0.9512462642291236,0.2938079811515241,0.6882709509980838,HIGH,0.40*NCCR_erosion_baseline + 0.60*shoreline_proximity,MODELLED_PROXY
Kulapada,396534,Marsaghai,Kendrapara,0.4195519964956964,0.9505743465336692,0.2938079811515241,0.6878678003808112,HIGH,0.40*NCCR_erosion_baseline + 0.60*shoreline_proximity,MODELLED_PROXY
Belpaldia,395926,Rajnagar,Kendrapara,0.4225760771378626,0.950188239892886,0.2938079811515241,0.6876361363963412,HIGH,0.40*NCCR_erosion_baseline + 0.60*shoreline_proximity,MODELLED_PROXY
Chanra Kolha,395792,Rajnagar,Kendrapara,0.4233649366230528,0.9500875203943284,0.2938079811515241,0.6875757046972066,HIGH,0.40*NCCR_erosion_baseline + 0.60*shoreline_proximity,MODELLED_PROXY
Gangadharprasaddia,395746,Rajkanika,Kendrapara,0.4248410617121049,0.9498990526360408,0.2938079811515241,0.6874626240422341,HIGH,0.40*NCCR_erosion_baseline + 0.60*shoreline_proximity,MODELLED_PROXY
Khamagan,396882,Marsaghai,Kendrapara,0.4273383685731263,0.9495802030823388,0.2938079811515241,0.6872713143100129,HIGH,0.40*NCCR_erosion_baseline + 0.60*shoreline_proximity,MODELLED_PROXY
Hantapada,396708,Marsaghai,Kendrapara,0.4329625194265895,0.9488621263343148,0.2938079811515241,0.6868404682611986,HIGH,0.40*NCCR_erosion_baseline + 0.60*shoreline_proximity,MODELLED_PROXY
Santhapada,395933,Rajnagar,Kendrapara,0.4419142396384303,0.9477191943066324,0.2938079811515241,0.6861547090445892,HIGH,0.40*NCCR_erosion_baseline + 0.60*shoreline_proximity,MODELLED_PROXY
Baro,397010,Mahakalapada,Kendrapara,0.4435257512223439,0.9475134407577448,0.2938079811515241,0.6860312569152565,HIGH,0.40*NCCR_erosion_baseline + 0.60*shoreline_proximity,MODELLED_PROXY
Bankual,395799,Rajnagar,Kendrapara,0.443807192364677,0.947477507094955,0.2938079811515241,0.6860096967175826,HIGH,0.40*NCCR_erosion_baseline + 0.60*shoreline_proximity,MODELLED_PROXY
Potari,396892,Marsaghai,Kendrapara,0.4444031841988154,0.9474014124294212,0.2938079811515241,0.6859640399182623,HIGH,0.40*NCCR_erosion_baseline + 0.60*shoreline_proximity,MODELLED_PROXY
Tamulia,396003,Rajnagar,Kendrapara,0.4461315278485303,0.9471807420705008,0.2938079811515241,0.6858316377029101,HIGH,0.40*NCCR_erosion_baseline + 0.60*shoreline_proximity,MODELLED_PROXY
Nembara,396546,Marsaghai,Kendrapara,0.4462433684713098,0.9471664625547492,0.2938079811515241,0.6858230699934591,HIGH,0.40*NCCR_erosion_baseline + 0.60*shoreline_proximity,MODELLED_PROXY
Baligarh,397131,Mahakalapada,Kendrapara,0.4501067427493281,0.946673197116065,0.2938079811515241,0.6855271107302487,HIGH,0.40*NCCR_erosion_baseline + 0.60*shoreline_proximity,MODELLED_PROXY
Mantei,396874,Marsaghai,Kendrapara,0.4511379896566492,0.946541530230714,0.2938079811515241,0.685448110599038,HIGH,0.40*NCCR_erosion_baseline + 0.60*shoreline_proximity,MODELLED_PROXY
Kodakan,396973,Mahakalapada,Kendrapara,0.4513699010641245,0.946511920393843,0.2938079811515241,0.6854303446969154,HIGH,0.40*NCCR_erosion_baseline + 0.60*shoreline_proximity,MODELLED_PROXY
Sikdarpur,395597,Rajkanika,Kendrapara,0.4553787073906382,0.9460000865747646,0.2938079811515241,0.6851232444054685,HIGH,0.40*NCCR_erosion_baseline + 0.60*shoreline_proximity,MODELLED_PROXY
Rajbijaya Nagar,395822,Rajnagar,Kendrapara,0.4554961917639137,0.945985086479834,0.2938079811515241,0.6851142443485101,HIGH,0.40*NCCR_erosion_baseline + 0.60*shoreline_proximity,MODELLED_PROXY
Naranpur,396707,Marsaghai,Kendrapara,0.4597477628829393,0.9454422570923074,0.2938079811515241,0.6847885467159942,HIGH,0.40*NCCR_erosion_baseline + 0.60*shoreline_proximity,MODELLED_PROXY
Orisbindha,396777,Marsaghai,Kendrapara,0.4618460074234539,0.945174358763214,0.2938079811515241,0.6846278077185379,HIGH,0.40*NCCR_erosion_baseline + 0.60*shoreline_proximity,MODELLED_PROXY
Gupti,395838,Rajnagar,Kendrapara,0.4688339772749765,0.9442821532024082,0.2938079811515241,0.6840924843820546,HIGH,0.40*NCCR_erosion_baseline + 0.60*shoreline_proximity,MODELLED_PROXY
Chinchiri,395982,Rajnagar,Kendrapara,0.4766019353224213,0.9432903608058616,0.2938079811515241,0.6834974089441266,HIGH,0.40*NCCR_erosion_baseline + 0.60*shoreline_proximity,MODELLED_PROXY
Manikipur,396880,Marsaghai,Kendrapara,0.4770137668730694,0.9432377792396254,0.2938079811515241,0.6834658600043848,HIGH,0.40*NCCR_erosion_baseline + 0.60*shoreline_proximity,MODELLED_PROXY
Raghabapur,396792,Marsaghai,Kendrapara,0.4802823110733155,0.9428204601364863,0.2938079811515241,0.6832154685425014,HIGH,0.40*NCCR_erosion_baseline + 0.60*shoreline_proximity,MODELLED_PROXY
Badkota,396005,Rajnagar,Kendrapara,0.4815440610341701,0.9426593632291814,0.2938079811515241,0.6831188103981185,HIGH,0.40*NCCR_erosion_baseline + 0.60*shoreline_proximity,MODELLED_PROXY
Rajeswarinagar,395773,Rajnagar,Kendrapara,0.4824944057360723,0.9425380257240497,0.2938079811515241,0.6830460078950393,HIGH,0.40*NCCR_erosion_baseline + 0.60*shoreline_proximity,MODELLED_PROXY
Badpal,396034,Rajnagar,Kendrapara,0.4833227600062733,0.942432263635504,0.2938079811515241,0.682982550641912,HIGH,0.40*NCCR_erosion_baseline + 0.60*shoreline_proximity,MODELLED_PROXY
Bagapatia,395834,Rajnagar,Kendrapara,0.4834980161364152,0.9424098873950222,0.2938079811515241,0.6829691248976228,HIGH,0.40*NCCR_erosion_baseline + 0.60*shoreline_proximity,MODELLED_PROXY
Rajpatana,395779,Rajnagar,Kendrapara,0.4856099396441918,0.9421402425714652,0.2938079811515241,0.6828073380034887,HIGH,0.40*NCCR_erosion_baseline + 0.60*shoreline_proximity,MODELLED_PROXY
Kandara Patia,396056,Mahakalapada,Kendrapara,0.4899689290313143,0.9415836983027692,0.2938079811515241,0.6824734114422712,HIGH,0.40*NCCR_erosion_baseline + 0.60*shoreline_proximity,MODELLED_PROXY
Magarkanda,395833,Rajnagar,Kendrapara,0.4909181365036176,0.9414625059961136,0.2938079811515241,0.6824006960582778,HIGH,0.40*NCCR_erosion_baseline + 0.60*shoreline_proximity,MODELLED_PROXY
Narendrapur,396543,Marsaghai,Kendrapara,0.4942775223637287,0.9410335884694256,0.2938079811515241,0.682143345542265,HIGH,0.40*NCCR_erosion_baseline + 0.60*shoreline_proximity,MODELLED_PROXY
Ahamadpur,395646,Rajkanika,Kendrapara,0.4960282110842838,0.9408100651507928,0.2938079811515241,0.6820092315510853,HIGH,0.40*NCCR_erosion_baseline + 0.60*shoreline_proximity,MODELLED_PROXY
Ahirajpur,396063,Rajnagar,Kendrapara,0.4960549256992196,0.940806654299214,0.2938079811515241,0.6820071850401379,HIGH,0.40*NCCR_erosion_baseline + 0.60*shoreline_proximity,MODELLED_PROXY
Balunga Patia,395825,Rajnagar,Kendrapara,0.5012242587010308,0.9401466474949676,0.2938079811515241,0.6816111809575902,HIGH,0.40*NCCR_erosion_baseline + 0.60*shoreline_proximity,MODELLED_PROXY
Sankuji,396015,Rajnagar,Kendrapara,0.5033367937708065,0.9398769245887876,0.2938079811515241,0.6814493472138823,HIGH,0.40*NCCR_erosion_baseline + 0.60*shoreline_proximity,MODELLED_PROXY
Parimakundapur,395713,Rajkanika,Kendrapara,0.5066996110508911,0.9394475689474472,0.2938079811515241,0.681191733829078,HIGH,0.40*NCCR_erosion_baseline + 0.60*shoreline_proximity,MODELLED_PROXY
Mirzapur,395709,Rajkanika,Kendrapara,0.5093095332261187,0.9391143409674352,0.2938079811515241,0.6809917970410708,HIGH,0.40*NCCR_erosion_baseline + 0.60*shoreline_proximity,MODELLED_PROXY
Mandia,396795,Marsaghai,Kendrapara,0.5114985036775633,0.9388348589933118,0.2938079811515241,0.6808241078565966,HIGH,0.40*NCCR_erosion_baseline + 0.60*shoreline_proximity,MODELLED_PROXY
Antei,396873,Marsaghai,Kendrapara,0.5124852062984815,0.9387088794049692,0.2938079811515241,0.6807485201035912,HIGH,0.40*NCCR_erosion_baseline + 0.60*shoreline_proximity,MODELLED_PROXY
Gobanga,395719,Rajkanika,Kendrapara,0.5160978757912528,0.938247623292065,0.2938079811515241,0.6804717664358486,HIGH,0.40*NCCR_erosion_baseline + 0.60*shoreline_proximity,MODELLED_PROXY
Jamapada,396724,Marsaghai,Kendrapara,0.5167498347426623,0.9381643828926036,0.2938079811515241,0.6804218221961718,HIGH,0.40*NCCR_erosion_baseline + 0.60*shoreline_proximity,MODELLED_PROXY
Ramachandrapur,396974,Mahakalapada,Kendrapara,0.5205274914843055,0.9376820616428954,0.2938079811515241,0.6801324294463469,HIGH,0.40*NCCR_erosion_baseline + 0.60*shoreline_proximity,MODELLED_PROXY
Tentuliakolha,395877,Rajnagar,Kendrapara,0.5205358331928164,0.9376809965955528,0.2938079811515241,0.6801317904179414,HIGH,0.40*NCCR_erosion_baseline + 0.60*shoreline_proximity,MODELLED_PROXY
Dakhinaveda,395907,Rajnagar,Kendrapara,0.5206253527171563,0.9376695669787808,0.2938079811515241,0.6801249326478782,HIGH,0.40*NCCR_erosion_baseline + 0.60*shoreline_proximity,MODELLED_PROXY
Bagapatia Uttar,395827,Rajnagar,Kendrapara,0.5216487934891827,0.9375388967601967,0.2938079811515241,0.6800465305167276,HIGH,0.40*NCCR_erosion_baseline + 0.60*shoreline_proximity,MODELLED_PROXY
Tetelenga,396027,Rajnagar,Kendrapara,0.5246594977689709,0.9371544979780836,0.2938079811515241,0.6798158912474599,HIGH,0.40*NCCR_erosion_baseline + 0.60*shoreline_proximity,MODELLED_PROXY
Mahamadpur,395592,Rajkanika,Kendrapara,0.5247659553512155,0.9371409057547504,0.2938079811515241,0.6798077359134598,HIGH,0.40*NCCR_erosion_baseline + 0.60*shoreline_proximity,MODELLED_PROXY
Balisahipatna,395912,Rajnagar,Kendrapara,0.5275291644872611,0.9367881064998548,0.2938079811515241,0.6795960563605226,HIGH,0.40*NCCR_erosion_baseline + 0.60*shoreline_proximity,MODELLED_PROXY
Rajendranagar,395774,Rajnagar,Kendrapara,0.5279895518700733,0.9367293254530276,0.2938079811515241,0.6795607877324261,HIGH,0.40*NCCR_erosion_baseline + 0.60*shoreline_proximity,MODELLED_PROXY
Belpal,395925,Rajnagar,Kendrapara,0.5307073285402297,0.9363823268955546,0.2938079811515241,0.6793525885979423,HIGH,0.40*NCCR_erosion_baseline + 0.60*shoreline_proximity,MODELLED_PROXY
Balighai,396885,Marsaghai,Kendrapara,0.537646526561136,0.9354963483934526,0.2938079811515241,0.6788210014966811,HIGH,0.40*NCCR_erosion_baseline + 0.60*shoreline_proximity,MODELLED_PROXY
Pailo,396872,Marsaghai,Kendrapara,0.5387001328853913,0.9353618267167176,0.2938079811515241,0.6787402884906402,HIGH,0.40*NCCR_erosion_baseline + 0.60*shoreline_proximity,MODELLED_PROXY
Ramachandrapur,396884,Marsaghai,Kendrapara,0.5409252344337759,0.9350777316194276,0.2938079811515241,0.6785698314322661,HIGH,0.40*NCCR_erosion_baseline + 0.60*shoreline_proximity,MODELLED_PROXY
Pravati,396064,Rajnagar,Kendrapara,0.5450620027655201,0.934549559949004,0.2938079811515241,0.6782529284300121,HIGH,0.40*NCCR_erosion_baseline + 0.60*shoreline_proximity,MODELLED_PROXY
Baliganda Ratanpur,396997,Mahakalapada,Kendrapara,0.5455289576937669,0.9344899403752968,0.2938079811515241,0.6782171566857877,HIGH,0.40*NCCR_erosion_baseline + 0.60*shoreline_proximity,MODELLED_PROXY
Adabhutia,395837,Rajnagar,Kendrapara,0.5480852742284754,0.9341635566220884,0.2938079811515241,0.6780213264338626,HIGH,0.40*NCCR_erosion_baseline + 0.60*shoreline_proximity,MODELLED_PROXY
Baunsagarh,395832,Rajnagar,Kendrapara,0.5490635536449462,0.9340386524862746,0.2938079811515241,0.6779463839523745,HIGH,0.40*NCCR_erosion_baseline + 0.60*shoreline_proximity,MODELLED_PROXY
Dalaanta,396725,Marsaghai,Kendrapara,0.5500782661006361,0.9339090966761006,0.2938079811515241,0.6778686504662699,HIGH,0.40*NCCR_erosion_baseline + 0.60*shoreline_proximity,MODELLED_PROXY
Batira,396887,Marsaghai,Kendrapara,0.550446888771289,0.9338620319057048,0.2938079811515241,0.6778404116040326,HIGH,0.40*NCCR_erosion_baseline + 0.60*shoreline_proximity,MODELLED_PROXY
Upulei Dia,395681,Rajkanika,Kendrapara,0.5507305812529798,0.9338258107978434,0.2938079811515241,0.6778186789393157,HIGH,0.40*NCCR_erosion_baseline + 0.60*shoreline_proximity,MODELLED_PROXY
Vekta,395798,Rajnagar,Kendrapara,0.5544395882073425,0.9333522545719204,0.2938079811515241,0.6775345452037618,HIGH,0.40*NCCR_erosion_baseline + 0.60*shoreline_proximity,MODELLED_PROXY
Jasuapalli,397036,Mahakalapada,Kendrapara,0.555619761140231,0.9332015732043976,0.2938079811515241,0.6774441363832482,HIGH,0.40*NCCR_erosion_baseline + 0.60*shoreline_proximity,MODELLED_PROXY
Singidi,395748,Rajkanika,Kendrapara,0.5573080433330131,0.9329860177866418,0.2938079811515241,0.6773148031325946,HIGH,0.40*NCCR_erosion_baseline + 0.60*shoreline_proximity,MODELLED_PROXY
Kamalpur,395764,Rajnagar,Kendrapara,0.5573798779821337,0.9329768461280964,0.2938079811515241,0.6773093001374675,HIGH,0.40*NCCR_erosion_baseline + 0.60*shoreline_proximity,MODELLED_PROXY
Govindpur,395803,Rajnagar,Kendrapara,0.5574144884304986,0.9329724271573296,0.2938079811515241,0.6773066487550075,HIGH,0.40*NCCR_erosion_baseline + 0.60*shoreline_proximity,MODELLED_PROXY
Sailendranarayanpur,395811,Rajnagar,Kendrapara,0.5588757368785674,0.9327858588093276,0.2938079811515241,0.6771947077462062,HIGH,0.40*NCCR_erosion_baseline + 0.60*shoreline_proximity,MODELLED_PROXY
Kathuaganda,395979,Rajnagar,Kendrapara,0.5594826561871973,0.9327083689526704,0.2938079811515241,0.6771482138322118,HIGH,0.40*NCCR_erosion_baseline + 0.60*shoreline_proximity,MODELLED_PROXY
Kanafulia,395977,Rajnagar,Kendrapara,0.5597424829146238,0.9326751949613707,0.2938079811515241,0.6771283094374321,HIGH,0.40*NCCR_erosion_baseline + 0.60*shoreline_proximity,MODELLED_PROXY
Ragadapatia,395800,Rajnagar,Kendrapara,0.5628892592032634,0.9322734228640392,0.2938079811515241,0.6768872461790332,HIGH,0.40*NCCR_erosion_baseline + 0.60*shoreline_proximity,MODELLED_PROXY
Garta,395791,Rajnagar,Kendrapara,0.5702707431696508,0.931330974458888,0.2938079811515241,0.6763217771359424,HIGH,0.40*NCCR_erosion_baseline + 0.60*shoreline_proximity,MODELLED_PROXY
Jyoti Prasad,395777,Rajnagar,Kendrapara,0.5757872915866719,0.930626636106162,0.2938079811515241,0.6758991741243068,HIGH,0.40*NCCR_erosion_baseline + 0.60*shoreline_proximity,MODELLED_PROXY
Kaitha,395984,Rajnagar,Kendrapara,0.5783006496046451,0.930305737183073,0.2938079811515241,0.6757066347704535,HIGH,0.40*NCCR_erosion_baseline + 0.60*shoreline_proximity,MODELLED_PROXY
Gopei,396731,Marsaghai,Kendrapara,0.5825896080775671,0.9297581342768052,0.2938079811515241,0.6753780730266927,HIGH,0.40*NCCR_erosion_baseline + 0.60*shoreline_proximity,MODELLED_PROXY
Bahadiha,395609,Rajkanika,Kendrapara,0.5828102656253612,0.9297299613030576,0.2938079811515241,0.6753611692424442,HIGH,0.40*NCCR_erosion_baseline + 0.60*shoreline_proximity,MODELLED_PROXY
Patalipanka,396970,Mahakalapada,Kendrapara,0.5869152127151364,0.9292058524848844,0.2938079811515241,0.6750467039515402,HIGH,0.40*NCCR_erosion_baseline + 0.60*shoreline_proximity,MODELLED_PROXY
Naladiapalanda,396956,Mahakalapada,Kendrapara,0.5906048982849018,0.9287347631623892,0.2938079811515241,0.6747640503580432,HIGH,0.40*NCCR_erosion_baseline + 0.60*shoreline_proximity,MODELLED_PROXY
Matia,395611,Rajkanika,Kendrapara,0.5969503480743378,0.9279245928685496,0.2938079811515241,0.6742779481817394,HIGH,0.40*NCCR_erosion_baseline + 0.60*shoreline_proximity,MODELLED_PROXY
Abdulpur,395647,Rajkanika,Kendrapara,0.5994987954073191,0.9275992138342638,0.2938079811515241,0.6740827207611679,HIGH,0.40*NCCR_erosion_baseline + 0.60*shoreline_proximity,MODELLED_PROXY
Sailendranagar,395772,Rajnagar,Kendrapara,0.599864041192882,0.92755258021565,0.2938079811515241,0.6740547405899997,HIGH,0.40*NCCR_erosion_baseline + 0.60*shoreline_proximity,MODELLED_PROXY
Khurusia,396962,Mahakalapada,Kendrapara,0.6004524145194007,0.9274774582610762,0.2938079811515241,0.6740096674172553,HIGH,0.40*NCCR_erosion_baseline + 0.60*shoreline_proximity,MODELLED_PROXY
Tikayat Nagar,395775,Rajnagar,Kendrapara,0.6018171966962299,0.9273032064721692,0.2938079811515241,0.6739051163439111,HIGH,0.40*NCCR_erosion_baseline + 0.60*shoreline_proximity,MODELLED_PROXY
Mehendinagar,396512,Marsaghai,Kendrapara,0.607252352411771,0.9266092601249056,0.2938079811515241,0.673488748535553,HIGH,0.40*NCCR_erosion_baseline + 0.60*shoreline_proximity,MODELLED_PROXY
Birabhanjapur,395776,Rajnagar,Kendrapara,0.6100604057303947,0.9262507352830492,0.2938079811515241,0.6732736336304392,HIGH,0.40*NCCR_erosion_baseline + 0.60*shoreline_proximity,MODELLED_PROXY
Kanak Nagar,395771,Rajnagar,Kendrapara,0.610735961441403,0.9261644821115554,0.2938079811515241,0.6732218817275428,HIGH,0.40*NCCR_erosion_baseline + 0.60*shoreline_proximity,MODELLED_PROXY
Padini,395911,Rajnagar,Kendrapara,0.6120295623138831,0.9259993185638566,0.2938079811515241,0.6731227835989235,HIGH,0.40*NCCR_erosion_baseline + 0.60*shoreline_proximity,MODELLED_PROXY
Bana Pada,397016,Mahakalapada,Kendrapara,0.6124417082860135,0.9259466968531148,0.2938079811515241,0.6730912105724784,HIGH,0.40*NCCR_erosion_baseline + 0.60*shoreline_proximity,MODELLED_PROXY
Hatia,396896,Marsaghai,Kendrapara,0.6139593554516218,0.9257529276656016,0.2938079811515241,0.6729749490599706,HIGH,0.40*NCCR_erosion_baseline + 0.60*shoreline_proximity,MODELLED_PROXY
Orata,397046,Mahakalapada,Kendrapara,0.6140438594267436,0.925742138420926,0.2938079811515241,0.6729684755131653,HIGH,0.40*NCCR_erosion_baseline + 0.60*shoreline_proximity,MODELLED_PROXY
Chittakolha,396014,Rajnagar,Kendrapara,0.6153823670152289,0.9255712413021632,0.2938079811515241,0.6728659372419075,HIGH,0.40*NCCR_erosion_baseline + 0.60*shoreline_proximity,MODELLED_PROXY
Bahakuda Pitapat,397124,Mahakalapada,Kendrapara,0.6173825134323934,0.9253158678827382,0.2938079811515241,0.6727127131902526,HIGH,0.40*NCCR_erosion_baseline + 0.60*shoreline_proximity,MODELLED_PROXY
Pandurkoli,395747,Rajkanika,Kendrapara,0.6228202204332042,0.9246215957941002,0.2938079811515241,0.6722961499370697,HIGH,0.40*NCCR_erosion_baseline + 0.60*shoreline_proximity,MODELLED_PROXY
Chandanpur,395915,Rajnagar,Kendrapara,0.6248132640394757,0.9243671292428376,0.2938079811515241,0.6721434700063122,HIGH,0.40*NCCR_erosion_baseline + 0.60*shoreline_proximity,MODELLED_PROXY
Sikar Pahi,395794,Rajnagar,Kendrapara,0.6257749670473688,0.9242443415391528,0.2938079811515241,0.6720697973841012,HIGH,0.40*NCCR_erosion_baseline + 0.60*shoreline_proximity,MODELLED_PROXY
Saralikud,397136,Mahakalapada,Kendrapara,0.6269768832906913,0.9240908840430988,0.2938079811515241,0.671977722886469,HIGH,0.40*NCCR_erosion_baseline + 0.60*shoreline_proximity,MODELLED_PROXY
Kanapur Barha,395602,Rajkanika,Kendrapara,0.6287295363163027,0.9238671099271768,0.2938079811515241,0.6718434584169157,HIGH,0.40*NCCR_erosion_baseline + 0.60*shoreline_proximity,MODELLED_PROXY
Bajapur,395753,Rajkanika,Kendrapara,0.6325018284511592,0.9233854736163148,0.2938079811515241,0.6715544766303985,HIGH,0.40*NCCR_erosion_baseline + 0.60*shoreline_proximity,MODELLED_PROXY
Gopaljew Patana,395808,Rajnagar,Kendrapara,0.632892652874304,0.9233355741847148,0.2938079811515241,0.6715245369714384,HIGH,0.40*NCCR_erosion_baseline + 0.60*shoreline_proximity,MODELLED_PROXY
Gahmasikhar,395983,Rajnagar,Kendrapara,0.6366149065728473,0.9228603266494314,0.2938079811515241,0.6712393884502685,HIGH,0.40*NCCR_erosion_baseline + 0.60*shoreline_proximity,MODELLED_PROXY
Katanabania,395752,Rajkanika,Kendrapara,0.6461133121157584,0.9216475952804876,0.2938079811515241,0.6705117496289021,HIGH,0.40*NCCR_erosion_baseline + 0.60*shoreline_proximity,MODELLED_PROXY
Rama Chandra Pur,396987,Mahakalapada,Kendrapara,0.6500690498337761,0.9211425371213806,0.2938079811515241,0.6702087147334379,HIGH,0.40*NCCR_erosion_baseline + 0.60*shoreline_proximity,MODELLED_PROXY
Jharpada,395908,Rajnagar,Kendrapara,0.6537558715203304,0.9206718134519408,0.2938079811515241,0.669926280531774,HIGH,0.40*NCCR_erosion_baseline + 0.60*shoreline_proximity,MODELLED_PROXY
Batarapada,395598,Rajkanika,Kendrapara,0.6566528933479101,0.9203019293455031,0.2938079811515241,0.6697043500679116,HIGH,0.40*NCCR_erosion_baseline + 0.60*shoreline_proximity,MODELLED_PROXY
Nuagan,396945,Mahakalapada,Kendrapara,0.6651105304708974,0.9192220805435276,0.2938079811515241,0.6690564407867261,HIGH,0.40*NCCR_erosion_baseline + 0.60*shoreline_proximity,MODELLED_PROXY
Bharigada,395705,Rajkanika,Kendrapara,0.6669506662335619,0.9189871368624628,0.2938079811515241,0.6689154745780874,HIGH,0.40*NCCR_erosion_baseline + 0.60*shoreline_proximity,MODELLED_PROXY
Gaudagan,396714,Marsaghai,Kendrapara,0.6680391117173017,0.9188481670137284,0.2938079811515241,0.6688320926688467,HIGH,0.40*NCCR_erosion_baseline + 0.60*shoreline_proximity,MODELLED_PROXY
Kuhudi,396536,Marsaghai,Kendrapara,0.670099895105316,0.9185850516257876,0.2938079811515241,0.6686742234360823,HIGH,0.40*NCCR_erosion_baseline + 0.60*shoreline_proximity,MODELLED_PROXY
Gobind Pur,397052,Mahakalapada,Kendrapara,0.6707046885493645,0.9185078331939132,0.2938079811515241,0.6686278923769575,HIGH,0.40*NCCR_erosion_baseline + 0.60*shoreline_proximity,MODELLED_PROXY
Gumura,395826,Rajnagar,Kendrapara,0.6847624691763383,0.9167129728389788,0.2938079811515241,0.6675509761639968,HIGH,0.40*NCCR_erosion_baseline + 0.60*shoreline_proximity,MODELLED_PROXY
Nuagan,395980,Rajnagar,Kendrapara,0.6926922399471844,0.9157005206206676,0.2938079811515241,0.6669435048330101,HIGH,0.40*NCCR_erosion_baseline + 0.60*shoreline_proximity,MODELLED_PROXY
Baghua,395769,Rajnagar,Kendrapara,0.6987105000872964,0.9149321250383348,0.2938079811515241,0.6664824674836105,MODERATE,0.40*NCCR_erosion_baseline + 0.60*shoreline_proximity,MODELLED_PROXY
Rabindrapalli,396070,Rajnagar,Kendrapara,0.7048618039245856,0.9141467427876312,0.2938079811515241,0.6660112381331884,MODERATE,0.40*NCCR_erosion_baseline + 0.60*shoreline_proximity,MODELLED_PROXY
Khas Munda,395783,Rajnagar,Kendrapara,0.7103014113482746,0.9134522280580124,0.2938079811515241,0.6655945292954171,MODERATE,0.40*NCCR_erosion_baseline + 0.60*shoreline_proximity,MODELLED_PROXY
Krishnanagar,395770,Rajnagar,Kendrapara,0.717631877890764,0.9125162934229928,0.2938079811515241,0.6650329685144054,MODERATE,0.40*NCCR_erosion_baseline + 0.60*shoreline_proximity,MODELLED_PROXY
Nurugan,395944,Rajnagar,Kendrapara,0.7179070610451034,0.9124811587636056,0.2938079811515241,0.665011887718773,MODERATE,0.40*NCCR_erosion_baseline + 0.60*shoreline_proximity,MODELLED_PROXY
Dasarajapur,397120,Mahakalapada,Kendrapara,0.7183943095285377,0.9124189481622936,0.2938079811515241,0.6649745613579858,MODERATE,0.40*NCCR_erosion_baseline + 0.60*shoreline_proximity,MODELLED_PROXY
Potari,396889,Marsaghai,Kendrapara,0.7312971961534586,0.9107715416276624,0.2938079811515241,0.663986117437207,MODERATE,0.40*NCCR_erosion_baseline + 0.60*shoreline_proximity,MODELLED_PROXY
Chhanda,396976,Mahakalapada,Kendrapara,0.7365137282895518,0.9101055085624324,0.2938079811515241,0.6635864975980692,MODERATE,0.40*NCCR_erosion_baseline + 0.60*shoreline_proximity,MODELLED_PROXY
Bhusaranga,396879,Marsaghai,Kendrapara,0.7377156260714056,0.90995205342349,0.2938079811515241,0.6634944245147036,MODERATE,0.40*NCCR_erosion_baseline + 0.60*shoreline_proximity,MODELLED_PROXY
Righa Garh,395812,Rajnagar,Kendrapara,0.7408468581604917,0.9095522659685616,0.2938079811515241,0.6632545520417465,MODERATE,0.40*NCCR_erosion_baseline + 0.60*shoreline_proximity,MODELLED_PROXY
Karilo Patana,396709,Marsaghai,Kendrapara,0.7521806239869198,0.9081052006391358,0.2938079811515241,0.6623863128440912,MODERATE,0.40*NCCR_erosion_baseline + 0.60*shoreline_proximity,MODELLED_PROXY
Aitpur,396711,Marsaghai,Kendrapara,0.7527396767963681,0.9080338222508524,0.2938079811515241,0.662343485811121,MODERATE,0.40*NCCR_erosion_baseline + 0.60*shoreline_proximity,MODELLED_PROXY
Mantapara,395678,Rajkanika,Kendrapara,0.7671062431135555,0.9061995369533724,0.2938079811515241,0.6612429146326331,MODERATE,0.40*NCCR_erosion_baseline + 0.60*shoreline_proximity,MODELLED_PROXY
Kalapara,397041,Mahakalapada,Kendrapara,0.7681925262489707,0.9060608431875692,0.2938079811515241,0.6611596983731511,MODERATE,0.40*NCCR_erosion_baseline + 0.60*shoreline_proximity,MODELLED_PROXY
Keradagarh,395914,Rajnagar,Kendrapara,0.7685960822925229,0.9060093182162536,0.2938079811515241,0.6611287833903619,MODERATE,0.40*NCCR_erosion_baseline + 0.60*shoreline_proximity,MODELLED_PROXY
Narasingpur,396790,Marsaghai,Kendrapara,0.7694840519878329,0.9058959445874578,0.2938079811515241,0.6610607592130844,MODERATE,0.40*NCCR_erosion_baseline + 0.60*shoreline_proximity,MODELLED_PROXY
Barunadia,395706,Rajkanika,Kendrapara,0.773196527776415,0.9054219454699304,0.2938079811515241,0.6607763597425678,MODERATE,0.40*NCCR_erosion_baseline + 0.60*shoreline_proximity,MODELLED_PROXY
Sana Gokhani,395821,Rajnagar,Kendrapara,0.7753872853200692,0.9051422353245868,0.2938079811515241,0.6606085336553618,MODERATE,0.40*NCCR_erosion_baseline + 0.60*shoreline_proximity,MODELLED_PROXY
Keruapal,395786,Rajnagar,Kendrapara,0.7791344801953517,0.9046638033656365,0.2938079811515241,0.6603214744799915,MODERATE,0.40*NCCR_erosion_baseline + 0.60*shoreline_proximity,MODELLED_PROXY
Jharkata,395715,Rajkanika,Kendrapara,0.7823804202555905,0.904249370299478,0.2938079811515241,0.6600728146402965,MODERATE,0.40*NCCR_erosion_baseline + 0.60*shoreline_proximity,MODELLED_PROXY
Rajpur,395916,Rajnagar,Kendrapara,0.7859999207711719,0.9037872420195976,0.2938079811515241,0.6597955376723681,MODERATE,0.40*NCCR_erosion_baseline + 0.60*shoreline_proximity,MODELLED_PROXY
Parinuapada,395712,Rajkanika,Kendrapara,0.7869512704052302,0.9036657762073784,0.2938079811515241,0.6597226581850366,MODERATE,0.40*NCCR_erosion_baseline + 0.60*shoreline_proximity,MODELLED_PROXY
Karanjia,396049,Rajnagar,Kendrapara,0.7875806700378767,0.9035854161222396,0.2938079811515241,0.6596744421339533,MODERATE,0.40*NCCR_erosion_baseline + 0.60*shoreline_proximity,MODELLED_PROXY
Iswarpur,395813,Rajnagar,Kendrapara,0.7938752078345981,0.9027817461373564,0.2938079811515241,0.6591922401430235,MODERATE,0.40*NCCR_erosion_baseline + 0.60*shoreline_proximity,MODELLED_PROXY
Manapur,395605,Rajkanika,Kendrapara,0.7952136044438584,0.902610863188128,0.2938079811515241,0.6590897103734865,MODERATE,0.40*NCCR_erosion_baseline + 0.60*shoreline_proximity,MODELLED_PROXY
Odang,396781,Marsaghai,Kendrapara,0.8005351109560601,0.9019314272714124,0.2938079811515241,0.658682048823457,MODERATE,0.40*NCCR_erosion_baseline + 0.60*shoreline_proximity,MODELLED_PROXY
Akhadasali,397121,Mahakalapada,Kendrapara,0.8031994460289384,0.9015912519961348,0.2938079811515241,0.6584779436582906,MODERATE,0.40*NCCR_erosion_baseline + 0.60*shoreline_proximity,MODELLED_PROXY
Pikarali,396789,Marsaghai,Kendrapara,0.8074463083039204,0.9010490238213968,0.2938079811515241,0.6581526067534478,MODERATE,0.40*NCCR_erosion_baseline + 0.60*shoreline_proximity,MODELLED_PROXY
Padhanpada,395594,Rajkanika,Kendrapara,0.8179814090358157,0.8997039299448684,0.2938079811515241,0.6573455504275307,MODERATE,0.40*NCCR_erosion_baseline + 0.60*shoreline_proximity,MODELLED_PROXY
Khamarsahi,395761,Rajnagar,Kendrapara,0.8214921065203663,0.8992556933490363,0.2938079811515241,0.6570766084700315,MODERATE,0.40*NCCR_erosion_baseline + 0.60*shoreline_proximity,MODELLED_PROXY
Gankalu Para,396030,Rajnagar,Kendrapara,0.8256138864262482,0.8987294353612969,0.2938079811515241,0.6567608536773877,MODERATE,0.40*NCCR_erosion_baseline + 0.60*shoreline_proximity,MODELLED_PROXY
Banipal,396067,Rajnagar,Kendrapara,0.8261342809132664,0.8986629927656654,0.2938079811515241,0.6567209881200089,MODERATE,0.40*NCCR_erosion_baseline + 0.60*shoreline_proximity,MODELLED_PROXY
Dalikaenda,395717,Rajkanika,Kendrapara,0.838615255483535,0.8970694548494357,0.2938079811515241,0.655764865370271,MODERATE,0.40*NCCR_erosion_baseline + 0.60*shoreline_proximity,MODELLED_PROXY
Rajagarh,395948,Rajnagar,Kendrapara,0.8395668452577907,0.8969479583767496,0.2938079811515241,0.6556919674866595,MODERATE,0.40*NCCR_erosion_baseline + 0.60*shoreline_proximity,MODELLED_PROXY
Isani Palla,396032,Rajnagar,Kendrapara,0.843313659708039,0.8964695749894642,0.2938079811515241,0.6554049374542881,MODERATE,0.40*NCCR_erosion_baseline + 0.60*shoreline_proximity,MODELLED_PROXY
Sikudi,395619,Rajkanika,Kendrapara,0.8441413596141015,0.896363896448406,0.2938079811515241,0.6553415303296533,MODERATE,0.40*NCCR_erosion_baseline + 0.60*shoreline_proximity,MODELLED_PROXY
Itakandia,396989,Mahakalapada,Kendrapara,0.8489164396167115,0.895754226827308,0.2938079811515241,0.6549757285569944,MODERATE,0.40*NCCR_erosion_baseline + 0.60*shoreline_proximity,MODELLED_PROXY
Sir Rajendrapur,396065,Rajnagar,Kendrapara,0.8495837704868787,0.895669023781801,0.2938079811515241,0.6549246067296903,MODERATE,0.40*NCCR_erosion_baseline + 0.60*shoreline_proximity,MODELLED_PROXY
Pinchapatia,395767,Rajnagar,Kendrapara,0.8525664489422726,0.8952882032630322,0.2938079811515241,0.6546961144184289,MODERATE,0.40*NCCR_erosion_baseline + 0.60*shoreline_proximity,MODELLED_PROXY
Narangarh,395884,Rajnagar,Kendrapara,0.8528455464686445,0.8952525688269474,0.2938079811515241,0.654674733756778,MODERATE,0.40*NCCR_erosion_baseline + 0.60*shoreline_proximity,MODELLED_PROXY
Doligan,396998,Mahakalapada,Kendrapara,0.8534264611799987,0.8951783991686866,0.2938079811515241,0.6546302319618216,MODERATE,0.40*NCCR_erosion_baseline + 0.60*shoreline_proximity,MODELLED_PROXY
Manitiri,397051,Mahakalapada,Kendrapara,0.8538406360236802,0.8951255184169761,0.2938079811515241,0.6545985035107953,MODERATE,0.40*NCCR_erosion_baseline + 0.60*shoreline_proximity,MODELLED_PROXY
Ajagar Patia,395824,Rajnagar,Kendrapara,0.8549247175046082,0.8949871057526112,0.2938079811515241,0.6545154559121764,MODERATE,0.40*NCCR_erosion_baseline + 0.60*shoreline_proximity,MODELLED_PROXY
Panki,395607,Rajkanika,Kendrapara,0.8584604581342494,0.894535671714062,0.2938079811515241,0.6542445954890468,MODERATE,0.40*NCCR_erosion_baseline + 0.60*shoreline_proximity,MODELLED_PROXY
Alifa,396943,Marsaghai,Kendrapara,0.8655864444338581,0.8936258445771643,0.2938079811515241,0.6536986992069083,MODERATE,0.40*NCCR_erosion_baseline + 0.60*shoreline_proximity,MODELLED_PROXY
Bangarakuan,395616,Rajkanika,Kendrapara,0.8674072894711453,0.8933933638850389,0.2938079811515241,0.653559210791633,MODERATE,0.40*NCCR_erosion_baseline + 0.60*shoreline_proximity,MODELLED_PROXY
Birin Dola,396779,Marsaghai,Kendrapara,0.876946768325527,0.8921753883840119,0.2938079811515241,0.6528284254910168,MODERATE,0.40*NCCR_erosion_baseline + 0.60*shoreline_proximity,MODELLED_PROXY
Banidihapatna,395707,Rajkanika,Kendrapara,0.8793273906702627,0.8918714368016093,0.2938079811515241,0.6526460545415753,MODERATE,0.40*NCCR_erosion_baseline + 0.60*shoreline_proximity,MODELLED_PROXY
Pata Paria,395807,Rajnagar,Kendrapara,0.8872198519772686,0.8908637481572426,0.2938079811515241,0.6520414413549551,MODERATE,0.40*NCCR_erosion_baseline + 0.60*shoreline_proximity,MODELLED_PROXY
Raghunathpur,396972,Mahakalapada,Kendrapara,0.8936171285494309,0.8900469607564707,0.2938079811515241,0.6515513689144921,MODERATE,0.40*NCCR_erosion_baseline + 0.60*shoreline_proximity,MODELLED_PROXY
Talchua,396062,Rajnagar,Kendrapara,0.8972333892418042,0.8895852461286727,0.2938079811515241,0.6512743401378134,MODERATE,0.40*NCCR_erosion_baseline + 0.60*shoreline_proximity,MODELLED_PROXY
Gogua,396996,Mahakalapada,Kendrapara,0.8980020568422293,0.8894871046767086,0.2938079811515241,0.6512154552666347,MODERATE,0.40*NCCR_erosion_baseline + 0.60*shoreline_proximity,MODELLED_PROXY
Sanabadagopalpur,396000,Rajnagar,Kendrapara,0.9075300356058952,0.8882705974769342,0.2938079811515241,0.6504855509467702,MODERATE,0.40*NCCR_erosion_baseline + 0.60*shoreline_proximity,MODELLED_PROXY
Rangani,395797,Rajnagar,Kendrapara,0.9075572091492782,0.8882671280305816,0.2938079811515241,0.6504834692789585,MODERATE,0.40*NCCR_erosion_baseline + 0.60*shoreline_proximity,MODELLED_PROXY
Khamaganbindha,396940,Marsaghai,Kendrapara,0.9137513833335902,0.8874762722070352,0.2938079811515241,0.6500089557848308,MODERATE,0.40*NCCR_erosion_baseline + 0.60*shoreline_proximity,MODELLED_PROXY
Balabhadraprasad,395917,Rajnagar,Kendrapara,0.9142745173513276,0.8874094798353465,0.2938079811515241,0.6499688803618175,MODERATE,0.40*NCCR_erosion_baseline + 0.60*shoreline_proximity,MODELLED_PROXY
Badhadia,395763,Rajnagar,Kendrapara,0.916217234395885,0.8871614388467539,0.2938079811515241,0.649820055768662,MODERATE,0.40*NCCR_erosion_baseline + 0.60*shoreline_proximity,MODELLED_PROXY
Baliora,395883,Rajnagar,Kendrapara,0.9221844029242194,0.8863995665066656,0.2938079811515241,0.6493629323646091,MODERATE,0.40*NCCR_erosion_baseline + 0.60*shoreline_proximity,MODELLED_PROXY
Barunipalla,396036,Rajnagar,Kendrapara,0.9231787436920452,0.8862726116998705,0.2938079811515241,0.6492867594805318,MODERATE,0.40*NCCR_erosion_baseline + 0.60*shoreline_proximity,MODELLED_PROXY
Bajarpur,395685,Rajkanika,Kendrapara,0.9251999175209022,0.8860145535559778,0.2938079811515241,0.6491319245941962,MODERATE,0.40*NCCR_erosion_baseline + 0.60*shoreline_proximity,MODELLED_PROXY
Keshanagar,395704,Rajkanika,Kendrapara,0.9257187411420504,0.8859483115243576,0.2938079811515241,0.6490921793752242,MODERATE,0.40*NCCR_erosion_baseline + 0.60*shoreline_proximity,MODELLED_PROXY
Barada,395627,Rajkanika,Kendrapara,0.9268245887749732,0.8858071198151114,0.2938079811515241,0.6490074643496764,MODERATE,0.40*NCCR_erosion_baseline + 0.60*shoreline_proximity,MODELLED_PROXY
Prasanpur,396013,Rajnagar,Kendrapara,0.9305056972237312,0.8853371255968054,0.2938079811515241,0.6487254678186929,MODERATE,0.40*NCCR_erosion_baseline + 0.60*shoreline_proximity,MODELLED_PROXY
Sana Rahama,396991,Mahakalapada,Kendrapara,0.9358293211743822,0.884657419331133,0.2938079811515241,0.6483176440592895,MODERATE,0.40*NCCR_erosion_baseline + 0.60*shoreline_proximity,MODELLED_PROXY
Bachharai,396717,Marsaghai,Kendrapara,0.9375711519403256,0.8844350269727831,0.2938079811515241,0.6481842086442795,MODERATE,0.40*NCCR_erosion_baseline + 0.60*shoreline_proximity,MODELLED_PROXY
Namatara,395649,Rajkanika,Kendrapara,0.9394851333510708,0.8841906548741293,0.2938079811515241,0.6480375853850873,MODERATE,0.40*NCCR_erosion_baseline + 0.60*shoreline_proximity,MODELLED_PROXY
Mahadeiadia,395744,Rajkanika,Kendrapara,0.9524058399759509,0.8825409731289013,0.2938079811515241,0.6470477763379505,MODERATE,0.40*NCCR_erosion_baseline + 0.60*shoreline_proximity,MODELLED_PROXY
Niyamatpur,397050,Mahakalapada,Kendrapara,0.9528788721224404,0.8824805776319966,0.2938079811515241,0.6470115390398077,MODERATE,0.40*NCCR_erosion_baseline + 0.60*shoreline_proximity,MODELLED_PROXY
Alailo,397047,Mahakalapada,Kendrapara,0.9546519892934386,0.8822541907079632,0.2938079811515241,0.6468757068853876,MODERATE,0.40*NCCR_erosion_baseline + 0.60*shoreline_proximity,MODELLED_PROXY
Balia,396547,Marsaghai,Kendrapara,0.9577834195260664,0.8818543779545899,0.2938079811515241,0.6466358192333637,MODERATE,0.40*NCCR_erosion_baseline + 0.60*shoreline_proximity,MODELLED_PROXY
Jokia,396780,Marsaghai,Kendrapara,0.962445880963712,0.8812590871748502,0.2938079811515241,0.6462786447655198,MODERATE,0.40*NCCR_erosion_baseline + 0.60*shoreline_proximity,MODELLED_PROXY
Podana,396791,Marsaghai,Kendrapara,0.9630594017681952,0.8811807544566129,0.2938079811515241,0.6462316451345773,MODERATE,0.40*NCCR_erosion_baseline + 0.60*shoreline_proximity,MODELLED_PROXY
Raghunatha Pur,396723,Marsaghai,Kendrapara,0.9686848013051964,0.880462518279968,0.2938079811515241,0.6458007034285904,MODERATE,0.40*NCCR_erosion_baseline + 0.60*shoreline_proximity,MODELLED_PROXY
Dekani,396964,Mahakalapada,Kendrapara,0.9698304058166104,0.8803162505173294,0.2938079811515241,0.6457129427710073,MODERATE,0.40*NCCR_erosion_baseline + 0.60*shoreline_proximity,MODELLED_PROXY
Raipur,396958,Mahakalapada,Kendrapara,0.9703567123733502,0.8802490530842281,0.2938079811515241,0.6456726243111466,MODERATE,0.40*NCCR_erosion_baseline + 0.60*shoreline_proximity,MODELLED_PROXY
Burudia,395623,Rajkanika,Kendrapara,0.972287225476418,0.8800025702626987,0.2938079811515241,0.6455247346182289,MODERATE,0.40*NCCR_erosion_baseline + 0.60*shoreline_proximity,MODELLED_PROXY
Banabiharipur,397126,Mahakalapada,Kendrapara,0.9750244686045312,0.879653086279214,0.2938079811515241,0.6453150442281381,MODERATE,0.40*NCCR_erosion_baseline + 0.60*shoreline_proximity,MODELLED_PROXY
Govindpur,395934,Rajnagar,Kendrapara,0.9933308985004242,0.8773157695908684,0.2938079811515241,0.6439126542151308,MODERATE,0.40*NCCR_erosion_baseline + 0.60*shoreline_proximity,MODELLED_PROXY
Jogidhankud,397135,Mahakalapada,Kendrapara,1.005770114753434,0.8757275632664544,0.2938079811515241,0.6429597304204824,MODERATE,0.40*NCCR_erosion_baseline + 0.60*shoreline_proximity,MODELLED_PROXY
Badahalapada,395595,Rajkanika,Kendrapara,1.0074386146091323,0.8755145336053242,0.2938079811515241,0.6428319126238042,MODERATE,0.40*NCCR_erosion_baseline + 0.60*shoreline_proximity,MODELLED_PROXY
Singadapal,395872,Rajnagar,Kendrapara,1.0082207022873124,0.8754146787132259,0.2938079811515241,0.6427719996885453,MODERATE,0.40*NCCR_erosion_baseline + 0.60*shoreline_proximity,MODELLED_PROXY
Ektala,395612,Rajkanika,Kendrapara,1.012762489766768,0.8748347952662063,0.2938079811515241,0.6424240696203334,MODERATE,0.40*NCCR_erosion_baseline + 0.60*shoreline_proximity,MODELLED_PROXY
Ostia,395928,Rajnagar,Kendrapara,1.0301859425776012,0.8726102147633472,0.2938079811515241,0.641089321318618,MODERATE,0.40*NCCR_erosion_baseline + 0.60*shoreline_proximity,MODELLED_PROXY
Gararomita,396983,Mahakalapada,Kendrapara,1.03149766278285,0.8724427377870277,0.2938079811515241,0.6409888351328263,MODERATE,0.40*NCCR_erosion_baseline + 0.60*shoreline_proximity,MODELLED_PROXY
Dhaniapada,396944,Mahakalapada,Kendrapara,1.0426032873752868,0.8710248009286659,0.2938079811515241,0.6401380730178092,MODERATE,0.40*NCCR_erosion_baseline + 0.60*shoreline_proximity,MODELLED_PROXY
Babara,396992,Mahakalapada,Kendrapara,1.0447142287683626,0.8707552814989237,0.2938079811515241,0.6399763613599638,MODERATE,0.40*NCCR_erosion_baseline + 0.60*shoreline_proximity,MODELLED_PROXY
Mangarajpur,396890,Marsaghai,Kendrapara,1.0495827331495673,0.8701336836995611,0.2938079811515241,0.6396034026803463,MODERATE,0.40*NCCR_erosion_baseline + 0.60*shoreline_proximity,MODELLED_PROXY
Madhupara,395677,Rajkanika,Kendrapara,1.0509456681158216,0.8699596677576286,0.2938079811515241,0.6394989931151869,MODERATE,0.40*NCCR_erosion_baseline + 0.60*shoreline_proximity,MODELLED_PROXY
Taneipada,395679,Rajkanika,Kendrapara,1.056683430736759,0.8692270853587692,0.2938079811515241,0.6390594436758712,MODERATE,0.40*NCCR_erosion_baseline + 0.60*shoreline_proximity,MODELLED_PROXY
Gopinathpur,395906,Rajnagar,Kendrapara,1.0672854002174426,0.8678734538567531,0.2938079811515241,0.6382472647746615,MODERATE,0.40*NCCR_erosion_baseline + 0.60*shoreline_proximity,MODELLED_PROXY
Mundatala Sahara Kani,397013,Mahakalapada,Kendrapara,1.0691546226255744,0.867634796469507,0.2938079811515241,0.6381040703423138,MODERATE,0.40*NCCR_erosion_baseline + 0.60*shoreline_proximity,MODELLED_PROXY
Manikunda,396897,Marsaghai,Kendrapara,1.0943287481307762,0.8644206305183941,0.2938079811515241,0.6361755707716461,MODERATE,0.40*NCCR_erosion_baseline + 0.60*shoreline_proximity,MODELLED_PROXY
Karandia Patna,396715,Marsaghai,Kendrapara,1.096112064561995,0.8641929413797148,0.2938079811515241,0.6360389572884386,MODERATE,0.40*NCCR_erosion_baseline + 0.60*shoreline_proximity,MODELLED_PROXY
Ujanga,395652,Rajkanika,Kendrapara,1.0970032289348128,0.8640791598629204,0.2938079811515241,0.6359706883783618,MODERATE,0.40*NCCR_erosion_baseline + 0.60*shoreline_proximity,MODELLED_PROXY
Nachhipara,395976,Rajnagar,Kendrapara,1.097076383821862,0.8640698196398782,0.2938079811515241,0.6359650842445366,MODERATE,0.40*NCCR_erosion_baseline + 0.60*shoreline_proximity,MODELLED_PROXY
Basaghar,397043,Mahakalapada,Kendrapara,1.0984822010736104,0.86389032860083,0.2938079811515241,0.6358573896211077,MODERATE,0.40*NCCR_erosion_baseline + 0.60*shoreline_proximity,MODELLED_PROXY
Paramanandpur,395804,Rajnagar,Kendrapara,1.1010413650835862,0.8635635812894893,0.2938079811515241,0.6356613412343033,MODERATE,0.40*NCCR_erosion_baseline + 0.60*shoreline_proximity,MODELLED_PROXY
Dantiapada,396071,Rajnagar,Kendrapara,1.1028261230893297,0.8633357080943767,0.2938079811515241,0.6355246173172355,MODERATE,0.40*NCCR_erosion_baseline + 0.60*shoreline_proximity,MODELLED_PROXY
Angulai,396518,Marsaghai,Kendrapara,1.1031528186359945,0.8632939964685944,0.2938079811515241,0.6354995903417662,MODERATE,0.40*NCCR_erosion_baseline + 0.60*shoreline_proximity,MODELLED_PROXY
Baghataila,395952,Rajnagar,Kendrapara,1.1042714373201692,0.8631511741852063,0.2938079811515241,0.6354138969717333,MODERATE,0.40*NCCR_erosion_baseline + 0.60*shoreline_proximity,MODELLED_PROXY
Banabiharipur,395874,Rajnagar,Kendrapara,1.106252853182084,0.8628981922336765,0.2938079811515241,0.6352621078008156,MODERATE,0.40*NCCR_erosion_baseline + 0.60*shoreline_proximity,MODELLED_PROXY
Dhaneswarpur,396004,Rajnagar,Kendrapara,1.1141684252335329,0.8618875528704107,0.2938079811515241,0.6346557241828561,MODERATE,0.40*NCCR_erosion_baseline + 0.60*shoreline_proximity,MODELLED_PROXY
Bandhapur,396051,Rajnagar,Kendrapara,1.117056733020644,0.8615187813496781,0.2938079811515241,0.6344344612704165,MODERATE,0.40*NCCR_erosion_baseline + 0.60*shoreline_proximity,MODELLED_PROXY
Badataila,395628,Rajkanika,Kendrapara,1.1274324470356474,0.8601940375488014,0.2938079811515241,0.6336396149898904,MODERATE,0.40*NCCR_erosion_baseline + 0.60*shoreline_proximity,MODELLED_PROXY
Ghantia Palli,397040,Mahakalapada,Kendrapara,1.1307895049782766,0.8597654172444781,0.2938079811515241,0.6333824428072965,MODERATE,0.40*NCCR_erosion_baseline + 0.60*shoreline_proximity,MODELLED_PROXY
Barei,396537,Marsaghai,Kendrapara,1.139069841835939,0.8587082056727735,0.2938079811515241,0.6327481158642738,MODERATE,0.40*NCCR_erosion_baseline + 0.60*shoreline_proximity,MODELLED_PROXY
Dangamal,395766,Rajnagar,Kendrapara,1.1568555591910383,0.8564373721883267,0.2938079811515241,0.6313856157736057,MODERATE,0.40*NCCR_erosion_baseline + 0.60*shoreline_proximity,MODELLED_PROXY
Madhupur,395918,Rajnagar,Kendrapara,1.15737664684552,0.8563708410909014,0.2938079811515241,0.6313456971151505,MODERATE,0.40*NCCR_erosion_baseline + 0.60*shoreline_proximity,MODELLED_PROXY
Chakulidiha,397009,Mahakalapada,Kendrapara,1.1635177823070153,0.8555867571116017,0.2938079811515241,0.6308752467275707,MODERATE,0.40*NCCR_erosion_baseline + 0.60*shoreline_proximity,MODELLED_PROXY
Muradpur,395651,Rajkanika,Kendrapara,1.169122632159971,0.8548711446644187,0.2938079811515241,0.6304458792592609,MODERATE,0.40*NCCR_erosion_baseline + 0.60*shoreline_proximity,MODELLED_PROXY
Barunei,396075,Rajnagar,Kendrapara,1.183113397152434,0.8530848406889536,0.2938079811515241,0.6293740968739818,MODERATE,0.40*NCCR_erosion_baseline + 0.60*shoreline_proximity,MODELLED_PROXY
Chhatar,396988,Mahakalapada,Kendrapara,1.183385352501257,0.8530501181472618,0.2938079811515241,0.6293532633489667,MODERATE,0.40*NCCR_erosion_baseline + 0.60*shoreline_proximity,MODELLED_PROXY
Baruna,395708,Rajkanika,Kendrapara,1.1879075192876491,0.8524727398185857,0.2938079811515241,0.6290068363517611,MODERATE,0.40*NCCR_erosion_baseline + 0.60*shoreline_proximity,MODELLED_PROXY
Badaghai,396955,Mahakalapada,Kendrapara,1.1924849154467492,0.8518883099492625,0.2938079811515241,0.6286561784301672,MODERATE,0.40*NCCR_erosion_baseline + 0.60*shoreline_proximity,MODELLED_PROXY
Anantapur,396977,Mahakalapada,Kendrapara,1.1999118301954277,0.8509400610616461,0.2938079811515241,0.6280872290975974,MODERATE,0.40*NCCR_erosion_baseline + 0.60*shoreline_proximity,MODELLED_PROXY
Patarapur,395758,Rajkanika,Kendrapara,1.2050111215968733,0.850288996984209,0.2938079811515241,0.6276965906511351,MODERATE,0.40*NCCR_erosion_baseline + 0.60*shoreline_proximity,MODELLED_PROXY
Endulapur,395684,Rajkanika,Kendrapara,1.217349625360005,0.8487136493648869,0.2938079811515241,0.6267513820795418,MODERATE,0.40*NCCR_erosion_baseline + 0.60*shoreline_proximity,MODELLED_PROXY
Bandhakud,396961,Mahakalapada,Kendrapara,1.2205493318866325,0.8483051192743654,0.2938079811515241,0.6265062640252288,MODERATE,0.40*NCCR_erosion_baseline + 0.60*shoreline_proximity,MODELLED_PROXY
Badkuji,395985,Rajnagar,Kendrapara,1.2212438318904315,0.8482164473455313,0.2938079811515241,0.6264530608679284,MODERATE,0.40*NCCR_erosion_baseline + 0.60*shoreline_proximity,MODELLED_PROXY
Mahanangala,396957,Mahakalapada,Kendrapara,1.224833638665123,0.8477581102841742,0.2938079811515241,0.6261780586311141,MODERATE,0.40*NCCR_erosion_baseline + 0.60*shoreline_proximity,MODELLED_PROXY
Kansardia,397132,Mahakalapada,Kendrapara,1.2292700941327177,0.84719167535063,0.2938079811515241,0.6258381976709877,MODERATE,0.40*NCCR_erosion_baseline + 0.60*shoreline_proximity,MODELLED_PROXY
Arakhia,396538,Marsaghai,Kendrapara,1.2318095351460496,0.8468674462194841,0.2938079811515241,0.6256436601923001,MODERATE,0.40*NCCR_erosion_baseline + 0.60*shoreline_proximity,MODELLED_PROXY
Harishpur,396048,Rajnagar,Kendrapara,1.236383595825003,0.846283442215469,0.2938079811515241,0.6252932577898911,MODERATE,0.40*NCCR_erosion_baseline + 0.60*shoreline_proximity,MODELLED_PROXY
Dihabalarampur,396713,Marsaghai,Kendrapara,1.2512049057812529,0.844391096449479,0.2938079811515241,0.6241578503302969,MODERATE,0.40*NCCR_erosion_baseline + 0.60*shoreline_proximity,MODELLED_PROXY
Taras,395624,Rajkanika,Kendrapara,1.2598653544696254,0.8432853532017235,0.2938079811515241,0.6234944043816437,MODERATE,0.40*NCCR_erosion_baseline + 0.60*shoreline_proximity,MODELLED_PROXY
Manitiri,396894,Marsaghai,Kendrapara,1.266191386834458,0.8424776620734464,0.2938079811515241,0.6230097897046776,MODERATE,0.40*NCCR_erosion_baseline + 0.60*shoreline_proximity,MODELLED_PROXY
Laxmiprasad,395975,Rajnagar,Kendrapara,1.2664736450508918,0.8424416240887904,0.2938079811515241,0.6229881669138839,MODERATE,0.40*NCCR_erosion_baseline + 0.60*shoreline_proximity,MODELLED_PROXY
Tikhiri,396946,Mahakalapada,Kendrapara,1.2726543118864355,0.841652492847911,0.2938079811515241,0.6225146881693562,MODERATE,0.40*NCCR_erosion_baseline + 0.60*shoreline_proximity,MODELLED_PROXY
Talagan,396710,Marsaghai,Kendrapara,1.273999753725316,0.8414807103823456,0.2938079811515241,0.622411618690017,MODERATE,0.40*NCCR_erosion_baseline + 0.60*shoreline_proximity,MODELLED_PROXY
Penth,396021,Rajnagar,Kendrapara,1.2771614559048163,0.841077032586634,0.2938079811515241,0.62216941201259,MODERATE,0.40*NCCR_erosion_baseline + 0.60*shoreline_proximity,MODELLED_PROXY
Hariharpursasan,395672,Rajkanika,Kendrapara,1.2778498774951077,0.8409891367336055,0.2938079811515241,0.6221166745007729,MODERATE,0.40*NCCR_erosion_baseline + 0.60*shoreline_proximity,MODELLED_PROXY
Kankdia,396028,Rajnagar,Kendrapara,1.2794097547478338,0.8407899757199452,0.2938079811515241,0.6219971778925768,MODERATE,0.40*NCCR_erosion_baseline + 0.60*shoreline_proximity,MODELLED_PROXY
Baradia,395920,Rajnagar,Kendrapara,1.2799658247896684,0.8407189781635642,0.2938079811515241,0.6219545793587482,MODERATE,0.40*NCCR_erosion_baseline + 0.60*shoreline_proximity,MODELLED_PROXY
Jamboo,396057,Mahakalapada,Kendrapara,1.3022821734882932,0.8378696856181107,0.2938079811515241,0.620245003831476,MODERATE,0.40*NCCR_erosion_baseline + 0.60*shoreline_proximity,MODELLED_PROXY
Iswarpur,395682,Rajkanika,Kendrapara,1.3125798575926997,0.8365549044704255,0.2938079811515241,0.6194561351428649,MODERATE,0.40*NCCR_erosion_baseline + 0.60*shoreline_proximity,MODELLED_PROXY
Jaripada,396542,Marsaghai,Kendrapara,1.318792780062713,0.8357616549152067,0.2938079811515241,0.6189801854097337,MODERATE,0.40*NCCR_erosion_baseline + 0.60*shoreline_proximity,MODELLED_PROXY
Deulatara,395650,Rajkanika,Kendrapara,1.3281020793142864,0.8345730681387984,0.2938079811515241,0.6182670333438887,MODERATE,0.40*NCCR_erosion_baseline + 0.60*shoreline_proximity,MODELLED_PROXY
Dhandia,395947,Rajnagar,Kendrapara,1.329865859165568,0.8343478733791203,0.2938079811515241,0.6181319164880819,MODERATE,0.40*NCCR_erosion_baseline + 0.60*shoreline_proximity,MODELLED_PROXY
Khandeipara,395940,Rajnagar,Kendrapara,1.334648527837117,0.8337372348567863,0.2938079811515241,0.6177655333746814,MODERATE,0.40*NCCR_erosion_baseline + 0.60*shoreline_proximity,MODELLED_PROXY
Endulapur,395986,Rajnagar,Kendrapara,1.33836919106113,0.8332621903890963,0.2938079811515241,0.6174805066940674,MODERATE,0.40*NCCR_erosion_baseline + 0.60*shoreline_proximity,MODELLED_PROXY
Mangalapur,395716,Rajkanika,Kendrapara,1.3559303310898363,0.8310200303453907,0.2938079811515241,0.6161352106678442,MODERATE,0.40*NCCR_erosion_baseline + 0.60*shoreline_proximity,MODELLED_PROXY
Udyan,395784,Rajnagar,Kendrapara,1.362521946598178,0.8301784302617905,0.2938079811515241,0.615630250617684,MODERATE,0.40*NCCR_erosion_baseline + 0.60*shoreline_proximity,MODELLED_PROXY
Arimula,396722,Marsaghai,Kendrapara,1.363861154558342,0.8300074437214188,0.2938079811515241,0.6155276586934608,MODERATE,0.40*NCCR_erosion_baseline + 0.60*shoreline_proximity,MODELLED_PROXY
Kshirkot,396026,Rajnagar,Kendrapara,1.365067445104812,0.8298534277258756,0.2938079811515241,0.615435249096135,MODERATE,0.40*NCCR_erosion_baseline + 0.60*shoreline_proximity,MODELLED_PROXY
Khandeita,395743,Rajkanika,Kendrapara,1.4001336818359384,0.8253762631025577,0.2938079811515241,0.6127489503221443,MODERATE,0.40*NCCR_erosion_baseline + 0.60*shoreline_proximity,MODELLED_PROXY
Gopalpur,395885,Rajnagar,Kendrapara,1.4031990687317606,0.8249848825882473,0.2938079811515241,0.612514122013558,MODERATE,0.40*NCCR_erosion_baseline + 0.60*shoreline_proximity,MODELLED_PROXY
Ananta Keshari,395782,Rajnagar,Kendrapara,1.4065711111375598,0.8245543491071861,0.2938079811515241,0.6122558019249214,MODERATE,0.40*NCCR_erosion_baseline + 0.60*shoreline_proximity,MODELLED_PROXY
Madhusudanpur,396891,Marsaghai,Kendrapara,1.4086009442020877,0.8242951853749205,0.2938079811515241,0.6121003036855619,MODERATE,0.40*NCCR_erosion_baseline + 0.60*shoreline_proximity,MODELLED_PROXY
Potia,397035,Mahakalapada,Kendrapara,1.4092614482101986,0.824210853965156,0.2938079811515241,0.6120497048397033,MODERATE,0.40*NCCR_erosion_baseline + 0.60*shoreline_proximity,MODELLED_PROXY
Talasanga,396788,Marsaghai,Kendrapara,1.416053760035402,0.8233436295051286,0.2938079811515241,0.6115293701636868,MODERATE,0.40*NCCR_erosion_baseline + 0.60*shoreline_proximity,MODELLED_PROXY
Siko,395720,Rajkanika,Kendrapara,1.4167563989165337,0.8232539184259019,0.2938079811515241,0.6114755435161507,MODERATE,0.40*NCCR_erosion_baseline + 0.60*shoreline_proximity,MODELLED_PROXY
Daenigiri,395754,Rajkanika,Kendrapara,1.4275841925850723,0.8218714542871614,0.2938079811515241,0.6106460650329064,MODERATE,0.40*NCCR_erosion_baseline + 0.60*shoreline_proximity,MODELLED_PROXY
Badmaricha Palli,396035,Rajnagar,Kendrapara,1.4357075835468884,0.8208342811535145,0.2938079811515241,0.6100237611527184,MODERATE,0.40*NCCR_erosion_baseline + 0.60*shoreline_proximity,MODELLED_PROXY
Purusottampur,395835,Rajnagar,Kendrapara,1.442266901447807,0.8199968047432495,0.2938079811515241,0.6095212753065593,MODERATE,0.40*NCCR_erosion_baseline + 0.60*shoreline_proximity,MODELLED_PROXY
Hukitola,396061,Mahakalapada,Kendrapara,1.443009027274554,0.8199020520749482,0.2938079811515241,0.6094644237055785,MODERATE,0.40*NCCR_erosion_baseline + 0.60*shoreline_proximity,MODELLED_PROXY
Chardia,395902,Rajnagar,Kendrapara,1.4513818263745537,0.8188330351679988,0.2938079811515241,0.6088230135614089,MODERATE,0.40*NCCR_erosion_baseline + 0.60*shoreline_proximity,MODELLED_PROXY
Hariharpur,395886,Rajnagar,Kendrapara,1.45407030723305,0.8184897770224948,0.2938079811515241,0.6086170586741065,MODERATE,0.40*NCCR_erosion_baseline + 0.60*shoreline_proximity,MODELLED_PROXY
Baranga,395622,Rajkanika,Kendrapara,1.4552299181322297,0.8183417209612064,0.2938079811515241,0.6085282250373334,MODERATE,0.40*NCCR_erosion_baseline + 0.60*shoreline_proximity,MODELLED_PROXY
Arakhadiha,396006,Rajnagar,Kendrapara,1.4604835124555462,0.8176709558936581,0.2938079811515241,0.6081257659968045,MODERATE,0.40*NCCR_erosion_baseline + 0.60*shoreline_proximity,MODELLED_PROXY
Nanjura,396999,Mahakalapada,Kendrapara,1.4609402412674877,0.8176126419635106,0.2938079811515241,0.608090777638716,MODERATE,0.40*NCCR_erosion_baseline + 0.60*shoreline_proximity,MODELLED_PROXY
Barhapur,396039,Rajnagar,Kendrapara,1.4679413197776436,0.8167187627237427,0.2938079811515241,0.6075544500948553,MODERATE,0.40*NCCR_erosion_baseline + 0.60*shoreline_proximity,MODELLED_PROXY
Hetamundia,397138,Mahakalapada,Kendrapara,1.4922185329072106,0.8136191121792643,0.2938079811515241,0.6056946597681683,MODERATE,0.40*NCCR_erosion_baseline + 0.60*shoreline_proximity,MODELLED_PROXY
Velsari,396047,Rajnagar,Kendrapara,1.507043236202554,0.8117263331606883,0.2938079811515241,0.6045589923570227,MODERATE,0.40*NCCR_erosion_baseline + 0.60*shoreline_proximity,MODELLED_PROXY
Langalabhanja,395610,Rajkanika,Kendrapara,1.5189554296815224,0.8102054157141118,0.2938079811515241,0.6036464418890767,MODERATE,0.40*NCCR_erosion_baseline + 0.60*shoreline_proximity,MODELLED_PROXY
Godhan,396718,Marsaghai,Kendrapara,1.5272681152585188,0.8091440739432381,0.2938079811515241,0.6030096368265525,MODERATE,0.40*NCCR_erosion_baseline + 0.60*shoreline_proximity,MODELLED_PROXY
Gokhani,395971,Rajnagar,Kendrapara,1.5279832663913266,0.8090527653327166,0.2938079811515241,0.6029548516602397,MODERATE,0.40*NCCR_erosion_baseline + 0.60*shoreline_proximity,MODELLED_PROXY
Joginatha,396074,Rajnagar,Kendrapara,1.528332653897625,0.8090081564573753,0.2938079811515241,0.6029280863350348,MODERATE,0.40*NCCR_erosion_baseline + 0.60*shoreline_proximity,MODELLED_PROXY
Bhitara Kharinasi,397130,Mahakalapada,Kendrapara,1.5317023650735098,0.8085779206216012,0.2938079811515241,0.6026699448335704,MODERATE,0.40*NCCR_erosion_baseline + 0.60*shoreline_proximity,MODELLED_PROXY
Sri Chandan Pur,397037,Mahakalapada,Kendrapara,1.5352557678455503,0.8081242315272918,0.2938079811515241,0.6023977313769848,MODERATE,0.40*NCCR_erosion_baseline + 0.60*shoreline_proximity,MODELLED_PROXY
Oliha,397045,Mahakalapada,Kendrapara,1.5375530848571075,0.8078309161501228,0.2938079811515241,0.6022217421506832,MODERATE,0.40*NCCR_erosion_baseline + 0.60*shoreline_proximity,MODELLED_PROXY
Bandhapatana,395927,Rajnagar,Kendrapara,1.5418923838629908,0.8072768858973728,0.2938079811515241,0.6018893239990333,MODERATE,0.40*NCCR_erosion_baseline + 0.60*shoreline_proximity,MODELLED_PROXY
Baghamari,395789,Rajnagar,Kendrapara,1.5424295755888,0.8072082986745929,0.2938079811515241,0.6018481716653654,MODERATE,0.40*NCCR_erosion_baseline + 0.60*shoreline_proximity,MODELLED_PROXY
Madhyapara,395939,Rajnagar,Kendrapara,1.5446376231118504,0.80692638099028,0.2938079811515241,0.6016790210547777,MODERATE,0.40*NCCR_erosion_baseline + 0.60*shoreline_proximity,MODELLED_PROXY
Kuhudi,395620,Rajkanika,Kendrapara,1.5516380153333524,0.8060325893740374,0.2938079811515241,0.601142746085032,MODERATE,0.40*NCCR_erosion_baseline + 0.60*shoreline_proximity,MODELLED_PROXY
Samjori,396954,Mahakalapada,Kendrapara,1.5627044701409736,0.8046196536104958,0.2938079811515241,0.6002949846269071,MODERATE,0.40*NCCR_erosion_baseline + 0.60*shoreline_proximity,MODELLED_PROXY
Pitanda,395820,Rajnagar,Kendrapara,1.5760277011271748,0.8029185786164186,0.2938079811515241,0.5992743396304607,MODERATE,0.40*NCCR_erosion_baseline + 0.60*shoreline_proximity,MODELLED_PROXY
Garadapur,395749,Rajkanika,Kendrapara,1.582598457712408,0.8020796417451083,0.2938079811515241,0.5987709775076746,MODERATE,0.40*NCCR_erosion_baseline + 0.60*shoreline_proximity,MODELLED_PROXY
Harina Pokhari,395795,Rajnagar,Kendrapara,1.5826933115913506,0.8020675310520092,0.2938079811515241,0.5987637110918151,MODERATE,0.40*NCCR_erosion_baseline + 0.60*shoreline_proximity,MODELLED_PROXY
Balabhadrapur,395823,Rajnagar,Kendrapara,1.587771900389255,0.801419110228392,0.2938079811515241,0.5983746585976448,MODERATE,0.40*NCCR_erosion_baseline + 0.60*shoreline_proximity,MODELLED_PROXY
Inkiria,396038,Rajnagar,Kendrapara,1.5954458211443456,0.8004393242653223,0.2938079811515241,0.597786787019803,MODERATE,0.40*NCCR_erosion_baseline + 0.60*shoreline_proximity,MODELLED_PROXY
Kathapangara,395973,Rajnagar,Kendrapara,1.622066531729453,0.7970404621463818,0.2938079811515241,0.5957474697484387,MODERATE,0.40*NCCR_erosion_baseline + 0.60*shoreline_proximity,MODELLED_PROXY
Nuagaon Satagan,395905,Rajnagar,Kendrapara,1.6236204153297635,0.7968420663864545,0.2938079811515241,0.5956284322924823,MODERATE,0.40*NCCR_erosion_baseline + 0.60*shoreline_proximity,MODELLED_PROXY
Nalitajori Pal,397119,Mahakalapada,Kendrapara,1.6304803372729997,0.7959662096448693,0.2938079811515241,0.5951029182475311,MODERATE,0.40*NCCR_erosion_baseline + 0.60*shoreline_proximity,MODELLED_PROXY
Anantapur,395683,Rajkanika,Kendrapara,1.6381050060638442,0.7949927120426992,0.2938079811515241,0.5945188196862292,MODERATE,0.40*NCCR_erosion_baseline + 0.60*shoreline_proximity,MODELLED_PROXY
Domanda Barha,395601,Rajkanika,Kendrapara,1.6412627485861937,0.7945895398055693,0.2938079811515241,0.5942769163439512,MODERATE,0.40*NCCR_erosion_baseline + 0.60*shoreline_proximity,MODELLED_PROXY
Ayatan,395723,Rajkanika,Kendrapara,1.6416637324003185,0.7945383432497232,0.2938079811515241,0.5942461984104435,MODERATE,0.40*NCCR_erosion_baseline + 0.60*shoreline_proximity,MODELLED_PROXY
Manikhandi,395919,Rajnagar,Kendrapara,1.6520354033073592,0.7932141156622079,0.2938079811515241,0.5934516618579344,MODERATE,0.40*NCCR_erosion_baseline + 0.60*shoreline_proximity,MODELLED_PROXY
Badapanka,395693,Rajkanika,Kendrapara,1.6598903593862846,0.7922112155864475,0.2938079811515241,0.5928499218124781,MODERATE,0.40*NCCR_erosion_baseline + 0.60*shoreline_proximity,MODELLED_PROXY
Bhamanda,395600,Rajkanika,Kendrapara,1.66198667408493,0.7919435636544743,0.2938079811515241,0.5926893306532942,MODERATE,0.40*NCCR_erosion_baseline + 0.60*shoreline_proximity,MODELLED_PROXY
Arasa,395626,Rajkanika,Kendrapara,1.6672312718011828,0.7912739472499886,0.2938079811515241,0.5922875608106029,MODERATE,0.40*NCCR_erosion_baseline + 0.60*shoreline_proximity,MODELLED_PROXY
Bhagabanpur,395923,Rajnagar,Kendrapara,1.6680263415287513,0.7911724348440627,0.2938079811515241,0.5922266533670473,MODERATE,0.40*NCCR_erosion_baseline + 0.60*shoreline_proximity,MODELLED_PROXY
Jagulaipada,395630,Rajkanika,Kendrapara,1.674668518769264,0.7903243791718488,0.2938079811515241,0.591717819963719,MODERATE,0.40*NCCR_erosion_baseline + 0.60*shoreline_proximity,MODELLED_PROXY
Sanora,395999,Rajnagar,Kendrapara,1.6752791586205,0.790246414286124,0.2938079811515241,0.5916710410322841,MODERATE,0.40*NCCR_erosion_baseline + 0.60*shoreline_proximity,MODELLED_PROXY
Balabhadraprasad Dia,395689,Rajkanika,Kendrapara,1.7027054812004698,0.7867446937523734,0.2938079811515241,0.5895700087120337,MODERATE,0.40*NCCR_erosion_baseline + 0.60*shoreline_proximity,MODELLED_PROXY
Beruhan,396942,Marsaghai,Kendrapara,1.7090706021752642,0.7859320118934675,0.2938079811515241,0.5890823995966901,MODERATE,0.40*NCCR_erosion_baseline + 0.60*shoreline_proximity,MODELLED_PROXY
Sourendrapur,395793,Rajnagar,Kendrapara,1.7162535124636913,0.7850149168518069,0.2938079811515241,0.5885321425716938,MODERATE,0.40*NCCR_erosion_baseline + 0.60*shoreline_proximity,MODELLED_PROXY
Rajnagar,395998,Rajnagar,Kendrapara,1.7228001426660966,0.784179060373426,0.2938079811515241,0.5880306286846653,MODERATE,0.40*NCCR_erosion_baseline + 0.60*shoreline_proximity,MODELLED_PROXY
Pentha,396716,Marsaghai,Kendrapara,1.741439640299046,0.7817992184748346,0.2938079811515241,0.5866027235455105,MODERATE,0.40*NCCR_erosion_baseline + 0.60*shoreline_proximity,MODELLED_PROXY
Nachhi Pada,397049,Mahakalapada,Kendrapara,1.7435432219430276,0.7815306387184464,0.2938079811515241,0.5864415756916774,MODERATE,0.40*NCCR_erosion_baseline + 0.60*shoreline_proximity,MODELLED_PROXY
Sundripal,396073,Rajnagar,Kendrapara,1.7441943395633202,0.7814475057379232,0.2938079811515241,0.5863916959033635,MODERATE,0.40*NCCR_erosion_baseline + 0.60*shoreline_proximity,MODELLED_PROXY
Basantpur,396037,Rajnagar,Kendrapara,1.7584394521306452,0.7796287273349075,0.2938079811515241,0.5853004288615542,MODERATE,0.40*NCCR_erosion_baseline + 0.60*shoreline_proximity,MODELLED_PROXY
Kusunpur,395690,Rajkanika,Kendrapara,1.76429511484083,0.7788810917635989,0.2938079811515241,0.584851847518769,MODERATE,0.40*NCCR_erosion_baseline + 0.60*shoreline_proximity,MODELLED_PROXY
Thauri,396541,Marsaghai,Kendrapara,1.7846092219012262,0.7762874401498697,0.2938079811515241,0.5832956565505314,MODERATE,0.40*NCCR_erosion_baseline + 0.60*shoreline_proximity,MODELLED_PROXY
Baragudidanda,395946,Rajnagar,Kendrapara,1.7873117227174036,0.7759423919731449,0.2938079811515241,0.5830886276444965,MODERATE,0.40*NCCR_erosion_baseline + 0.60*shoreline_proximity,MODELLED_PROXY
Badhi,395972,Rajnagar,Kendrapara,1.7993401168344385,0.7744066383355637,0.2938079811515241,0.5821671754619479,MODERATE,0.40*NCCR_erosion_baseline + 0.60*shoreline_proximity,MODELLED_PROXY
Badatubi,397127,Mahakalapada,Kendrapara,1.799918847600407,0.7743327475176898,0.2938079811515241,0.5821228409712236,MODERATE,0.40*NCCR_erosion_baseline + 0.60*shoreline_proximity,MODELLED_PROXY
Aitipur,397044,Mahakalapada,Kendrapara,1.802064634442073,0.7740587791129718,0.2938079811515241,0.5819584599283927,MODERATE,0.40*NCCR_erosion_baseline + 0.60*shoreline_proximity,MODELLED_PROXY
Amarabati,395790,Rajnagar,Kendrapara,1.8067590237704436,0.7734594118643499,0.2938079811515241,0.5815988395792195,MODERATE,0.40*NCCR_erosion_baseline + 0.60*shoreline_proximity,MODELLED_PROXY
Domanda Kaema,395606,Rajkanika,Kendrapara,1.81978449637848,0.7717963538746988,0.2938079811515241,0.5806010047854289,MODERATE,0.40*NCCR_erosion_baseline + 0.60*shoreline_proximity,MODELLED_PROXY
Sankarnathpeta,395871,Rajnagar,Kendrapara,1.8235433840449031,0.7713164290110137,0.2938079811515241,0.5803130498672179,MODERATE,0.40*NCCR_erosion_baseline + 0.60*shoreline_proximity,MODELLED_PROXY
Rautabartani,395724,Rajkanika,Kendrapara,1.8291244289979485,0.7706038559106689,0.2938079811515241,0.5798855060070109,MODERATE,0.40*NCCR_erosion_baseline + 0.60*shoreline_proximity,MODELLED_PROXY
Maliabuda,395949,Rajnagar,Kendrapara,1.8382295965908264,0.7694413321260729,0.2938079811515241,0.5791879917362535,MODERATE,0.40*NCCR_erosion_baseline + 0.60*shoreline_proximity,MODELLED_PROXY
Baghuasuni,395621,Rajkanika,Kendrapara,1.8427376897914516,0.7688657506757104,0.2938079811515241,0.5788426428660358,MODERATE,0.40*NCCR_erosion_baseline + 0.60*shoreline_proximity,MODELLED_PROXY
Nuakhunta,395819,Rajnagar,Kendrapara,1.8493257849055769,0.7680246000667591,0.2938079811515241,0.5783379525006651,MODERATE,0.40*NCCR_erosion_baseline + 0.60*shoreline_proximity,MODELLED_PROXY
Purusottampur,396979,Mahakalapada,Kendrapara,1.8494553646339629,0.768008055668788,0.2938079811515241,0.5783280258618825,MODERATE,0.40*NCCR_erosion_baseline + 0.60*shoreline_proximity,MODELLED_PROXY
Nipania,397134,Mahakalapada,Kendrapara,1.851865777514312,0.7677003005093668,0.2938079811515241,0.5781433727662297,MODERATE,0.40*NCCR_erosion_baseline + 0.60*shoreline_proximity,MODELLED_PROXY
Guludia,395996,Rajnagar,Kendrapara,1.8695286861359528,0.7654451469201163,0.2938079811515241,0.5767902806126795,MODERATE,0.40*NCCR_erosion_baseline + 0.60*shoreline_proximity,MODELLED_PROXY
Dhobeigarh,395974,Rajnagar,Kendrapara,1.8714109095906253,0.7652048295935365,0.2938079811515241,0.5766460902167316,MODERATE,0.40*NCCR_erosion_baseline + 0.60*shoreline_proximity,MODELLED_PROXY
Kothasahi,395653,Rajkanika,Kendrapara,1.8848960515834423,0.7634830822291533,0.2938079811515241,0.5756130417981016,MODERATE,0.40*NCCR_erosion_baseline + 0.60*shoreline_proximity,MODELLED_PROXY
Kandhamara,396012,Rajnagar,Kendrapara,1.8884534441787688,0.7630288837247294,0.2938079811515241,0.5753405226954473,MODERATE,0.40*NCCR_erosion_baseline + 0.60*shoreline_proximity,MODELLED_PROXY
Kakat Pur,396993,Mahakalapada,Kendrapara,1.8885795874078783,0.7630127780899226,0.2938079811515241,0.5753308593145632,MODERATE,0.40*NCCR_erosion_baseline + 0.60*shoreline_proximity,MODELLED_PROXY
Malisahada,395673,Rajkanika,Kendrapara,1.9050026550857748,0.7609159241224548,0.2938079811515241,0.5740727469340825,MODERATE,0.40*NCCR_erosion_baseline + 0.60*shoreline_proximity,MODELLED_PROXY
Badadihi,397026,Mahakalapada,Kendrapara,1.907934160064095,0.7605416372982754,0.2938079811515241,0.573848174839575,MODERATE,0.40*NCCR_erosion_baseline + 0.60*shoreline_proximity,MODELLED_PROXY
Bahargadabadadandua,397122,Mahakalapada,Kendrapara,1.908876287851104,0.7604213489071662,0.2938079811515241,0.5737760018049094,MODERATE,0.40*NCCR_erosion_baseline + 0.60*shoreline_proximity,MODELLED_PROXY
Mahulia,395953,Rajnagar,Kendrapara,1.9228918118006957,0.7586318837733534,0.2938079811515241,0.5727023227246217,MODERATE,0.40*NCCR_erosion_baseline + 0.60*shoreline_proximity,MODELLED_PROXY
Gadadharpur,395890,Rajnagar,Kendrapara,1.9239159560241188,0.7585011237399503,0.2938079811515241,0.5726238667045798,MODERATE,0.40*NCCR_erosion_baseline + 0.60*shoreline_proximity,MODELLED_PROXY
Rata Panga,397014,Mahakalapada,Kendrapara,1.928727665379547,0.7578867773796895,0.2938079811515241,0.5722552588884233,MODERATE,0.40*NCCR_erosion_baseline + 0.60*shoreline_proximity,MODELLED_PROXY
Junus Nagar,395836,Rajnagar,Kendrapara,1.929045233627436,0.7578462311033428,0.2938079811515241,0.5722309311226152,MODERATE,0.40*NCCR_erosion_baseline + 0.60*shoreline_proximity,MODELLED_PROXY
Bilipada,397048,Mahakalapada,Kendrapara,1.9317518080577845,0.7575006628183042,0.2938079811515241,0.5720235901515922,MODERATE,0.40*NCCR_erosion_baseline + 0.60*shoreline_proximity,MODELLED_PROXY
Srirampur,396982,Mahakalapada,Kendrapara,1.9449343986297332,0.7558175444213984,0.2938079811515241,0.5710137191134487,MODERATE,0.40*NCCR_erosion_baseline + 0.60*shoreline_proximity,MODELLED_PROXY
Bhatapara,395943,Rajnagar,Kendrapara,1.9488627112890653,0.7553159878214545,0.2938079811515241,0.5707127851534823,MODERATE,0.40*NCCR_erosion_baseline + 0.60*shoreline_proximity,MODELLED_PROXY
Biradia,395757,Rajkanika,Kendrapara,1.9528964603278944,0.7548009693826507,0.2938079811515241,0.5704037740902002,MODERATE,0.40*NCCR_erosion_baseline + 0.60*shoreline_proximity,MODELLED_PROXY
Tamulia,397008,Mahakalapada,Kendrapara,1.9600222664085616,0.7538911652556323,0.2938079811515241,0.5698578916139889,MODERATE,0.40*NCCR_erosion_baseline + 0.60*shoreline_proximity,MODELLED_PROXY
Jaduchandrapur,395903,Rajnagar,Kendrapara,1.96116445168658,0.7537453340516959,0.2938079811515241,0.5697703928916271,MODERATE,0.40*NCCR_erosion_baseline + 0.60*shoreline_proximity,MODELLED_PROXY
Jharkata,395904,Rajnagar,Kendrapara,1.9639729155216663,0.7533867567961801,0.2938079811515241,0.5695552465383177,MODERATE,0.40*NCCR_erosion_baseline + 0.60*shoreline_proximity,MODELLED_PROXY
Haladia,396941,Marsaghai,Kendrapara,1.9704027424664547,0.7525658134496787,0.2938079811515241,0.5690626805304169,MODERATE,0.40*NCCR_erosion_baseline + 0.60*shoreline_proximity,MODELLED_PROXY
Kantapada,395694,Rajkanika,Kendrapara,1.9712106988517355,0.752462655709283,0.2938079811515241,0.5690007858861794,MODERATE,0.40*NCCR_erosion_baseline + 0.60*shoreline_proximity,MODELLED_PROXY
Bandha Para,396994,Mahakalapada,Kendrapara,1.9786702449039704,0.7515102405428893,0.2938079811515241,0.5684293367863432,MODERATE,0.40*NCCR_erosion_baseline + 0.60*shoreline_proximity,MODELLED_PROXY
Koratapanga,396965,Mahakalapada,Kendrapara,1.984789251409813,0.750728981930285,0.2938079811515241,0.5679605816187807,MODERATE,0.40*NCCR_erosion_baseline + 0.60*shoreline_proximity,MODELLED_PROXY
Bektakolha,395887,Rajnagar,Kendrapara,1.988721353556541,0.7502269414985847,0.2938079811515241,0.5676593573597605,MODERATE,0.40*NCCR_erosion_baseline + 0.60*shoreline_proximity,MODELLED_PROXY
Sangopalpur,395889,Rajnagar,Kendrapara,1.990285761014906,0.7500272020802162,0.2938079811515241,0.5675395137087393,MODERATE,0.40*NCCR_erosion_baseline + 0.60*shoreline_proximity,MODELLED_PROXY
Baghabuda,395629,Rajkanika,Kendrapara,1.9920567481706155,0.7498010871109171,0.2938079811515241,0.5674038447271599,MODERATE,0.40*NCCR_erosion_baseline + 0.60*shoreline_proximity,MODELLED_PROXY
Hatiagadi,395954,Rajnagar,Kendrapara,2.000629584327529,0.7487065300001119,0.2938079811515241,0.5667471104606767,MODERATE,0.40*NCCR_erosion_baseline + 0.60*shoreline_proximity,MODELLED_PROXY
Dera,395987,Rajnagar,Kendrapara,2.0075074594527544,0.7478283810435995,0.2938079811515241,0.5662202210867693,MODERATE,0.40*NCCR_erosion_baseline + 0.60*shoreline_proximity,MODELLED_PROXY
Madhusudanpur,396981,Mahakalapada,Kendrapara,2.0153001170381097,0.7468334350751942,0.2938079811515241,0.5656232535057262,MODERATE,0.40*NCCR_erosion_baseline + 0.60*shoreline_proximity,MODELLED_PROXY
Bimisnagar,395870,Rajnagar,Kendrapara,2.0339702708721554,0.7444496790736985,0.2938079811515241,0.5641929999048287,MODERATE,0.40*NCCR_erosion_baseline + 0.60*shoreline_proximity,MODELLED_PROXY
Gopinathapur,395643,Rajkanika,Kendrapara,2.0428029010935136,0.7433219521419171,0.2938079811515241,0.5635163637457599,MODERATE,0.40*NCCR_erosion_baseline + 0.60*shoreline_proximity,MODELLED_PROXY
Narasingha Pur,397015,Mahakalapada,Kendrapara,2.043961071052369,0.7431740800560889,0.2938079811515241,0.563427640494263,MODERATE,0.40*NCCR_erosion_baseline + 0.60*shoreline_proximity,MODELLED_PROXY
Manjulapalli,396066,Rajnagar,Kendrapara,2.052389901666454,0.7420979091931966,0.2938079811515241,0.5627819379765276,MODERATE,0.40*NCCR_erosion_baseline + 0.60*shoreline_proximity,MODELLED_PROXY
Radhamalipur,395788,Rajnagar,Kendrapara,2.0667150582007263,0.7402689109875864,0.2938079811515241,0.5616845390531615,MODERATE,0.40*NCCR_erosion_baseline + 0.60*shoreline_proximity,MODELLED_PROXY
Baulanga,396782,Marsaghai,Kendrapara,2.0778891718219303,0.7388422296306623,0.2938079811515241,0.560828530239007,MODERATE,0.40*NCCR_erosion_baseline + 0.60*shoreline_proximity,MODELLED_PROXY
Tekarapanga,396969,Mahakalapada,Kendrapara,2.087895429393391,0.737564657054105,0.2938079811515241,0.5600619866930727,MODERATE,0.40*NCCR_erosion_baseline + 0.60*shoreline_proximity,MODELLED_PROXY
Parakula,396783,Marsaghai,Kendrapara,2.111209092955721,0.7345880299771383,0.2938079811515241,0.5582760104468927,MODERATE,0.40*NCCR_erosion_baseline + 0.60*shoreline_proximity,MODELLED_PROXY
Sasana,397007,Mahakalapada,Kendrapara,2.1260447373606555,0.7326938540265455,0.2938079811515241,0.557139504876537,MODERATE,0.40*NCCR_erosion_baseline + 0.60*shoreline_proximity,MODELLED_PROXY
Badolara,395942,Rajnagar,Kendrapara,2.1322325930768367,0.7319038049283458,0.2938079811515241,0.5566654754176171,MODERATE,0.40*NCCR_erosion_baseline + 0.60*shoreline_proximity,MODELLED_PROXY
Nuapokhari,395969,Rajnagar,Kendrapara,2.138712948103834,0.731076410289569,0.2938079811515241,0.5561690386343511,MODERATE,0.40*NCCR_erosion_baseline + 0.60*shoreline_proximity,MODELLED_PROXY
Posta,396540,Marsaghai,Kendrapara,2.147620379313825,0.7299391329648366,0.2938079811515241,0.5554866722395115,MODERATE,0.40*NCCR_erosion_baseline + 0.60*shoreline_proximity,MODELLED_PROXY
Madarangapata,395750,Rajkanika,Kendrapara,2.155491235008278,0.7289342028680987,0.2938079811515241,0.5548837141814689,MODERATE,0.40*NCCR_erosion_baseline + 0.60*shoreline_proximity,MODELLED_PROXY
Balipal,397039,Mahakalapada,Kendrapara,2.156514071390932,0.7288036098163557,0.2938079811515241,0.5548053583504231,MODERATE,0.40*NCCR_erosion_baseline + 0.60*shoreline_proximity,MODELLED_PROXY
Giria Pahi,395787,Rajnagar,Kendrapara,2.161683142443235,0.7281436364571316,0.2938079811515241,0.5544093743348886,MODERATE,0.40*NCCR_erosion_baseline + 0.60*shoreline_proximity,MODELLED_PROXY
Balikana,395924,Rajnagar,Kendrapara,2.163937390065789,0.7278558200659608,0.2938079811515241,0.5542366845001861,MODERATE,0.40*NCCR_erosion_baseline + 0.60*shoreline_proximity,MODELLED_PROXY
Maladhia,397004,Mahakalapada,Kendrapara,2.1733107236797933,0.7266590575510393,0.2938079811515241,0.5535186269912332,MODERATE,0.40*NCCR_erosion_baseline + 0.60*shoreline_proximity,MODELLED_PROXY
Raulia,395692,Rajkanika,Kendrapara,2.178708830084309,0.7259698415620948,0.2938079811515241,0.5531050973978665,MODERATE,0.40*NCCR_erosion_baseline + 0.60*shoreline_proximity,MODELLED_PROXY
Olihanilakanthapur,397057,Mahakalapada,Kendrapara,2.1805991571162235,0.725728489592145,0.2938079811515241,0.5529602862158967,MODERATE,0.40*NCCR_erosion_baseline + 0.60*shoreline_proximity,MODELLED_PROXY
Lunia,396011,Rajnagar,Kendrapara,2.1832184604414056,0.7253940638516481,0.2938079811515241,0.5527596307715985,MODERATE,0.40*NCCR_erosion_baseline + 0.60*shoreline_proximity,MODELLED_PROXY
Koilipur,396042,Rajnagar,Kendrapara,2.183533640939672,0.7253538224368759,0.2938079811515241,0.5527354859227351,MODERATE,0.40*NCCR_erosion_baseline + 0.60*shoreline_proximity,MODELLED_PROXY
Taradeipur,396978,Mahakalapada,Kendrapara,2.1898401544098927,0.7245486234295844,0.2938079811515241,0.5522523665183603,MODERATE,0.40*NCCR_erosion_baseline + 0.60*shoreline_proximity,MODELLED_PROXY
Jaganathpursasan,395922,Rajnagar,Kendrapara,2.1965427619274287,0.7236928521789769,0.2938079811515241,0.5517389037679958,MODERATE,0.40*NCCR_erosion_baseline + 0.60*shoreline_proximity,MODELLED_PROXY
Ameipal,396952,Mahakalapada,Kendrapara,2.197426997109948,0.723579955362925,0.2938079811515241,0.5516711656783646,MODERATE,0.40*NCCR_erosion_baseline + 0.60*shoreline_proximity,MODELLED_PROXY
Kiajori,395945,Rajnagar,Kendrapara,2.214510664134018,0.72139875781318,0.2938079811515241,0.5503624471485176,MODERATE,0.40*NCCR_erosion_baseline + 0.60*shoreline_proximity,MODELLED_PROXY
Garjang,397001,Mahakalapada,Kendrapara,2.2158901047523614,0.7212226344731203,0.2938079811515241,0.5502567731444818,MODERATE,0.40*NCCR_erosion_baseline + 0.60*shoreline_proximity,MODELLED_PROXY
Thantapalanda,396960,Mahakalapada,Kendrapara,2.222943523238785,0.720322072603222,0.2938079811515241,0.5497164360225428,MODERATE,0.40*NCCR_erosion_baseline + 0.60*shoreline_proximity,MODELLED_PROXY
Kadalichua,396046,Rajnagar,Kendrapara,2.223431243898536,0.7202598017156832,0.2938079811515241,0.5496790734900195,MODERATE,0.40*NCCR_erosion_baseline + 0.60*shoreline_proximity,MODELLED_PROXY
Bartani,395676,Rajkanika,Kendrapara,2.2347095366922525,0.7188198190367713,0.2938079811515241,0.5488150838826724,MODERATE,0.40*NCCR_erosion_baseline + 0.60*shoreline_proximity,MODELLED_PROXY
Dalei Sahi,395785,Rajnagar,Kendrapara,2.2350076177242566,0.7187817608367538,0.2938079811515241,0.548792248962662,MODERATE,0.40*NCCR_erosion_baseline + 0.60*shoreline_proximity,MODELLED_PROXY
Dasabhagaria,395703,Rajkanika,Kendrapara,2.235287416845968,0.7187460368228265,0.2938079811515241,0.5487708145543055,MODERATE,0.40*NCCR_erosion_baseline + 0.60*shoreline_proximity,MODELLED_PROXY
Brahmansahi,396022,Rajnagar,Kendrapara,2.2358065960280324,0.7186797493941262,0.2938079811515241,0.5487310420970853,MODERATE,0.40*NCCR_erosion_baseline + 0.60*shoreline_proximity,MODELLED_PROXY
Jaganathprasad_ Dia,395733,Rajkanika,Kendrapara,2.238368358020012,0.7183526703792952,0.2938079811515241,0.5485347946881868,MODERATE,0.40*NCCR_erosion_baseline + 0.60*shoreline_proximity,MODELLED_PROXY
Achhutapur,395661,Rajkanika,Kendrapara,2.2400245948169863,0.7181412064331607,0.2938079811515241,0.548407916320506,MODERATE,0.40*NCCR_erosion_baseline + 0.60*shoreline_proximity,MODELLED_PROXY
Panikhia,397000,Mahakalapada,Kendrapara,2.2596201591729823,0.715639296456869,0.2938079811515241,0.546906770334731,MODERATE,0.40*NCCR_erosion_baseline + 0.60*shoreline_proximity,MODELLED_PROXY
Dighi,395814,Rajnagar,Kendrapara,2.2727564023641307,0.7139620955713086,0.2938079811515241,0.5459004498033948,MODERATE,0.40*NCCR_erosion_baseline + 0.60*shoreline_proximity,MODELLED_PROXY
Batighar,396060,Mahakalapada,Kendrapara,2.2742604966766096,0.7137700567763392,0.2938079811515241,0.5457852265264131,MODERATE,0.40*NCCR_erosion_baseline + 0.60*shoreline_proximity,MODELLED_PROXY
Akhulipada,395671,Rajkanika,Kendrapara,2.282207496132117,0.7127554048450089,0.2938079811515241,0.545176435367615,MODERATE,0.40*NCCR_erosion_baseline + 0.60*shoreline_proximity,MODELLED_PROXY
Deulasahi,395655,Rajkanika,Kendrapara,2.2822319486121514,0.7127522828168482,0.2938079811515241,0.5451745621507186,MODERATE,0.40*NCCR_erosion_baseline + 0.60*shoreline_proximity,MODELLED_PROXY
Dhamara,395756,Rajkanika,Kendrapara,2.284361604683889,0.7124803739462919,0.2938079811515241,0.5450114168283848,MODERATE,0.40*NCCR_erosion_baseline + 0.60*shoreline_proximity,MODELLED_PROXY
Dara Bachha,396898,Marsaghai,Kendrapara,2.2878375611460875,0.7120365729925691,0.2938079811515241,0.5447451362561511,MODERATE,0.40*NCCR_erosion_baseline + 0.60*shoreline_proximity,MODELLED_PROXY
Sialia,395625,Rajkanika,Kendrapara,2.297231912911128,0.7108371269355558,0.2938079811515241,0.5440254686219431,MODERATE,0.40*NCCR_erosion_baseline + 0.60*shoreline_proximity,MODELLED_PROXY
Arjunpur,395840,Rajnagar,Kendrapara,2.3050377437019924,0.7098404990470135,0.2938079811515241,0.5434274918888178,MODERATE,0.40*NCCR_erosion_baseline + 0.60*shoreline_proximity,MODELLED_PROXY
Achinta,395631,Rajkanika,Kendrapara,2.3282866343118225,0.7068721420097921,0.2938079811515241,0.5416464776664849,MODERATE,0.40*NCCR_erosion_baseline + 0.60*shoreline_proximity,MODELLED_PROXY
Palli Garh,397123,Mahakalapada,Kendrapara,2.331622195649227,0.7064462663353295,0.2938079811515241,0.5413909522618073,MODERATE,0.40*NCCR_erosion_baseline + 0.60*shoreline_proximity,MODELLED_PROXY
Sasanipada,396787,Marsaghai,Kendrapara,2.3330239228762686,0.706267297499849,0.2938079811515241,0.541283570960519,MODERATE,0.40*NCCR_erosion_baseline + 0.60*shoreline_proximity,MODELLED_PROXY
Taradeipur,396040,Rajnagar,Kendrapara,2.33634998838577,0.705842634227649,0.2938079811515241,0.5410287729971991,MODERATE,0.40*NCCR_erosion_baseline + 0.60*shoreline_proximity,MODELLED_PROXY
Bhadia,395901,Rajnagar,Kendrapara,2.35122541111576,0.7039433794854231,0.2938079811515241,0.5398892201518635,MODERATE,0.40*NCCR_erosion_baseline + 0.60*shoreline_proximity,MODELLED_PROXY
Gayaspur,397053,Mahakalapada,Kendrapara,2.3516532095770244,0.7038887593061501,0.2938079811515241,0.5398564480442998,MODERATE,0.40*NCCR_erosion_baseline + 0.60*shoreline_proximity,MODELLED_PROXY
Kani,395950,Rajnagar,Kendrapara,2.3565175401482,0.7032676944078441,0.2938079811515241,0.5394838091053161,MODERATE,0.40*NCCR_erosion_baseline + 0.60*shoreline_proximity,MODELLED_PROXY
Kalatunga,396995,Mahakalapada,Kendrapara,2.3604788186363685,0.7027619288178173,0.2938079811515241,0.5391803497513,MODERATE,0.40*NCCR_erosion_baseline + 0.60*shoreline_proximity,MODELLED_PROXY
Gatanai Nuasahi,396966,Mahakalapada,Kendrapara,2.367485702531668,0.7018673083617852,0.2938079811515241,0.5386435774776808,MODERATE,0.40*NCCR_erosion_baseline + 0.60*shoreline_proximity,MODELLED_PROXY
Sribantapur,395839,Rajnagar,Kendrapara,2.378813083902237,0.7004210581828453,0.2938079811515241,0.5377758273703168,MODERATE,0.40*NCCR_erosion_baseline + 0.60*shoreline_proximity,MODELLED_PROXY
Chhadesh,395657,Rajkanika,Kendrapara,2.381846054510832,0.7000338164945945,0.2938079811515241,0.5375434823573664,MODERATE,0.40*NCCR_erosion_baseline + 0.60*shoreline_proximity,MODELLED_PROXY
Baraja Bahakuda,397125,Mahakalapada,Kendrapara,2.387412489005264,0.6993231088190724,0.2938079811515241,0.5371170577520531,MODERATE,0.40*NCCR_erosion_baseline + 0.60*shoreline_proximity,MODELLED_PROXY
Bedhuakolha,395851,Rajnagar,Kendrapara,2.387472489830331,0.699315448071972,0.2938079811515241,0.5371124613037929,MODERATE,0.40*NCCR_erosion_baseline + 0.60*shoreline_proximity,MODELLED_PROXY
Bansaria,395718,Rajkanika,Kendrapara,2.3903882407920327,0.6989431726790853,0.2938079811515241,0.5368890960680608,MODERATE,0.40*NCCR_erosion_baseline + 0.60*shoreline_proximity,MODELLED_PROXY
Balisuan,396947,Mahakalapada,Kendrapara,2.395621396928061,0.6982750171053871,0.2938079811515241,0.5364882027238419,MODERATE,0.40*NCCR_erosion_baseline + 0.60*shoreline_proximity,MODELLED_PROXY
Badagara,395665,Rajkanika,Kendrapara,2.4155206040835404,0.6957343388172746,0.2938079811515241,0.5349637957509744,MODERATE,0.40*NCCR_erosion_baseline + 0.60*shoreline_proximity,MODELLED_PROXY
Gobardhanpur,396025,Rajnagar,Kendrapara,2.436104214081423,0.6931062777792651,0.2938079811515241,0.5333869591281688,MODERATE,0.40*NCCR_erosion_baseline + 0.60*shoreline_proximity,MODELLED_PROXY
Hariabanka,397129,Mahakalapada,Kendrapara,2.449546049588172,0.691390059672808,0.2938079811515241,0.5323572282642944,MODERATE,0.40*NCCR_erosion_baseline + 0.60*shoreline_proximity,MODELLED_PROXY
Akarapara,396045,Rajnagar,Kendrapara,2.4548437050466307,0.6907136689957301,0.2938079811515241,0.5319513938580477,MODERATE,0.40*NCCR_erosion_baseline + 0.60*shoreline_proximity,MODELLED_PROXY
Makundapur,395662,Rajkanika,Kendrapara,2.457477760699655,0.6903773597169216,0.2938079811515241,0.5317496082907627,MODERATE,0.40*NCCR_erosion_baseline + 0.60*shoreline_proximity,MODELLED_PROXY
Junapangara,395970,Rajnagar,Kendrapara,2.469375169468598,0.6888583299431285,0.2938079811515241,0.5308381904264867,MODERATE,0.40*NCCR_erosion_baseline + 0.60*shoreline_proximity,MODELLED_PROXY
Kalisipada,395674,Rajkanika,Kendrapara,2.472378460167591,0.6884748777074589,0.2938079811515241,0.530608119085085,MODERATE,0.40*NCCR_erosion_baseline + 0.60*shoreline_proximity,MODELLED_PROXY
Suniti Bena Kandha,397017,Mahakalapada,Kendrapara,2.4797149095903195,0.6875381791940696,0.2938079811515241,0.5300460999770513,MODERATE,0.40*NCCR_erosion_baseline + 0.60*shoreline_proximity,MODELLED_PROXY
Duttapur,396041,Rajnagar,Kendrapara,2.4817440714023253,0.6872791011655558,0.2938079811515241,0.5298906531599431,MODERATE,0.40*NCCR_erosion_baseline + 0.60*shoreline_proximity,MODELLED_PROXY
Paripangara,395963,Rajnagar,Kendrapara,2.482146930229874,0.6872276652129407,0.2938079811515241,0.529859791588374,MODERATE,0.40*NCCR_erosion_baseline + 0.60*shoreline_proximity,MODELLED_PROXY
Mangarajpur,396007,Rajnagar,Kendrapara,2.4833767927515105,0.6870706396097761,0.2938079811515241,0.5297655762264752,MODERATE,0.40*NCCR_erosion_baseline + 0.60*shoreline_proximity,MODELLED_PROXY
Kholanai,397025,Mahakalapada,Kendrapara,2.500776744152573,0.6848490597049347,0.2938079811515241,0.5284326282835705,MODERATE,0.40*NCCR_erosion_baseline + 0.60*shoreline_proximity,MODELLED_PROXY
Tentulikoli,395726,Rajkanika,Kendrapara,2.502539771749398,0.6846239609911218,0.2938079811515241,0.5282975690552827,MODERATE,0.40*NCCR_erosion_baseline + 0.60*shoreline_proximity,MODELLED_PROXY
Kantapada,395664,Rajkanika,Kendrapara,2.509345466721284,0.6837550278062221,0.2938079811515241,0.527776209144343,MODERATE,0.40*NCCR_erosion_baseline + 0.60*shoreline_proximity,MODELLED_PROXY
Koranda,395721,Rajkanika,Kendrapara,2.513476827942805,0.6832275465013713,0.2938079811515241,0.5274597203614324,MODERATE,0.40*NCCR_erosion_baseline + 0.60*shoreline_proximity,MODELLED_PROXY
Hatina,395988,Rajnagar,Kendrapara,2.5218556583785507,0.6821577595293806,0.2938079811515241,0.526817848178238,MODERATE,0.40*NCCR_erosion_baseline + 0.60*shoreline_proximity,MODELLED_PROXY
Baikuntha Pur,396721,Marsaghai,Kendrapara,2.5272138884101154,0.681473634850566,0.2938079811515241,0.5264073733709492,MODERATE,0.40*NCCR_erosion_baseline + 0.60*shoreline_proximity,MODELLED_PROXY
Biswanathpur,395742,Rajkanika,Kendrapara,2.530112128432086,0.6811035952082815,0.2938079811515241,0.5261853495855785,MODERATE,0.40*NCCR_erosion_baseline + 0.60*shoreline_proximity,MODELLED_PROXY
Anko,396785,Marsaghai,Kendrapara,2.5393210422359624,0.6799278253810819,0.2938079811515241,0.5254798876892588,MODERATE,0.40*NCCR_erosion_baseline + 0.60*shoreline_proximity,MODELLED_PROXY
Sankhapada,397038,Mahakalapada,Kendrapara,2.548174593222376,0.6787974273411939,0.2938079811515241,0.524801648865326,MODERATE,0.40*NCCR_erosion_baseline + 0.60*shoreline_proximity,MODELLED_PROXY
Jhadamala,395755,Rajkanika,Kendrapara,2.553273362906838,0.6781464298752053,0.2938079811515241,0.5244110503857329,MODERATE,0.40*NCCR_erosion_baseline + 0.60*shoreline_proximity,MODELLED_PROXY
Kusailo,395941,Rajnagar,Kendrapara,2.5580625158303643,0.6775349634606802,0.2938079811515241,0.5240441705370178,MODERATE,0.40*NCCR_erosion_baseline + 0.60*shoreline_proximity,MODELLED_PROXY
Madhuraganda Khamar,396953,Mahakalapada,Kendrapara,2.5649511833149066,0.6766554365641937,0.2938079811515241,0.5235164543991259,MODERATE,0.40*NCCR_erosion_baseline + 0.60*shoreline_proximity,MODELLED_PROXY
Nuagan,395608,Rajkanika,Kendrapara,2.566727537412287,0.6764286363579366,0.2938079811515241,0.5233803742753715,MODERATE,0.40*NCCR_erosion_baseline + 0.60*shoreline_proximity,MODELLED_PROXY
Maneidiha,395702,Rajkanika,Kendrapara,2.5864823362079115,0.6739063957483526,0.2938079811515241,0.5218670299096213,MODERATE,0.40*NCCR_erosion_baseline + 0.60*shoreline_proximity,MODELLED_PROXY
Kurutunga,396539,Marsaghai,Kendrapara,2.61621731285982,0.6701099123514636,0.2938079811515241,0.5195891398714878,MODERATE,0.40*NCCR_erosion_baseline + 0.60*shoreline_proximity,MODELLED_PROXY
Jayanagar,395691,Rajkanika,Kendrapara,2.616949147690341,0.6700164736104192,0.2938079811515241,0.5195330766268611,MODERATE,0.40*NCCR_erosion_baseline + 0.60*shoreline_proximity,MODELLED_PROXY
Dia Rajagarh,397056,Mahakalapada,Kendrapara,2.6177827152171904,0.669910045907014,0.2938079811515241,0.5194692200048181,MODERATE,0.40*NCCR_erosion_baseline + 0.60*shoreline_proximity,MODELLED_PROXY
Sila Pokhari,395818,Rajnagar,Kendrapara,2.6204637497149146,0.6695677384932146,0.2938079811515241,0.5192638355565384,MODERATE,0.40*NCCR_erosion_baseline + 0.60*shoreline_proximity,MODELLED_PROXY
Bindhanaukana,396044,Rajnagar,Kendrapara,2.6208940849120204,0.6695127944301997,0.2938079811515241,0.5192308691187295,MODERATE,0.40*NCCR_erosion_baseline + 0.60*shoreline_proximity,MODELLED_PROXY
Deula Pada,397058,Mahakalapada,Kendrapara,2.644254210558357,0.6665302351968846,0.2938079811515241,0.5174413335787404,MODERATE,0.40*NCCR_erosion_baseline + 0.60*shoreline_proximity,MODELLED_PROXY
Bara Tunga,396719,Marsaghai,Kendrapara,2.6470109199951724,0.6661782658064447,0.2938079811515241,0.5172301519444764,MODERATE,0.40*NCCR_erosion_baseline + 0.60*shoreline_proximity,MODELLED_PROXY
Badapal,395869,Rajnagar,Kendrapara,2.674708306260015,0.6626419365763039,0.2938079811515241,0.5151083544063919,MODERATE,0.40*NCCR_erosion_baseline + 0.60*shoreline_proximity,MODELLED_PROXY
Sanolara,395921,Rajnagar,Kendrapara,2.692000751794516,0.6604340827369726,0.2938079811515241,0.5137836421027933,MODERATE,0.40*NCCR_erosion_baseline + 0.60*shoreline_proximity,MODELLED_PROXY
Trailokyapur,395729,Rajkanika,Kendrapara,2.71994732856532,0.6568659375202373,0.2938079811515241,0.511642754972752,MODERATE,0.40*NCCR_erosion_baseline + 0.60*shoreline_proximity,MODELLED_PROXY
Kujipur,395730,Rajkanika,Kendrapara,2.725396640900277,0.6561701836931428,0.2938079811515241,0.5112253026764954,MODERATE,0.40*NCCR_erosion_baseline + 0.60*shoreline_proximity,MODELLED_PROXY
Chandibaunsamula,395900,Rajnagar,Kendrapara,2.73276062690566,0.6552299693815042,0.2938079811515241,0.5106611740895122,MODERATE,0.40*NCCR_erosion_baseline + 0.60*shoreline_proximity,MODELLED_PROXY
Kendukolha,395888,Rajnagar,Kendrapara,2.7366684055978343,0.6547310345043315,0.2938079811515241,0.5103618131632085,MODERATE,0.40*NCCR_erosion_baseline + 0.60*shoreline_proximity,MODELLED_PROXY
Benudharpur,395951,Rajnagar,Kendrapara,2.7392750307544995,0.6543982274789539,0.2938079811515241,0.5101621289479821,MODERATE,0.40*NCCR_erosion_baseline + 0.60*shoreline_proximity,MODELLED_PROXY
Sendhakani,395968,Rajnagar,Kendrapara,2.792959880602949,0.6475438874369198,0.2938079811515241,0.5060495249227616,MODERATE,0.40*NCCR_erosion_baseline + 0.60*shoreline_proximity,MODELLED_PROXY
Bandhamala,395751,Rajkanika,Kendrapara,2.7939329787708758,0.6474196448292553,0.2938079811515241,0.5059749793581628,MODERATE,0.40*NCCR_erosion_baseline + 0.60*shoreline_proximity,MODELLED_PROXY
Badaraja,395722,Rajkanika,Kendrapara,2.831787311017947,0.6425865035236908,0.2938079811515241,0.5030750945748241,MODERATE,0.40*NCCR_erosion_baseline + 0.60*shoreline_proximity,MODELLED_PROXY
Silapokhari,395892,Rajnagar,Kendrapara,2.844990697108032,0.6409007300098749,0.2938079811515241,0.5020636304665346,MODERATE,0.40*NCCR_erosion_baseline + 0.60*shoreline_proximity,MODELLED_PROXY
Sisua,395695,Rajkanika,Kendrapara,2.857533823374187,0.6392992567290312,0.2938079811515241,0.5011027464980284,MODERATE,0.40*NCCR_erosion_baseline + 0.60*shoreline_proximity,MODELLED_PROXY
Sathiabati,397103,Mahakalapada,Kendrapara,2.865317765184908,0.6383054235677446,0.2938079811515241,0.5005064466012563,MODERATE,0.40*NCCR_erosion_baseline + 0.60*shoreline_proximity,MODELLED_PROXY
Khamarsahi,395955,Rajnagar,Kendrapara,2.8683201107293725,0.6379220920069124,0.2938079811515241,0.5002764476647571,MODERATE,0.40*NCCR_erosion_baseline + 0.60*shoreline_proximity,MODELLED_PROXY
Hatasahi,395642,Rajkanika,Kendrapara,2.8720157478005133,0.6374502428124179,0.2938079811515241,0.4999933381480604,MODERATE,0.40*NCCR_erosion_baseline + 0.60*shoreline_proximity,MODELLED_PROXY
Rajendra Nagar,397117,Mahakalapada,Kendrapara,2.873500945743529,0.6372606166560647,0.2938079811515241,0.49987956245424847,MODERATE,0.40*NCCR_erosion_baseline + 0.60*shoreline_proximity,MODELLED_PROXY
Singar Pur,397006,Mahakalapada,Kendrapara,2.8857048843360062,0.6357024499628341,0.2938079811515241,0.4989446624383101,MODERATE,0.40*NCCR_erosion_baseline + 0.60*shoreline_proximity,MODELLED_PROXY
Charipokharia,395739,Rajkanika,Kendrapara,2.892212746630126,0.6348715432687378,0.2938079811515241,0.4984461184218524,MODERATE,0.40*NCCR_erosion_baseline + 0.60*shoreline_proximity,MODELLED_PROXY
Sanataila,395632,Rajkanika,Kendrapara,2.898301135906879,0.634094193783195,0.2938079811515241,0.49797970873052666,MODERATE,0.40*NCCR_erosion_baseline + 0.60*shoreline_proximity,MODELLED_PROXY
Pimpudi,395670,Rajkanika,Kendrapara,2.899699292929822,0.6339156807819578,0.2938079811515241,0.49787260092978436,MODERATE,0.40*NCCR_erosion_baseline + 0.60*shoreline_proximity,MODELLED_PROXY
Bandha Kata,396720,Marsaghai,Kendrapara,2.9017859716072514,0.6336492591517597,0.2938079811515241,0.4977127479516655,MODERATE,0.40*NCCR_erosion_baseline + 0.60*shoreline_proximity,MODELLED_PROXY
Sihopada,395641,Rajkanika,Kendrapara,2.9245120598162004,0.6307476521462613,0.2938079811515241,0.4959717837483664,MODERATE,0.40*NCCR_erosion_baseline + 0.60*shoreline_proximity,MODELLED_PROXY
Bhopal,397005,Mahakalapada,Kendrapara,2.9289949544243967,0.6301752879857221,0.2938079811515241,0.4956283652520429,MODERATE,0.40*NCCR_erosion_baseline + 0.60*shoreline_proximity,MODELLED_PROXY
Bhatasahi,395967,Rajnagar,Kendrapara,2.9314693503194564,0.6298593636437293,0.2938079811515241,0.49543881064684725,MODERATE,0.40*NCCR_erosion_baseline + 0.60*shoreline_proximity,MODELLED_PROXY
Badanaukana,396023,Rajnagar,Kendrapara,2.932094171502091,0.6297795881230128,0.2938079811515241,0.49539094533441735,MODERATE,0.40*NCCR_erosion_baseline + 0.60*shoreline_proximity,MODELLED_PROXY
Madhupur,395815,Rajnagar,Kendrapara,2.935150077620937,0.6293894180893026,0.2938079811515241,0.4951568433141912,MODERATE,0.40*NCCR_erosion_baseline + 0.60*shoreline_proximity,MODELLED_PROXY
Balibhanda,395654,Rajkanika,Kendrapara,2.942350490573421,0.6284700883536561,0.2938079811515241,0.4946052454728033,MODERATE,0.40*NCCR_erosion_baseline + 0.60*shoreline_proximity,MODELLED_PROXY
Gangadharpur,395666,Rajkanika,Kendrapara,2.9475965762122955,0.6278002819751344,0.2938079811515241,0.4942033616456903,MODERATE,0.40*NCCR_erosion_baseline + 0.60*shoreline_proximity,MODELLED_PROXY
Khulari,395741,Rajkanika,Kendrapara,2.9626342856824834,0.6258803068899296,0.2938079811515241,0.4930513765945674,MODERATE,0.40*NCCR_erosion_baseline + 0.60*shoreline_proximity,MODELLED_PROXY
Kalagarh,396959,Mahakalapada,Kendrapara,2.987111431258652,0.6227551294979642,0.2938079811515241,0.49117627015938814,MODERATE,0.40*NCCR_erosion_baseline + 0.60*shoreline_proximity,MODELLED_PROXY
Meghapur,395725,Rajkanika,Kendrapara,2.98754155126001,0.6227002129105748,0.2938079811515241,0.4911433202069545,MODERATE,0.40*NCCR_erosion_baseline + 0.60*shoreline_proximity,MODELLED_PROXY
Sereinpur,396951,Mahakalapada,Kendrapara,3.00428992907371,0.6205618242029295,0.2938079811515241,0.48986028698236733,MODERATE,0.40*NCCR_erosion_baseline + 0.60*shoreline_proximity,MODELLED_PROXY
Ambaora,395891,Rajnagar,Kendrapara,3.0054547685042534,0.6204131005765461,0.2938079811515241,0.4897710528065373,MODERATE,0.40*NCCR_erosion_baseline + 0.60*shoreline_proximity,MODELLED_PROXY
Dholamara,395852,Rajnagar,Kendrapara,3.0150654239710604,0.6191860374333633,0.2938079811515241,0.4890348149206276,MODERATE,0.40*NCCR_erosion_baseline + 0.60*shoreline_proximity,MODELLED_PROXY
Guludia,397022,Mahakalapada,Kendrapara,3.0290788652474085,0.6173968382097775,0.2938079811515241,0.48796129538647615,MODERATE,0.40*NCCR_erosion_baseline + 0.60*shoreline_proximity,MODELLED_PROXY
Nandanpur,396980,Mahakalapada,Kendrapara,3.033367312197893,0.6168493006133453,0.2938079811515241,0.48763277282861683,MODERATE,0.40*NCCR_erosion_baseline + 0.60*shoreline_proximity,MODELLED_PROXY
Narayanpur,396968,Mahakalapada,Kendrapara,3.034188036831043,0.6167445126567362,0.2938079811515241,0.4875699000546514,MODERATE,0.40*NCCR_erosion_baseline + 0.60*shoreline_proximity,MODELLED_PROXY
Kharinasi,396059,Mahakalapada,Kendrapara,3.037517977854869,0.6163193545690886,0.2938079811515241,0.48731480520206283,MODERATE,0.40*NCCR_erosion_baseline + 0.60*shoreline_proximity,MODELLED_PROXY
Tarapada,395997,Rajnagar,Kendrapara,3.0463090000333173,0.6151969400424901,0.2938079811515241,0.48664135648610374,MODERATE,0.40*NCCR_erosion_baseline + 0.60*shoreline_proximity,MODELLED_PROXY
Gokha Khati,397104,Mahakalapada,Kendrapara,3.0669911346204284,0.6125562996447735,0.2938079811515241,0.4850569722474738,MODERATE,0.40*NCCR_erosion_baseline + 0.60*shoreline_proximity,MODELLED_PROXY
Tantiapal,396055,Mahakalapada,Kendrapara,3.079957725754594,0.6109007594864142,0.2938079811515241,0.48406364815245817,MODERATE,0.40*NCCR_erosion_baseline + 0.60*shoreline_proximity,MODELLED_PROXY
Tentuli Kandha,397118,Mahakalapada,Kendrapara,3.089353077586728,0.609701185743472,0.2938079811515241,0.48334390390669285,MODERATE,0.40*NCCR_erosion_baseline + 0.60*shoreline_proximity,MODELLED_PROXY
Gothakolha,395849,Rajnagar,Kendrapara,3.090763946401013,0.609521049734242,0.2938079811515241,0.48323582230115486,MODERATE,0.40*NCCR_erosion_baseline + 0.60*shoreline_proximity,MODELLED_PROXY
Khunta,395732,Rajkanika,Kendrapara,3.0966058449488094,0.6087751715348859,0.2938079811515241,0.4827882953815412,MODERATE,0.40*NCCR_erosion_baseline + 0.60*shoreline_proximity,MODELLED_PROXY
Gobindapur,395633,Rajkanika,Kendrapara,3.1173850050130425,0.606122143180142,0.2938079811515241,0.48119647836869484,MODERATE,0.40*NCCR_erosion_baseline + 0.60*shoreline_proximity,MODELLED_PROXY
Loknathprasad,395850,Rajnagar,Kendrapara,3.117643885818936,0.6060890899616092,0.2938079811515241,0.48117664643757513,MODERATE,0.40*NCCR_erosion_baseline + 0.60*shoreline_proximity,MODELLED_PROXY
Babakar Pur,397055,Mahakalapada,Kendrapara,3.1187579558463243,0.6059468484387229,0.2938079811515241,0.4810913015238434,MODERATE,0.40*NCCR_erosion_baseline + 0.60*shoreline_proximity,MODELLED_PROXY
Gobindpur,395658,Rajkanika,Kendrapara,3.1365309134001595,0.6036776440920493,0.2938079811515241,0.47972977891583923,MODERATE,0.40*NCCR_erosion_baseline + 0.60*shoreline_proximity,MODELLED_PROXY
Manapara,395956,Rajnagar,Kendrapara,3.138705298881759,0.6034000242884097,0.2938079811515241,0.47956320703365546,MODERATE,0.40*NCCR_erosion_baseline + 0.60*shoreline_proximity,MODELLED_PROXY
Gopalapur,396948,Mahakalapada,Kendrapara,3.156772867160801,0.601093204821338,0.2938079811515241,0.47817911535341245,MODERATE,0.40*NCCR_erosion_baseline + 0.60*shoreline_proximity,MODELLED_PROXY
Chakamanpur,395841,Rajnagar,Kendrapara,3.1905773914612743,0.5967771323135681,0.2938079811515241,0.4755894718487505,MODERATE,0.40*NCCR_erosion_baseline + 0.60*shoreline_proximity,MODELLED_PROXY
Ranki,397032,Mahakalapada,Kendrapara,3.1989549116915392,0.5957075126251578,0.2938079811515241,0.4749477000357043,MODERATE,0.40*NCCR_erosion_baseline + 0.60*shoreline_proximity,MODELLED_PROXY
Guhalkani,395959,Rajnagar,Kendrapara,3.206410923582536,0.5947555486911501,0.2938079811515241,0.4743765216752997,MODERATE,0.40*NCCR_erosion_baseline + 0.60*shoreline_proximity,MODELLED_PROXY
Satagharia,395659,Rajkanika,Kendrapara,3.2166986902997867,0.5934420337693012,0.2938079811515241,0.4735884127221903,MODERATE,0.40*NCCR_erosion_baseline + 0.60*shoreline_proximity,MODELLED_PROXY
Pandiapali,395675,Rajkanika,Kendrapara,3.217339243974481,0.5933602495654908,0.2938079811515241,0.4735393421999041,MODERATE,0.40*NCCR_erosion_baseline + 0.60*shoreline_proximity,MODELLED_PROXY
Barakoli Khala,397137,Mahakalapada,Kendrapara,3.219879057928776,0.5930359728182264,0.2938079811515241,0.47334477615154547,MODERATE,0.40*NCCR_erosion_baseline + 0.60*shoreline_proximity,MODELLED_PROXY
Olaver,395656,Rajkanika,Kendrapara,3.2600374517483592,0.5879086550077381,0.2938079811515241,0.4702683854652525,MODERATE,0.40*NCCR_erosion_baseline + 0.60*shoreline_proximity,MODELLED_PROXY
Sukdevpur,396008,Rajnagar,Kendrapara,3.269387944676942,0.5867148087312919,0.2938079811515241,0.4695520776993848,MODERATE,0.40*NCCR_erosion_baseline + 0.60*shoreline_proximity,MODELLED_PROXY
Agapada,395640,Rajkanika,Kendrapara,3.283340221162105,0.5849334188669308,0.2938079811515241,0.46848324378076817,MODERATE,0.40*NCCR_erosion_baseline + 0.60*shoreline_proximity,MODELLED_PROXY
Ramakani,397060,Mahakalapada,Kendrapara,3.292288120890564,0.5837909746284906,0.2938079811515241,0.467797777237704,MODERATE,0.40*NCCR_erosion_baseline + 0.60*shoreline_proximity,MODELLED_PROXY
Giria,395700,Rajkanika,Kendrapara,3.30127242497116,0.5826438823783813,0.2938079811515241,0.46710952188763843,MODERATE,0.40*NCCR_erosion_baseline + 0.60*shoreline_proximity,MODELLED_PROXY
Bhateni,397075,Mahakalapada,Kendrapara,3.307063815909187,0.5819044528574335,0.2938079811515241,0.4666658641750698,MODERATE,0.40*NCCR_erosion_baseline + 0.60*shoreline_proximity,MODELLED_PROXY
Bada Baincha,397024,Mahakalapada,Kendrapara,3.31206000235986,0.5812665529481855,0.2938079811515241,0.46628312422952095,MODERATE,0.40*NCCR_erosion_baseline + 0.60*shoreline_proximity,MODELLED_PROXY
Naladiasasan,396967,Mahakalapada,Kendrapara,3.3124177964993184,0.5812208707360937,0.2938079811515241,0.4662557149022659,MODERATE,0.40*NCCR_erosion_baseline + 0.60*shoreline_proximity,MODELLED_PROXY
Narayanpur,396786,Marsaghai,Kendrapara,3.3185728116245783,0.5804350146379302,0.2938079811515241,0.4657842012433678,MODERATE,0.40*NCCR_erosion_baseline + 0.60*shoreline_proximity,MODELLED_PROXY
Bhagabanpur,396949,Marsaghai,Kendrapara,3.3227008550785917,0.5799079569368848,0.2938079811515241,0.46546796662274054,MODERATE,0.40*NCCR_erosion_baseline + 0.60*shoreline_proximity,MODELLED_PROXY
Praharajpur,396043,Rajnagar,Kendrapara,3.3292786477961047,0.5790681217107617,0.2938079811515241,0.4649640654870667,MODERATE,0.40*NCCR_erosion_baseline + 0.60*shoreline_proximity,MODELLED_PROXY
Arada,397033,Mahakalapada,Kendrapara,3.353551417433379,0.5759690384996602,0.2938079811515241,0.4631046155604058,MODERATE,0.40*NCCR_erosion_baseline + 0.60*shoreline_proximity,MODELLED_PROXY
Bhuinpada,397002,Mahakalapada,Kendrapara,3.36815189998177,0.5741048873947028,0.2938079811515241,0.4619861248974313,MODERATE,0.40*NCCR_erosion_baseline + 0.60*shoreline_proximity,MODELLED_PROXY
Mugakani,395989,Rajnagar,Kendrapara,3.3686039331218254,0.5740471729955576,0.2938079811515241,0.46195149625794424,MODERATE,0.40*NCCR_erosion_baseline + 0.60*shoreline_proximity,MODELLED_PROXY
Mahinsasur,395995,Rajnagar,Kendrapara,3.3701418184280985,0.5738508198556196,0.2938079811515241,0.4618336843739814,MODERATE,0.40*NCCR_erosion_baseline + 0.60*shoreline_proximity,MODELLED_PROXY
Chandrasekhar,395964,Rajnagar,Kendrapara,3.381918071190089,0.5723472589612613,0.2938079811515241,0.4609315478373664,MODERATE,0.40*NCCR_erosion_baseline + 0.60*shoreline_proximity,MODELLED_PROXY
Bahargarh,395898,Rajnagar,Kendrapara,3.389174895347729,0.5714207267917175,0.2938079811515241,0.4603756285356402,MODERATE,0.40*NCCR_erosion_baseline + 0.60*shoreline_proximity,MODELLED_PROXY
Dibakarpur,395842,Rajnagar,Kendrapara,3.396023124981981,0.5705463628933065,0.2938079811515241,0.4598510101965936,MODERATE,0.40*NCCR_erosion_baseline + 0.60*shoreline_proximity,MODELLED_PROXY
Subala,396928,Mahakalapada,Kendrapara,3.398196208853284,0.5702689092758368,0.2938079811515241,0.45968453802611176,MODERATE,0.40*NCCR_erosion_baseline + 0.60*shoreline_proximity,MODELLED_PROXY
Hansina Dia,395848,Rajnagar,Kendrapara,3.3993993198491257,0.5701152992369323,0.2938079811515241,0.45959237200276903,MODERATE,0.40*NCCR_erosion_baseline + 0.60*shoreline_proximity,MODELLED_PROXY
Garajanga Palli,396784,Marsaghai,Kendrapara,3.4020794826686656,0.5697731031167046,0.2938079811515241,0.4593870543306324,MODERATE,0.40*NCCR_erosion_baseline + 0.60*shoreline_proximity,MODELLED_PROXY
Ganja,395660,Rajkanika,Kendrapara,3.4108586434220145,0.5686522030255801,0.2938079811515241,0.45871451427595766,MODERATE,0.40*NCCR_erosion_baseline + 0.60*shoreline_proximity,MODELLED_PROXY
Porala,395669,Rajkanika,Kendrapara,3.4424601562235413,0.5646174052158472,0.2938079811515241,0.456293635590118,MODERATE,0.40*NCCR_erosion_baseline + 0.60*shoreline_proximity,MODELLED_PROXY
Nodhabasanta,395962,Rajnagar,Kendrapara,3.447163025096448,0.5640169553213427,0.2938079811515241,0.45593336565341525,MODERATE,0.40*NCCR_erosion_baseline + 0.60*shoreline_proximity,MODELLED_PROXY
Kalikapur,395668,Rajkanika,Kendrapara,3.482521051864694,0.5595025357156426,0.2938079811515241,0.4532247138899952,MODERATE,0.40*NCCR_erosion_baseline + 0.60*shoreline_proximity,MODELLED_PROXY
Puruso Tamapur,396899,Marsaghai,Kendrapara,3.4885761197991423,0.5587294406112047,0.2938079811515241,0.45276085682733247,MODERATE,0.40*NCCR_erosion_baseline + 0.60*shoreline_proximity,MODELLED_PROXY
Chalunia,395697,Rajkanika,Kendrapara,3.4973710306178054,0.5576065295932795,0.2938079811515241,0.4520871102165773,MODERATE,0.40*NCCR_erosion_baseline + 0.60*shoreline_proximity,MODELLED_PROXY
Kusunpur,395853,Rajnagar,Kendrapara,3.5149361238751804,0.5553638648117636,0.2938079811515241,0.4507415113476678,MODERATE,0.40*NCCR_erosion_baseline + 0.60*shoreline_proximity,MODELLED_PROXY
Chakradharpur,396010,Rajnagar,Kendrapara,3.5170109644302485,0.555098954641807,0.2938079811515241,0.45058256524569384,MODERATE,0.40*NCCR_erosion_baseline + 0.60*shoreline_proximity,MODELLED_PROXY
Gokarneswar,395663,Rajkanika,Kendrapara,3.525918667443122,0.5539616426139995,0.2938079811515241,0.44990017802900933,MODERATE,0.40*NCCR_erosion_baseline + 0.60*shoreline_proximity,MODELLED_PROXY
Joral,395696,Rajkanika,Kendrapara,3.546889403205393,0.5512841543793854,0.2938079811515241,0.44829368508824086,MODERATE,0.40*NCCR_erosion_baseline + 0.60*shoreline_proximity,MODELLED_PROXY
Silipur,396900,Marsaghai,Kendrapara,3.5555817948674973,0.550174332736989,0.2938079811515241,0.44762779210280307,MODERATE,0.40*NCCR_erosion_baseline + 0.60*shoreline_proximity,MODELLED_PROXY
Sankachit,397003,Mahakalapada,Kendrapara,3.55595635536087,0.5501265098410484,0.2938079811515241,0.4475990983652387,MODERATE,0.40*NCCR_erosion_baseline + 0.60*shoreline_proximity,MODELLED_PROXY
Jalakana,397089,Mahakalapada,Kendrapara,3.5601056927254486,0.5495967333896618,0.2938079811515241,0.4472812324944067,MODERATE,0.40*NCCR_erosion_baseline + 0.60*shoreline_proximity,MODELLED_PROXY
Rajagada,397054,Mahakalapada,Kendrapara,3.584418701711368,0.5464925125246511,0.2938079811515241,0.44541869997540035,MODERATE,0.40*NCCR_erosion_baseline + 0.60*shoreline_proximity,MODELLED_PROXY
Garajanga,396939,Marsaghai,Kendrapara,3.5845649213453417,0.5464738435874201,0.2938079811515241,0.4454074986130617,MODERATE,0.40*NCCR_erosion_baseline + 0.60*shoreline_proximity,MODELLED_PROXY
Kantipokhari,395727,Rajkanika,Kendrapara,3.59540631894213,0.5450896425349991,0.2938079811515241,0.4445769779816091,MODERATE,0.40*NCCR_erosion_baseline + 0.60*shoreline_proximity,MODELLED_PROXY
Nunimatia Kandha,397105,Mahakalapada,Kendrapara,3.595994626451306,0.54501452898381,0.2938079811515241,0.44453190985089563,MODERATE,0.40*NCCR_erosion_baseline + 0.60*shoreline_proximity,MODELLED_PROXY
Ogalasendha,395966,Rajnagar,Kendrapara,3.623969683471067,0.5414427474840007,0.2938079811515241,0.44238884095101005,MODERATE,0.40*NCCR_erosion_baseline + 0.60*shoreline_proximity,MODELLED_PROXY
Pegarapada,395639,Rajkanika,Kendrapara,3.630389905451712,0.5406230304739894,0.2938079811515241,0.4418970107450033,MODERATE,0.40*NCCR_erosion_baseline + 0.60*shoreline_proximity,MODELLED_PROXY
Pokharia,395957,Rajnagar,Kendrapara,3.635744689244466,0.5399393458018571,0.2938079811515241,0.4414867999417239,MODERATE,0.40*NCCR_erosion_baseline + 0.60*shoreline_proximity,MODELLED_PROXY
Nandimahara,395699,Rajkanika,Kendrapara,3.637645629517909,0.5396966387612196,0.2938079811515241,0.44134117571734144,MODERATE,0.40*NCCR_erosion_baseline + 0.60*shoreline_proximity,MODELLED_PROXY
Nalajodi,395867,Rajnagar,Kendrapara,3.64419205699916,0.5388608081657411,0.2938079811515241,0.4408396773600543,MODERATE,0.40*NCCR_erosion_baseline + 0.60*shoreline_proximity,MODELLED_PROXY
Ghusuria,395738,Rajkanika,Kendrapara,3.657676663362962,0.5371391291890577,0.2938079811515241,0.4398066699740443,MODERATE,0.40*NCCR_erosion_baseline + 0.60*shoreline_proximity,MODELLED_PROXY
Kurunti,395990,Rajnagar,Kendrapara,3.6576992287353463,0.5371362481018248,0.2938079811515241,0.43980494132170456,MODERATE,0.40*NCCR_erosion_baseline + 0.60*shoreline_proximity,MODELLED_PROXY
Jayapur,396024,Rajnagar,Kendrapara,3.664725349255749,0.5362391715642336,0.2938079811515241,0.4392666953991498,MODERATE,0.40*NCCR_erosion_baseline + 0.60*shoreline_proximity,MODELLED_PROXY
Cherantapada,395667,Rajkanika,Kendrapara,3.675304071655083,0.5348885081882531,0.2938079811515241,0.4384562973735615,MODERATE,0.40*NCCR_erosion_baseline + 0.60*shoreline_proximity,MODELLED_PROXY
Raula,396929,Mahakalapada,Kendrapara,3.691167071460901,0.5328631622095881,0.2938079811515241,0.4372410897863625,MODERATE,0.40*NCCR_erosion_baseline + 0.60*shoreline_proximity,MODELLED_PROXY
Kanhua,395994,Rajnagar,Kendrapara,3.6951073598387727,0.5323600765814852,0.2938079811515241,0.4369392384095008,MODERATE,0.40*NCCR_erosion_baseline + 0.60*shoreline_proximity,MODELLED_PROXY
Gajarajpur,395740,Rajkanika,Kendrapara,3.7011384530551386,0.5315900425058219,0.2938079811515241,0.43647721796410277,MODERATE,0.40*NCCR_erosion_baseline + 0.60*shoreline_proximity,MODELLED_PROXY
Ekalapur,397027,Mahakalapada,Kendrapara,3.704113142978819,0.5312102419417133,0.2938079811515241,0.4362493376256376,MODERATE,0.40*NCCR_erosion_baseline + 0.60*shoreline_proximity,MODELLED_PROXY
Jhinkiria,395958,Rajnagar,Kendrapara,3.730668112696774,0.5278197734433082,0.2938079811515241,0.4342150565265946,MODERATE,0.40*NCCR_erosion_baseline + 0.60*shoreline_proximity,MODELLED_PROXY
Chheda Kani,397107,Mahakalapada,Kendrapara,3.733705824835504,0.5274319263689949,0.2938079811515241,0.4339823482820066,MODERATE,0.40*NCCR_erosion_baseline + 0.60*shoreline_proximity,MODELLED_PROXY
Padmanav Pur,395868,Rajnagar,Kendrapara,3.736815551096592,0.5270348847214665,0.2938079811515241,0.43374412329348955,MODERATE,0.40*NCCR_erosion_baseline + 0.60*shoreline_proximity,MODELLED_PROXY
Amirabad,397059,Mahakalapada,Kendrapara,3.770108956100657,0.5227840705774531,0.2938079811515241,0.4311936348070815,MODERATE,0.40*NCCR_erosion_baseline + 0.60*shoreline_proximity,MODELLED_PROXY
Bagadia,396901,Marsaghai,Kendrapara,3.778446392942143,0.5217195686304076,0.2938079811515241,0.4305549336388542,MODERATE,0.40*NCCR_erosion_baseline + 0.60*shoreline_proximity,MODELLED_PROXY
Nahuni,395638,Rajkanika,Kendrapara,3.7785710538692303,0.5217036522520135,0.2938079811515241,0.4305453838118178,MODERATE,0.40*NCCR_erosion_baseline + 0.60*shoreline_proximity,MODELLED_PROXY
Ramchandrapur,395847,Rajnagar,Kendrapara,3.779958547066202,0.5215265007799521,0.2938079811515241,0.4304390929285809,MODERATE,0.40*NCCR_erosion_baseline + 0.60*shoreline_proximity,MODELLED_PROXY
Panchu Palli,395817,Rajnagar,Kendrapara,3.788241316433569,0.5204689786318237,0.2938079811515241,0.42980457963970387,MODERATE,0.40*NCCR_erosion_baseline + 0.60*shoreline_proximity,MODELLED_PROXY
Sangrampur,395728,Rajkanika,Kendrapara,3.794249317430928,0.5197018929097805,0.2938079811515241,0.42934432820647794,MODERATE,0.40*NCCR_erosion_baseline + 0.60*shoreline_proximity,MODELLED_PROXY
Patuli,395636,Rajkanika,Kendrapara,3.819043729262103,0.5165362077991233,0.2938079811515241,0.42744491714008365,MODERATE,0.40*NCCR_erosion_baseline + 0.60*shoreline_proximity,MODELLED_PROXY
Charipokharia,395893,Rajnagar,Kendrapara,3.826293328628097,0.5156105980719227,0.2938079811515241,0.42688955130376327,MODERATE,0.40*NCCR_erosion_baseline + 0.60*shoreline_proximity,MODELLED_PROXY
Kharianta,397023,Mahakalapada,Kendrapara,3.8437691233957674,0.5133793346860595,0.2938079811515241,0.4255507932722453,MODERATE,0.40*NCCR_erosion_baseline + 0.60*shoreline_proximity,MODELLED_PROXY
Juna,396909,Marsaghai,Kendrapara,3.85105557134584,0.5124490202288267,0.2938079811515241,0.42499260459790567,MODERATE,0.40*NCCR_erosion_baseline + 0.60*shoreline_proximity,MODELLED_PROXY
Handiagarh,395865,Rajnagar,Kendrapara,3.870881250205616,0.5099177298395886,0.2938079811515241,0.4234738303643628,MODERATE,0.40*NCCR_erosion_baseline + 0.60*shoreline_proximity,MODELLED_PROXY
Bauda,396950,Mahakalapada,Kendrapara,3.876350093697442,0.509219482325896,0.2938079811515241,0.42305488185614726,MODERATE,0.40*NCCR_erosion_baseline + 0.60*shoreline_proximity,MODELLED_PROXY
Safalanga,395634,Rajkanika,Kendrapara,3.8878749230847927,0.5077480225049161,0.2938079811515241,0.4221720059635593,MODERATE,0.40*NCCR_erosion_baseline + 0.60*shoreline_proximity,MODELLED_PROXY
Kothasahi,395701,Rajkanika,Kendrapara,3.890261133441489,0.507443357459884,0.2938079811515241,0.4219892069365401,MODERATE,0.40*NCCR_erosion_baseline + 0.60*shoreline_proximity,MODELLED_PROXY
Balarampur,396009,Rajnagar,Kendrapara,3.891270802813088,0.5073144455373864,0.2938079811515241,0.42191185978304147,MODERATE,0.40*NCCR_erosion_baseline + 0.60*shoreline_proximity,MODELLED_PROXY
Sahabaj Pur,397062,Mahakalapada,Kendrapara,3.900318650918464,0.5061592401537818,0.2938079811515241,0.4212187365528787,MODERATE,0.40*NCCR_erosion_baseline + 0.60*shoreline_proximity,MODELLED_PROXY
Maliparida,395965,Rajnagar,Kendrapara,3.932763359839627,0.502016785287311,0.2938079811515241,0.41873326363299623,MODERATE,0.40*NCCR_erosion_baseline + 0.60*shoreline_proximity,MODELLED_PROXY
Masakani,396932,Mahakalapada,Kendrapara,3.941409529743172,0.5009128651171438,0.2938079811515241,0.41807091153089593,MODERATE,0.40*NCCR_erosion_baseline + 0.60*shoreline_proximity,MODELLED_PROXY
Tarapada,395731,Rajkanika,Kendrapara,3.9525126529402983,0.4994952476303381,0.2938079811515241,0.4172203410388125,MODERATE,0.40*NCCR_erosion_baseline + 0.60*shoreline_proximity,MODELLED_PROXY
Ramanagar,397128,Mahakalapada,Kendrapara,3.9736528886563702,0.4967961180886561,0.2938079811515241,0.4156008633138033,MODERATE,0.40*NCCR_erosion_baseline + 0.60*shoreline_proximity,MODELLED_PROXY
Hansina,395856,Rajnagar,Kendrapara,3.989332093596765,0.4947942385536739,0.2938079811515241,0.41439973559281396,MODERATE,0.40*NCCR_erosion_baseline + 0.60*shoreline_proximity,MODELLED_PROXY
Guptagiri,397116,Mahakalapada,Kendrapara,3.99947109120144,0.4934997180797601,0.2938079811515241,0.41362302330846573,MODERATE,0.40*NCCR_erosion_baseline + 0.60*shoreline_proximity,MODELLED_PROXY
Sugal,397021,Mahakalapada,Kendrapara,4.011147417914375,0.4920089154798035,0.2938079811515241,0.4127285417484918,MODERATE,0.40*NCCR_erosion_baseline + 0.60*shoreline_proximity,MODELLED_PROXY
Bhitargarh,395899,Rajnagar,Kendrapara,4.011270857322861,0.4919931550616829,0.2938079811515241,0.4127190854976194,MODERATE,0.40*NCCR_erosion_baseline + 0.60*shoreline_proximity,MODELLED_PROXY
Nahulia,395698,Rajkanika,Kendrapara,4.018712507082841,0.4910430248466852,0.2938079811515241,0.41214900736862076,MODERATE,0.40*NCCR_erosion_baseline + 0.60*shoreline_proximity,MODELLED_PROXY
Kanpur,397031,Mahakalapada,Kendrapara,4.038763612051163,0.4884829526464392,0.2938079811515241,0.4106129640484732,MODERATE,0.40*NCCR_erosion_baseline + 0.60*shoreline_proximity,MODELLED_PROXY
Gobindakana,395735,Rajkanika,Kendrapara,4.065324698109362,0.4850917032298427,0.2938079811515241,0.40857821439851527,MODERATE,0.40*NCCR_erosion_baseline + 0.60*shoreline_proximity,MODELLED_PROXY
Kasoti,396910,Marsaghai,Kendrapara,4.067673240435385,0.4847918475396227,0.2938079811515241,0.40839830098438323,MODERATE,0.40*NCCR_erosion_baseline + 0.60*shoreline_proximity,MODELLED_PROXY
Dhagua,395991,Rajnagar,Kendrapara,4.068381788084476,0.4847013820444863,0.2938079811515241,0.40834402168730144,MODERATE,0.40*NCCR_erosion_baseline + 0.60*shoreline_proximity,MODELLED_PROXY
Nathapur,395961,Rajnagar,Kendrapara,4.0729821834845215,0.4841140156927365,0.2938079811515241,0.40799160187625155,MODERATE,0.40*NCCR_erosion_baseline + 0.60*shoreline_proximity,MODELLED_PROXY
Pachimaveda,395960,Rajnagar,Kendrapara,4.099949870684299,0.4806708525147394,0.2938079811515241,0.40592570396945327,MODERATE,0.40*NCCR_erosion_baseline + 0.60*shoreline_proximity,MODELLED_PROXY
Pratappur,395637,Rajkanika,Kendrapara,4.111450807435332,0.4792024432425509,0.2938079811515241,0.4050446584061402,MODERATE,0.40*NCCR_erosion_baseline + 0.60*shoreline_proximity,MODELLED_PROXY
Bijayanagar,397034,Mahakalapada,Kendrapara,4.111652989133579,0.479176629216546,0.2938079811515241,0.4050291699905373,MODERATE,0.40*NCCR_erosion_baseline + 0.60*shoreline_proximity,MODELLED_PROXY
Balarampur,395635,Rajkanika,Kendrapara,4.141356568849707,0.4753841544976122,0.2938079811515241,0.402753685159177,MODERATE,0.40*NCCR_erosion_baseline + 0.60*shoreline_proximity,MODELLED_PROXY
Subhadraprasad Dia,395734,Rajkanika,Kendrapara,4.151482662989777,0.4740912815040278,0.2938079811515241,0.4019779613630263,MODERATE,0.40*NCCR_erosion_baseline + 0.60*shoreline_proximity,MODELLED_PROXY
Radia,397028,Mahakalapada,Kendrapara,4.159817129721816,0.4730271587727231,0.2938079811515241,0.4013394877242435,MODERATE,0.40*NCCR_erosion_baseline + 0.60*shoreline_proximity,MODELLED_PROXY
Pancha Gachhia,397018,Mahakalapada,Kendrapara,4.170142850655122,0.4717087979566674,0.2938079811515241,0.4005484712346101,MODERATE,0.40*NCCR_erosion_baseline + 0.60*shoreline_proximity,MODELLED_PROXY
Hansua,395855,Rajnagar,Kendrapara,4.171340663228569,0.4715558644063603,0.2938079811515241,0.4004567111044258,MODERATE,0.40*NCCR_erosion_baseline + 0.60*shoreline_proximity,MODELLED_PROXY
Khuntakana,395854,Rajnagar,Kendrapara,4.179315751204604,0.4705376262068087,0.2938079811515241,0.39984576818469486,MODERATE,0.40*NCCR_erosion_baseline + 0.60*shoreline_proximity,MODELLED_PROXY
Gharabhanjakola,395737,Rajkanika,Kendrapara,4.192633969085391,0.4688371912728093,0.2938079811515241,0.3988255072242952,MODERATE,0.40*NCCR_erosion_baseline + 0.60*shoreline_proximity,MODELLED_PROXY
Tiara,395992,Rajnagar,Kendrapara,4.249764830091157,0.461542873614603,0.2938079811515241,0.3944489166293714,MODERATE,0.40*NCCR_erosion_baseline + 0.60*shoreline_proximity,MODELLED_PROXY
Adam Pur,396903,Marsaghai,Kendrapara,4.288795948196837,0.4565594833942268,0.2938079811515241,0.3914588824971457,MODERATE,0.40*NCCR_erosion_baseline + 0.60*shoreline_proximity,MODELLED_PROXY
Baghua,395993,Rajnagar,Kendrapara,4.328057597203315,0.4515466595964312,0.2938079811515241,0.38845118821846836,MODERATE,0.40*NCCR_erosion_baseline + 0.60*shoreline_proximity,MODELLED_PROXY
Balarampur,395866,Rajnagar,Kendrapara,4.334766010877287,0.450690147031083,0.2938079811515241,0.3879372806792595,MODERATE,0.40*NCCR_erosion_baseline + 0.60*shoreline_proximity,MODELLED_PROXY
Nuagan,395843,Rajnagar,Kendrapara,4.336745597665186,0.4504373986108995,0.2938079811515241,0.38778563162714935,MODERATE,0.40*NCCR_erosion_baseline + 0.60*shoreline_proximity,MODELLED_PROXY
Sanatubi,397133,Mahakalapada,Kendrapara,4.337284997751885,0.4503685294304255,0.2938079811515241,0.38774431011886495,MODERATE,0.40*NCCR_erosion_baseline + 0.60*shoreline_proximity,MODELLED_PROXY
Padmanavpur,395816,Rajnagar,Kendrapara,4.346580935235322,0.4491816486493327,0.2938079811515241,0.38703218165020925,MODERATE,0.40*NCCR_erosion_baseline + 0.60*shoreline_proximity,MODELLED_PROXY
Laxminarayanpur,395897,Rajnagar,Kendrapara,4.408651153272325,0.441256686912272,0.2938079811515241,0.3822772046079728,MODERATE,0.40*NCCR_erosion_baseline + 0.60*shoreline_proximity,MODELLED_PROXY
Barakandha,397106,Mahakalapada,Kendrapara,4.419354187702871,0.4398901517040027,0.2938079811515241,0.3814572834830113,MODERATE,0.40*NCCR_erosion_baseline + 0.60*shoreline_proximity,MODELLED_PROXY
Nuagan,396931,Mahakalapada,Kendrapara,4.427413740379624,0.4388611292742278,0.2938079811515241,0.38083987002514635,MODERATE,0.40*NCCR_erosion_baseline + 0.60*shoreline_proximity,MODELLED_PROXY
Athabatia,396938,Marsaghai,Kendrapara,4.428671265453607,0.4387005717893359,0.2938079811515241,0.3807435355342112,MODERATE,0.40*NCCR_erosion_baseline + 0.60*shoreline_proximity,MODELLED_PROXY
Badhinakolha,395894,Rajnagar,Kendrapara,4.4677819015554965,0.4337070289209219,0.2938079811515241,0.3777474098131628,MODERATE,0.40*NCCR_erosion_baseline + 0.60*shoreline_proximity,MODELLED_PROXY
Koilipur,395736,Rajkanika,Kendrapara,4.49448215005333,0.4302980116110551,0.2938079811515241,0.3757019994272427,MODERATE,0.40*NCCR_erosion_baseline + 0.60*shoreline_proximity,MODELLED_PROXY
Kantilo,397019,Mahakalapada,Kendrapara,4.501311867946789,0.4294260112428864,0.2938079811515241,0.37517879920634145,MODERATE,0.40*NCCR_erosion_baseline + 0.60*shoreline_proximity,MODELLED_PROXY
Kentia,397114,Mahakalapada,Kendrapara,4.509693397627631,0.4283558796384008,0.2938079811515241,0.37453672024365015,MODERATE,0.40*NCCR_erosion_baseline + 0.60*shoreline_proximity,MODELLED_PROXY
Bahar Subala,397029,Mahakalapada,Kendrapara,4.516406718307826,0.4274987405594395,0.2938079811515241,0.37402243679627334,MODERATE,0.40*NCCR_erosion_baseline + 0.60*shoreline_proximity,MODELLED_PROXY
Jadupur,396933,Mahakalapada,Kendrapara,4.52537814853507,0.426353292008973,0.2938079811515241,0.37333516766599345,MODERATE,0.40*NCCR_erosion_baseline + 0.60*shoreline_proximity,MODELLED_PROXY
Chandia Palli,397061,Mahakalapada,Kendrapara,4.551494034078793,0.423018884619908,0.2938079811515241,0.37133452323255445,MODERATE,0.40*NCCR_erosion_baseline + 0.60*shoreline_proximity,MODELLED_PROXY
Nethuria,395858,Rajnagar,Kendrapara,4.553934579864452,0.4227072821706082,0.2938079811515241,0.3711475617629746,MODERATE,0.40*NCCR_erosion_baseline + 0.60*shoreline_proximity,MODELLED_PROXY
Kuanrpal,396911,Marsaghai,Kendrapara,4.5827341102750045,0.4190302340827011,0.2938079811515241,0.36894133291023035,MODERATE,0.40*NCCR_erosion_baseline + 0.60*shoreline_proximity,MODELLED_PROXY
Kusiapal,397069,Mahakalapada,Kendrapara,4.605674784870289,0.4161012292533381,0.2938079811515241,0.3671839300126125,MODERATE,0.40*NCCR_erosion_baseline + 0.60*shoreline_proximity,MODELLED_PROXY
Kansapal,397076,Mahakalapada,Kendrapara,4.623211377904545,0.4138622033051444,0.2938079811515241,0.36584051444369625,MODERATE,0.40*NCCR_erosion_baseline + 0.60*shoreline_proximity,MODELLED_PROXY
Bagagahan,397074,Mahakalapada,Kendrapara,4.626075347185054,0.4134965392607452,0.2938079811515241,0.36562111601705677,MODERATE,0.40*NCCR_erosion_baseline + 0.60*shoreline_proximity,MODELLED_PROXY
Daruora,395846,Rajnagar,Kendrapara,4.627052482977963,0.4133717811397717,0.2938079811515241,0.36554626114447264,MODERATE,0.40*NCCR_erosion_baseline + 0.60*shoreline_proximity,MODELLED_PROXY
Dumuka,396907,Marsaghai,Kendrapara,4.638241459817407,0.4119432020863424,0.2938079811515241,0.3646891137124151,MODERATE,0.40*NCCR_erosion_baseline + 0.60*shoreline_proximity,MODELLED_PROXY
Bishnupara,395896,Rajnagar,Kendrapara,4.653291070921455,0.4100217074319153,0.2938079811515241,0.3635362169197588,MODERATE,0.40*NCCR_erosion_baseline + 0.60*shoreline_proximity,MODELLED_PROXY
Brahmanikholha,395895,Rajnagar,Kendrapara,4.681558627438841,0.4064125803676776,0.2938079811515241,0.3613707406812162,MODERATE,0.40*NCCR_erosion_baseline + 0.60*shoreline_proximity,MODELLED_PROXY
Maliancha,397030,Mahakalapada,Kendrapara,4.712786745772642,0.402425456578806,0.2938079811515241,0.35897846640789327,MODERATE,0.40*NCCR_erosion_baseline + 0.60*shoreline_proximity,MODELLED_PROXY
Tarapada,397070,Mahakalapada,Kendrapara,4.7128976084829866,0.4024113019203348,0.2938079811515241,0.3589699736128105,MODERATE,0.40*NCCR_erosion_baseline + 0.60*shoreline_proximity,MODELLED_PROXY
Belar,396930,Mahakalapada,Kendrapara,4.728751801482272,0.400387080371501,0.2938079811515241,0.3577554406835103,MODERATE,0.40*NCCR_erosion_baseline + 0.60*shoreline_proximity,MODELLED_PROXY
Kandira,395860,Rajnagar,Kendrapara,4.7529964662437365,0.39729158551682,0.2938079811515241,0.3558981437707016,MODERATE,0.40*NCCR_erosion_baseline + 0.60*shoreline_proximity,MODELLED_PROXY
Kan Pur,396908,Marsaghai,Kendrapara,4.762443317118679,0.3960854365119138,0.2938079811515241,0.35517445436775796,MODERATE,0.40*NCCR_erosion_baseline + 0.60*shoreline_proximity,MODELLED_PROXY
Goja Bandha,397102,Mahakalapada,Kendrapara,4.765521113827258,0.3956924715454398,0.2938079811515241,0.3549386753878735,MODERATE,0.40*NCCR_erosion_baseline + 0.60*shoreline_proximity,MODELLED_PROXY
Kochila,397115,Mahakalapada,Kendrapara,4.77630891270187,0.3943151138365071,0.2938079811515241,0.3541122607625139,MODERATE,0.40*NCCR_erosion_baseline + 0.60*shoreline_proximity,MODELLED_PROXY
Potakani,397108,Mahakalapada,Kendrapara,4.809183280738604,0.3901178012273286,0.2938079811515241,0.3515938731970068,MODERATE,0.40*NCCR_erosion_baseline + 0.60*shoreline_proximity,MODELLED_PROXY
Badadandua,397072,Mahakalapada,Kendrapara,4.897700717529649,0.3788161283507562,0.2938079811515241,0.3448128694710634,MODERATE,0.40*NCCR_erosion_baseline + 0.60*shoreline_proximity,MODELLED_PROXY
Badapal,397020,Mahakalapada,Kendrapara,4.932612983028519,0.3743586223682944,0.2938079811515241,0.3421383658815863,MODERATE,0.40*NCCR_erosion_baseline + 0.60*shoreline_proximity,MODELLED_PROXY
Badatota Chhapali,397077,Mahakalapada,Kendrapara,4.933327260077654,0.3742674253584711,0.2938079811515241,0.3420836476756923,MODERATE,0.40*NCCR_erosion_baseline + 0.60*shoreline_proximity,MODELLED_PROXY
Badagan,396937,Mahakalapada,Kendrapara,4.973024762750757,0.3691989529140266,0.2938079811515241,0.3390425642090256,MODERATE,0.40*NCCR_erosion_baseline + 0.60*shoreline_proximity,MODELLED_PROXY
Nuagan Baragan,395863,Rajnagar,Kendrapara,5.014175130275211,0.3639449825170985,0.2938079811515241,0.33589018197086873,MODERATE,0.40*NCCR_erosion_baseline + 0.60*shoreline_proximity,MODELLED_PROXY
Dasi Pur,396902,Marsaghai,Kendrapara,5.077448874370398,0.355866357747068,0.2938079811515241,0.3310430071088505,LOW,0.40*NCCR_erosion_baseline + 0.60*shoreline_proximity,MODELLED_PROXY
Ghadiamal,395844,Rajnagar,Kendrapara,5.086248113076977,0.3547428941558278,0.2938079811515241,0.33036892895410636,LOW,0.40*NCCR_erosion_baseline + 0.60*shoreline_proximity,MODELLED_PROXY
Baruna,395859,Rajnagar,Kendrapara,5.132118697834502,0.3488862588715232,0.2938079811515241,0.32685494778352353,LOW,0.40*NCCR_erosion_baseline + 0.60*shoreline_proximity,MODELLED_PROXY
Chadeiguan,397091,Mahakalapada,Kendrapara,5.137515542390434,0.3481972039920781,0.2938079811515241,0.3264415148558565,LOW,0.40*NCCR_erosion_baseline + 0.60*shoreline_proximity,MODELLED_PROXY
Sanagan,396935,Mahakalapada,Kendrapara,5.152557344212504,0.346276706406178,0.2938079811515241,0.3252892163043165,LOW,0.40*NCCR_erosion_baseline + 0.60*shoreline_proximity,MODELLED_PROXY
Bandhapara,397101,Mahakalapada,Kendrapara,5.1551235394148245,0.3459490613707425,0.2938079811515241,0.32509262928305516,LOW,0.40*NCCR_erosion_baseline + 0.60*shoreline_proximity,MODELLED_PROXY
Tulasi Pur,396914,Marsaghai,Kendrapara,5.211095724043987,0.3388026804564469,0.2938079811515241,0.3208048007344778,LOW,0.40*NCCR_erosion_baseline + 0.60*shoreline_proximity,MODELLED_PROXY
Jaganathpur,395857,Rajnagar,Kendrapara,5.221099475364301,0.3375254278714261,0.2938079811515241,0.3200384491834653,LOW,0.40*NCCR_erosion_baseline + 0.60*shoreline_proximity,MODELLED_PROXY
Baunsakani,395864,Rajnagar,Kendrapara,5.225973160635943,0.3369031685896363,0.2938079811515241,0.31966509361439144,LOW,0.40*NCCR_erosion_baseline + 0.60*shoreline_proximity,MODELLED_PROXY
Balana,396904,Marsaghai,Kendrapara,5.2665721396192335,0.3317195980274304,0.2938079811515241,0.3165549512770679,LOW,0.40*NCCR_erosion_baseline + 0.60*shoreline_proximity,MODELLED_PROXY
Badapal,396912,Marsaghai,Kendrapara,5.278033919322825,0.3302561882237879,0.2938079811515241,0.31567690539488236,LOW,0.40*NCCR_erosion_baseline + 0.60*shoreline_proximity,MODELLED_PROXY
Balarampur,395845,Rajnagar,Kendrapara,5.30968671305646,0.3262148429998901,0.2938079811515241,0.31325209826054373,LOW,0.40*NCCR_erosion_baseline + 0.60*shoreline_proximity,MODELLED_PROXY
Gopalpur,397090,Mahakalapada,Kendrapara,5.323614807278094,0.3244365406631587,0.2938079811515241,0.31218511685850486,LOW,0.40*NCCR_erosion_baseline + 0.60*shoreline_proximity,MODELLED_PROXY
Kusun Pur,396915,Marsaghai,Kendrapara,5.413488474319782,0.3129617078850604,0.2938079811515241,0.3053002171916459,LOW,0.40*NCCR_erosion_baseline + 0.60*shoreline_proximity,MODELLED_PROXY
Bala Bhadrapur,397068,Mahakalapada,Kendrapara,5.472579547616716,0.3054171154913155,0.2938079811515241,0.300773461755399,LOW,0.40*NCCR_erosion_baseline + 0.60*shoreline_proximity,MODELLED_PROXY
Kiar Banka,397063,Mahakalapada,Kendrapara,5.475138804919925,0.3050903562685408,0.2938079811515241,0.3005774062217341,LOW,0.40*NCCR_erosion_baseline + 0.60*shoreline_proximity,MODELLED_PROXY
Sikhar,397093,Mahakalapada,Kendrapara,5.489893301814039,0.3032065410181138,0.2938079811515241,0.2994471170714779,LOW,0.40*NCCR_erosion_baseline + 0.60*shoreline_proximity,MODELLED_PROXY
Bachhuria,397109,Mahakalapada,Kendrapara,5.496065460903602,0.3024184960238031,0.2938079811515241,0.2989742900748915,LOW,0.40*NCCR_erosion_baseline + 0.60*shoreline_proximity,MODELLED_PROXY
Amanapari,395861,Rajnagar,Kendrapara,5.504793779655455,0.3013040873053405,0.2938079811515241,0.29830564484381394,LOW,0.40*NCCR_erosion_baseline + 0.60*shoreline_proximity,MODELLED_PROXY
Jay Chandrapur,396936,Mahakalapada,Kendrapara,5.516851396911382,0.2997646025344577,0.2938079811515241,0.2973819539812843,LOW,0.40*NCCR_erosion_baseline + 0.60*shoreline_proximity,MODELLED_PROXY
Jagati,397066,Mahakalapada,Kendrapara,5.559387190645951,0.2943337445728986,0.2938079811515241,0.2941234392043488,LOW,0.40*NCCR_erosion_baseline + 0.60*shoreline_proximity,MODELLED_PROXY
Samantsingharpur,396927,Mahakalapada,Kendrapara,5.580512805322613,0.2916364818069674,0.2938079811515241,0.29250508154479005,LOW,0.40*NCCR_erosion_baseline + 0.60*shoreline_proximity,MODELLED_PROXY
Girang,396906,Marsaghai,Kendrapara,5.613199716376109,0.287463103211016,0.2938079811515241,0.29000105438721924,LOW,0.40*NCCR_erosion_baseline + 0.60*shoreline_proximity,MODELLED_PROXY
Maha Kala Para,397088,Mahakalapada,Kendrapara,5.64434414101001,0.2834866652130167,0.2938079811515241,0.28761519158841964,LOW,0.40*NCCR_erosion_baseline + 0.60*shoreline_proximity,MODELLED_PROXY
Sarumunhi,397113,Mahakalapada,Kendrapara,5.704239606227686,0.2758393701803078,0.2938079811515241,0.2830268145687943,LOW,0.40*NCCR_erosion_baseline + 0.60*shoreline_proximity,MODELLED_PROXY
Kansara,397071,Mahakalapada,Kendrapara,5.704358960462252,0.2758241313464192,0.2938079811515241,0.28301767126846117,LOW,0.40*NCCR_erosion_baseline + 0.60*shoreline_proximity,MODELLED_PROXY
Marichakani,397100,Mahakalapada,Kendrapara,5.711565103335937,0.2749040700295457,0.2938079811515241,0.28246563447833706,LOW,0.40*NCCR_erosion_baseline + 0.60*shoreline_proximity,MODELLED_PROXY
Madhupur,395862,Rajnagar,Kendrapara,5.7208579529961,0.273717583493585,0.2938079811515241,0.28175374255676067,LOW,0.40*NCCR_erosion_baseline + 0.60*shoreline_proximity,MODELLED_PROXY
Petchhela,396058,Mahakalapada,Kendrapara,5.789665611969792,0.2649324030668278,0.2938079811515241,0.2764826343007063,LOW,0.40*NCCR_erosion_baseline + 0.60*shoreline_proximity,MODELLED_PROXY
Balikuda,396918,Mahakalapada,Kendrapara,5.792180366496263,0.2646113258412169,0.2938079811515241,0.27628998796533977,LOW,0.40*NCCR_erosion_baseline + 0.60*shoreline_proximity,MODELLED_PROXY
Bara Danga,397067,Mahakalapada,Kendrapara,5.801992142873755,0.2633585841105874,0.2938079811515241,0.2755383429269621,LOW,0.40*NCCR_erosion_baseline + 0.60*shoreline_proximity,MODELLED_PROXY
Ostara,396934,Mahakalapada,Kendrapara,5.8412755579405,0.2583429812796222,0.2938079811515241,0.272528981228383,LOW,0.40*NCCR_erosion_baseline + 0.60*shoreline_proximity,MODELLED_PROXY
Baulakani,397112,Mahakalapada,Kendrapara,5.932533210851242,0.2466914448358406,0.2938079811515241,0.26553805936211405,LOW,0.40*NCCR_erosion_baseline + 0.60*shoreline_proximity,MODELLED_PROXY
Batakuli,397096,Mahakalapada,Kendrapara,6.039138379713262,0.2330803780324218,0.2938079811515241,0.25737141928006274,LOW,0.40*NCCR_erosion_baseline + 0.60*shoreline_proximity,MODELLED_PROXY
Gaudabadpur,397092,Mahakalapada,Kendrapara,6.079505204501933,0.2279264483055093,0.2938079811515241,0.2542790614439152,LOW,0.40*NCCR_erosion_baseline + 0.60*shoreline_proximity,MODELLED_PROXY
Pankapal,397073,Mahakalapada,Kendrapara,6.127114702884062,0.2218477931157676,0.2938079811515241,0.25063186833007023,LOW,0.40*NCCR_erosion_baseline + 0.60*shoreline_proximity,MODELLED_PROXY
Mahula Kandha,397099,Mahakalapada,Kendrapara,6.137117689035752,0.2205706382254587,0.2938079811515241,0.24986557539588486,LOW,0.40*NCCR_erosion_baseline + 0.60*shoreline_proximity,MODELLED_PROXY
Raigada,397065,Mahakalapada,Kendrapara,6.150626178407921,0.2188459099292553,0.2938079811515241,0.24883073841816283,LOW,0.40*NCCR_erosion_baseline + 0.60*shoreline_proximity,MODELLED_PROXY
Dahimachha,396921,Mahakalapada,Kendrapara,6.153532791900077,0.2184748011843814,0.2938079811515241,0.24860807317123848,LOW,0.40*NCCR_erosion_baseline + 0.60*shoreline_proximity,MODELLED_PROXY
Palaspur,396905,Marsaghai,Kendrapara,6.16565761723006,0.2169267354638555,0.2938079811515241,0.24767923373892295,LOW,0.40*NCCR_erosion_baseline + 0.60*shoreline_proximity,MODELLED_PROXY
Gokhapada,396925,Mahakalapada,Kendrapara,6.171222548013699,0.2162162197781616,0.2938079811515241,0.24725292432750662,LOW,0.40*NCCR_erosion_baseline + 0.60*shoreline_proximity,MODELLED_PROXY
Gamha,397087,Mahakalapada,Kendrapara,6.213102847444669,0.2108690536005073,0.2938079811515241,0.24404462462091403,LOW,0.40*NCCR_erosion_baseline + 0.60*shoreline_proximity,MODELLED_PROXY
Janra,397064,Mahakalapada,Kendrapara,6.224274809011326,0.209442647012232,0.2938079811515241,0.24318878066794886,LOW,0.40*NCCR_erosion_baseline + 0.60*shoreline_proximity,MODELLED_PROXY
Teragan,396926,Mahakalapada,Kendrapara,6.234184049254513,0.2081774613522785,0.2938079811515241,0.24242966927197673,LOW,0.40*NCCR_erosion_baseline + 0.60*shoreline_proximity,MODELLED_PROXY
Aitipur,396919,Mahakalapada,Kendrapara,6.322929958691634,0.1968466176908213,0.2938079811515241,0.23563116307510243,LOW,0.40*NCCR_erosion_baseline + 0.60*shoreline_proximity,MODELLED_PROXY
Dadhipur,397097,Mahakalapada,Kendrapara,6.399054899504565,0.1871271860171828,0.2938079811515241,0.22979950407091934,LOW,0.40*NCCR_erosion_baseline + 0.60*shoreline_proximity,MODELLED_PROXY
Badapaldia,396913,Marsaghai,Kendrapara,6.402109982006713,0.1867371211406803,0.2938079811515241,0.22956546514501786,LOW,0.40*NCCR_erosion_baseline + 0.60*shoreline_proximity,MODELLED_PROXY
Badakul,396920,Mahakalapada,Kendrapara,6.601383988707492,0.1612943415236825,0.2938079811515241,0.21429979737481913,LOW,0.40*NCCR_erosion_baseline + 0.60*shoreline_proximity,MODELLED_PROXY
Badamatha,397080,Mahakalapada,Kendrapara,6.731615623082107,0.1446667099152605,0.2938079811515241,0.20432321840976597,LOW,0.40*NCCR_erosion_baseline + 0.60*shoreline_proximity,MODELLED_PROXY
Bhitarsubala,397079,Mahakalapada,Kendrapara,6.802762098569397,0.135582915564363,0.2938079811515241,0.19887294179922746,LOW,0.40*NCCR_erosion_baseline + 0.60*shoreline_proximity,MODELLED_PROXY
Gopinathpur,396916,Mahakalapada,Kendrapara,6.808544820764572,0.13484459284564,0.2938079811515241,0.19842994816799364,LOW,0.40*NCCR_erosion_baseline + 0.60*shoreline_proximity,MODELLED_PROXY
Gobardhanpur,396923,Mahakalapada,Kendrapara,6.821081923937647,0.1332438885774357,0.2938079811515241,0.19746952560707107,LOW,0.40*NCCR_erosion_baseline + 0.60*shoreline_proximity,MODELLED_PROXY
Baulapara,397095,Mahakalapada,Kendrapara,6.823993422006438,0.1328721561826994,0.2938079811515241,0.1972464861702293,LOW,0.40*NCCR_erosion_baseline + 0.60*shoreline_proximity,MODELLED_PROXY
Tithi,397085,Mahakalapada,Kendrapara,6.873141936195068,0.1265970035137321,0.2938079811515241,0.1934813945688489,LOW,0.40*NCCR_erosion_baseline + 0.60*shoreline_proximity,MODELLED_PROXY
Nantar,397082,Mahakalapada,Kendrapara,6.885163737355298,0.1250620916474877,0.2938079811515241,0.19256044744910228,LOW,0.40*NCCR_erosion_baseline + 0.60*shoreline_proximity,MODELLED_PROXY
Karamakul,396917,Mahakalapada,Kendrapara,6.886282106043212,0.1249193012829628,0.2938079811515241,0.19247477323038734,LOW,0.40*NCCR_erosion_baseline + 0.60*shoreline_proximity,MODELLED_PROXY
Adoi,397110,Mahakalapada,Kendrapara,6.963237371878192,0.1150938559003803,0.2938079811515241,0.18657950600083784,LOW,0.40*NCCR_erosion_baseline + 0.60*shoreline_proximity,MODELLED_PROXY
Kiabaria,397111,Mahakalapada,Kendrapara,6.984506510456278,0.1123782683812404,0.2938079811515241,0.1849501534893539,LOW,0.40*NCCR_erosion_baseline + 0.60*shoreline_proximity,MODELLED_PROXY
Jaganathpur,397094,Mahakalapada,Kendrapara,7.0515080325978,0.1038236907417701,0.2938079811515241,0.17981740690567172,LOW,0.40*NCCR_erosion_baseline + 0.60*shoreline_proximity,MODELLED_PROXY
Kumbharapara,397098,Mahakalapada,Kendrapara,7.0609030703489575,0.1026241570998587,0.2938079811515241,0.17909768672052487,LOW,0.40*NCCR_erosion_baseline + 0.60*shoreline_proximity,MODELLED_PROXY
Mangalapur,397086,Mahakalapada,Kendrapara,7.100038572845795,0.0976274393557193,0.2938079811515241,0.17609965607404124,LOW,0.40*NCCR_erosion_baseline + 0.60*shoreline_proximity,MODELLED_PROXY
Tanki Belari,397078,Mahakalapada,Kendrapara,7.103147534594152,0.0972304953191602,0.2938079811515241,0.17586148965210577,LOW,0.40*NCCR_erosion_baseline + 0.60*shoreline_proximity,MODELLED_PROXY
Karanja,396924,Mahakalapada,Kendrapara,7.1142437979554405,0.0958137536781025,0.2938079811515241,0.17501144466747115,LOW,0.40*NCCR_erosion_baseline + 0.60*shoreline_proximity,MODELLED_PROXY
Benupal,396922,Mahakalapada,Kendrapara,7.301247680658526,0.0719375911323182,0.2938079811515241,0.16068574714000058,LOW,0.40*NCCR_erosion_baseline + 0.60*shoreline_proximity,MODELLED_PROXY
Jemadeipur,397084,Mahakalapada,Kendrapara,7.69549241541914,0.0216014631658761,0.2938079811515241,0.13048407036013532,LOW,0.40*NCCR_erosion_baseline + 0.60*shoreline_proximity,MODELLED_PROXY
Pareswar Pur,397083,Mahakalapada,Kendrapara,7.8054286465753,0.0075650951139731,0.2938079811515241,0.12206224952899353,LOW,0.40*NCCR_erosion_baseline + 0.60*shoreline_proximity,MODELLED_PROXY
Maladhia,397081,Mahakalapada,Kendrapara,7.864680302138389,0.0,0.2938079811515241,0.11752319246060966,LOW,0.40*NCCR_erosion_baseline + 0.60*shoreline_proximity,MODELLED_PROXY
