date,village,vlcode,rainfall_mm,rainfall_3day,rainfall_7day,rainfall_30day,rainfall_trigger,mean_susceptibility,median_susceptibility,max_susceptibility,high_risk_pixels,very_high_risk_pixels,high_risk_percentage,very_high_risk_percentage,dynamic_risk,risk_category
2024-01-01,Thrikkaipatta Part,627338,0.0,0.0,0.0,0.0,0.0,0.2401052713394165,0.1707943081855774,0.9737507700920105,4990,1094,18.359763052356598,4.025166488833291,0.16807368993759153,LOW
2024-01-01,Vellarimala,627340,0.0,0.0,0.0,0.0,0.0,0.28822436928749084,0.2474726140499115,0.9893639087677002,13205,3591,21.44783004158004,5.832575363825364,0.2017570585012436,LOW
2024-01-01,Kottappadi Part,627337,0.0,0.0,0.0,0.0,0.0,0.2568320631980896,0.18591204285621643,0.983701765537262,10215,2767,18.140649973361747,4.91386965015095,0.17978244423866271,LOW
2024-01-02,Thrikkaipatta Part,627338,0.0,0.0,0.0,0.0,0.0,0.2401052713394165,0.1707943081855774,0.9737507700920105,4990,1094,18.359763052356598,4.025166488833291,0.16807368993759153,LOW
2024-01-02,Vellarimala,627340,0.0,0.0,0.0,0.0,0.0,0.28822436928749084,0.2474726140499115,0.9893639087677002,13205,3591,21.44783004158004,5.832575363825364,0.2017570585012436,LOW
2024-01-02,Kottappadi Part,627337,0.0,0.0,0.0,0.0,0.0,0.2568320631980896,0.18591204285621643,0.983701765537262,10215,2767,18.140649973361747,4.91386965015095,0.17978244423866271,LOW
2024-01-03,Thrikkaipatta Part,627338,0.0,0.0,0.0,0.0,0.0,0.2401052713394165,0.1707943081855774,0.9737507700920105,4990,1094,18.359763052356598,4.025166488833291,0.16807368993759153,LOW
2024-01-03,Vellarimala,627340,0.0,0.0,0.0,0.0,0.0,0.28822436928749084,0.2474726140499115,0.9893639087677002,13205,3591,21.44783004158004,5.832575363825364,0.2017570585012436,LOW
2024-01-03,Kottappadi Part,627337,0.0,0.0,0.0,0.0,0.0,0.2568320631980896,0.18591204285621643,0.983701765537262,10215,2767,18.140649973361747,4.91386965015095,0.17978244423866271,LOW
2024-01-04,Thrikkaipatta Part,627338,20.580349,20.580349,20.580349,20.580349,0.0,0.2401052713394165,0.1707943081855774,0.9737507700920105,4990,1094,18.359763052356598,4.025166488833291,0.16807368993759153,LOW
2024-01-04,Vellarimala,627340,20.580349,20.580349,20.580349,20.580349,0.0,0.28822436928749084,0.2474726140499115,0.9893639087677002,13205,3591,21.44783004158004,5.832575363825364,0.2017570585012436,LOW
2024-01-04,Kottappadi Part,627337,20.580349,20.580349,20.580349,20.580349,0.0,0.2568320631980896,0.18591204285621643,0.983701765537262,10215,2767,18.140649973361747,4.91386965015095,0.17978244423866271,LOW
2024-01-05,Thrikkaipatta Part,627338,11.327646,31.907995,31.907995,31.907995,0.0,0.2401052713394165,0.1707943081855774,0.9737507700920105,4990,1094,18.359763052356598,4.025166488833291,0.16807368993759153,LOW
2024-01-05,Vellarimala,627340,11.327646,31.907995,31.907995,31.907995,0.0,0.28822436928749084,0.2474726140499115,0.9893639087677002,13205,3591,21.44783004158004,5.832575363825364,0.2017570585012436,LOW
2024-01-05,Kottappadi Part,627337,11.327646,31.907995,31.907995,31.907995,0.0,0.2568320631980896,0.18591204285621643,0.983701765537262,10215,2767,18.140649973361747,4.91386965015095,0.17978244423866271,LOW
2024-01-06,Thrikkaipatta Part,627338,1.8572661,33.7652611,33.7652611,33.7652611,0.0,0.2401052713394165,0.1707943081855774,0.9737507700920105,4990,1094,18.359763052356598,4.025166488833291,0.16807368993759153,LOW
2024-01-06,Vellarimala,627340,1.8572661,33.7652611,33.7652611,33.7652611,0.0,0.28822436928749084,0.2474726140499115,0.9893639087677002,13205,3591,21.44783004158004,5.832575363825364,0.2017570585012436,LOW
2024-01-06,Kottappadi Part,627337,1.8572661,33.7652611,33.7652611,33.7652611,0.0,0.2568320631980896,0.18591204285621643,0.983701765537262,10215,2767,18.140649973361747,4.91386965015095,0.17978244423866271,LOW
2024-01-07,Thrikkaipatta Part,627338,1.8846508,15.0695629,35.6499119,35.6499119,0.0,0.2401052713394165,0.1707943081855774,0.9737507700920105,4990,1094,18.359763052356598,4.025166488833291,0.16807368993759153,LOW
2024-01-07,Vellarimala,627340,1.8846508,15.0695629,35.6499119,35.6499119,0.0,0.28822436928749084,0.2474726140499115,0.9893639087677002,13205,3591,21.44783004158004,5.832575363825364,0.2017570585012436,LOW
2024-01-07,Kottappadi Part,627337,1.8846508,15.0695629,35.6499119,35.6499119,0.0,0.2568320631980896,0.18591204285621643,0.983701765537262,10215,2767,18.140649973361747,4.91386965015095,0.17978244423866271,LOW
2024-01-08,Thrikkaipatta Part,627338,0.40579876,4.14771566,36.05571066,36.05571066,0.0,0.2401052713394165,0.1707943081855774,0.9737507700920105,4990,1094,18.359763052356598,4.025166488833291,0.16807368993759153,LOW
2024-01-08,Vellarimala,627340,0.40579876,4.14771566,36.05571066,36.05571066,0.0,0.28822436928749084,0.2474726140499115,0.9893639087677002,13205,3591,21.44783004158004,5.832575363825364,0.2017570585012436,LOW
2024-01-08,Kottappadi Part,627337,0.40579876,4.14771566,36.05571066,36.05571066,0.0,0.2568320631980896,0.18591204285621643,0.983701765537262,10215,2767,18.140649973361747,4.91386965015095,0.17978244423866271,LOW
2024-01-09,Thrikkaipatta Part,627338,0.19169396,2.48214352,36.24740462,36.24740462,0.0,0.2401052713394165,0.1707943081855774,0.9737507700920105,4990,1094,18.359763052356598,4.025166488833291,0.16807368993759153,LOW
2024-01-09,Vellarimala,627340,0.19169396,2.48214352,36.24740462,36.24740462,0.0,0.28822436928749084,0.2474726140499115,0.9893639087677002,13205,3591,21.44783004158004,5.832575363825364,0.2017570585012436,LOW
2024-01-09,Kottappadi Part,627337,0.19169396,2.48214352,36.24740462,36.24740462,0.0,0.2568320631980896,0.18591204285621643,0.983701765537262,10215,2767,18.140649973361747,4.91386965015095,0.17978244423866271,LOW
2024-01-10,Thrikkaipatta Part,627338,15.813406,16.410898720000002,52.06081062,52.06081062,0.0,0.2401052713394165,0.1707943081855774,0.9737507700920105,4990,1094,18.359763052356598,4.025166488833291,0.16807368993759153,LOW
2024-01-10,Vellarimala,627340,15.813406,16.410898720000002,52.06081062,52.06081062,0.0,0.28822436928749084,0.2474726140499115,0.9893639087677002,13205,3591,21.44783004158004,5.832575363825364,0.2017570585012436,LOW
2024-01-10,Kottappadi Part,627337,15.813406,16.410898720000002,52.06081062,52.06081062,0.0,0.2568320631980896,0.18591204285621643,0.983701765537262,10215,2767,18.140649973361747,4.91386965015095,0.17978244423866271,LOW
2024-01-11,Thrikkaipatta Part,627338,0.0,16.005099960000003,31.48046162,52.06081062,0.0,0.2401052713394165,0.1707943081855774,0.9737507700920105,4990,1094,18.359763052356598,4.025166488833291,0.16807368993759153,LOW
2024-01-11,Vellarimala,627340,0.0,16.005099960000003,31.48046162,52.06081062,0.0,0.28822436928749084,0.2474726140499115,0.9893639087677002,13205,3591,21.44783004158004,5.832575363825364,0.2017570585012436,LOW
2024-01-11,Kottappadi Part,627337,0.0,16.005099960000003,31.48046162,52.06081062,0.0,0.2568320631980896,0.18591204285621643,0.983701765537262,10215,2767,18.140649973361747,4.91386965015095,0.17978244423866271,LOW
2024-01-12,Thrikkaipatta Part,627338,0.0,15.813406,20.15281562,52.06081062,0.0,0.2401052713394165,0.1707943081855774,0.9737507700920105,4990,1094,18.359763052356598,4.025166488833291,0.16807368993759153,LOW
2024-01-12,Vellarimala,627340,0.0,15.813406,20.15281562,52.06081062,0.0,0.28822436928749084,0.2474726140499115,0.9893639087677002,13205,3591,21.44783004158004,5.832575363825364,0.2017570585012436,LOW
2024-01-12,Kottappadi Part,627337,0.0,15.813406,20.15281562,52.06081062,0.0,0.2568320631980896,0.18591204285621643,0.983701765537262,10215,2767,18.140649973361747,4.91386965015095,0.17978244423866271,LOW
2024-01-13,Thrikkaipatta Part,627338,0.0,0.0,18.29554952,52.06081062,0.0,0.2401052713394165,0.1707943081855774,0.9737507700920105,4990,1094,18.359763052356598,4.025166488833291,0.16807368993759153,LOW
2024-01-13,Vellarimala,627340,0.0,0.0,18.29554952,52.06081062,0.0,0.28822436928749084,0.2474726140499115,0.9893639087677002,13205,3591,21.44783004158004,5.832575363825364,0.2017570585012436,LOW
2024-01-13,Kottappadi Part,627337,0.0,0.0,18.29554952,52.06081062,0.0,0.2568320631980896,0.18591204285621643,0.983701765537262,10215,2767,18.140649973361747,4.91386965015095,0.17978244423866271,LOW
2024-01-14,Thrikkaipatta Part,627338,0.0,0.0,16.41089872,52.06081062,0.0,0.2401052713394165,0.1707943081855774,0.9737507700920105,4990,1094,18.359763052356598,4.025166488833291,0.16807368993759153,LOW
2024-01-14,Vellarimala,627340,0.0,0.0,16.41089872,52.06081062,0.0,0.28822436928749084,0.2474726140499115,0.9893639087677002,13205,3591,21.44783004158004,5.832575363825364,0.2017570585012436,LOW
2024-01-14,Kottappadi Part,627337,0.0,0.0,16.41089872,52.06081062,0.0,0.2568320631980896,0.18591204285621643,0.983701765537262,10215,2767,18.140649973361747,4.91386965015095,0.17978244423866271,LOW
2024-01-15,Thrikkaipatta Part,627338,0.0,0.0,16.00509996,52.06081062,0.0,0.2401052713394165,0.1707943081855774,0.9737507700920105,4990,1094,18.359763052356598,4.025166488833291,0.16807368993759153,LOW
2024-01-15,Vellarimala,627340,0.0,0.0,16.00509996,52.06081062,0.0,0.28822436928749084,0.2474726140499115,0.9893639087677002,13205,3591,21.44783004158004,5.832575363825364,0.2017570585012436,LOW
2024-01-15,Kottappadi Part,627337,0.0,0.0,16.00509996,52.06081062,0.0,0.2568320631980896,0.18591204285621643,0.983701765537262,10215,2767,18.140649973361747,4.91386965015095,0.17978244423866271,LOW
2024-01-16,Thrikkaipatta Part,627338,0.0,0.0,15.813406,52.06081062,0.0,0.2401052713394165,0.1707943081855774,0.9737507700920105,4990,1094,18.359763052356598,4.025166488833291,0.16807368993759153,LOW
2024-01-16,Vellarimala,627340,0.0,0.0,15.813406,52.06081062,0.0,0.28822436928749084,0.2474726140499115,0.9893639087677002,13205,3591,21.44783004158004,5.832575363825364,0.2017570585012436,LOW
2024-01-16,Kottappadi Part,627337,0.0,0.0,15.813406,52.06081062,0.0,0.2568320631980896,0.18591204285621643,0.983701765537262,10215,2767,18.140649973361747,4.91386965015095,0.17978244423866271,LOW
2024-01-17,Thrikkaipatta Part,627338,0.0,0.0,0.0,52.06081062,0.0,0.2401052713394165,0.1707943081855774,0.9737507700920105,4990,1094,18.359763052356598,4.025166488833291,0.16807368993759153,LOW
2024-01-17,Vellarimala,627340,0.0,0.0,0.0,52.06081062,0.0,0.28822436928749084,0.2474726140499115,0.9893639087677002,13205,3591,21.44783004158004,5.832575363825364,0.2017570585012436,LOW
2024-01-17,Kottappadi Part,627337,0.0,0.0,0.0,52.06081062,0.0,0.2568320631980896,0.18591204285621643,0.983701765537262,10215,2767,18.140649973361747,4.91386965015095,0.17978244423866271,LOW
2024-01-18,Thrikkaipatta Part,627338,0.0,0.0,0.0,52.06081062,0.0,0.2401052713394165,0.1707943081855774,0.9737507700920105,4990,1094,18.359763052356598,4.025166488833291,0.16807368993759153,LOW
2024-01-18,Vellarimala,627340,0.0,0.0,0.0,52.06081062,0.0,0.28822436928749084,0.2474726140499115,0.9893639087677002,13205,3591,21.44783004158004,5.832575363825364,0.2017570585012436,LOW
2024-01-18,Kottappadi Part,627337,0.0,0.0,0.0,52.06081062,0.0,0.2568320631980896,0.18591204285621643,0.983701765537262,10215,2767,18.140649973361747,4.91386965015095,0.17978244423866271,LOW
2024-01-19,Thrikkaipatta Part,627338,0.0,0.0,0.0,52.06081062,0.0,0.2401052713394165,0.1707943081855774,0.9737507700920105,4990,1094,18.359763052356598,4.025166488833291,0.16807368993759153,LOW
2024-01-19,Vellarimala,627340,0.0,0.0,0.0,52.06081062,0.0,0.28822436928749084,0.2474726140499115,0.9893639087677002,13205,3591,21.44783004158004,5.832575363825364,0.2017570585012436,LOW
2024-01-19,Kottappadi Part,627337,0.0,0.0,0.0,52.06081062,0.0,0.2568320631980896,0.18591204285621643,0.983701765537262,10215,2767,18.140649973361747,4.91386965015095,0.17978244423866271,LOW
2024-01-20,Thrikkaipatta Part,627338,0.0,0.0,0.0,52.06081062,0.0,0.2401052713394165,0.1707943081855774,0.9737507700920105,4990,1094,18.359763052356598,4.025166488833291,0.16807368993759153,LOW
2024-01-20,Vellarimala,627340,0.0,0.0,0.0,52.06081062,0.0,0.28822436928749084,0.2474726140499115,0.9893639087677002,13205,3591,21.44783004158004,5.832575363825364,0.2017570585012436,LOW
2024-01-20,Kottappadi Part,627337,0.0,0.0,0.0,52.06081062,0.0,0.2568320631980896,0.18591204285621643,0.983701765537262,10215,2767,18.140649973361747,4.91386965015095,0.17978244423866271,LOW
2024-01-21,Thrikkaipatta Part,627338,0.0,0.0,0.0,52.06081062,0.0,0.2401052713394165,0.1707943081855774,0.9737507700920105,4990,1094,18.359763052356598,4.025166488833291,0.16807368993759153,LOW
2024-01-21,Vellarimala,627340,0.0,0.0,0.0,52.06081062,0.0,0.28822436928749084,0.2474726140499115,0.9893639087677002,13205,3591,21.44783004158004,5.832575363825364,0.2017570585012436,LOW
2024-01-21,Kottappadi Part,627337,0.0,0.0,0.0,52.06081062,0.0,0.2568320631980896,0.18591204285621643,0.983701765537262,10215,2767,18.140649973361747,4.91386965015095,0.17978244423866271,LOW
2024-01-22,Thrikkaipatta Part,627338,0.0,0.0,0.0,52.06081062,0.0,0.2401052713394165,0.1707943081855774,0.9737507700920105,4990,1094,18.359763052356598,4.025166488833291,0.16807368993759153,LOW
2024-01-22,Vellarimala,627340,0.0,0.0,0.0,52.06081062,0.0,0.28822436928749084,0.2474726140499115,0.9893639087677002,13205,3591,21.44783004158004,5.832575363825364,0.2017570585012436,LOW
2024-01-22,Kottappadi Part,627337,0.0,0.0,0.0,52.06081062,0.0,0.2568320631980896,0.18591204285621643,0.983701765537262,10215,2767,18.140649973361747,4.91386965015095,0.17978244423866271,LOW
2024-01-23,Thrikkaipatta Part,627338,0.0,0.0,0.0,52.06081062,0.0,0.2401052713394165,0.1707943081855774,0.9737507700920105,4990,1094,18.359763052356598,4.025166488833291,0.16807368993759153,LOW
2024-01-23,Vellarimala,627340,0.0,0.0,0.0,52.06081062,0.0,0.28822436928749084,0.2474726140499115,0.9893639087677002,13205,3591,21.44783004158004,5.832575363825364,0.2017570585012436,LOW
2024-01-23,Kottappadi Part,627337,0.0,0.0,0.0,52.06081062,0.0,0.2568320631980896,0.18591204285621643,0.983701765537262,10215,2767,18.140649973361747,4.91386965015095,0.17978244423866271,LOW
2024-01-24,Thrikkaipatta Part,627338,0.0,0.0,0.0,52.06081062,0.0,0.2401052713394165,0.1707943081855774,0.9737507700920105,4990,1094,18.359763052356598,4.025166488833291,0.16807368993759153,LOW
2024-01-24,Vellarimala,627340,0.0,0.0,0.0,52.06081062,0.0,0.28822436928749084,0.2474726140499115,0.9893639087677002,13205,3591,21.44783004158004,5.832575363825364,0.2017570585012436,LOW
2024-01-24,Kottappadi Part,627337,0.0,0.0,0.0,52.06081062,0.0,0.2568320631980896,0.18591204285621643,0.983701765537262,10215,2767,18.140649973361747,4.91386965015095,0.17978244423866271,LOW
2024-01-25,Thrikkaipatta Part,627338,0.0,0.0,0.0,52.06081062,0.0,0.2401052713394165,0.1707943081855774,0.9737507700920105,4990,1094,18.359763052356598,4.025166488833291,0.16807368993759153,LOW
2024-01-25,Vellarimala,627340,0.0,0.0,0.0,52.06081062,0.0,0.28822436928749084,0.2474726140499115,0.9893639087677002,13205,3591,21.44783004158004,5.832575363825364,0.2017570585012436,LOW
2024-01-25,Kottappadi Part,627337,0.0,0.0,0.0,52.06081062,0.0,0.2568320631980896,0.18591204285621643,0.983701765537262,10215,2767,18.140649973361747,4.91386965015095,0.17978244423866271,LOW
2024-01-26,Thrikkaipatta Part,627338,0.0,0.0,0.0,52.06081062,0.0,0.2401052713394165,0.1707943081855774,0.9737507700920105,4990,1094,18.359763052356598,4.025166488833291,0.16807368993759153,LOW
2024-01-26,Vellarimala,627340,0.0,0.0,0.0,52.06081062,0.0,0.28822436928749084,0.2474726140499115,0.9893639087677002,13205,3591,21.44783004158004,5.832575363825364,0.2017570585012436,LOW
2024-01-26,Kottappadi Part,627337,0.0,0.0,0.0,52.06081062,0.0,0.2568320631980896,0.18591204285621643,0.983701765537262,10215,2767,18.140649973361747,4.91386965015095,0.17978244423866271,LOW
2024-01-27,Thrikkaipatta Part,627338,0.0,0.0,0.0,52.06081062,0.0,0.2401052713394165,0.1707943081855774,0.9737507700920105,4990,1094,18.359763052356598,4.025166488833291,0.16807368993759153,LOW
2024-01-27,Vellarimala,627340,0.0,0.0,0.0,52.06081062,0.0,0.28822436928749084,0.2474726140499115,0.9893639087677002,13205,3591,21.44783004158004,5.832575363825364,0.2017570585012436,LOW
2024-01-27,Kottappadi Part,627337,0.0,0.0,0.0,52.06081062,0.0,0.2568320631980896,0.18591204285621643,0.983701765537262,10215,2767,18.140649973361747,4.91386965015095,0.17978244423866271,LOW
2024-01-28,Thrikkaipatta Part,627338,0.0,0.0,0.0,52.06081062,0.0,0.2401052713394165,0.1707943081855774,0.9737507700920105,4990,1094,18.359763052356598,4.025166488833291,0.16807368993759153,LOW
2024-01-28,Vellarimala,627340,0.0,0.0,0.0,52.06081062,0.0,0.28822436928749084,0.2474726140499115,0.9893639087677002,13205,3591,21.44783004158004,5.832575363825364,0.2017570585012436,LOW
2024-01-28,Kottappadi Part,627337,0.0,0.0,0.0,52.06081062,0.0,0.2568320631980896,0.18591204285621643,0.983701765537262,10215,2767,18.140649973361747,4.91386965015095,0.17978244423866271,LOW
2024-01-29,Thrikkaipatta Part,627338,0.0,0.0,0.0,52.06081062,0.0,0.2401052713394165,0.1707943081855774,0.9737507700920105,4990,1094,18.359763052356598,4.025166488833291,0.16807368993759153,LOW
2024-01-29,Vellarimala,627340,0.0,0.0,0.0,52.06081062,0.0,0.28822436928749084,0.2474726140499115,0.9893639087677002,13205,3591,21.44783004158004,5.832575363825364,0.2017570585012436,LOW
2024-01-29,Kottappadi Part,627337,0.0,0.0,0.0,52.06081062,0.0,0.2568320631980896,0.18591204285621643,0.983701765537262,10215,2767,18.140649973361747,4.91386965015095,0.17978244423866271,LOW
2024-01-30,Thrikkaipatta Part,627338,0.0,0.0,0.0,52.06081062,0.0,0.2401052713394165,0.1707943081855774,0.9737507700920105,4990,1094,18.359763052356598,4.025166488833291,0.16807368993759153,LOW
2024-01-30,Vellarimala,627340,0.0,0.0,0.0,52.06081062,0.0,0.28822436928749084,0.2474726140499115,0.9893639087677002,13205,3591,21.44783004158004,5.832575363825364,0.2017570585012436,LOW
2024-01-30,Kottappadi Part,627337,0.0,0.0,0.0,52.06081062,0.0,0.2568320631980896,0.18591204285621643,0.983701765537262,10215,2767,18.140649973361747,4.91386965015095,0.17978244423866271,LOW
2024-01-31,Thrikkaipatta Part,627338,0.0,0.0,0.0,52.06081062,0.0,0.2401052713394165,0.1707943081855774,0.9737507700920105,4990,1094,18.359763052356598,4.025166488833291,0.16807368993759153,LOW
2024-01-31,Vellarimala,627340,0.0,0.0,0.0,52.06081062,0.0,0.28822436928749084,0.2474726140499115,0.9893639087677002,13205,3591,21.44783004158004,5.832575363825364,0.2017570585012436,LOW
2024-01-31,Kottappadi Part,627337,0.0,0.0,0.0,52.06081062,0.0,0.2568320631980896,0.18591204285621643,0.983701765537262,10215,2767,18.140649973361747,4.91386965015095,0.17978244423866271,LOW
2024-02-01,Thrikkaipatta Part,627338,0.0,0.0,0.0,52.06081062,0.0,0.2401052713394165,0.1707943081855774,0.9737507700920105,4990,1094,18.359763052356598,4.025166488833291,0.16807368993759153,LOW
2024-02-01,Vellarimala,627340,0.0,0.0,0.0,52.06081062,0.0,0.28822436928749084,0.2474726140499115,0.9893639087677002,13205,3591,21.44783004158004,5.832575363825364,0.2017570585012436,LOW
2024-02-01,Kottappadi Part,627337,0.0,0.0,0.0,52.06081062,0.0,0.2568320631980896,0.18591204285621643,0.983701765537262,10215,2767,18.140649973361747,4.91386965015095,0.17978244423866271,LOW
2024-02-02,Thrikkaipatta Part,627338,0.0,0.0,0.0,52.06081062,0.0,0.2401052713394165,0.1707943081855774,0.9737507700920105,4990,1094,18.359763052356598,4.025166488833291,0.16807368993759153,LOW
2024-02-02,Vellarimala,627340,0.0,0.0,0.0,52.06081062,0.0,0.28822436928749084,0.2474726140499115,0.9893639087677002,13205,3591,21.44783004158004,5.832575363825364,0.2017570585012436,LOW
2024-02-02,Kottappadi Part,627337,0.0,0.0,0.0,52.06081062,0.0,0.2568320631980896,0.18591204285621643,0.983701765537262,10215,2767,18.140649973361747,4.91386965015095,0.17978244423866271,LOW
2024-02-03,Thrikkaipatta Part,627338,0.0,0.0,0.0,31.48046162,0.0,0.2401052713394165,0.1707943081855774,0.9737507700920105,4990,1094,18.359763052356598,4.025166488833291,0.16807368993759153,LOW
2024-02-03,Vellarimala,627340,0.0,0.0,0.0,31.48046162,0.0,0.28822436928749084,0.2474726140499115,0.9893639087677002,13205,3591,21.44783004158004,5.832575363825364,0.2017570585012436,LOW
2024-02-03,Kottappadi Part,627337,0.0,0.0,0.0,31.48046162,0.0,0.2568320631980896,0.18591204285621643,0.983701765537262,10215,2767,18.140649973361747,4.91386965015095,0.17978244423866271,LOW
2024-02-04,Thrikkaipatta Part,627338,0.0,0.0,0.0,20.15281562,0.0,0.2401052713394165,0.1707943081855774,0.9737507700920105,4990,1094,18.359763052356598,4.025166488833291,0.16807368993759153,LOW
2024-02-04,Vellarimala,627340,0.0,0.0,0.0,20.15281562,0.0,0.28822436928749084,0.2474726140499115,0.9893639087677002,13205,3591,21.44783004158004,5.832575363825364,0.2017570585012436,LOW
2024-02-04,Kottappadi Part,627337,0.0,0.0,0.0,20.15281562,0.0,0.2568320631980896,0.18591204285621643,0.983701765537262,10215,2767,18.140649973361747,4.91386965015095,0.17978244423866271,LOW
2024-02-05,Thrikkaipatta Part,627338,0.0,0.0,0.0,18.29554952,0.0,0.2401052713394165,0.1707943081855774,0.9737507700920105,4990,1094,18.359763052356598,4.025166488833291,0.16807368993759153,LOW
2024-02-05,Vellarimala,627340,0.0,0.0,0.0,18.29554952,0.0,0.28822436928749084,0.2474726140499115,0.9893639087677002,13205,3591,21.44783004158004,5.832575363825364,0.2017570585012436,LOW
2024-02-05,Kottappadi Part,627337,0.0,0.0,0.0,18.29554952,0.0,0.2568320631980896,0.18591204285621643,0.983701765537262,10215,2767,18.140649973361747,4.91386965015095,0.17978244423866271,LOW
2024-02-06,Thrikkaipatta Part,627338,0.0,0.0,0.0,16.41089872,0.0,0.2401052713394165,0.1707943081855774,0.9737507700920105,4990,1094,18.359763052356598,4.025166488833291,0.16807368993759153,LOW
2024-02-06,Vellarimala,627340,0.0,0.0,0.0,16.41089872,0.0,0.28822436928749084,0.2474726140499115,0.9893639087677002,13205,3591,21.44783004158004,5.832575363825364,0.2017570585012436,LOW
2024-02-06,Kottappadi Part,627337,0.0,0.0,0.0,16.41089872,0.0,0.2568320631980896,0.18591204285621643,0.983701765537262,10215,2767,18.140649973361747,4.91386965015095,0.17978244423866271,LOW
2024-02-07,Thrikkaipatta Part,627338,0.0,0.0,0.0,16.00509996,0.0,0.2401052713394165,0.1707943081855774,0.9737507700920105,4990,1094,18.359763052356598,4.025166488833291,0.16807368993759153,LOW
2024-02-07,Vellarimala,627340,0.0,0.0,0.0,16.00509996,0.0,0.28822436928749084,0.2474726140499115,0.9893639087677002,13205,3591,21.44783004158004,5.832575363825364,0.2017570585012436,LOW
2024-02-07,Kottappadi Part,627337,0.0,0.0,0.0,16.00509996,0.0,0.2568320631980896,0.18591204285621643,0.983701765537262,10215,2767,18.140649973361747,4.91386965015095,0.17978244423866271,LOW
2024-02-08,Thrikkaipatta Part,627338,0.0,0.0,0.0,15.813406,0.0,0.2401052713394165,0.1707943081855774,0.9737507700920105,4990,1094,18.359763052356598,4.025166488833291,0.16807368993759153,LOW
2024-02-08,Vellarimala,627340,0.0,0.0,0.0,15.813406,0.0,0.28822436928749084,0.2474726140499115,0.9893639087677002,13205,3591,21.44783004158004,5.832575363825364,0.2017570585012436,LOW
2024-02-08,Kottappadi Part,627337,0.0,0.0,0.0,15.813406,0.0,0.2568320631980896,0.18591204285621643,0.983701765537262,10215,2767,18.140649973361747,4.91386965015095,0.17978244423866271,LOW
2024-02-09,Thrikkaipatta Part,627338,0.0,0.0,0.0,0.0,0.0,0.2401052713394165,0.1707943081855774,0.9737507700920105,4990,1094,18.359763052356598,4.025166488833291,0.16807368993759153,LOW
2024-02-09,Vellarimala,627340,0.0,0.0,0.0,0.0,0.0,0.28822436928749084,0.2474726140499115,0.9893639087677002,13205,3591,21.44783004158004,5.832575363825364,0.2017570585012436,LOW
2024-02-09,Kottappadi Part,627337,0.0,0.0,0.0,0.0,0.0,0.2568320631980896,0.18591204285621643,0.983701765537262,10215,2767,18.140649973361747,4.91386965015095,0.17978244423866271,LOW
2024-02-10,Thrikkaipatta Part,627338,0.0,0.0,0.0,0.0,0.0,0.2401052713394165,0.1707943081855774,0.9737507700920105,4990,1094,18.359763052356598,4.025166488833291,0.16807368993759153,LOW
2024-02-10,Vellarimala,627340,0.0,0.0,0.0,0.0,0.0,0.28822436928749084,0.2474726140499115,0.9893639087677002,13205,3591,21.44783004158004,5.832575363825364,0.2017570585012436,LOW
2024-02-10,Kottappadi Part,627337,0.0,0.0,0.0,0.0,0.0,0.2568320631980896,0.18591204285621643,0.983701765537262,10215,2767,18.140649973361747,4.91386965015095,0.17978244423866271,LOW
2024-02-11,Thrikkaipatta Part,627338,0.0,0.0,0.0,0.0,0.0,0.2401052713394165,0.1707943081855774,0.9737507700920105,4990,1094,18.359763052356598,4.025166488833291,0.16807368993759153,LOW
2024-02-11,Vellarimala,627340,0.0,0.0,0.0,0.0,0.0,0.28822436928749084,0.2474726140499115,0.9893639087677002,13205,3591,21.44783004158004,5.832575363825364,0.2017570585012436,LOW
2024-02-11,Kottappadi Part,627337,0.0,0.0,0.0,0.0,0.0,0.2568320631980896,0.18591204285621643,0.983701765537262,10215,2767,18.140649973361747,4.91386965015095,0.17978244423866271,LOW
2024-02-12,Thrikkaipatta Part,627338,0.0,0.0,0.0,0.0,0.0,0.2401052713394165,0.1707943081855774,0.9737507700920105,4990,1094,18.359763052356598,4.025166488833291,0.16807368993759153,LOW
2024-02-12,Vellarimala,627340,0.0,0.0,0.0,0.0,0.0,0.28822436928749084,0.2474726140499115,0.9893639087677002,13205,3591,21.44783004158004,5.832575363825364,0.2017570585012436,LOW
2024-02-12,Kottappadi Part,627337,0.0,0.0,0.0,0.0,0.0,0.2568320631980896,0.18591204285621643,0.983701765537262,10215,2767,18.140649973361747,4.91386965015095,0.17978244423866271,LOW
2024-02-13,Thrikkaipatta Part,627338,0.0,0.0,0.0,0.0,0.0,0.2401052713394165,0.1707943081855774,0.9737507700920105,4990,1094,18.359763052356598,4.025166488833291,0.16807368993759153,LOW
2024-02-13,Vellarimala,627340,0.0,0.0,0.0,0.0,0.0,0.28822436928749084,0.2474726140499115,0.9893639087677002,13205,3591,21.44783004158004,5.832575363825364,0.2017570585012436,LOW
2024-02-13,Kottappadi Part,627337,0.0,0.0,0.0,0.0,0.0,0.2568320631980896,0.18591204285621643,0.983701765537262,10215,2767,18.140649973361747,4.91386965015095,0.17978244423866271,LOW
2024-02-14,Thrikkaipatta Part,627338,0.0,0.0,0.0,0.0,0.0,0.2401052713394165,0.1707943081855774,0.9737507700920105,4990,1094,18.359763052356598,4.025166488833291,0.16807368993759153,LOW
2024-02-14,Vellarimala,627340,0.0,0.0,0.0,0.0,0.0,0.28822436928749084,0.2474726140499115,0.9893639087677002,13205,3591,21.44783004158004,5.832575363825364,0.2017570585012436,LOW
2024-02-14,Kottappadi Part,627337,0.0,0.0,0.0,0.0,0.0,0.2568320631980896,0.18591204285621643,0.983701765537262,10215,2767,18.140649973361747,4.91386965015095,0.17978244423866271,LOW
2024-02-15,Thrikkaipatta Part,627338,0.0,0.0,0.0,0.0,0.0,0.2401052713394165,0.1707943081855774,0.9737507700920105,4990,1094,18.359763052356598,4.025166488833291,0.16807368993759153,LOW
2024-02-15,Vellarimala,627340,0.0,0.0,0.0,0.0,0.0,0.28822436928749084,0.2474726140499115,0.9893639087677002,13205,3591,21.44783004158004,5.832575363825364,0.2017570585012436,LOW
2024-02-15,Kottappadi Part,627337,0.0,0.0,0.0,0.0,0.0,0.2568320631980896,0.18591204285621643,0.983701765537262,10215,2767,18.140649973361747,4.91386965015095,0.17978244423866271,LOW
2024-02-16,Thrikkaipatta Part,627338,0.0,0.0,0.0,0.0,0.0,0.2401052713394165,0.1707943081855774,0.9737507700920105,4990,1094,18.359763052356598,4.025166488833291,0.16807368993759153,LOW
2024-02-16,Vellarimala,627340,0.0,0.0,0.0,0.0,0.0,0.28822436928749084,0.2474726140499115,0.9893639087677002,13205,3591,21.44783004158004,5.832575363825364,0.2017570585012436,LOW
2024-02-16,Kottappadi Part,627337,0.0,0.0,0.0,0.0,0.0,0.2568320631980896,0.18591204285621643,0.983701765537262,10215,2767,18.140649973361747,4.91386965015095,0.17978244423866271,LOW
2024-02-17,Thrikkaipatta Part,627338,0.0,0.0,0.0,0.0,0.0,0.2401052713394165,0.1707943081855774,0.9737507700920105,4990,1094,18.359763052356598,4.025166488833291,0.16807368993759153,LOW
2024-02-17,Vellarimala,627340,0.0,0.0,0.0,0.0,0.0,0.28822436928749084,0.2474726140499115,0.9893639087677002,13205,3591,21.44783004158004,5.832575363825364,0.2017570585012436,LOW
2024-02-17,Kottappadi Part,627337,0.0,0.0,0.0,0.0,0.0,0.2568320631980896,0.18591204285621643,0.983701765537262,10215,2767,18.140649973361747,4.91386965015095,0.17978244423866271,LOW
2024-02-18,Thrikkaipatta Part,627338,0.0,0.0,0.0,0.0,0.0,0.2401052713394165,0.1707943081855774,0.9737507700920105,4990,1094,18.359763052356598,4.025166488833291,0.16807368993759153,LOW
2024-02-18,Vellarimala,627340,0.0,0.0,0.0,0.0,0.0,0.28822436928749084,0.2474726140499115,0.9893639087677002,13205,3591,21.44783004158004,5.832575363825364,0.2017570585012436,LOW
2024-02-18,Kottappadi Part,627337,0.0,0.0,0.0,0.0,0.0,0.2568320631980896,0.18591204285621643,0.983701765537262,10215,2767,18.140649973361747,4.91386965015095,0.17978244423866271,LOW
2024-02-19,Thrikkaipatta Part,627338,0.0,0.0,0.0,0.0,0.0,0.2401052713394165,0.1707943081855774,0.9737507700920105,4990,1094,18.359763052356598,4.025166488833291,0.16807368993759153,LOW
2024-02-19,Vellarimala,627340,0.0,0.0,0.0,0.0,0.0,0.28822436928749084,0.2474726140499115,0.9893639087677002,13205,3591,21.44783004158004,5.832575363825364,0.2017570585012436,LOW
2024-02-19,Kottappadi Part,627337,0.0,0.0,0.0,0.0,0.0,0.2568320631980896,0.18591204285621643,0.983701765537262,10215,2767,18.140649973361747,4.91386965015095,0.17978244423866271,LOW
2024-02-20,Thrikkaipatta Part,627338,0.0,0.0,0.0,0.0,0.0,0.2401052713394165,0.1707943081855774,0.9737507700920105,4990,1094,18.359763052356598,4.025166488833291,0.16807368993759153,LOW
2024-02-20,Vellarimala,627340,0.0,0.0,0.0,0.0,0.0,0.28822436928749084,0.2474726140499115,0.9893639087677002,13205,3591,21.44783004158004,5.832575363825364,0.2017570585012436,LOW
2024-02-20,Kottappadi Part,627337,0.0,0.0,0.0,0.0,0.0,0.2568320631980896,0.18591204285621643,0.983701765537262,10215,2767,18.140649973361747,4.91386965015095,0.17978244423866271,LOW
2024-02-21,Thrikkaipatta Part,627338,0.0,0.0,0.0,0.0,0.0,0.2401052713394165,0.1707943081855774,0.9737507700920105,4990,1094,18.359763052356598,4.025166488833291,0.16807368993759153,LOW
2024-02-21,Vellarimala,627340,0.0,0.0,0.0,0.0,0.0,0.28822436928749084,0.2474726140499115,0.9893639087677002,13205,3591,21.44783004158004,5.832575363825364,0.2017570585012436,LOW
2024-02-21,Kottappadi Part,627337,0.0,0.0,0.0,0.0,0.0,0.2568320631980896,0.18591204285621643,0.983701765537262,10215,2767,18.140649973361747,4.91386965015095,0.17978244423866271,LOW
2024-02-22,Thrikkaipatta Part,627338,0.0,0.0,0.0,0.0,0.0,0.2401052713394165,0.1707943081855774,0.9737507700920105,4990,1094,18.359763052356598,4.025166488833291,0.16807368993759153,LOW
2024-02-22,Vellarimala,627340,0.0,0.0,0.0,0.0,0.0,0.28822436928749084,0.2474726140499115,0.9893639087677002,13205,3591,21.44783004158004,5.832575363825364,0.2017570585012436,LOW
2024-02-22,Kottappadi Part,627337,0.0,0.0,0.0,0.0,0.0,0.2568320631980896,0.18591204285621643,0.983701765537262,10215,2767,18.140649973361747,4.91386965015095,0.17978244423866271,LOW
2024-02-23,Thrikkaipatta Part,627338,0.0,0.0,0.0,0.0,0.0,0.2401052713394165,0.1707943081855774,0.9737507700920105,4990,1094,18.359763052356598,4.025166488833291,0.16807368993759153,LOW
2024-02-23,Vellarimala,627340,0.0,0.0,0.0,0.0,0.0,0.28822436928749084,0.2474726140499115,0.9893639087677002,13205,3591,21.44783004158004,5.832575363825364,0.2017570585012436,LOW
2024-02-23,Kottappadi Part,627337,0.0,0.0,0.0,0.0,0.0,0.2568320631980896,0.18591204285621643,0.983701765537262,10215,2767,18.140649973361747,4.91386965015095,0.17978244423866271,LOW
2024-02-24,Thrikkaipatta Part,627338,0.0,0.0,0.0,0.0,0.0,0.2401052713394165,0.1707943081855774,0.9737507700920105,4990,1094,18.359763052356598,4.025166488833291,0.16807368993759153,LOW
2024-02-24,Vellarimala,627340,0.0,0.0,0.0,0.0,0.0,0.28822436928749084,0.2474726140499115,0.9893639087677002,13205,3591,21.44783004158004,5.832575363825364,0.2017570585012436,LOW
2024-02-24,Kottappadi Part,627337,0.0,0.0,0.0,0.0,0.0,0.2568320631980896,0.18591204285621643,0.983701765537262,10215,2767,18.140649973361747,4.91386965015095,0.17978244423866271,LOW
2024-02-25,Thrikkaipatta Part,627338,0.0,0.0,0.0,0.0,0.0,0.2401052713394165,0.1707943081855774,0.9737507700920105,4990,1094,18.359763052356598,4.025166488833291,0.16807368993759153,LOW
2024-02-25,Vellarimala,627340,0.0,0.0,0.0,0.0,0.0,0.28822436928749084,0.2474726140499115,0.9893639087677002,13205,3591,21.44783004158004,5.832575363825364,0.2017570585012436,LOW
2024-02-25,Kottappadi Part,627337,0.0,0.0,0.0,0.0,0.0,0.2568320631980896,0.18591204285621643,0.983701765537262,10215,2767,18.140649973361747,4.91386965015095,0.17978244423866271,LOW
2024-02-26,Thrikkaipatta Part,627338,0.0,0.0,0.0,0.0,0.0,0.2401052713394165,0.1707943081855774,0.9737507700920105,4990,1094,18.359763052356598,4.025166488833291,0.16807368993759153,LOW
2024-02-26,Vellarimala,627340,0.0,0.0,0.0,0.0,0.0,0.28822436928749084,0.2474726140499115,0.9893639087677002,13205,3591,21.44783004158004,5.832575363825364,0.2017570585012436,LOW
2024-02-26,Kottappadi Part,627337,0.0,0.0,0.0,0.0,0.0,0.2568320631980896,0.18591204285621643,0.983701765537262,10215,2767,18.140649973361747,4.91386965015095,0.17978244423866271,LOW
2024-02-27,Thrikkaipatta Part,627338,0.0,0.0,0.0,0.0,0.0,0.2401052713394165,0.1707943081855774,0.9737507700920105,4990,1094,18.359763052356598,4.025166488833291,0.16807368993759153,LOW
2024-02-27,Vellarimala,627340,0.0,0.0,0.0,0.0,0.0,0.28822436928749084,0.2474726140499115,0.9893639087677002,13205,3591,21.44783004158004,5.832575363825364,0.2017570585012436,LOW
2024-02-27,Kottappadi Part,627337,0.0,0.0,0.0,0.0,0.0,0.2568320631980896,0.18591204285621643,0.983701765537262,10215,2767,18.140649973361747,4.91386965015095,0.17978244423866271,LOW
2024-02-28,Thrikkaipatta Part,627338,0.0,0.0,0.0,0.0,0.0,0.2401052713394165,0.1707943081855774,0.9737507700920105,4990,1094,18.359763052356598,4.025166488833291,0.16807368993759153,LOW
2024-02-28,Vellarimala,627340,0.0,0.0,0.0,0.0,0.0,0.28822436928749084,0.2474726140499115,0.9893639087677002,13205,3591,21.44783004158004,5.832575363825364,0.2017570585012436,LOW
2024-02-28,Kottappadi Part,627337,0.0,0.0,0.0,0.0,0.0,0.2568320631980896,0.18591204285621643,0.983701765537262,10215,2767,18.140649973361747,4.91386965015095,0.17978244423866271,LOW
2024-02-29,Thrikkaipatta Part,627338,0.0,0.0,0.0,0.0,0.0,0.2401052713394165,0.1707943081855774,0.9737507700920105,4990,1094,18.359763052356598,4.025166488833291,0.16807368993759153,LOW
2024-02-29,Vellarimala,627340,0.0,0.0,0.0,0.0,0.0,0.28822436928749084,0.2474726140499115,0.9893639087677002,13205,3591,21.44783004158004,5.832575363825364,0.2017570585012436,LOW
2024-02-29,Kottappadi Part,627337,0.0,0.0,0.0,0.0,0.0,0.2568320631980896,0.18591204285621643,0.983701765537262,10215,2767,18.140649973361747,4.91386965015095,0.17978244423866271,LOW
2024-03-01,Thrikkaipatta Part,627338,0.0,0.0,0.0,0.0,0.0,0.2401052713394165,0.1707943081855774,0.9737507700920105,4990,1094,18.359763052356598,4.025166488833291,0.16807368993759153,LOW
2024-03-01,Vellarimala,627340,0.0,0.0,0.0,0.0,0.0,0.28822436928749084,0.2474726140499115,0.9893639087677002,13205,3591,21.44783004158004,5.832575363825364,0.2017570585012436,LOW
2024-03-01,Kottappadi Part,627337,0.0,0.0,0.0,0.0,0.0,0.2568320631980896,0.18591204285621643,0.983701765537262,10215,2767,18.140649973361747,4.91386965015095,0.17978244423866271,LOW
2024-03-02,Thrikkaipatta Part,627338,0.0,0.0,0.0,0.0,0.0,0.2401052713394165,0.1707943081855774,0.9737507700920105,4990,1094,18.359763052356598,4.025166488833291,0.16807368993759153,LOW
2024-03-02,Vellarimala,627340,0.0,0.0,0.0,0.0,0.0,0.28822436928749084,0.2474726140499115,0.9893639087677002,13205,3591,21.44783004158004,5.832575363825364,0.2017570585012436,LOW
2024-03-02,Kottappadi Part,627337,0.0,0.0,0.0,0.0,0.0,0.2568320631980896,0.18591204285621643,0.983701765537262,10215,2767,18.140649973361747,4.91386965015095,0.17978244423866271,LOW
2024-03-03,Thrikkaipatta Part,627338,0.0,0.0,0.0,0.0,0.0,0.2401052713394165,0.1707943081855774,0.9737507700920105,4990,1094,18.359763052356598,4.025166488833291,0.16807368993759153,LOW
2024-03-03,Vellarimala,627340,0.0,0.0,0.0,0.0,0.0,0.28822436928749084,0.2474726140499115,0.9893639087677002,13205,3591,21.44783004158004,5.832575363825364,0.2017570585012436,LOW
2024-03-03,Kottappadi Part,627337,0.0,0.0,0.0,0.0,0.0,0.2568320631980896,0.18591204285621643,0.983701765537262,10215,2767,18.140649973361747,4.91386965015095,0.17978244423866271,LOW
2024-03-04,Thrikkaipatta Part,627338,0.0,0.0,0.0,0.0,0.0,0.2401052713394165,0.1707943081855774,0.9737507700920105,4990,1094,18.359763052356598,4.025166488833291,0.16807368993759153,LOW
2024-03-04,Vellarimala,627340,0.0,0.0,0.0,0.0,0.0,0.28822436928749084,0.2474726140499115,0.9893639087677002,13205,3591,21.44783004158004,5.832575363825364,0.2017570585012436,LOW
2024-03-04,Kottappadi Part,627337,0.0,0.0,0.0,0.0,0.0,0.2568320631980896,0.18591204285621643,0.983701765537262,10215,2767,18.140649973361747,4.91386965015095,0.17978244423866271,LOW
2024-03-05,Thrikkaipatta Part,627338,0.0,0.0,0.0,0.0,0.0,0.2401052713394165,0.1707943081855774,0.9737507700920105,4990,1094,18.359763052356598,4.025166488833291,0.16807368993759153,LOW
2024-03-05,Vellarimala,627340,0.0,0.0,0.0,0.0,0.0,0.28822436928749084,0.2474726140499115,0.9893639087677002,13205,3591,21.44783004158004,5.832575363825364,0.2017570585012436,LOW
2024-03-05,Kottappadi Part,627337,0.0,0.0,0.0,0.0,0.0,0.2568320631980896,0.18591204285621643,0.983701765537262,10215,2767,18.140649973361747,4.91386965015095,0.17978244423866271,LOW
2024-03-06,Thrikkaipatta Part,627338,0.0,0.0,0.0,0.0,0.0,0.2401052713394165,0.1707943081855774,0.9737507700920105,4990,1094,18.359763052356598,4.025166488833291,0.16807368993759153,LOW
2024-03-06,Vellarimala,627340,0.0,0.0,0.0,0.0,0.0,0.28822436928749084,0.2474726140499115,0.9893639087677002,13205,3591,21.44783004158004,5.832575363825364,0.2017570585012436,LOW
2024-03-06,Kottappadi Part,627337,0.0,0.0,0.0,0.0,0.0,0.2568320631980896,0.18591204285621643,0.983701765537262,10215,2767,18.140649973361747,4.91386965015095,0.17978244423866271,LOW
2024-03-07,Thrikkaipatta Part,627338,0.0,0.0,0.0,0.0,0.0,0.2401052713394165,0.1707943081855774,0.9737507700920105,4990,1094,18.359763052356598,4.025166488833291,0.16807368993759153,LOW
2024-03-07,Vellarimala,627340,0.0,0.0,0.0,0.0,0.0,0.28822436928749084,0.2474726140499115,0.9893639087677002,13205,3591,21.44783004158004,5.832575363825364,0.2017570585012436,LOW
2024-03-07,Kottappadi Part,627337,0.0,0.0,0.0,0.0,0.0,0.2568320631980896,0.18591204285621643,0.983701765537262,10215,2767,18.140649973361747,4.91386965015095,0.17978244423866271,LOW
2024-03-08,Thrikkaipatta Part,627338,0.0,0.0,0.0,0.0,0.0,0.2401052713394165,0.1707943081855774,0.9737507700920105,4990,1094,18.359763052356598,4.025166488833291,0.16807368993759153,LOW
2024-03-08,Vellarimala,627340,0.0,0.0,0.0,0.0,0.0,0.28822436928749084,0.2474726140499115,0.9893639087677002,13205,3591,21.44783004158004,5.832575363825364,0.2017570585012436,LOW
2024-03-08,Kottappadi Part,627337,0.0,0.0,0.0,0.0,0.0,0.2568320631980896,0.18591204285621643,0.983701765537262,10215,2767,18.140649973361747,4.91386965015095,0.17978244423866271,LOW
2024-03-09,Thrikkaipatta Part,627338,0.0,0.0,0.0,0.0,0.0,0.2401052713394165,0.1707943081855774,0.9737507700920105,4990,1094,18.359763052356598,4.025166488833291,0.16807368993759153,LOW
2024-03-09,Vellarimala,627340,0.0,0.0,0.0,0.0,0.0,0.28822436928749084,0.2474726140499115,0.9893639087677002,13205,3591,21.44783004158004,5.832575363825364,0.2017570585012436,LOW
2024-03-09,Kottappadi Part,627337,0.0,0.0,0.0,0.0,0.0,0.2568320631980896,0.18591204285621643,0.983701765537262,10215,2767,18.140649973361747,4.91386965015095,0.17978244423866271,LOW
2024-03-10,Thrikkaipatta Part,627338,0.0,0.0,0.0,0.0,0.0,0.2401052713394165,0.1707943081855774,0.9737507700920105,4990,1094,18.359763052356598,4.025166488833291,0.16807368993759153,LOW
2024-03-10,Vellarimala,627340,0.0,0.0,0.0,0.0,0.0,0.28822436928749084,0.2474726140499115,0.9893639087677002,13205,3591,21.44783004158004,5.832575363825364,0.2017570585012436,LOW
2024-03-10,Kottappadi Part,627337,0.0,0.0,0.0,0.0,0.0,0.2568320631980896,0.18591204285621643,0.983701765537262,10215,2767,18.140649973361747,4.91386965015095,0.17978244423866271,LOW
2024-03-11,Thrikkaipatta Part,627338,0.0,0.0,0.0,0.0,0.0,0.2401052713394165,0.1707943081855774,0.9737507700920105,4990,1094,18.359763052356598,4.025166488833291,0.16807368993759153,LOW
2024-03-11,Vellarimala,627340,0.0,0.0,0.0,0.0,0.0,0.28822436928749084,0.2474726140499115,0.9893639087677002,13205,3591,21.44783004158004,5.832575363825364,0.2017570585012436,LOW
2024-03-11,Kottappadi Part,627337,0.0,0.0,0.0,0.0,0.0,0.2568320631980896,0.18591204285621643,0.983701765537262,10215,2767,18.140649973361747,4.91386965015095,0.17978244423866271,LOW
2024-03-12,Thrikkaipatta Part,627338,0.0,0.0,0.0,0.0,0.0,0.2401052713394165,0.1707943081855774,0.9737507700920105,4990,1094,18.359763052356598,4.025166488833291,0.16807368993759153,LOW
2024-03-12,Vellarimala,627340,0.0,0.0,0.0,0.0,0.0,0.28822436928749084,0.2474726140499115,0.9893639087677002,13205,3591,21.44783004158004,5.832575363825364,0.2017570585012436,LOW
2024-03-12,Kottappadi Part,627337,0.0,0.0,0.0,0.0,0.0,0.2568320631980896,0.18591204285621643,0.983701765537262,10215,2767,18.140649973361747,4.91386965015095,0.17978244423866271,LOW
2024-03-13,Thrikkaipatta Part,627338,0.0,0.0,0.0,0.0,0.0,0.2401052713394165,0.1707943081855774,0.9737507700920105,4990,1094,18.359763052356598,4.025166488833291,0.16807368993759153,LOW
2024-03-13,Vellarimala,627340,0.0,0.0,0.0,0.0,0.0,0.28822436928749084,0.2474726140499115,0.9893639087677002,13205,3591,21.44783004158004,5.832575363825364,0.2017570585012436,LOW
2024-03-13,Kottappadi Part,627337,0.0,0.0,0.0,0.0,0.0,0.2568320631980896,0.18591204285621643,0.983701765537262,10215,2767,18.140649973361747,4.91386965015095,0.17978244423866271,LOW
2024-03-14,Thrikkaipatta Part,627338,0.0,0.0,0.0,0.0,0.0,0.2401052713394165,0.1707943081855774,0.9737507700920105,4990,1094,18.359763052356598,4.025166488833291,0.16807368993759153,LOW
2024-03-14,Vellarimala,627340,0.0,0.0,0.0,0.0,0.0,0.28822436928749084,0.2474726140499115,0.9893639087677002,13205,3591,21.44783004158004,5.832575363825364,0.2017570585012436,LOW
2024-03-14,Kottappadi Part,627337,0.0,0.0,0.0,0.0,0.0,0.2568320631980896,0.18591204285621643,0.983701765537262,10215,2767,18.140649973361747,4.91386965015095,0.17978244423866271,LOW
2024-03-15,Thrikkaipatta Part,627338,0.0,0.0,0.0,0.0,0.0,0.2401052713394165,0.1707943081855774,0.9737507700920105,4990,1094,18.359763052356598,4.025166488833291,0.16807368993759153,LOW
2024-03-15,Vellarimala,627340,0.0,0.0,0.0,0.0,0.0,0.28822436928749084,0.2474726140499115,0.9893639087677002,13205,3591,21.44783004158004,5.832575363825364,0.2017570585012436,LOW
2024-03-15,Kottappadi Part,627337,0.0,0.0,0.0,0.0,0.0,0.2568320631980896,0.18591204285621643,0.983701765537262,10215,2767,18.140649973361747,4.91386965015095,0.17978244423866271,LOW
2024-03-16,Thrikkaipatta Part,627338,0.0,0.0,0.0,0.0,0.0,0.2401052713394165,0.1707943081855774,0.9737507700920105,4990,1094,18.359763052356598,4.025166488833291,0.16807368993759153,LOW
2024-03-16,Vellarimala,627340,0.0,0.0,0.0,0.0,0.0,0.28822436928749084,0.2474726140499115,0.9893639087677002,13205,3591,21.44783004158004,5.832575363825364,0.2017570585012436,LOW
2024-03-16,Kottappadi Part,627337,0.0,0.0,0.0,0.0,0.0,0.2568320631980896,0.18591204285621643,0.983701765537262,10215,2767,18.140649973361747,4.91386965015095,0.17978244423866271,LOW
2024-03-17,Thrikkaipatta Part,627338,0.0,0.0,0.0,0.0,0.0,0.2401052713394165,0.1707943081855774,0.9737507700920105,4990,1094,18.359763052356598,4.025166488833291,0.16807368993759153,LOW
2024-03-17,Vellarimala,627340,0.0,0.0,0.0,0.0,0.0,0.28822436928749084,0.2474726140499115,0.9893639087677002,13205,3591,21.44783004158004,5.832575363825364,0.2017570585012436,LOW
2024-03-17,Kottappadi Part,627337,0.0,0.0,0.0,0.0,0.0,0.2568320631980896,0.18591204285621643,0.983701765537262,10215,2767,18.140649973361747,4.91386965015095,0.17978244423866271,LOW
2024-03-18,Thrikkaipatta Part,627338,0.0,0.0,0.0,0.0,0.0,0.2401052713394165,0.1707943081855774,0.9737507700920105,4990,1094,18.359763052356598,4.025166488833291,0.16807368993759153,LOW
2024-03-18,Vellarimala,627340,0.0,0.0,0.0,0.0,0.0,0.28822436928749084,0.2474726140499115,0.9893639087677002,13205,3591,21.44783004158004,5.832575363825364,0.2017570585012436,LOW
2024-03-18,Kottappadi Part,627337,0.0,0.0,0.0,0.0,0.0,0.2568320631980896,0.18591204285621643,0.983701765537262,10215,2767,18.140649973361747,4.91386965015095,0.17978244423866271,LOW
2024-03-19,Thrikkaipatta Part,627338,0.0,0.0,0.0,0.0,0.0,0.2401052713394165,0.1707943081855774,0.9737507700920105,4990,1094,18.359763052356598,4.025166488833291,0.16807368993759153,LOW
2024-03-19,Vellarimala,627340,0.0,0.0,0.0,0.0,0.0,0.28822436928749084,0.2474726140499115,0.9893639087677002,13205,3591,21.44783004158004,5.832575363825364,0.2017570585012436,LOW
2024-03-19,Kottappadi Part,627337,0.0,0.0,0.0,0.0,0.0,0.2568320631980896,0.18591204285621643,0.983701765537262,10215,2767,18.140649973361747,4.91386965015095,0.17978244423866271,LOW
2024-03-20,Thrikkaipatta Part,627338,0.0,0.0,0.0,0.0,0.0,0.2401052713394165,0.1707943081855774,0.9737507700920105,4990,1094,18.359763052356598,4.025166488833291,0.16807368993759153,LOW
2024-03-20,Vellarimala,627340,0.0,0.0,0.0,0.0,0.0,0.28822436928749084,0.2474726140499115,0.9893639087677002,13205,3591,21.44783004158004,5.832575363825364,0.2017570585012436,LOW
2024-03-20,Kottappadi Part,627337,0.0,0.0,0.0,0.0,0.0,0.2568320631980896,0.18591204285621643,0.983701765537262,10215,2767,18.140649973361747,4.91386965015095,0.17978244423866271,LOW
2024-03-21,Thrikkaipatta Part,627338,0.0,0.0,0.0,0.0,0.0,0.2401052713394165,0.1707943081855774,0.9737507700920105,4990,1094,18.359763052356598,4.025166488833291,0.16807368993759153,LOW
2024-03-21,Vellarimala,627340,0.0,0.0,0.0,0.0,0.0,0.28822436928749084,0.2474726140499115,0.9893639087677002,13205,3591,21.44783004158004,5.832575363825364,0.2017570585012436,LOW
2024-03-21,Kottappadi Part,627337,0.0,0.0,0.0,0.0,0.0,0.2568320631980896,0.18591204285621643,0.983701765537262,10215,2767,18.140649973361747,4.91386965015095,0.17978244423866271,LOW
2024-03-22,Thrikkaipatta Part,627338,0.0,0.0,0.0,0.0,0.0,0.2401052713394165,0.1707943081855774,0.9737507700920105,4990,1094,18.359763052356598,4.025166488833291,0.16807368993759153,LOW
2024-03-22,Vellarimala,627340,0.0,0.0,0.0,0.0,0.0,0.28822436928749084,0.2474726140499115,0.9893639087677002,13205,3591,21.44783004158004,5.832575363825364,0.2017570585012436,LOW
2024-03-22,Kottappadi Part,627337,0.0,0.0,0.0,0.0,0.0,0.2568320631980896,0.18591204285621643,0.983701765537262,10215,2767,18.140649973361747,4.91386965015095,0.17978244423866271,LOW
2024-03-23,Thrikkaipatta Part,627338,0.0,0.0,0.0,0.0,0.0,0.2401052713394165,0.1707943081855774,0.9737507700920105,4990,1094,18.359763052356598,4.025166488833291,0.16807368993759153,LOW
2024-03-23,Vellarimala,627340,0.0,0.0,0.0,0.0,0.0,0.28822436928749084,0.2474726140499115,0.9893639087677002,13205,3591,21.44783004158004,5.832575363825364,0.2017570585012436,LOW
2024-03-23,Kottappadi Part,627337,0.0,0.0,0.0,0.0,0.0,0.2568320631980896,0.18591204285621643,0.983701765537262,10215,2767,18.140649973361747,4.91386965015095,0.17978244423866271,LOW
2024-03-24,Thrikkaipatta Part,627338,0.0,0.0,0.0,0.0,0.0,0.2401052713394165,0.1707943081855774,0.9737507700920105,4990,1094,18.359763052356598,4.025166488833291,0.16807368993759153,LOW
2024-03-24,Vellarimala,627340,0.0,0.0,0.0,0.0,0.0,0.28822436928749084,0.2474726140499115,0.9893639087677002,13205,3591,21.44783004158004,5.832575363825364,0.2017570585012436,LOW
2024-03-24,Kottappadi Part,627337,0.0,0.0,0.0,0.0,0.0,0.2568320631980896,0.18591204285621643,0.983701765537262,10215,2767,18.140649973361747,4.91386965015095,0.17978244423866271,LOW
2024-03-25,Thrikkaipatta Part,627338,0.0,0.0,0.0,0.0,0.0,0.2401052713394165,0.1707943081855774,0.9737507700920105,4990,1094,18.359763052356598,4.025166488833291,0.16807368993759153,LOW
2024-03-25,Vellarimala,627340,0.0,0.0,0.0,0.0,0.0,0.28822436928749084,0.2474726140499115,0.9893639087677002,13205,3591,21.44783004158004,5.832575363825364,0.2017570585012436,LOW
2024-03-25,Kottappadi Part,627337,0.0,0.0,0.0,0.0,0.0,0.2568320631980896,0.18591204285621643,0.983701765537262,10215,2767,18.140649973361747,4.91386965015095,0.17978244423866271,LOW
2024-03-26,Thrikkaipatta Part,627338,0.0,0.0,0.0,0.0,0.0,0.2401052713394165,0.1707943081855774,0.9737507700920105,4990,1094,18.359763052356598,4.025166488833291,0.16807368993759153,LOW
2024-03-26,Vellarimala,627340,0.0,0.0,0.0,0.0,0.0,0.28822436928749084,0.2474726140499115,0.9893639087677002,13205,3591,21.44783004158004,5.832575363825364,0.2017570585012436,LOW
2024-03-26,Kottappadi Part,627337,0.0,0.0,0.0,0.0,0.0,0.2568320631980896,0.18591204285621643,0.983701765537262,10215,2767,18.140649973361747,4.91386965015095,0.17978244423866271,LOW
2024-03-27,Thrikkaipatta Part,627338,0.0,0.0,0.0,0.0,0.0,0.2401052713394165,0.1707943081855774,0.9737507700920105,4990,1094,18.359763052356598,4.025166488833291,0.16807368993759153,LOW
2024-03-27,Vellarimala,627340,0.0,0.0,0.0,0.0,0.0,0.28822436928749084,0.2474726140499115,0.9893639087677002,13205,3591,21.44783004158004,5.832575363825364,0.2017570585012436,LOW
2024-03-27,Kottappadi Part,627337,0.0,0.0,0.0,0.0,0.0,0.2568320631980896,0.18591204285621643,0.983701765537262,10215,2767,18.140649973361747,4.91386965015095,0.17978244423866271,LOW
2024-03-28,Thrikkaipatta Part,627338,0.0,0.0,0.0,0.0,0.0,0.2401052713394165,0.1707943081855774,0.9737507700920105,4990,1094,18.359763052356598,4.025166488833291,0.16807368993759153,LOW
2024-03-28,Vellarimala,627340,0.0,0.0,0.0,0.0,0.0,0.28822436928749084,0.2474726140499115,0.9893639087677002,13205,3591,21.44783004158004,5.832575363825364,0.2017570585012436,LOW
2024-03-28,Kottappadi Part,627337,0.0,0.0,0.0,0.0,0.0,0.2568320631980896,0.18591204285621643,0.983701765537262,10215,2767,18.140649973361747,4.91386965015095,0.17978244423866271,LOW
2024-03-29,Thrikkaipatta Part,627338,0.0,0.0,0.0,0.0,0.0,0.2401052713394165,0.1707943081855774,0.9737507700920105,4990,1094,18.359763052356598,4.025166488833291,0.16807368993759153,LOW
2024-03-29,Vellarimala,627340,0.0,0.0,0.0,0.0,0.0,0.28822436928749084,0.2474726140499115,0.9893639087677002,13205,3591,21.44783004158004,5.832575363825364,0.2017570585012436,LOW
2024-03-29,Kottappadi Part,627337,0.0,0.0,0.0,0.0,0.0,0.2568320631980896,0.18591204285621643,0.983701765537262,10215,2767,18.140649973361747,4.91386965015095,0.17978244423866271,LOW
2024-03-30,Thrikkaipatta Part,627338,0.0,0.0,0.0,0.0,0.0,0.2401052713394165,0.1707943081855774,0.9737507700920105,4990,1094,18.359763052356598,4.025166488833291,0.16807368993759153,LOW
2024-03-30,Vellarimala,627340,0.0,0.0,0.0,0.0,0.0,0.28822436928749084,0.2474726140499115,0.9893639087677002,13205,3591,21.44783004158004,5.832575363825364,0.2017570585012436,LOW
2024-03-30,Kottappadi Part,627337,0.0,0.0,0.0,0.0,0.0,0.2568320631980896,0.18591204285621643,0.983701765537262,10215,2767,18.140649973361747,4.91386965015095,0.17978244423866271,LOW
2024-03-31,Thrikkaipatta Part,627338,0.0,0.0,0.0,0.0,0.0,0.2401052713394165,0.1707943081855774,0.9737507700920105,4990,1094,18.359763052356598,4.025166488833291,0.16807368993759153,LOW
2024-03-31,Vellarimala,627340,0.0,0.0,0.0,0.0,0.0,0.28822436928749084,0.2474726140499115,0.9893639087677002,13205,3591,21.44783004158004,5.832575363825364,0.2017570585012436,LOW
2024-03-31,Kottappadi Part,627337,0.0,0.0,0.0,0.0,0.0,0.2568320631980896,0.18591204285621643,0.983701765537262,10215,2767,18.140649973361747,4.91386965015095,0.17978244423866271,LOW
2024-04-01,Thrikkaipatta Part,627338,0.0,0.0,0.0,0.0,0.0,0.2401052713394165,0.1707943081855774,0.9737507700920105,4990,1094,18.359763052356598,4.025166488833291,0.16807368993759153,LOW
2024-04-01,Vellarimala,627340,0.0,0.0,0.0,0.0,0.0,0.28822436928749084,0.2474726140499115,0.9893639087677002,13205,3591,21.44783004158004,5.832575363825364,0.2017570585012436,LOW
2024-04-01,Kottappadi Part,627337,0.0,0.0,0.0,0.0,0.0,0.2568320631980896,0.18591204285621643,0.983701765537262,10215,2767,18.140649973361747,4.91386965015095,0.17978244423866271,LOW
2024-04-02,Thrikkaipatta Part,627338,0.0,0.0,0.0,0.0,0.0,0.2401052713394165,0.1707943081855774,0.9737507700920105,4990,1094,18.359763052356598,4.025166488833291,0.16807368993759153,LOW
2024-04-02,Vellarimala,627340,0.0,0.0,0.0,0.0,0.0,0.28822436928749084,0.2474726140499115,0.9893639087677002,13205,3591,21.44783004158004,5.832575363825364,0.2017570585012436,LOW
2024-04-02,Kottappadi Part,627337,0.0,0.0,0.0,0.0,0.0,0.2568320631980896,0.18591204285621643,0.983701765537262,10215,2767,18.140649973361747,4.91386965015095,0.17978244423866271,LOW
2024-04-03,Thrikkaipatta Part,627338,0.0,0.0,0.0,0.0,0.0,0.2401052713394165,0.1707943081855774,0.9737507700920105,4990,1094,18.359763052356598,4.025166488833291,0.16807368993759153,LOW
2024-04-03,Vellarimala,627340,0.0,0.0,0.0,0.0,0.0,0.28822436928749084,0.2474726140499115,0.9893639087677002,13205,3591,21.44783004158004,5.832575363825364,0.2017570585012436,LOW
2024-04-03,Kottappadi Part,627337,0.0,0.0,0.0,0.0,0.0,0.2568320631980896,0.18591204285621643,0.983701765537262,10215,2767,18.140649973361747,4.91386965015095,0.17978244423866271,LOW
2024-04-04,Thrikkaipatta Part,627338,0.0,0.0,0.0,0.0,0.0,0.2401052713394165,0.1707943081855774,0.9737507700920105,4990,1094,18.359763052356598,4.025166488833291,0.16807368993759153,LOW
2024-04-04,Vellarimala,627340,0.0,0.0,0.0,0.0,0.0,0.28822436928749084,0.2474726140499115,0.9893639087677002,13205,3591,21.44783004158004,5.832575363825364,0.2017570585012436,LOW
2024-04-04,Kottappadi Part,627337,0.0,0.0,0.0,0.0,0.0,0.2568320631980896,0.18591204285621643,0.983701765537262,10215,2767,18.140649973361747,4.91386965015095,0.17978244423866271,LOW
2024-04-05,Thrikkaipatta Part,627338,0.0,0.0,0.0,0.0,0.0,0.2401052713394165,0.1707943081855774,0.9737507700920105,4990,1094,18.359763052356598,4.025166488833291,0.16807368993759153,LOW
2024-04-05,Vellarimala,627340,0.0,0.0,0.0,0.0,0.0,0.28822436928749084,0.2474726140499115,0.9893639087677002,13205,3591,21.44783004158004,5.832575363825364,0.2017570585012436,LOW
2024-04-05,Kottappadi Part,627337,0.0,0.0,0.0,0.0,0.0,0.2568320631980896,0.18591204285621643,0.983701765537262,10215,2767,18.140649973361747,4.91386965015095,0.17978244423866271,LOW
2024-04-06,Thrikkaipatta Part,627338,0.0,0.0,0.0,0.0,0.0,0.2401052713394165,0.1707943081855774,0.9737507700920105,4990,1094,18.359763052356598,4.025166488833291,0.16807368993759153,LOW
2024-04-06,Vellarimala,627340,0.0,0.0,0.0,0.0,0.0,0.28822436928749084,0.2474726140499115,0.9893639087677002,13205,3591,21.44783004158004,5.832575363825364,0.2017570585012436,LOW
2024-04-06,Kottappadi Part,627337,0.0,0.0,0.0,0.0,0.0,0.2568320631980896,0.18591204285621643,0.983701765537262,10215,2767,18.140649973361747,4.91386965015095,0.17978244423866271,LOW
2024-04-07,Thrikkaipatta Part,627338,0.0,0.0,0.0,0.0,0.0,0.2401052713394165,0.1707943081855774,0.9737507700920105,4990,1094,18.359763052356598,4.025166488833291,0.16807368993759153,LOW
2024-04-07,Vellarimala,627340,0.0,0.0,0.0,0.0,0.0,0.28822436928749084,0.2474726140499115,0.9893639087677002,13205,3591,21.44783004158004,5.832575363825364,0.2017570585012436,LOW
2024-04-07,Kottappadi Part,627337,0.0,0.0,0.0,0.0,0.0,0.2568320631980896,0.18591204285621643,0.983701765537262,10215,2767,18.140649973361747,4.91386965015095,0.17978244423866271,LOW
2024-04-08,Thrikkaipatta Part,627338,0.0,0.0,0.0,0.0,0.0,0.2401052713394165,0.1707943081855774,0.9737507700920105,4990,1094,18.359763052356598,4.025166488833291,0.16807368993759153,LOW
2024-04-08,Vellarimala,627340,0.0,0.0,0.0,0.0,0.0,0.28822436928749084,0.2474726140499115,0.9893639087677002,13205,3591,21.44783004158004,5.832575363825364,0.2017570585012436,LOW
2024-04-08,Kottappadi Part,627337,0.0,0.0,0.0,0.0,0.0,0.2568320631980896,0.18591204285621643,0.983701765537262,10215,2767,18.140649973361747,4.91386965015095,0.17978244423866271,LOW
2024-04-09,Thrikkaipatta Part,627338,0.0,0.0,0.0,0.0,0.0,0.2401052713394165,0.1707943081855774,0.9737507700920105,4990,1094,18.359763052356598,4.025166488833291,0.16807368993759153,LOW
2024-04-09,Vellarimala,627340,0.0,0.0,0.0,0.0,0.0,0.28822436928749084,0.2474726140499115,0.9893639087677002,13205,3591,21.44783004158004,5.832575363825364,0.2017570585012436,LOW
2024-04-09,Kottappadi Part,627337,0.0,0.0,0.0,0.0,0.0,0.2568320631980896,0.18591204285621643,0.983701765537262,10215,2767,18.140649973361747,4.91386965015095,0.17978244423866271,LOW
2024-04-10,Thrikkaipatta Part,627338,0.0,0.0,0.0,0.0,0.0,0.2401052713394165,0.1707943081855774,0.9737507700920105,4990,1094,18.359763052356598,4.025166488833291,0.16807368993759153,LOW
2024-04-10,Vellarimala,627340,0.0,0.0,0.0,0.0,0.0,0.28822436928749084,0.2474726140499115,0.9893639087677002,13205,3591,21.44783004158004,5.832575363825364,0.2017570585012436,LOW
2024-04-10,Kottappadi Part,627337,0.0,0.0,0.0,0.0,0.0,0.2568320631980896,0.18591204285621643,0.983701765537262,10215,2767,18.140649973361747,4.91386965015095,0.17978244423866271,LOW
2024-04-11,Thrikkaipatta Part,627338,0.0,0.0,0.0,0.0,0.0,0.2401052713394165,0.1707943081855774,0.9737507700920105,4990,1094,18.359763052356598,4.025166488833291,0.16807368993759153,LOW
2024-04-11,Vellarimala,627340,0.0,0.0,0.0,0.0,0.0,0.28822436928749084,0.2474726140499115,0.9893639087677002,13205,3591,21.44783004158004,5.832575363825364,0.2017570585012436,LOW
2024-04-11,Kottappadi Part,627337,0.0,0.0,0.0,0.0,0.0,0.2568320631980896,0.18591204285621643,0.983701765537262,10215,2767,18.140649973361747,4.91386965015095,0.17978244423866271,LOW
2024-04-12,Thrikkaipatta Part,627338,0.0,0.0,0.0,0.0,0.0,0.2401052713394165,0.1707943081855774,0.9737507700920105,4990,1094,18.359763052356598,4.025166488833291,0.16807368993759153,LOW
2024-04-12,Vellarimala,627340,0.0,0.0,0.0,0.0,0.0,0.28822436928749084,0.2474726140499115,0.9893639087677002,13205,3591,21.44783004158004,5.832575363825364,0.2017570585012436,LOW
2024-04-12,Kottappadi Part,627337,0.0,0.0,0.0,0.0,0.0,0.2568320631980896,0.18591204285621643,0.983701765537262,10215,2767,18.140649973361747,4.91386965015095,0.17978244423866271,LOW
2024-04-13,Thrikkaipatta Part,627338,0.0,0.0,0.0,0.0,0.0,0.2401052713394165,0.1707943081855774,0.9737507700920105,4990,1094,18.359763052356598,4.025166488833291,0.16807368993759153,LOW
2024-04-13,Vellarimala,627340,0.0,0.0,0.0,0.0,0.0,0.28822436928749084,0.2474726140499115,0.9893639087677002,13205,3591,21.44783004158004,5.832575363825364,0.2017570585012436,LOW
2024-04-13,Kottappadi Part,627337,0.0,0.0,0.0,0.0,0.0,0.2568320631980896,0.18591204285621643,0.983701765537262,10215,2767,18.140649973361747,4.91386965015095,0.17978244423866271,LOW
2024-04-14,Thrikkaipatta Part,627338,0.0,0.0,0.0,0.0,0.0,0.2401052713394165,0.1707943081855774,0.9737507700920105,4990,1094,18.359763052356598,4.025166488833291,0.16807368993759153,LOW
2024-04-14,Vellarimala,627340,0.0,0.0,0.0,0.0,0.0,0.28822436928749084,0.2474726140499115,0.9893639087677002,13205,3591,21.44783004158004,5.832575363825364,0.2017570585012436,LOW
2024-04-14,Kottappadi Part,627337,0.0,0.0,0.0,0.0,0.0,0.2568320631980896,0.18591204285621643,0.983701765537262,10215,2767,18.140649973361747,4.91386965015095,0.17978244423866271,LOW
2024-04-15,Thrikkaipatta Part,627338,0.0,0.0,0.0,0.0,0.0,0.2401052713394165,0.1707943081855774,0.9737507700920105,4990,1094,18.359763052356598,4.025166488833291,0.16807368993759153,LOW
2024-04-15,Vellarimala,627340,0.0,0.0,0.0,0.0,0.0,0.28822436928749084,0.2474726140499115,0.9893639087677002,13205,3591,21.44783004158004,5.832575363825364,0.2017570585012436,LOW
2024-04-15,Kottappadi Part,627337,0.0,0.0,0.0,0.0,0.0,0.2568320631980896,0.18591204285621643,0.983701765537262,10215,2767,18.140649973361747,4.91386965015095,0.17978244423866271,LOW
2024-04-16,Thrikkaipatta Part,627338,0.0,0.0,0.0,0.0,0.0,0.2401052713394165,0.1707943081855774,0.9737507700920105,4990,1094,18.359763052356598,4.025166488833291,0.16807368993759153,LOW
2024-04-16,Vellarimala,627340,0.0,0.0,0.0,0.0,0.0,0.28822436928749084,0.2474726140499115,0.9893639087677002,13205,3591,21.44783004158004,5.832575363825364,0.2017570585012436,LOW
2024-04-16,Kottappadi Part,627337,0.0,0.0,0.0,0.0,0.0,0.2568320631980896,0.18591204285621643,0.983701765537262,10215,2767,18.140649973361747,4.91386965015095,0.17978244423866271,LOW
2024-04-17,Thrikkaipatta Part,627338,0.0,0.0,0.0,0.0,0.0,0.2401052713394165,0.1707943081855774,0.9737507700920105,4990,1094,18.359763052356598,4.025166488833291,0.16807368993759153,LOW
2024-04-17,Vellarimala,627340,0.0,0.0,0.0,0.0,0.0,0.28822436928749084,0.2474726140499115,0.9893639087677002,13205,3591,21.44783004158004,5.832575363825364,0.2017570585012436,LOW
2024-04-17,Kottappadi Part,627337,0.0,0.0,0.0,0.0,0.0,0.2568320631980896,0.18591204285621643,0.983701765537262,10215,2767,18.140649973361747,4.91386965015095,0.17978244423866271,LOW
2024-04-18,Thrikkaipatta Part,627338,0.0,0.0,0.0,0.0,0.0,0.2401052713394165,0.1707943081855774,0.9737507700920105,4990,1094,18.359763052356598,4.025166488833291,0.16807368993759153,LOW
2024-04-18,Vellarimala,627340,0.0,0.0,0.0,0.0,0.0,0.28822436928749084,0.2474726140499115,0.9893639087677002,13205,3591,21.44783004158004,5.832575363825364,0.2017570585012436,LOW
2024-04-18,Kottappadi Part,627337,0.0,0.0,0.0,0.0,0.0,0.2568320631980896,0.18591204285621643,0.983701765537262,10215,2767,18.140649973361747,4.91386965015095,0.17978244423866271,LOW
2024-04-19,Thrikkaipatta Part,627338,0.0,0.0,0.0,0.0,0.0,0.2401052713394165,0.1707943081855774,0.9737507700920105,4990,1094,18.359763052356598,4.025166488833291,0.16807368993759153,LOW
2024-04-19,Vellarimala,627340,0.0,0.0,0.0,0.0,0.0,0.28822436928749084,0.2474726140499115,0.9893639087677002,13205,3591,21.44783004158004,5.832575363825364,0.2017570585012436,LOW
2024-04-19,Kottappadi Part,627337,0.0,0.0,0.0,0.0,0.0,0.2568320631980896,0.18591204285621643,0.983701765537262,10215,2767,18.140649973361747,4.91386965015095,0.17978244423866271,LOW
2024-04-20,Thrikkaipatta Part,627338,0.0,0.0,0.0,0.0,0.0,0.2401052713394165,0.1707943081855774,0.9737507700920105,4990,1094,18.359763052356598,4.025166488833291,0.16807368993759153,LOW
2024-04-20,Vellarimala,627340,0.0,0.0,0.0,0.0,0.0,0.28822436928749084,0.2474726140499115,0.9893639087677002,13205,3591,21.44783004158004,5.832575363825364,0.2017570585012436,LOW
2024-04-20,Kottappadi Part,627337,0.0,0.0,0.0,0.0,0.0,0.2568320631980896,0.18591204285621643,0.983701765537262,10215,2767,18.140649973361747,4.91386965015095,0.17978244423866271,LOW
2024-04-21,Thrikkaipatta Part,627338,0.0,0.0,0.0,0.0,0.0,0.2401052713394165,0.1707943081855774,0.9737507700920105,4990,1094,18.359763052356598,4.025166488833291,0.16807368993759153,LOW
2024-04-21,Vellarimala,627340,0.0,0.0,0.0,0.0,0.0,0.28822436928749084,0.2474726140499115,0.9893639087677002,13205,3591,21.44783004158004,5.832575363825364,0.2017570585012436,LOW
2024-04-21,Kottappadi Part,627337,0.0,0.0,0.0,0.0,0.0,0.2568320631980896,0.18591204285621643,0.983701765537262,10215,2767,18.140649973361747,4.91386965015095,0.17978244423866271,LOW
2024-04-22,Thrikkaipatta Part,627338,0.0,0.0,0.0,0.0,0.0,0.2401052713394165,0.1707943081855774,0.9737507700920105,4990,1094,18.359763052356598,4.025166488833291,0.16807368993759153,LOW
2024-04-22,Vellarimala,627340,0.0,0.0,0.0,0.0,0.0,0.28822436928749084,0.2474726140499115,0.9893639087677002,13205,3591,21.44783004158004,5.832575363825364,0.2017570585012436,LOW
2024-04-22,Kottappadi Part,627337,0.0,0.0,0.0,0.0,0.0,0.2568320631980896,0.18591204285621643,0.983701765537262,10215,2767,18.140649973361747,4.91386965015095,0.17978244423866271,LOW
2024-04-23,Thrikkaipatta Part,627338,0.0,0.0,0.0,0.0,0.0,0.2401052713394165,0.1707943081855774,0.9737507700920105,4990,1094,18.359763052356598,4.025166488833291,0.16807368993759153,LOW
2024-04-23,Vellarimala,627340,0.0,0.0,0.0,0.0,0.0,0.28822436928749084,0.2474726140499115,0.9893639087677002,13205,3591,21.44783004158004,5.832575363825364,0.2017570585012436,LOW
2024-04-23,Kottappadi Part,627337,0.0,0.0,0.0,0.0,0.0,0.2568320631980896,0.18591204285621643,0.983701765537262,10215,2767,18.140649973361747,4.91386965015095,0.17978244423866271,LOW
2024-04-24,Thrikkaipatta Part,627338,0.0,0.0,0.0,0.0,0.0,0.2401052713394165,0.1707943081855774,0.9737507700920105,4990,1094,18.359763052356598,4.025166488833291,0.16807368993759153,LOW
2024-04-24,Vellarimala,627340,0.0,0.0,0.0,0.0,0.0,0.28822436928749084,0.2474726140499115,0.9893639087677002,13205,3591,21.44783004158004,5.832575363825364,0.2017570585012436,LOW
2024-04-24,Kottappadi Part,627337,0.0,0.0,0.0,0.0,0.0,0.2568320631980896,0.18591204285621643,0.983701765537262,10215,2767,18.140649973361747,4.91386965015095,0.17978244423866271,LOW
2024-04-25,Thrikkaipatta Part,627338,0.0,0.0,0.0,0.0,0.0,0.2401052713394165,0.1707943081855774,0.9737507700920105,4990,1094,18.359763052356598,4.025166488833291,0.16807368993759153,LOW
2024-04-25,Vellarimala,627340,0.0,0.0,0.0,0.0,0.0,0.28822436928749084,0.2474726140499115,0.9893639087677002,13205,3591,21.44783004158004,5.832575363825364,0.2017570585012436,LOW
2024-04-25,Kottappadi Part,627337,0.0,0.0,0.0,0.0,0.0,0.2568320631980896,0.18591204285621643,0.983701765537262,10215,2767,18.140649973361747,4.91386965015095,0.17978244423866271,LOW
2024-04-26,Thrikkaipatta Part,627338,0.0,0.0,0.0,0.0,0.0,0.2401052713394165,0.1707943081855774,0.9737507700920105,4990,1094,18.359763052356598,4.025166488833291,0.16807368993759153,LOW
2024-04-26,Vellarimala,627340,0.0,0.0,0.0,0.0,0.0,0.28822436928749084,0.2474726140499115,0.9893639087677002,13205,3591,21.44783004158004,5.832575363825364,0.2017570585012436,LOW
2024-04-26,Kottappadi Part,627337,0.0,0.0,0.0,0.0,0.0,0.2568320631980896,0.18591204285621643,0.983701765537262,10215,2767,18.140649973361747,4.91386965015095,0.17978244423866271,LOW
2024-04-27,Thrikkaipatta Part,627338,0.0,0.0,0.0,0.0,0.0,0.2401052713394165,0.1707943081855774,0.9737507700920105,4990,1094,18.359763052356598,4.025166488833291,0.16807368993759153,LOW
2024-04-27,Vellarimala,627340,0.0,0.0,0.0,0.0,0.0,0.28822436928749084,0.2474726140499115,0.9893639087677002,13205,3591,21.44783004158004,5.832575363825364,0.2017570585012436,LOW
2024-04-27,Kottappadi Part,627337,0.0,0.0,0.0,0.0,0.0,0.2568320631980896,0.18591204285621643,0.983701765537262,10215,2767,18.140649973361747,4.91386965015095,0.17978244423866271,LOW
2024-04-28,Thrikkaipatta Part,627338,0.0,0.0,0.0,0.0,0.0,0.2401052713394165,0.1707943081855774,0.9737507700920105,4990,1094,18.359763052356598,4.025166488833291,0.16807368993759153,LOW
2024-04-28,Vellarimala,627340,0.0,0.0,0.0,0.0,0.0,0.28822436928749084,0.2474726140499115,0.9893639087677002,13205,3591,21.44783004158004,5.832575363825364,0.2017570585012436,LOW
2024-04-28,Kottappadi Part,627337,0.0,0.0,0.0,0.0,0.0,0.2568320631980896,0.18591204285621643,0.983701765537262,10215,2767,18.140649973361747,4.91386965015095,0.17978244423866271,LOW
2024-04-29,Thrikkaipatta Part,627338,0.0,0.0,0.0,0.0,0.0,0.2401052713394165,0.1707943081855774,0.9737507700920105,4990,1094,18.359763052356598,4.025166488833291,0.16807368993759153,LOW
2024-04-29,Vellarimala,627340,0.0,0.0,0.0,0.0,0.0,0.28822436928749084,0.2474726140499115,0.9893639087677002,13205,3591,21.44783004158004,5.832575363825364,0.2017570585012436,LOW
2024-04-29,Kottappadi Part,627337,0.0,0.0,0.0,0.0,0.0,0.2568320631980896,0.18591204285621643,0.983701765537262,10215,2767,18.140649973361747,4.91386965015095,0.17978244423866271,LOW
2024-04-30,Thrikkaipatta Part,627338,0.0,0.0,0.0,0.0,0.0,0.2401052713394165,0.1707943081855774,0.9737507700920105,4990,1094,18.359763052356598,4.025166488833291,0.16807368993759153,LOW
2024-04-30,Vellarimala,627340,0.0,0.0,0.0,0.0,0.0,0.28822436928749084,0.2474726140499115,0.9893639087677002,13205,3591,21.44783004158004,5.832575363825364,0.2017570585012436,LOW
2024-04-30,Kottappadi Part,627337,0.0,0.0,0.0,0.0,0.0,0.2568320631980896,0.18591204285621643,0.983701765537262,10215,2767,18.140649973361747,4.91386965015095,0.17978244423866271,LOW
2024-05-01,Thrikkaipatta Part,627338,0.0,0.0,0.0,0.0,0.0,0.2401052713394165,0.1707943081855774,0.9737507700920105,4990,1094,18.359763052356598,4.025166488833291,0.16807368993759153,LOW
2024-05-01,Vellarimala,627340,0.0,0.0,0.0,0.0,0.0,0.28822436928749084,0.2474726140499115,0.9893639087677002,13205,3591,21.44783004158004,5.832575363825364,0.2017570585012436,LOW
2024-05-01,Kottappadi Part,627337,0.0,0.0,0.0,0.0,0.0,0.2568320631980896,0.18591204285621643,0.983701765537262,10215,2767,18.140649973361747,4.91386965015095,0.17978244423866271,LOW
2024-05-02,Thrikkaipatta Part,627338,0.0,0.0,0.0,0.0,0.0,0.2401052713394165,0.1707943081855774,0.9737507700920105,4990,1094,18.359763052356598,4.025166488833291,0.16807368993759153,LOW
2024-05-02,Vellarimala,627340,0.0,0.0,0.0,0.0,0.0,0.28822436928749084,0.2474726140499115,0.9893639087677002,13205,3591,21.44783004158004,5.832575363825364,0.2017570585012436,LOW
2024-05-02,Kottappadi Part,627337,0.0,0.0,0.0,0.0,0.0,0.2568320631980896,0.18591204285621643,0.983701765537262,10215,2767,18.140649973361747,4.91386965015095,0.17978244423866271,LOW
2024-05-03,Thrikkaipatta Part,627338,0.0,0.0,0.0,0.0,0.0,0.2401052713394165,0.1707943081855774,0.9737507700920105,4990,1094,18.359763052356598,4.025166488833291,0.16807368993759153,LOW
2024-05-03,Vellarimala,627340,0.0,0.0,0.0,0.0,0.0,0.28822436928749084,0.2474726140499115,0.9893639087677002,13205,3591,21.44783004158004,5.832575363825364,0.2017570585012436,LOW
2024-05-03,Kottappadi Part,627337,0.0,0.0,0.0,0.0,0.0,0.2568320631980896,0.18591204285621643,0.983701765537262,10215,2767,18.140649973361747,4.91386965015095,0.17978244423866271,LOW
2024-05-04,Thrikkaipatta Part,627338,2.1883166,2.1883166,2.1883166,2.1883166,0.0,0.2401052713394165,0.1707943081855774,0.9737507700920105,4990,1094,18.359763052356598,4.025166488833291,0.16807368993759153,LOW
2024-05-04,Vellarimala,627340,2.1883166,2.1883166,2.1883166,2.1883166,0.0,0.28822436928749084,0.2474726140499115,0.9893639087677002,13205,3591,21.44783004158004,5.832575363825364,0.2017570585012436,LOW
2024-05-04,Kottappadi Part,627337,2.1883166,2.1883166,2.1883166,2.1883166,0.0,0.2568320631980896,0.18591204285621643,0.983701765537262,10215,2767,18.140649973361747,4.91386965015095,0.17978244423866271,LOW
2024-05-05,Thrikkaipatta Part,627338,0.0,2.1883166,2.1883166,2.1883166,0.0,0.2401052713394165,0.1707943081855774,0.9737507700920105,4990,1094,18.359763052356598,4.025166488833291,0.16807368993759153,LOW
2024-05-05,Vellarimala,627340,0.0,2.1883166,2.1883166,2.1883166,0.0,0.28822436928749084,0.2474726140499115,0.9893639087677002,13205,3591,21.44783004158004,5.832575363825364,0.2017570585012436,LOW
2024-05-05,Kottappadi Part,627337,0.0,2.1883166,2.1883166,2.1883166,0.0,0.2568320631980896,0.18591204285621643,0.983701765537262,10215,2767,18.140649973361747,4.91386965015095,0.17978244423866271,LOW
2024-05-06,Thrikkaipatta Part,627338,0.53400457,2.72232117,2.72232117,2.72232117,0.0,0.2401052713394165,0.1707943081855774,0.9737507700920105,4990,1094,18.359763052356598,4.025166488833291,0.16807368993759153,LOW
2024-05-06,Vellarimala,627340,0.53400457,2.72232117,2.72232117,2.72232117,0.0,0.28822436928749084,0.2474726140499115,0.9893639087677002,13205,3591,21.44783004158004,5.832575363825364,0.2017570585012436,LOW
2024-05-06,Kottappadi Part,627337,0.53400457,2.72232117,2.72232117,2.72232117,0.0,0.2568320631980896,0.18591204285621643,0.983701765537262,10215,2767,18.140649973361747,4.91386965015095,0.17978244423866271,LOW
2024-05-07,Thrikkaipatta Part,627338,10.4676,11.00160457,13.189921169999998,13.189921169999998,0.0,0.2401052713394165,0.1707943081855774,0.9737507700920105,4990,1094,18.359763052356598,4.025166488833291,0.16807368993759153,LOW
2024-05-07,Vellarimala,627340,10.4676,11.00160457,13.189921169999998,13.189921169999998,0.0,0.28822436928749084,0.2474726140499115,0.9893639087677002,13205,3591,21.44783004158004,5.832575363825364,0.2017570585012436,LOW
2024-05-07,Kottappadi Part,627337,10.4676,11.00160457,13.189921169999998,13.189921169999998,0.0,0.2568320631980896,0.18591204285621643,0.983701765537262,10215,2767,18.140649973361747,4.91386965015095,0.17978244423866271,LOW
2024-05-08,Thrikkaipatta Part,627338,0.0,11.00160457,13.18992117,13.18992117,0.0,0.2401052713394165,0.1707943081855774,0.9737507700920105,4990,1094,18.359763052356598,4.025166488833291,0.16807368993759153,LOW
2024-05-08,Vellarimala,627340,0.0,11.00160457,13.18992117,13.18992117,0.0,0.28822436928749084,0.2474726140499115,0.9893639087677002,13205,3591,21.44783004158004,5.832575363825364,0.2017570585012436,LOW
2024-05-08,Kottappadi Part,627337,0.0,11.00160457,13.18992117,13.18992117,0.0,0.2568320631980896,0.18591204285621643,0.983701765537262,10215,2767,18.140649973361747,4.91386965015095,0.17978244423866271,LOW
2024-05-09,Thrikkaipatta Part,627338,11.459916,21.927516,24.64983717,24.64983717,0.0,0.2401052713394165,0.1707943081855774,0.9737507700920105,4990,1094,18.359763052356598,4.025166488833291,0.16807368993759153,LOW
2024-05-09,Vellarimala,627340,11.459916,21.927516,24.64983717,24.64983717,0.0,0.28822436928749084,0.2474726140499115,0.9893639087677002,13205,3591,21.44783004158004,5.832575363825364,0.2017570585012436,LOW
2024-05-09,Kottappadi Part,627337,11.459916,21.927516,24.64983717,24.64983717,0.0,0.2568320631980896,0.18591204285621643,0.983701765537262,10215,2767,18.140649973361747,4.91386965015095,0.17978244423866271,LOW
2024-05-10,Thrikkaipatta Part,627338,2.406505,13.866421,27.05634217,27.05634217,0.0,0.2401052713394165,0.1707943081855774,0.9737507700920105,4990,1094,18.359763052356598,4.025166488833291,0.16807368993759153,LOW
2024-05-10,Vellarimala,627340,2.406505,13.866421,27.05634217,27.05634217,0.0,0.28822436928749084,0.2474726140499115,0.9893639087677002,13205,3591,21.44783004158004,5.832575363825364,0.2017570585012436,LOW
2024-05-10,Kottappadi Part,627337,2.406505,13.866421,27.05634217,27.05634217,0.0,0.2568320631980896,0.18591204285621643,0.983701765537262,10215,2767,18.140649973361747,4.91386965015095,0.17978244423866271,LOW
2024-05-11,Thrikkaipatta Part,627338,7.6551046,21.5215256,32.52313017,34.71144677,0.0,0.2401052713394165,0.1707943081855774,0.9737507700920105,4990,1094,18.359763052356598,4.025166488833291,0.16807368993759153,LOW
2024-05-11,Vellarimala,627340,7.6551046,21.5215256,32.52313017,34.71144677,0.0,0.28822436928749084,0.2474726140499115,0.9893639087677002,13205,3591,21.44783004158004,5.832575363825364,0.2017570585012436,LOW
2024-05-11,Kottappadi Part,627337,7.6551046,21.5215256,32.52313017,34.71144677,0.0,0.2568320631980896,0.18591204285621643,0.983701765537262,10215,2767,18.140649973361747,4.91386965015095,0.17978244423866271,LOW
2024-05-12,Thrikkaipatta Part,627338,5.9690347,16.0306443,38.49216487,40.68048147,0.0,0.2401052713394165,0.1707943081855774,0.9737507700920105,4990,1094,18.359763052356598,4.025166488833291,0.16807368993759153,LOW
2024-05-12,Vellarimala,627340,5.9690347,16.0306443,38.49216487,40.68048147,0.0,0.28822436928749084,0.2474726140499115,0.9893639087677002,13205,3591,21.44783004158004,5.832575363825364,0.2017570585012436,LOW
2024-05-12,Kottappadi Part,627337,5.9690347,16.0306443,38.49216487,40.68048147,0.0,0.2568320631980896,0.18591204285621643,0.983701765537262,10215,2767,18.140649973361747,4.91386965015095,0.17978244423866271,LOW
2024-05-13,Thrikkaipatta Part,627338,23.124336,36.7484753,61.0824963,63.80481747,0.0,0.2401052713394165,0.1707943081855774,0.9737507700920105,4990,1094,18.359763052356598,4.025166488833291,0.16807368993759153,LOW
2024-05-13,Vellarimala,627340,23.124336,36.7484753,61.0824963,63.80481747,0.0,0.28822436928749084,0.2474726140499115,0.9893639087677002,13205,3591,21.44783004158004,5.832575363825364,0.2017570585012436,LOW
2024-05-13,Kottappadi Part,627337,23.124336,36.7484753,61.0824963,63.80481747,0.0,0.2568320631980896,0.18591204285621643,0.983701765537262,10215,2767,18.140649973361747,4.91386965015095,0.17978244423866271,LOW
2024-05-14,Thrikkaipatta Part,627338,8.430595,37.5239657,59.0454913,72.23541247,0.0,0.2401052713394165,0.1707943081855774,0.9737507700920105,4990,1094,18.359763052356598,4.025166488833291,0.16807368993759153,LOW
2024-05-14,Vellarimala,627340,8.430595,37.5239657,59.0454913,72.23541247,0.0,0.28822436928749084,0.2474726140499115,0.9893639087677002,13205,3591,21.44783004158004,5.832575363825364,0.2017570585012436,LOW
2024-05-14,Kottappadi Part,627337,8.430595,37.5239657,59.0454913,72.23541247,0.0,0.2568320631980896,0.18591204285621643,0.983701765537262,10215,2767,18.140649973361747,4.91386965015095,0.17978244423866271,LOW
2024-05-15,Thrikkaipatta Part,627338,2.1884923,33.7434233,61.2339836,74.42390477000001,0.0,0.2401052713394165,0.1707943081855774,0.9737507700920105,4990,1094,18.359763052356598,4.025166488833291,0.16807368993759153,LOW
2024-05-15,Vellarimala,627340,2.1884923,33.7434233,61.2339836,74.42390477000001,0.0,0.28822436928749084,0.2474726140499115,0.9893639087677002,13205,3591,21.44783004158004,5.832575363825364,0.2017570585012436,LOW
2024-05-15,Kottappadi Part,627337,2.1884923,33.7434233,61.2339836,74.42390477000001,0.0,0.2568320631980896,0.18591204285621643,0.983701765537262,10215,2767,18.140649973361747,4.91386965015095,0.17978244423866271,LOW
2024-05-16,Thrikkaipatta Part,627338,6.22041,16.8394973,55.9944776,80.64431477,0.0,0.2401052713394165,0.1707943081855774,0.9737507700920105,4990,1094,18.359763052356598,4.025166488833291,0.16807368993759153,LOW
2024-05-16,Vellarimala,627340,6.22041,16.8394973,55.9944776,80.64431477,0.0,0.28822436928749084,0.2474726140499115,0.9893639087677002,13205,3591,21.44783004158004,5.832575363825364,0.2017570585012436,LOW
2024-05-16,Kottappadi Part,627337,6.22041,16.8394973,55.9944776,80.64431477,0.0,0.2568320631980896,0.18591204285621643,0.983701765537262,10215,2767,18.140649973361747,4.91386965015095,0.17978244423866271,LOW
2024-05-17,Thrikkaipatta Part,627338,0.0,8.408902300000001,53.5879726,80.64431477,0.0,0.2401052713394165,0.1707943081855774,0.9737507700920105,4990,1094,18.359763052356598,4.025166488833291,0.16807368993759153,LOW
2024-05-17,Vellarimala,627340,0.0,8.408902300000001,53.5879726,80.64431477,0.0,0.28822436928749084,0.2474726140499115,0.9893639087677002,13205,3591,21.44783004158004,5.832575363825364,0.2017570585012436,LOW
2024-05-17,Kottappadi Part,627337,0.0,8.408902300000001,53.5879726,80.64431477,0.0,0.2568320631980896,0.18591204285621643,0.983701765537262,10215,2767,18.140649973361747,4.91386965015095,0.17978244423866271,LOW
2024-05-18,Thrikkaipatta Part,627338,54.00075,60.22116,99.933618,134.64506477,0.5,0.2401052713394165,0.1707943081855774,0.9737507700920105,4990,1094,18.359763052356598,4.025166488833291,0.31807368993759155,MODERATE
2024-05-18,Vellarimala,627340,54.00075,60.22116,99.933618,134.64506477,0.5,0.28822436928749084,0.2474726140499115,0.9893639087677002,13205,3591,21.44783004158004,5.832575363825364,0.3517570585012436,MODERATE
2024-05-18,Kottappadi Part,627337,54.00075,60.22116,99.933618,134.64506477,0.5,0.2568320631980896,0.18591204285621643,0.983701765537262,10215,2767,18.140649973361747,4.91386965015095,0.3297824442386627,MODERATE
2024-05-19,Thrikkaipatta Part,627338,8.80863,62.80938,102.7732133,143.45369477,0.25,0.2401052713394165,0.1707943081855774,0.9737507700920105,4990,1094,18.359763052356598,4.025166488833291,0.24307368993759154,LOW
2024-05-19,Vellarimala,627340,8.80863,62.80938,102.7732133,143.45369477,0.25,0.28822436928749084,0.2474726140499115,0.9893639087677002,13205,3591,21.44783004158004,5.832575363825364,0.2767570585012436,MODERATE
2024-05-19,Kottappadi Part,627337,8.80863,62.80938,102.7732133,143.45369477,0.25,0.2568320631980896,0.18591204285621643,0.983701765537262,10215,2767,18.140649973361747,4.91386965015095,0.2547824442386627,MODERATE
2024-05-20,Thrikkaipatta Part,627338,9.734752,72.54413199999999,89.38362930000001,153.18844676999998,0.5,0.2401052713394165,0.1707943081855774,0.9737507700920105,4990,1094,18.359763052356598,4.025166488833291,0.31807368993759155,MODERATE
2024-05-20,Vellarimala,627340,9.734752,72.54413199999999,89.38362930000001,153.18844676999998,0.5,0.28822436928749084,0.2474726140499115,0.9893639087677002,13205,3591,21.44783004158004,5.832575363825364,0.3517570585012436,MODERATE
2024-05-20,Kottappadi Part,627337,9.734752,72.54413199999999,89.38362930000001,153.18844676999998,0.5,0.2568320631980896,0.18591204285621643,0.983701765537262,10215,2767,18.140649973361747,4.91386965015095,0.3297824442386627,MODERATE
2024-05-21,Thrikkaipatta Part,627338,18.150656,36.694038000000006,99.1036903,171.33910277,0.25,0.2401052713394165,0.1707943081855774,0.9737507700920105,4990,1094,18.359763052356598,4.025166488833291,0.24307368993759154,LOW
2024-05-21,Vellarimala,627340,18.150656,36.694038000000006,99.1036903,171.33910277,0.25,0.28822436928749084,0.2474726140499115,0.9893639087677002,13205,3591,21.44783004158004,5.832575363825364,0.2767570585012436,MODERATE
2024-05-21,Kottappadi Part,627337,18.150656,36.694038000000006,99.1036903,171.33910277,0.25,0.2568320631980896,0.18591204285621643,0.983701765537262,10215,2767,18.140649973361747,4.91386965015095,0.2547824442386627,MODERATE
2024-05-22,Thrikkaipatta Part,627338,6.0240116,33.9094196,102.9392096,177.36311437,0.25,0.2401052713394165,0.1707943081855774,0.9737507700920105,4990,1094,18.359763052356598,4.025166488833291,0.24307368993759154,LOW
2024-05-22,Vellarimala,627340,6.0240116,33.9094196,102.9392096,177.36311437,0.25,0.28822436928749084,0.2474726140499115,0.9893639087677002,13205,3591,21.44783004158004,5.832575363825364,0.2767570585012436,MODERATE
2024-05-22,Kottappadi Part,627337,6.0240116,33.9094196,102.9392096,177.36311437,0.25,0.2568320631980896,0.18591204285621643,0.983701765537262,10215,2767,18.140649973361747,4.91386965015095,0.2547824442386627,MODERATE
2024-05-23,Thrikkaipatta Part,627338,48.495323,72.6699906,145.2141226,225.85843737,0.5,0.2401052713394165,0.1707943081855774,0.9737507700920105,4990,1094,18.359763052356598,4.025166488833291,0.31807368993759155,MODERATE
2024-05-23,Vellarimala,627340,48.495323,72.6699906,145.2141226,225.85843737,0.5,0.28822436928749084,0.2474726140499115,0.9893639087677002,13205,3591,21.44783004158004,5.832575363825364,0.3517570585012436,MODERATE
2024-05-23,Kottappadi Part,627337,48.495323,72.6699906,145.2141226,225.85843737,0.5,0.2568320631980896,0.18591204285621643,0.983701765537262,10215,2767,18.140649973361747,4.91386965015095,0.3297824442386627,MODERATE
2024-05-24,Thrikkaipatta Part,627338,12.564771,67.0841056,157.7788936,238.42320837,0.5,0.2401052713394165,0.1707943081855774,0.9737507700920105,4990,1094,18.359763052356598,4.025166488833291,0.31807368993759155,MODERATE
2024-05-24,Vellarimala,627340,12.564771,67.0841056,157.7788936,238.42320837,0.5,0.28822436928749084,0.2474726140499115,0.9893639087677002,13205,3591,21.44783004158004,5.832575363825364,0.3517570585012436,MODERATE
2024-05-24,Kottappadi Part,627337,12.564771,67.0841056,157.7788936,238.42320837,0.5,0.2568320631980896,0.18591204285621643,0.983701765537262,10215,2767,18.140649973361747,4.91386965015095,0.3297824442386627,MODERATE
2024-05-25,Thrikkaipatta Part,627338,2.3928716,63.4529656,106.1710152,240.81607997,0.5,0.2401052713394165,0.1707943081855774,0.9737507700920105,4990,1094,18.359763052356598,4.025166488833291,0.31807368993759155,MODERATE
2024-05-25,Vellarimala,627340,2.3928716,63.4529656,106.1710152,240.81607997,0.5,0.28822436928749084,0.2474726140499115,0.9893639087677002,13205,3591,21.44783004158004,5.832575363825364,0.3517570585012436,MODERATE
2024-05-25,Kottappadi Part,627337,2.3928716,63.4529656,106.1710152,240.81607997,0.5,0.2568320631980896,0.18591204285621643,0.983701765537262,10215,2767,18.140649973361747,4.91386965015095,0.3297824442386627,MODERATE
2024-05-26,Thrikkaipatta Part,627338,0.0,14.9576426,97.3623852,240.81607997,0.25,0.2401052713394165,0.1707943081855774,0.9737507700920105,4990,1094,18.359763052356598,4.025166488833291,0.24307368993759154,LOW
2024-05-26,Vellarimala,627340,0.0,14.9576426,97.3623852,240.81607997,0.25,0.28822436928749084,0.2474726140499115,0.9893639087677002,13205,3591,21.44783004158004,5.832575363825364,0.2767570585012436,MODERATE
2024-05-26,Kottappadi Part,627337,0.0,14.9576426,97.3623852,240.81607997,0.25,0.2568320631980896,0.18591204285621643,0.983701765537262,10215,2767,18.140649973361747,4.91386965015095,0.2547824442386627,MODERATE
2024-05-27,Thrikkaipatta Part,627338,0.0,2.3928716,87.62763320000002,240.81607997,0.25,0.2401052713394165,0.1707943081855774,0.9737507700920105,4990,1094,18.359763052356598,4.025166488833291,0.24307368993759154,LOW
2024-05-27,Vellarimala,627340,0.0,2.3928716,87.62763320000002,240.81607997,0.25,0.28822436928749084,0.2474726140499115,0.9893639087677002,13205,3591,21.44783004158004,5.832575363825364,0.2767570585012436,MODERATE
2024-05-27,Kottappadi Part,627337,0.0,2.3928716,87.62763320000002,240.81607997,0.25,0.2568320631980896,0.18591204285621643,0.983701765537262,10215,2767,18.140649973361747,4.91386965015095,0.2547824442386627,MODERATE
2024-05-28,Thrikkaipatta Part,627338,0.8327861,0.8327861,70.3097633,241.64886607,0.25,0.2401052713394165,0.1707943081855774,0.9737507700920105,4990,1094,18.359763052356598,4.025166488833291,0.24307368993759154,LOW
2024-05-28,Vellarimala,627340,0.8327861,0.8327861,70.3097633,241.64886607,0.25,0.28822436928749084,0.2474726140499115,0.9893639087677002,13205,3591,21.44783004158004,5.832575363825364,0.2767570585012436,MODERATE
2024-05-28,Kottappadi Part,627337,0.8327861,0.8327861,70.3097633,241.64886607,0.25,0.2568320631980896,0.18591204285621643,0.983701765537262,10215,2767,18.140649973361747,4.91386965015095,0.2547824442386627,MODERATE
2024-05-29,Thrikkaipatta Part,627338,0.8327861,1.6655722,65.11853780000001,242.48165217,0.25,0.2401052713394165,0.1707943081855774,0.9737507700920105,4990,1094,18.359763052356598,4.025166488833291,0.24307368993759154,LOW
2024-05-29,Vellarimala,627340,0.8327861,1.6655722,65.11853780000001,242.48165217,0.25,0.28822436928749084,0.2474726140499115,0.9893639087677002,13205,3591,21.44783004158004,5.832575363825364,0.2767570585012436,MODERATE
2024-05-29,Kottappadi Part,627337,0.8327861,1.6655722,65.11853780000001,242.48165217,0.25,0.2568320631980896,0.18591204285621643,0.983701765537262,10215,2767,18.140649973361747,4.91386965015095,0.2547824442386627,MODERATE
2024-05-30,Thrikkaipatta Part,627338,0.0,1.6655722,16.623214800000007,242.48165217,0.25,0.2401052713394165,0.1707943081855774,0.9737507700920105,4990,1094,18.359763052356598,4.025166488833291,0.24307368993759154,LOW
2024-05-30,Vellarimala,627340,0.0,1.6655722,16.623214800000007,242.48165217,0.25,0.28822436928749084,0.2474726140499115,0.9893639087677002,13205,3591,21.44783004158004,5.832575363825364,0.2767570585012436,MODERATE
2024-05-30,Kottappadi Part,627337,0.0,1.6655722,16.623214800000007,242.48165217,0.25,0.2568320631980896,0.18591204285621643,0.983701765537262,10215,2767,18.140649973361747,4.91386965015095,0.2547824442386627,MODERATE
2024-05-31,Thrikkaipatta Part,627338,2.4983582,3.3311443,6.556802000000007,244.98001037,0.25,0.2401052713394165,0.1707943081855774,0.9737507700920105,4990,1094,18.359763052356598,4.025166488833291,0.24307368993759154,LOW
2024-05-31,Vellarimala,627340,2.4983582,3.3311443,6.556802000000007,244.98001037,0.25,0.28822436928749084,0.2474726140499115,0.9893639087677002,13205,3591,21.44783004158004,5.832575363825364,0.2767570585012436,MODERATE
2024-05-31,Kottappadi Part,627337,2.4983582,3.3311443,6.556802000000007,244.98001037,0.25,0.2568320631980896,0.18591204285621643,0.983701765537262,10215,2767,18.140649973361747,4.91386965015095,0.2547824442386627,MODERATE
2024-06-01,Thrikkaipatta Part,627338,0.0,2.4983582,4.163930400000007,244.98001037,0.25,0.2401052713394165,0.1707943081855774,0.9737507700920105,4990,1094,18.359763052356598,4.025166488833291,0.24307368993759154,LOW
2024-06-01,Vellarimala,627340,0.0,2.4983582,4.163930400000007,244.98001037,0.25,0.28822436928749084,0.2474726140499115,0.9893639087677002,13205,3591,21.44783004158004,5.832575363825364,0.2767570585012436,MODERATE
2024-06-01,Kottappadi Part,627337,0.0,2.4983582,4.163930400000007,244.98001037,0.25,0.2568320631980896,0.18591204285621643,0.983701765537262,10215,2767,18.140649973361747,4.91386965015095,0.2547824442386627,MODERATE
2024-06-02,Thrikkaipatta Part,627338,3.487867,5.9862252,7.651797400000007,248.46787737,0.25,0.2401052713394165,0.1707943081855774,0.9737507700920105,4990,1094,18.359763052356598,4.025166488833291,0.24307368993759154,LOW
2024-06-02,Vellarimala,627340,3.487867,5.9862252,7.651797400000007,248.46787737,0.25,0.28822436928749084,0.2474726140499115,0.9893639087677002,13205,3591,21.44783004158004,5.832575363825364,0.2767570585012436,MODERATE
2024-06-02,Kottappadi Part,627337,3.487867,5.9862252,7.651797400000007,248.46787737,0.25,0.2568320631980896,0.18591204285621643,0.983701765537262,10215,2767,18.140649973361747,4.91386965015095,0.2547824442386627,MODERATE
2024-06-03,Thrikkaipatta Part,627338,34.86088,38.348747,42.51267740000001,281.14044077,0.25,0.2401052713394165,0.1707943081855774,0.9737507700920105,4990,1094,18.359763052356598,4.025166488833291,0.24307368993759154,LOW
2024-06-03,Vellarimala,627340,34.86088,38.348747,42.51267740000001,281.14044077,0.25,0.28822436928749084,0.2474726140499115,0.9893639087677002,13205,3591,21.44783004158004,5.832575363825364,0.2767570585012436,MODERATE
2024-06-03,Kottappadi Part,627337,34.86088,38.348747,42.51267740000001,281.14044077,0.25,0.2568320631980896,0.18591204285621643,0.983701765537262,10215,2767,18.140649973361747,4.91386965015095,0.2547824442386627,MODERATE
2024-06-04,Thrikkaipatta Part,627338,51.158585,89.507332,92.8384763,332.29902577,0.75,0.2401052713394165,0.1707943081855774,0.9737507700920105,4990,1094,18.359763052356598,4.025166488833291,0.3930736899375915,MODERATE
2024-06-04,Vellarimala,627340,51.158585,89.507332,92.8384763,332.29902577,0.75,0.28822436928749084,0.2474726140499115,0.9893639087677002,13205,3591,21.44783004158004,5.832575363825364,0.42675705850124357,MODERATE
2024-06-04,Kottappadi Part,627337,51.158585,89.507332,92.8384763,332.29902577,0.75,0.2568320631980896,0.18591204285621643,0.983701765537262,10215,2767,18.140649973361747,4.91386965015095,0.4047824442386627,MODERATE
2024-06-05,Thrikkaipatta Part,627338,0.0,86.01946500000001,92.00569020000002,331.76502120000004,0.5,0.2401052713394165,0.1707943081855774,0.9737507700920105,4990,1094,18.359763052356598,4.025166488833291,0.31807368993759155,MODERATE
2024-06-05,Vellarimala,627340,0.0,86.01946500000001,92.00569020000002,331.76502120000004,0.5,0.28822436928749084,0.2474726140499115,0.9893639087677002,13205,3591,21.44783004158004,5.832575363825364,0.3517570585012436,MODERATE
2024-06-05,Kottappadi Part,627337,0.0,86.01946500000001,92.00569020000002,331.76502120000004,0.5,0.2568320631980896,0.18591204285621643,0.983701765537262,10215,2767,18.140649973361747,4.91386965015095,0.3297824442386627,MODERATE
2024-06-06,Thrikkaipatta Part,627338,0.0,51.158585,92.00569020000002,321.29742120000003,0.5,0.2401052713394165,0.1707943081855774,0.9737507700920105,4990,1094,18.359763052356598,4.025166488833291,0.31807368993759155,MODERATE
2024-06-06,Vellarimala,627340,0.0,51.158585,92.00569020000002,321.29742120000003,0.5,0.28822436928749084,0.2474726140499115,0.9893639087677002,13205,3591,21.44783004158004,5.832575363825364,0.3517570585012436,MODERATE
2024-06-06,Kottappadi Part,627337,0.0,51.158585,92.00569020000002,321.29742120000003,0.5,0.2568320631980896,0.18591204285621643,0.983701765537262,10215,2767,18.140649973361747,4.91386965015095,0.3297824442386627,MODERATE
2024-06-07,Thrikkaipatta Part,627338,38.956554,38.956554,128.463886,360.2539752,0.5,0.2401052713394165,0.1707943081855774,0.9737507700920105,4990,1094,18.359763052356598,4.025166488833291,0.31807368993759155,MODERATE
2024-06-07,Vellarimala,627340,38.956554,38.956554,128.463886,360.2539752,0.5,0.28822436928749084,0.2474726140499115,0.9893639087677002,13205,3591,21.44783004158004,5.832575363825364,0.3517570585012436,MODERATE
2024-06-07,Kottappadi Part,627337,38.956554,38.956554,128.463886,360.2539752,0.5,0.2568320631980896,0.18591204285621643,0.983701765537262,10215,2767,18.140649973361747,4.91386965015095,0.3297824442386627,MODERATE
2024-06-08,Thrikkaipatta Part,627338,32.449482,71.406036,160.913368,381.2435412,0.75,0.2401052713394165,0.1707943081855774,0.9737507700920105,4990,1094,18.359763052356598,4.025166488833291,0.3930736899375915,MODERATE
2024-06-08,Vellarimala,627340,32.449482,71.406036,160.913368,381.2435412,0.75,0.28822436928749084,0.2474726140499115,0.9893639087677002,13205,3591,21.44783004158004,5.832575363825364,0.42675705850124357,MODERATE
2024-06-08,Kottappadi Part,627337,32.449482,71.406036,160.913368,381.2435412,0.75,0.2568320631980896,0.18591204285621643,0.983701765537262,10215,2767,18.140649973361747,4.91386965015095,0.4047824442386627,MODERATE
2024-06-09,Thrikkaipatta Part,627338,32.10385,103.509886,189.529351,410.9408862,0.75,0.2401052713394165,0.1707943081855774,0.9737507700920105,4990,1094,18.359763052356598,4.025166488833291,0.3930736899375915,MODERATE
2024-06-09,Vellarimala,627340,32.10385,103.509886,189.529351,410.9408862,0.75,0.28822436928749084,0.2474726140499115,0.9893639087677002,13205,3591,21.44783004158004,5.832575363825364,0.42675705850124357,MODERATE
2024-06-09,Kottappadi Part,627337,32.10385,103.509886,189.529351,410.9408862,0.75,0.2568320631980896,0.18591204285621643,0.983701765537262,10215,2767,18.140649973361747,4.91386965015095,0.4047824442386627,MODERATE
2024-06-10,Thrikkaipatta Part,627338,70.977356,135.530688,225.645827,474.2631376,1.0,0.2401052713394165,0.1707943081855774,0.9737507700920105,4990,1094,18.359763052356598,4.025166488833291,0.4680736899375915,MODERATE
2024-06-10,Vellarimala,627340,70.977356,135.530688,225.645827,474.2631376,1.0,0.28822436928749084,0.2474726140499115,0.9893639087677002,13205,3591,21.44783004158004,5.832575363825364,0.5017570585012436,HIGH
2024-06-10,Kottappadi Part,627337,70.977356,135.530688,225.645827,474.2631376,1.0,0.2568320631980896,0.18591204285621643,0.983701765537262,10215,2767,18.140649973361747,4.91386965015095,0.4797824442386627,MODERATE
2024-06-11,Thrikkaipatta Part,627338,40.967068,144.048274,215.45431,509.2611709,0.75,0.2401052713394165,0.1707943081855774,0.9737507700920105,4990,1094,18.359763052356598,4.025166488833291,0.3930736899375915,MODERATE
2024-06-11,Vellarimala,627340,40.967068,144.048274,215.45431,509.2611709,0.75,0.28822436928749084,0.2474726140499115,0.9893639087677002,13205,3591,21.44783004158004,5.832575363825364,0.42675705850124357,MODERATE
2024-06-11,Kottappadi Part,627337,40.967068,144.048274,215.45431,509.2611709,0.75,0.2568320631980896,0.18591204285621643,0.983701765537262,10215,2767,18.140649973361747,4.91386965015095,0.4047824442386627,MODERATE
2024-06-12,Thrikkaipatta Part,627338,36.4259,148.370324,251.88021,522.5627349,0.75,0.2401052713394165,0.1707943081855774,0.9737507700920105,4990,1094,18.359763052356598,4.025166488833291,0.3930736899375915,MODERATE
2024-06-12,Vellarimala,627340,36.4259,148.370324,251.88021,522.5627349,0.75,0.28822436928749084,0.2474726140499115,0.9893639087677002,13205,3591,21.44783004158004,5.832575363825364,0.42675705850124357,MODERATE
2024-06-12,Kottappadi Part,627337,36.4259,148.370324,251.88021,522.5627349,0.75,0.2568320631980896,0.18591204285621643,0.983701765537262,10215,2767,18.140649973361747,4.91386965015095,0.4047824442386627,MODERATE
2024-06-13,Thrikkaipatta Part,627338,0.14492813,77.53789613,252.02513813,514.27706803,0.75,0.2401052713394165,0.1707943081855774,0.9737507700920105,4990,1094,18.359763052356598,4.025166488833291,0.3930736899375915,MODERATE
2024-06-13,Vellarimala,627340,0.14492813,77.53789613,252.02513813,514.27706803,0.75,0.28822436928749084,0.2474726140499115,0.9893639087677002,13205,3591,21.44783004158004,5.832575363825364,0.42675705850124357,MODERATE
2024-06-13,Kottappadi Part,627337,0.14492813,77.53789613,252.02513813,514.27706803,0.75,0.2568320631980896,0.18591204285621643,0.983701765537262,10215,2767,18.140649973361747,4.91386965015095,0.4047824442386627,MODERATE
2024-06-14,Thrikkaipatta Part,627338,3.4706767,40.04150483,216.53926083,515.55925243,0.5,0.2401052713394165,0.1707943081855774,0.9737507700920105,4990,1094,18.359763052356598,4.025166488833291,0.31807368993759155,MODERATE
2024-06-14,Vellarimala,627340,3.4706767,40.04150483,216.53926083,515.55925243,0.5,0.28822436928749084,0.2474726140499115,0.9893639087677002,13205,3591,21.44783004158004,5.832575363825364,0.3517570585012436,MODERATE
2024-06-14,Kottappadi Part,627337,3.4706767,40.04150483,216.53926083,515.55925243,0.5,0.2568320631980896,0.18591204285621643,0.983701765537262,10215,2767,18.140649973361747,4.91386965015095,0.3297824442386627,MODERATE
2024-06-15,Thrikkaipatta Part,627338,0.0,3.61560483,184.08977883,509.33884243,0.5,0.2401052713394165,0.1707943081855774,0.9737507700920105,4990,1094,18.359763052356598,4.025166488833291,0.31807368993759155,MODERATE
2024-06-15,Vellarimala,627340,0.0,3.61560483,184.08977883,509.33884243,0.5,0.28822436928749084,0.2474726140499115,0.9893639087677002,13205,3591,21.44783004158004,5.832575363825364,0.3517570585012436,MODERATE
2024-06-15,Kottappadi Part,627337,0.0,3.61560483,184.08977883,509.33884243,0.5,0.2568320631980896,0.18591204285621643,0.983701765537262,10215,2767,18.140649973361747,4.91386965015095,0.3297824442386627,MODERATE
2024-06-16,Thrikkaipatta Part,627338,0.0,3.4706767,151.98592882999998,509.33884243,0.5,0.2401052713394165,0.1707943081855774,0.9737507700920105,4990,1094,18.359763052356598,4.025166488833291,0.31807368993759155,MODERATE
2024-06-16,Vellarimala,627340,0.0,3.4706767,151.98592882999998,509.33884243,0.5,0.28822436928749084,0.2474726140499115,0.9893639087677002,13205,3591,21.44783004158004,5.832575363825364,0.3517570585012436,MODERATE
2024-06-16,Kottappadi Part,627337,0.0,3.4706767,151.98592882999998,509.33884243,0.5,0.2568320631980896,0.18591204285621643,0.983701765537262,10215,2767,18.140649973361747,4.91386965015095,0.3297824442386627,MODERATE
2024-06-17,Thrikkaipatta Part,627338,0.0,0.0,81.00857282999999,455.33809243,0.5,0.2401052713394165,0.1707943081855774,0.9737507700920105,4990,1094,18.359763052356598,4.025166488833291,0.31807368993759155,MODERATE
2024-06-17,Vellarimala,627340,0.0,0.0,81.00857282999999,455.33809243,0.5,0.28822436928749084,0.2474726140499115,0.9893639087677002,13205,3591,21.44783004158004,5.832575363825364,0.3517570585012436,MODERATE
2024-06-17,Kottappadi Part,627337,0.0,0.0,81.00857282999999,455.33809243,0.5,0.2568320631980896,0.18591204285621643,0.983701765537262,10215,2767,18.140649973361747,4.91386965015095,0.3297824442386627,MODERATE
2024-06-18,Thrikkaipatta Part,627338,19.023363,19.023363,59.06486783,465.55282543,0.25,0.2401052713394165,0.1707943081855774,0.9737507700920105,4990,1094,18.359763052356598,4.025166488833291,0.24307368993759154,LOW
2024-06-18,Vellarimala,627340,19.023363,19.023363,59.06486783,465.55282543,0.25,0.28822436928749084,0.2474726140499115,0.9893639087677002,13205,3591,21.44783004158004,5.832575363825364,0.2767570585012436,MODERATE
2024-06-18,Kottappadi Part,627337,19.023363,19.023363,59.06486783,465.55282543,0.25,0.2568320631980896,0.18591204285621643,0.983701765537262,10215,2767,18.140649973361747,4.91386965015095,0.2547824442386627,MODERATE
2024-06-19,Thrikkaipatta Part,627338,109.75091,128.774273,132.38987783,565.56898343,1.0,0.2401052713394165,0.1707943081855774,0.9737507700920105,4990,1094,18.359763052356598,4.025166488833291,0.4680736899375915,MODERATE
2024-06-19,Vellarimala,627340,109.75091,128.774273,132.38987783,565.56898343,1.0,0.28822436928749084,0.2474726140499115,0.9893639087677002,13205,3591,21.44783004158004,5.832575363825364,0.5017570585012436,HIGH
2024-06-19,Kottappadi Part,627337,109.75091,128.774273,132.38987783,565.56898343,1.0,0.2568320631980896,0.18591204285621643,0.983701765537262,10215,2767,18.140649973361747,4.91386965015095,0.4797824442386627,MODERATE
2024-06-20,Thrikkaipatta Part,627338,98.30468,227.078953,230.5496297,645.72300743,1.0,0.2401052713394165,0.1707943081855774,0.9737507700920105,4990,1094,18.359763052356598,4.025166488833291,0.4680736899375915,MODERATE
2024-06-20,Vellarimala,627340,98.30468,227.078953,230.5496297,645.72300743,1.0,0.28822436928749084,0.2474726140499115,0.9893639087677002,13205,3591,21.44783004158004,5.832575363825364,0.5017570585012436,HIGH
2024-06-20,Kottappadi Part,627337,98.30468,227.078953,230.5496297,645.72300743,1.0,0.2568320631980896,0.18591204285621643,0.983701765537262,10215,2767,18.140649973361747,4.91386965015095,0.4797824442386627,MODERATE
2024-06-21,Thrikkaipatta Part,627338,8.385832,216.441422,235.464785,648.08482783,1.0,0.2401052713394165,0.1707943081855774,0.9737507700920105,4990,1094,18.359763052356598,4.025166488833291,0.4680736899375915,MODERATE
2024-06-21,Vellarimala,627340,8.385832,216.441422,235.464785,648.08482783,1.0,0.28822436928749084,0.2474726140499115,0.9893639087677002,13205,3591,21.44783004158004,5.832575363825364,0.5017570585012436,HIGH
2024-06-21,Kottappadi Part,627337,8.385832,216.441422,235.464785,648.08482783,1.0,0.2568320631980896,0.18591204285621643,0.983701765537262,10215,2767,18.140649973361747,4.91386965015095,0.4797824442386627,MODERATE
2024-06-22,Thrikkaipatta Part,627338,1.7888039,108.4793159,237.2535889,601.3783087300001,0.75,0.2401052713394165,0.1707943081855774,0.9737507700920105,4990,1094,18.359763052356598,4.025166488833291,0.3930736899375915,MODERATE
2024-06-22,Vellarimala,627340,1.7888039,108.4793159,237.2535889,601.3783087300001,0.75,0.28822436928749084,0.2474726140499115,0.9893639087677002,13205,3591,21.44783004158004,5.832575363825364,0.42675705850124357,MODERATE
2024-06-22,Kottappadi Part,627337,1.7888039,108.4793159,237.2535889,601.3783087300001,0.75,0.2568320631980896,0.18591204285621643,0.983701765537262,10215,2767,18.140649973361747,4.91386965015095,0.4047824442386627,MODERATE
2024-06-23,Thrikkaipatta Part,627338,52.03978,62.2144159,289.2933689,640.8533177300001,1.0,0.2401052713394165,0.1707943081855774,0.9737507700920105,4990,1094,18.359763052356598,4.025166488833291,0.4680736899375915,MODERATE
2024-06-23,Vellarimala,627340,52.03978,62.2144159,289.2933689,640.8533177300001,1.0,0.28822436928749084,0.2474726140499115,0.9893639087677002,13205,3591,21.44783004158004,5.832575363825364,0.5017570585012436,HIGH
2024-06-23,Kottappadi Part,627337,52.03978,62.2144159,289.2933689,640.8533177300001,1.0,0.2568320631980896,0.18591204285621643,0.983701765537262,10215,2767,18.140649973361747,4.91386965015095,0.4797824442386627,MODERATE
2024-06-24,Thrikkaipatta Part,627338,54.29142,108.1200039,343.58478890000004,692.75186613,1.0,0.2401052713394165,0.1707943081855774,0.9737507700920105,4990,1094,18.359763052356598,4.025166488833291,0.4680736899375915,MODERATE
2024-06-24,Vellarimala,627340,54.29142,108.1200039,343.58478890000004,692.75186613,1.0,0.28822436928749084,0.2474726140499115,0.9893639087677002,13205,3591,21.44783004158004,5.832575363825364,0.5017570585012436,HIGH
2024-06-24,Kottappadi Part,627337,54.29142,108.1200039,343.58478890000004,692.75186613,1.0,0.2568320631980896,0.18591204285621643,0.983701765537262,10215,2767,18.140649973361747,4.91386965015095,0.4797824442386627,MODERATE
2024-06-25,Thrikkaipatta Part,627338,52.973255,159.304455,377.5346809,745.72512113,1.0,0.2401052713394165,0.1707943081855774,0.9737507700920105,4990,1094,18.359763052356598,4.025166488833291,0.4680736899375915,MODERATE
2024-06-25,Vellarimala,627340,52.973255,159.304455,377.5346809,745.72512113,1.0,0.28822436928749084,0.2474726140499115,0.9893639087677002,13205,3591,21.44783004158004,5.832575363825364,0.5017570585012436,HIGH
2024-06-25,Kottappadi Part,627337,52.973255,159.304455,377.5346809,745.72512113,1.0,0.2568320631980896,0.18591204285621643,0.983701765537262,10215,2767,18.140649973361747,4.91386965015095,0.4797824442386627,MODERATE
2024-06-26,Thrikkaipatta Part,627338,167.22379,274.488465,435.0075609,912.94891113,1.0,0.2401052713394165,0.1707943081855774,0.9737507700920105,4990,1094,18.359763052356598,4.025166488833291,0.4680736899375915,MODERATE
2024-06-26,Vellarimala,627340,167.22379,274.488465,435.0075609,912.94891113,1.0,0.28822436928749084,0.2474726140499115,0.9893639087677002,13205,3591,21.44783004158004,5.832575363825364,0.5017570585012436,HIGH
2024-06-26,Kottappadi Part,627337,167.22379,274.488465,435.0075609,912.94891113,1.0,0.2568320631980896,0.18591204285621643,0.983701765537262,10215,2767,18.140649973361747,4.91386965015095,0.4797824442386627,MODERATE
2024-06-27,Thrikkaipatta Part,627338,49.79133,269.988375,386.4942109,961.90745503,1.0,0.2401052713394165,0.1707943081855774,0.9737507700920105,4990,1094,18.359763052356598,4.025166488833291,0.4680736899375915,MODERATE
2024-06-27,Vellarimala,627340,49.79133,269.988375,386.4942109,961.90745503,1.0,0.28822436928749084,0.2474726140499115,0.9893639087677002,13205,3591,21.44783004158004,5.832575363825364,0.5017570585012436,HIGH
2024-06-27,Kottappadi Part,627337,49.79133,269.988375,386.4942109,961.90745503,1.0,0.2568320631980896,0.18591204285621643,0.983701765537262,10215,2767,18.140649973361747,4.91386965015095,0.4797824442386627,MODERATE
2024-06-28,Thrikkaipatta Part,627338,14.683394,231.698514,392.7917729,975.75806293,1.0,0.2401052713394165,0.1707943081855774,0.9737507700920105,4990,1094,18.359763052356598,4.025166488833291,0.4680736899375915,MODERATE
2024-06-28,Vellarimala,627340,14.683394,231.698514,392.7917729,975.75806293,1.0,0.28822436928749084,0.2474726140499115,0.9893639087677002,13205,3591,21.44783004158004,5.832575363825364,0.5017570585012436,HIGH
2024-06-28,Kottappadi Part,627337,14.683394,231.698514,392.7917729,975.75806293,1.0,0.2568320631980896,0.18591204285621643,0.983701765537262,10215,2767,18.140649973361747,4.91386965015095,0.4797824442386627,MODERATE
2024-06-29,Thrikkaipatta Part,627338,163.38863,227.863354,554.391599,1139.14669293,1.0,0.2401052713394165,0.1707943081855774,0.9737507700920105,4990,1094,18.359763052356598,4.025166488833291,0.4680736899375915,MODERATE
2024-06-29,Vellarimala,627340,163.38863,227.863354,554.391599,1139.14669293,1.0,0.28822436928749084,0.2474726140499115,0.9893639087677002,13205,3591,21.44783004158004,5.832575363825364,0.5017570585012436,HIGH
2024-06-29,Kottappadi Part,627337,163.38863,227.863354,554.391599,1139.14669293,1.0,0.2568320631980896,0.18591204285621643,0.983701765537262,10215,2767,18.140649973361747,4.91386965015095,0.4797824442386627,MODERATE
2024-06-30,Thrikkaipatta Part,627338,30.251976,208.324,532.603795,1166.90031073,1.0,0.2401052713394165,0.1707943081855774,0.9737507700920105,4990,1094,18.359763052356598,4.025166488833291,0.4680736899375915,MODERATE
2024-06-30,Vellarimala,627340,30.251976,208.324,532.603795,1166.90031073,1.0,0.28822436928749084,0.2474726140499115,0.9893639087677002,13205,3591,21.44783004158004,5.832575363825364,0.5017570585012436,HIGH
2024-06-30,Kottappadi Part,627337,30.251976,208.324,532.603795,1166.90031073,1.0,0.2568320631980896,0.18591204285621643,0.983701765537262,10215,2767,18.140649973361747,4.91386965015095,0.4797824442386627,MODERATE
2024-07-01,Thrikkaipatta Part,627338,43.050735,236.691341,521.36311,1209.95104573,1.0,0.2401052713394165,0.1707943081855774,0.9737507700920105,4990,1094,18.359763052356598,4.025166488833291,0.4680736899375915,MODERATE
2024-07-01,Vellarimala,627340,43.050735,236.691341,521.36311,1209.95104573,1.0,0.28822436928749084,0.2474726140499115,0.9893639087677002,13205,3591,21.44783004158004,5.832575363825364,0.5017570585012436,HIGH
2024-07-01,Kottappadi Part,627337,43.050735,236.691341,521.36311,1209.95104573,1.0,0.2568320631980896,0.18591204285621643,0.983701765537262,10215,2767,18.140649973361747,4.91386965015095,0.4797824442386627,MODERATE
2024-07-02,Thrikkaipatta Part,627338,23.928917,97.231628,492.318772,1230.39209573,0.75,0.2401052713394165,0.1707943081855774,0.9737507700920105,4990,1094,18.359763052356598,4.025166488833291,0.3930736899375915,MODERATE
2024-07-02,Vellarimala,627340,23.928917,97.231628,492.318772,1230.39209573,0.75,0.28822436928749084,0.2474726140499115,0.9893639087677002,13205,3591,21.44783004158004,5.832575363825364,0.42675705850124357,MODERATE
2024-07-02,Kottappadi Part,627337,23.928917,97.231628,492.318772,1230.39209573,0.75,0.2568320631980896,0.18591204285621643,0.983701765537262,10215,2767,18.140649973361747,4.91386965015095,0.4047824442386627,MODERATE
2024-07-03,Thrikkaipatta Part,627338,19.053337,86.032989,344.148319,1214.58455273,0.75,0.2401052713394165,0.1707943081855774,0.9737507700920105,4990,1094,18.359763052356598,4.025166488833291,0.3930736899375915,MODERATE
2024-07-03,Vellarimala,627340,19.053337,86.032989,344.148319,1214.58455273,0.75,0.28822436928749084,0.2474726140499115,0.9893639087677002,13205,3591,21.44783004158004,5.832575363825364,0.42675705850124357,MODERATE
2024-07-03,Kottappadi Part,627337,19.053337,86.032989,344.148319,1214.58455273,0.75,0.2568320631980896,0.18591204285621643,0.983701765537262,10215,2767,18.140649973361747,4.91386965015095,0.4047824442386627,MODERATE
2024-07-04,Thrikkaipatta Part,627338,21.381186,64.36344,315.738175,1184.8071537300002,0.75,0.2401052713394165,0.1707943081855774,0.9737507700920105,4990,1094,18.359763052356598,4.025166488833291,0.3930736899375915,MODERATE
2024-07-04,Vellarimala,627340,21.381186,64.36344,315.738175,1184.8071537300002,0.75,0.28822436928749084,0.2474726140499115,0.9893639087677002,13205,3591,21.44783004158004,5.832575363825364,0.42675705850124357,MODERATE
2024-07-04,Kottappadi Part,627337,21.381186,64.36344,315.738175,1184.8071537300002,0.75,0.2568320631980896,0.18591204285621643,0.983701765537262,10215,2767,18.140649973361747,4.91386965015095,0.4047824442386627,MODERATE
2024-07-05,Thrikkaipatta Part,627338,0.44817606,40.88269906,301.50295706,1185.25532979,0.75,0.2401052713394165,0.1707943081855774,0.9737507700920105,4990,1094,18.359763052356598,4.025166488833291,0.3930736899375915,MODERATE
2024-07-05,Vellarimala,627340,0.44817606,40.88269906,301.50295706,1185.25532979,0.75,0.28822436928749084,0.2474726140499115,0.9893639087677002,13205,3591,21.44783004158004,5.832575363825364,0.42675705850124357,MODERATE
2024-07-05,Kottappadi Part,627337,0.44817606,40.88269906,301.50295706,1185.25532979,0.75,0.2568320631980896,0.18591204285621643,0.983701765537262,10215,2767,18.140649973361747,4.91386965015095,0.4047824442386627,MODERATE
2024-07-06,Thrikkaipatta Part,627338,31.859459,53.68882106,169.97378606,1217.11478879,0.75,0.2401052713394165,0.1707943081855774,0.9737507700920105,4990,1094,18.359763052356598,4.025166488833291,0.3930736899375915,MODERATE
2024-07-06,Vellarimala,627340,31.859459,53.68882106,169.97378606,1217.11478879,0.75,0.28822436928749084,0.2474726140499115,0.9893639087677002,13205,3591,21.44783004158004,5.832575363825364,0.42675705850124357,MODERATE
2024-07-06,Kottappadi Part,627337,31.859459,53.68882106,169.97378606,1217.11478879,0.75,0.2568320631980896,0.18591204285621643,0.983701765537262,10215,2767,18.140649973361747,4.91386965015095,0.4047824442386627,MODERATE
2024-07-07,Thrikkaipatta Part,627338,15.373361,47.68099606,155.09517105999998,1193.53159579,0.75,0.2401052713394165,0.1707943081855774,0.9737507700920105,4990,1094,18.359763052356598,4.025166488833291,0.3930736899375915,MODERATE
2024-07-07,Vellarimala,627340,15.373361,47.68099606,155.09517105999998,1193.53159579,0.75,0.28822436928749084,0.2474726140499115,0.9893639087677002,13205,3591,21.44783004158004,5.832575363825364,0.42675705850124357,MODERATE
2024-07-07,Kottappadi Part,627337,15.373361,47.68099606,155.09517105999998,1193.53159579,0.75,0.2568320631980896,0.18591204285621643,0.983701765537262,10215,2767,18.140649973361747,4.91386965015095,0.4047824442386627,MODERATE
2024-07-08,Thrikkaipatta Part,627338,8.058599,55.291419,120.10303506,1169.14071279,0.75,0.2401052713394165,0.1707943081855774,0.9737507700920105,4990,1094,18.359763052356598,4.025166488833291,0.3930736899375915,MODERATE
2024-07-08,Vellarimala,627340,8.058599,55.291419,120.10303506,1169.14071279,0.75,0.28822436928749084,0.2474726140499115,0.9893639087677002,13205,3591,21.44783004158004,5.832575363825364,0.42675705850124357,MODERATE
2024-07-08,Kottappadi Part,627337,8.058599,55.291419,120.10303506,1169.14071279,0.75,0.2568320631980896,0.18591204285621643,0.983701765537262,10215,2767,18.140649973361747,4.91386965015095,0.4047824442386627,MODERATE
2024-07-09,Thrikkaipatta Part,627338,36.429306,59.86126599999999,132.60342406,1173.46616879,0.75,0.2401052713394165,0.1707943081855774,0.9737507700920105,4990,1094,18.359763052356598,4.025166488833291,0.3930736899375915,MODERATE
2024-07-09,Vellarimala,627340,36.429306,59.86126599999999,132.60342406,1173.46616879,0.75,0.28822436928749084,0.2474726140499115,0.9893639087677002,13205,3591,21.44783004158004,5.832575363825364,0.42675705850124357,MODERATE
2024-07-09,Kottappadi Part,627337,36.429306,59.86126599999999,132.60342406,1173.46616879,0.75,0.2568320631980896,0.18591204285621643,0.983701765537262,10215,2767,18.140649973361747,4.91386965015095,0.4047824442386627,MODERATE
2024-07-10,Thrikkaipatta Part,627338,3.4087226,47.8966276,116.95880966,1105.89753539,0.5,0.2401052713394165,0.1707943081855774,0.9737507700920105,4990,1094,18.359763052356598,4.025166488833291,0.31807368993759155,MODERATE
2024-07-10,Vellarimala,627340,3.4087226,47.8966276,116.95880966,1105.89753539,0.5,0.28822436928749084,0.2474726140499115,0.9893639087677002,13205,3591,21.44783004158004,5.832575363825364,0.3517570585012436,MODERATE
2024-07-10,Kottappadi Part,627337,3.4087226,47.8966276,116.95880966,1105.89753539,0.5,0.2568320631980896,0.18591204285621643,0.983701765537262,10215,2767,18.140649973361747,4.91386965015095,0.3297824442386627,MODERATE
2024-07-11,Thrikkaipatta Part,627338,3.9762304,43.814259,99.55385406,1068.90669779,0.5,0.2401052713394165,0.1707943081855774,0.9737507700920105,4990,1094,18.359763052356598,4.025166488833291,0.31807368993759155,MODERATE
2024-07-11,Vellarimala,627340,3.9762304,43.814259,99.55385406,1068.90669779,0.5,0.28822436928749084,0.2474726140499115,0.9893639087677002,13205,3591,21.44783004158004,5.832575363825364,0.3517570585012436,MODERATE
2024-07-11,Kottappadi Part,627337,3.9762304,43.814259,99.55385406,1068.90669779,0.5,0.2568320631980896,0.18591204285621643,0.983701765537262,10215,2767,18.140649973361747,4.91386965015095,0.3297824442386627,MODERATE
2024-07-12,Thrikkaipatta Part,627338,4.500966,11.885919,103.606644,1036.98176379,0.5,0.2401052713394165,0.1707943081855774,0.9737507700920105,4990,1094,18.359763052356598,4.025166488833291,0.31807368993759155,MODERATE
2024-07-12,Vellarimala,627340,4.500966,11.885919,103.606644,1036.98176379,0.5,0.28822436928749084,0.2474726140499115,0.9893639087677002,13205,3591,21.44783004158004,5.832575363825364,0.3517570585012436,MODERATE
2024-07-12,Kottappadi Part,627337,4.500966,11.885919,103.606644,1036.98176379,0.5,0.2568320631980896,0.18591204285621643,0.983701765537262,10215,2767,18.140649973361747,4.91386965015095,0.3297824442386627,MODERATE
2024-07-13,Thrikkaipatta Part,627338,33.914658,42.3918544,105.661843,1070.75149366,0.75,0.2401052713394165,0.1707943081855774,0.9737507700920105,4990,1094,18.359763052356598,4.025166488833291,0.3930736899375915,MODERATE
2024-07-13,Vellarimala,627340,33.914658,42.3918544,105.661843,1070.75149366,0.75,0.28822436928749084,0.2474726140499115,0.9893639087677002,13205,3591,21.44783004158004,5.832575363825364,0.42675705850124357,MODERATE
2024-07-13,Kottappadi Part,627337,33.914658,42.3918544,105.661843,1070.75149366,0.75,0.2568320631980896,0.18591204285621643,0.983701765537262,10215,2767,18.140649973361747,4.91386965015095,0.4047824442386627,MODERATE
2024-07-14,Thrikkaipatta Part,627338,29.861464,68.277088,120.149946,1097.14228096,0.75,0.2401052713394165,0.1707943081855774,0.9737507700920105,4990,1094,18.359763052356598,4.025166488833291,0.3930736899375915,MODERATE
2024-07-14,Vellarimala,627340,29.861464,68.277088,120.149946,1097.14228096,0.75,0.28822436928749084,0.2474726140499115,0.9893639087677002,13205,3591,21.44783004158004,5.832575363825364,0.42675705850124357,MODERATE
2024-07-14,Kottappadi Part,627337,29.861464,68.277088,120.149946,1097.14228096,0.75,0.2568320631980896,0.18591204285621643,0.983701765537262,10215,2767,18.140649973361747,4.91386965015095,0.4047824442386627,MODERATE
2024-07-15,Thrikkaipatta Part,627338,65.392296,129.168418,177.483643,1162.53457696,1.0,0.2401052713394165,0.1707943081855774,0.9737507700920105,4990,1094,18.359763052356598,4.025166488833291,0.4680736899375915,MODERATE
2024-07-15,Vellarimala,627340,65.392296,129.168418,177.483643,1162.53457696,1.0,0.28822436928749084,0.2474726140499115,0.9893639087677002,13205,3591,21.44783004158004,5.832575363825364,0.5017570585012436,HIGH
2024-07-15,Kottappadi Part,627337,65.392296,129.168418,177.483643,1162.53457696,1.0,0.2568320631980896,0.18591204285621643,0.983701765537262,10215,2767,18.140649973361747,4.91386965015095,0.4797824442386627,MODERATE
2024-07-16,Thrikkaipatta Part,627338,80.62756,175.88132000000002,221.681897,1243.16213696,1.0,0.2401052713394165,0.1707943081855774,0.9737507700920105,4990,1094,18.359763052356598,4.025166488833291,0.4680736899375915,MODERATE
2024-07-16,Vellarimala,627340,80.62756,175.88132000000002,221.681897,1243.16213696,1.0,0.28822436928749084,0.2474726140499115,0.9893639087677002,13205,3591,21.44783004158004,5.832575363825364,0.5017570585012436,HIGH
2024-07-16,Kottappadi Part,627337,80.62756,175.88132000000002,221.681897,1243.16213696,1.0,0.2568320631980896,0.18591204285621643,0.983701765537262,10215,2767,18.140649973361747,4.91386965015095,0.4797824442386627,MODERATE
2024-07-17,Thrikkaipatta Part,627338,135.45644,281.476296,353.72961439999995,1378.61857696,1.0,0.2401052713394165,0.1707943081855774,0.9737507700920105,4990,1094,18.359763052356598,4.025166488833291,0.4680736899375915,MODERATE
2024-07-17,Vellarimala,627340,135.45644,281.476296,353.72961439999995,1378.61857696,1.0,0.28822436928749084,0.2474726140499115,0.9893639087677002,13205,3591,21.44783004158004,5.832575363825364,0.5017570585012436,HIGH
2024-07-17,Kottappadi Part,627337,135.45644,281.476296,353.72961439999995,1378.61857696,1.0,0.2568320631980896,0.18591204285621643,0.983701765537262,10215,2767,18.140649973361747,4.91386965015095,0.4797824442386627,MODERATE
2024-07-18,Thrikkaipatta Part,627338,63.711483,279.795483,413.464867,1423.3066969600002,1.0,0.2401052713394165,0.1707943081855774,0.9737507700920105,4990,1094,18.359763052356598,4.025166488833291,0.4680736899375915,MODERATE
2024-07-18,Vellarimala,627340,63.711483,279.795483,413.464867,1423.3066969600002,1.0,0.28822436928749084,0.2474726140499115,0.9893639087677002,13205,3591,21.44783004158004,5.832575363825364,0.5017570585012436,HIGH
2024-07-18,Kottappadi Part,627337,63.711483,279.795483,413.464867,1423.3066969600002,1.0,0.2568320631980896,0.18591204285621643,0.983701765537262,10215,2767,18.140649973361747,4.91386965015095,0.4797824442386627,MODERATE
2024-07-19,Thrikkaipatta Part,627338,68.16634,267.334263,477.130241,1381.72212696,1.0,0.2401052713394165,0.1707943081855774,0.9737507700920105,4990,1094,18.359763052356598,4.025166488833291,0.4680736899375915,MODERATE
2024-07-19,Vellarimala,627340,68.16634,267.334263,477.130241,1381.72212696,1.0,0.28822436928749084,0.2474726140499115,0.9893639087677002,13205,3591,21.44783004158004,5.832575363825364,0.5017570585012436,HIGH
2024-07-19,Kottappadi Part,627337,68.16634,267.334263,477.130241,1381.72212696,1.0,0.2568320631980896,0.18591204285621643,0.983701765537262,10215,2767,18.140649973361747,4.91386965015095,0.4797824442386627,MODERATE
2024-07-20,Thrikkaipatta Part,627338,45.17168,177.04950300000002,488.387263,1328.58912696,1.0,0.2401052713394165,0.1707943081855774,0.9737507700920105,4990,1094,18.359763052356598,4.025166488833291,0.4680736899375915,MODERATE
2024-07-20,Vellarimala,627340,45.17168,177.04950300000002,488.387263,1328.58912696,1.0,0.28822436928749084,0.2474726140499115,0.9893639087677002,13205,3591,21.44783004158004,5.832575363825364,0.5017570585012436,HIGH
2024-07-20,Kottappadi Part,627337,45.17168,177.04950300000002,488.387263,1328.58912696,1.0,0.2568320631980896,0.18591204285621643,0.983701765537262,10215,2767,18.140649973361747,4.91386965015095,0.4797824442386627,MODERATE
2024-07-21,Thrikkaipatta Part,627338,17.814688,131.15270800000002,476.340487,1338.0179829600002,1.0,0.2401052713394165,0.1707943081855774,0.9737507700920105,4990,1094,18.359763052356598,4.025166488833291,0.4680736899375915,MODERATE
2024-07-21,Vellarimala,627340,17.814688,131.15270800000002,476.340487,1338.0179829600002,1.0,0.28822436928749084,0.2474726140499115,0.9893639087677002,13205,3591,21.44783004158004,5.832575363825364,0.5017570585012436,HIGH
2024-07-21,Kottappadi Part,627337,17.814688,131.15270800000002,476.340487,1338.0179829600002,1.0,0.2568320631980896,0.18591204285621643,0.983701765537262,10215,2767,18.140649973361747,4.91386965015095,0.4797824442386627,MODERATE
2024-07-22,Thrikkaipatta Part,627338,20.358707,83.34507500000001,431.306898,1356.58788606,0.75,0.2401052713394165,0.1707943081855774,0.9737507700920105,4990,1094,18.359763052356598,4.025166488833291,0.3930736899375915,MODERATE
2024-07-22,Vellarimala,627340,20.358707,83.34507500000001,431.306898,1356.58788606,0.75,0.28822436928749084,0.2474726140499115,0.9893639087677002,13205,3591,21.44783004158004,5.832575363825364,0.42675705850124357,MODERATE
2024-07-22,Kottappadi Part,627337,20.358707,83.34507500000001,431.306898,1356.58788606,0.75,0.2568320631980896,0.18591204285621643,0.983701765537262,10215,2767,18.140649973361747,4.91386965015095,0.4047824442386627,MODERATE
2024-07-23,Thrikkaipatta Part,627338,35.263893,73.437288,385.943231,1339.81199906,1.0,0.2401052713394165,0.1707943081855774,0.9737507700920105,4990,1094,18.359763052356598,4.025166488833291,0.4680736899375915,MODERATE
2024-07-23,Vellarimala,627340,35.263893,73.437288,385.943231,1339.81199906,1.0,0.28822436928749084,0.2474726140499115,0.9893639087677002,13205,3591,21.44783004158004,5.832575363825364,0.5017570585012436,HIGH
2024-07-23,Kottappadi Part,627337,35.263893,73.437288,385.943231,1339.81199906,1.0,0.2568320631980896,0.18591204285621643,0.983701765537262,10215,2767,18.140649973361747,4.91386965015095,0.4797824442386627,MODERATE
2024-07-24,Thrikkaipatta Part,627338,16.717596,72.34019599999999,267.204387,1302.23817506,0.75,0.2401052713394165,0.1707943081855774,0.9737507700920105,4990,1094,18.359763052356598,4.025166488833291,0.3930736899375915,MODERATE
2024-07-24,Vellarimala,627340,16.717596,72.34019599999999,267.204387,1302.23817506,0.75,0.28822436928749084,0.2474726140499115,0.9893639087677002,13205,3591,21.44783004158004,5.832575363825364,0.42675705850124357,MODERATE
2024-07-24,Kottappadi Part,627337,16.717596,72.34019599999999,267.204387,1302.23817506,0.75,0.2568320631980896,0.18591204285621643,0.983701765537262,10215,2767,18.140649973361747,4.91386965015095,0.4047824442386627,MODERATE
2024-07-25,Thrikkaipatta Part,627338,25.570007,77.551496,229.062911,1274.8349270600002,0.75,0.2401052713394165,0.1707943081855774,0.9737507700920105,4990,1094,18.359763052356598,4.025166488833291,0.3930736899375915,MODERATE
2024-07-25,Vellarimala,627340,25.570007,77.551496,229.062911,1274.8349270600002,0.75,0.28822436928749084,0.2474726140499115,0.9893639087677002,13205,3591,21.44783004158004,5.832575363825364,0.42675705850124357,MODERATE
2024-07-25,Kottappadi Part,627337,25.570007,77.551496,229.062911,1274.8349270600002,0.75,0.2568320631980896,0.18591204285621643,0.983701765537262,10215,2767,18.140649973361747,4.91386965015095,0.4047824442386627,MODERATE
2024-07-26,Thrikkaipatta Part,627338,53.280163,95.567766,214.176734,1160.89130006,1.0,0.2401052713394165,0.1707943081855774,0.9737507700920105,4990,1094,18.359763052356598,4.025166488833291,0.4680736899375915,MODERATE
2024-07-26,Vellarimala,627340,53.280163,95.567766,214.176734,1160.89130006,1.0,0.28822436928749084,0.2474726140499115,0.9893639087677002,13205,3591,21.44783004158004,5.832575363825364,0.5017570585012436,HIGH
2024-07-26,Kottappadi Part,627337,53.280163,95.567766,214.176734,1160.89130006,1.0,0.2568320631980896,0.18591204285621643,0.983701765537262,10215,2767,18.140649973361747,4.91386965015095,0.4797824442386627,MODERATE
2024-07-27,Thrikkaipatta Part,627338,37.820633,116.670803,206.825687,1148.92060306,1.0,0.2401052713394165,0.1707943081855774,0.9737507700920105,4990,1094,18.359763052356598,4.025166488833291,0.4680736899375915,MODERATE
2024-07-27,Vellarimala,627340,37.820633,116.670803,206.825687,1148.92060306,1.0,0.28822436928749084,0.2474726140499115,0.9893639087677002,13205,3591,21.44783004158004,5.832575363825364,0.5017570585012436,HIGH
2024-07-27,Kottappadi Part,627337,37.820633,116.670803,206.825687,1148.92060306,1.0,0.2568320631980896,0.18591204285621643,0.983701765537262,10215,2767,18.140649973361747,4.91386965015095,0.4797824442386627,MODERATE
2024-07-28,Thrikkaipatta Part,627338,4.9700074,96.0708034,193.9810064,1139.20721646,0.75,0.2401052713394165,0.1707943081855774,0.9737507700920105,4990,1094,18.359763052356598,4.025166488833291,0.3930736899375915,MODERATE
2024-07-28,Vellarimala,627340,4.9700074,96.0708034,193.9810064,1139.20721646,0.75,0.28822436928749084,0.2474726140499115,0.9893639087677002,13205,3591,21.44783004158004,5.832575363825364,0.42675705850124357,MODERATE
2024-07-28,Kottappadi Part,627337,4.9700074,96.0708034,193.9810064,1139.20721646,0.75,0.2568320631980896,0.18591204285621643,0.983701765537262,10215,2767,18.140649973361747,4.91386965015095,0.4047824442386627,MODERATE
2024-07-29,Thrikkaipatta Part,627338,6.6006083,49.39124869999999,180.2229077,982.41919476,0.75,0.2401052713394165,0.1707943081855774,0.9737507700920105,4990,1094,18.359763052356598,4.025166488833291,0.3930736899375915,MODERATE
2024-07-29,Vellarimala,627340,6.6006083,49.39124869999999,180.2229077,982.41919476,0.75,0.28822436928749084,0.2474726140499115,0.9893639087677002,13205,3591,21.44783004158004,5.832575363825364,0.42675705850124357,MODERATE
2024-07-29,Kottappadi Part,627337,6.6006083,49.39124869999999,180.2229077,982.41919476,0.75,0.2568320631980896,0.18591204285621643,0.983701765537262,10215,2767,18.140649973361747,4.91386965015095,0.4047824442386627,MODERATE
2024-07-30,Thrikkaipatta Part,627338,179.23581,190.8064257,324.1948247,1131.40302876,1.0,0.2401052713394165,0.1707943081855774,0.9737507700920105,4990,1094,18.359763052356598,4.025166488833291,0.4680736899375915,MODERATE
2024-07-30,Vellarimala,627340,179.23581,190.8064257,324.1948247,1131.40302876,1.0,0.28822436928749084,0.2474726140499115,0.9893639087677002,13205,3591,21.44783004158004,5.832575363825364,0.5017570585012436,HIGH
2024-07-30,Kottappadi Part,627337,179.23581,190.8064257,324.1948247,1131.40302876,1.0,0.2568320631980896,0.18591204285621643,0.983701765537262,10215,2767,18.140649973361747,4.91386965015095,0.4797824442386627,MODERATE
2024-07-31,Thrikkaipatta Part,627338,16.698391,202.5348093,324.1756197,1105.05068476,1.0,0.2401052713394165,0.1707943081855774,0.9737507700920105,4990,1094,18.359763052356598,4.025166488833291,0.4680736899375915,MODERATE
2024-07-31,Vellarimala,627340,16.698391,202.5348093,324.1756197,1105.05068476,1.0,0.28822436928749084,0.2474726140499115,0.9893639087677002,13205,3591,21.44783004158004,5.832575363825364,0.5017570585012436,HIGH
2024-07-31,Kottappadi Part,627337,16.698391,202.5348093,324.1756197,1105.05068476,1.0,0.2568320631980896,0.18591204285621643,0.983701765537262,10215,2767,18.140649973361747,4.91386965015095,0.4797824442386627,MODERATE
2024-08-01,Thrikkaipatta Part,627338,31.606407,227.540608,330.2120197,1112.72817476,1.0,0.2401052713394165,0.1707943081855774,0.9737507700920105,4990,1094,18.359763052356598,4.025166488833291,0.4680736899375915,MODERATE
2024-08-01,Vellarimala,627340,31.606407,227.540608,330.2120197,1112.72817476,1.0,0.28822436928749084,0.2474726140499115,0.9893639087677002,13205,3591,21.44783004158004,5.832575363825364,0.5017570585012436,HIGH
2024-08-01,Kottappadi Part,627337,31.606407,227.540608,330.2120197,1112.72817476,1.0,0.2568320631980896,0.18591204285621643,0.983701765537262,10215,2767,18.140649973361747,4.91386965015095,0.4797824442386627,MODERATE
2024-08-02,Thrikkaipatta Part,627338,42.526188,90.830986,319.4580447,1136.20102576,1.0,0.2401052713394165,0.1707943081855774,0.9737507700920105,4990,1094,18.359763052356598,4.025166488833291,0.4680736899375915,MODERATE
2024-08-02,Vellarimala,627340,42.526188,90.830986,319.4580447,1136.20102576,1.0,0.28822436928749084,0.2474726140499115,0.9893639087677002,13205,3591,21.44783004158004,5.832575363825364,0.5017570585012436,HIGH
2024-08-02,Kottappadi Part,627337,42.526188,90.830986,319.4580447,1136.20102576,1.0,0.2568320631980896,0.18591204285621643,0.983701765537262,10215,2767,18.140649973361747,4.91386965015095,0.4797824442386627,MODERATE
2024-08-03,Thrikkaipatta Part,627338,6.4509993,80.5835943,288.08841099999995,1121.2708390599998,0.75,0.2401052713394165,0.1707943081855774,0.9737507700920105,4990,1094,18.359763052356598,4.025166488833291,0.3930736899375915,MODERATE
2024-08-03,Vellarimala,627340,6.4509993,80.5835943,288.08841099999995,1121.2708390599998,0.75,0.28822436928749084,0.2474726140499115,0.9893639087677002,13205,3591,21.44783004158004,5.832575363825364,0.42675705850124357,MODERATE
2024-08-03,Kottappadi Part,627337,6.4509993,80.5835943,288.08841099999995,1121.2708390599998,0.75,0.2568320631980896,0.18591204285621643,0.983701765537262,10215,2767,18.140649973361747,4.91386965015095,0.4047824442386627,MODERATE
2024-08-04,Thrikkaipatta Part,627338,5.926263,54.90345029999999,289.0446666,1126.748926,0.75,0.2401052713394165,0.1707943081855774,0.9737507700920105,4990,1094,18.359763052356598,4.025166488833291,0.3930736899375915,MODERATE
2024-08-04,Vellarimala,627340,5.926263,54.90345029999999,289.0446666,1126.748926,0.75,0.28822436928749084,0.2474726140499115,0.9893639087677002,13205,3591,21.44783004158004,5.832575363825364,0.42675705850124357,MODERATE
2024-08-04,Kottappadi Part,627337,5.926263,54.90345029999999,289.0446666,1126.748926,0.75,0.2568320631980896,0.18591204285621643,0.983701765537262,10215,2767,18.140649973361747,4.91386965015095,0.4047824442386627,MODERATE
2024-08-05,Thrikkaipatta Part,627338,7.955866,20.3331283,290.39992429999995,1102.845333,0.75,0.2401052713394165,0.1707943081855774,0.9737507700920105,4990,1094,18.359763052356598,4.025166488833291,0.3930736899375915,MODERATE
2024-08-05,Vellarimala,627340,7.955866,20.3331283,290.39992429999995,1102.845333,0.75,0.28822436928749084,0.2474726140499115,0.9893639087677002,13205,3591,21.44783004158004,5.832575363825364,0.42675705850124357,MODERATE
2024-08-05,Kottappadi Part,627337,7.955866,20.3331283,290.39992429999995,1102.845333,0.75,0.2568320631980896,0.18591204285621643,0.983701765537262,10215,2767,18.140649973361747,4.91386965015095,0.4047824442386627,MODERATE
2024-08-06,Thrikkaipatta Part,627338,0.0,13.882129,111.16411429999997,1087.471972,0.5,0.2401052713394165,0.1707943081855774,0.9737507700920105,4990,1094,18.359763052356598,4.025166488833291,0.31807368993759155,MODERATE
2024-08-06,Vellarimala,627340,0.0,13.882129,111.16411429999997,1087.471972,0.5,0.28822436928749084,0.2474726140499115,0.9893639087677002,13205,3591,21.44783004158004,5.832575363825364,0.3517570585012436,MODERATE
2024-08-06,Kottappadi Part,627337,0.0,13.882129,111.16411429999997,1087.471972,0.5,0.2568320631980896,0.18591204285621643,0.983701765537262,10215,2767,18.140649973361747,4.91386965015095,0.3297824442386627,MODERATE
2024-08-07,Thrikkaipatta Part,627338,22.40167,30.357536,116.86739329999996,1101.815043,0.5,0.2401052713394165,0.1707943081855774,0.9737507700920105,4990,1094,18.359763052356598,4.025166488833291,0.31807368993759155,MODERATE
2024-08-07,Vellarimala,627340,22.40167,30.357536,116.86739329999996,1101.815043,0.5,0.28822436928749084,0.2474726140499115,0.9893639087677002,13205,3591,21.44783004158004,5.832575363825364,0.3517570585012436,MODERATE
2024-08-07,Kottappadi Part,627337,22.40167,30.357536,116.86739329999996,1101.815043,0.5,0.2568320631980896,0.18591204285621643,0.983701765537262,10215,2767,18.140649973361747,4.91386965015095,0.3297824442386627,MODERATE
2024-08-08,Thrikkaipatta Part,627338,24.348711,46.750381,109.60969729999997,1089.7344480000002,0.5,0.2401052713394165,0.1707943081855774,0.9737507700920105,4990,1094,18.359763052356598,4.025166488833291,0.31807368993759155,MODERATE
2024-08-08,Vellarimala,627340,24.348711,46.750381,109.60969729999997,1089.7344480000002,0.5,0.28822436928749084,0.2474726140499115,0.9893639087677002,13205,3591,21.44783004158004,5.832575363825364,0.3517570585012436,MODERATE
2024-08-08,Kottappadi Part,627337,24.348711,46.750381,109.60969729999997,1089.7344480000002,0.5,0.2568320631980896,0.18591204285621643,0.983701765537262,10215,2767,18.140649973361747,4.91386965015095,0.3297824442386627,MODERATE
2024-08-09,Thrikkaipatta Part,627338,16.926,63.676381,84.00950929999998,1103.2517254,0.75,0.2401052713394165,0.1707943081855774,0.9737507700920105,4990,1094,18.359763052356598,4.025166488833291,0.3930736899375915,MODERATE
2024-08-09,Vellarimala,627340,16.926,63.676381,84.00950929999998,1103.2517254,0.75,0.28822436928749084,0.2474726140499115,0.9893639087677002,13205,3591,21.44783004158004,5.832575363825364,0.42675705850124357,MODERATE
2024-08-09,Kottappadi Part,627337,16.926,63.676381,84.00950929999998,1103.2517254,0.75,0.2568320631980896,0.18591204285621643,0.983701765537262,10215,2767,18.140649973361747,4.91386965015095,0.4047824442386627,MODERATE
2024-08-10,Thrikkaipatta Part,627338,2.171126,43.445837,79.72963599999997,1101.446621,0.5,0.2401052713394165,0.1707943081855774,0.9737507700920105,4990,1094,18.359763052356598,4.025166488833291,0.31807368993759155,MODERATE
2024-08-10,Vellarimala,627340,2.171126,43.445837,79.72963599999997,1101.446621,0.5,0.28822436928749084,0.2474726140499115,0.9893639087677002,13205,3591,21.44783004158004,5.832575363825364,0.3517570585012436,MODERATE
2024-08-10,Kottappadi Part,627337,2.171126,43.445837,79.72963599999997,1101.446621,0.5,0.2568320631980896,0.18591204285621643,0.983701765537262,10215,2767,18.140649973361747,4.91386965015095,0.3297824442386627,MODERATE
2024-08-11,Thrikkaipatta Part,627338,28.342613,47.439739,102.14598599999998,1125.288268,0.75,0.2401052713394165,0.1707943081855774,0.9737507700920105,4990,1094,18.359763052356598,4.025166488833291,0.3930736899375915,MODERATE
2024-08-11,Vellarimala,627340,28.342613,47.439739,102.14598599999998,1125.288268,0.75,0.28822436928749084,0.2474726140499115,0.9893639087677002,13205,3591,21.44783004158004,5.832575363825364,0.42675705850124357,MODERATE
2024-08-11,Kottappadi Part,627337,28.342613,47.439739,102.14598599999998,1125.288268,0.75,0.2568320631980896,0.18591204285621643,0.983701765537262,10215,2767,18.140649973361747,4.91386965015095,0.4047824442386627,MODERATE
2024-08-12,Thrikkaipatta Part,627338,11.080972,41.594711,105.27109199999998,1102.4545819999998,0.5,0.2401052713394165,0.1707943081855774,0.9737507700920105,4990,1094,18.359763052356598,4.025166488833291,0.31807368993759155,MODERATE
2024-08-12,Vellarimala,627340,11.080972,41.594711,105.27109199999998,1102.4545819999998,0.5,0.28822436928749084,0.2474726140499115,0.9893639087677002,13205,3591,21.44783004158004,5.832575363825364,0.3517570585012436,MODERATE
2024-08-12,Kottappadi Part,627337,11.080972,41.594711,105.27109199999998,1102.4545819999998,0.5,0.2568320631980896,0.18591204285621643,0.983701765537262,10215,2767,18.140649973361747,4.91386965015095,0.3297824442386627,MODERATE
2024-08-13,Thrikkaipatta Part,627338,11.095191,50.518776,116.36628299999998,1083.688309,0.75,0.2401052713394165,0.1707943081855774,0.9737507700920105,4990,1094,18.359763052356598,4.025166488833291,0.3930736899375915,MODERATE
2024-08-13,Vellarimala,627340,11.095191,50.518776,116.36628299999998,1083.688309,0.75,0.28822436928749084,0.2474726140499115,0.9893639087677002,13205,3591,21.44783004158004,5.832575363825364,0.42675705850124357,MODERATE
2024-08-13,Kottappadi Part,627337,11.095191,50.518776,116.36628299999998,1083.688309,0.75,0.2568320631980896,0.18591204285621643,0.983701765537262,10215,2767,18.140649973361747,4.91386965015095,0.4047824442386627,MODERATE
2024-08-14,Thrikkaipatta Part,627338,21.660637,43.8368,115.62524999999998,1039.95665,0.5,0.2401052713394165,0.1707943081855774,0.9737507700920105,4990,1094,18.359763052356598,4.025166488833291,0.31807368993759155,MODERATE
2024-08-14,Vellarimala,627340,21.660637,43.8368,115.62524999999998,1039.95665,0.5,0.28822436928749084,0.2474726140499115,0.9893639087677002,13205,3591,21.44783004158004,5.832575363825364,0.3517570585012436,MODERATE
2024-08-14,Kottappadi Part,627337,21.660637,43.8368,115.62524999999998,1039.95665,0.5,0.2568320631980896,0.18591204285621643,0.983701765537262,10215,2767,18.140649973361747,4.91386965015095,0.3297824442386627,MODERATE
2024-08-15,Thrikkaipatta Part,627338,15.798858,48.554686,107.07539699999997,975.127948,0.5,0.2401052713394165,0.1707943081855774,0.9737507700920105,4990,1094,18.359763052356598,4.025166488833291,0.31807368993759155,MODERATE
2024-08-15,Vellarimala,627340,15.798858,48.554686,107.07539699999997,975.127948,0.5,0.28822436928749084,0.2474726140499115,0.9893639087677002,13205,3591,21.44783004158004,5.832575363825364,0.3517570585012436,MODERATE
2024-08-15,Kottappadi Part,627337,15.798858,48.554686,107.07539699999997,975.127948,0.5,0.2568320631980896,0.18591204285621643,0.983701765537262,10215,2767,18.140649973361747,4.91386965015095,0.3297824442386627,MODERATE
2024-08-16,Thrikkaipatta Part,627338,1.8105004,39.269995400000006,91.95989739999996,841.4820084,0.5,0.2401052713394165,0.1707943081855774,0.9737507700920105,4990,1094,18.359763052356598,4.025166488833291,0.31807368993759155,MODERATE
2024-08-16,Vellarimala,627340,1.8105004,39.269995400000006,91.95989739999996,841.4820084,0.5,0.28822436928749084,0.2474726140499115,0.9893639087677002,13205,3591,21.44783004158004,5.832575363825364,0.3517570585012436,MODERATE
2024-08-16,Kottappadi Part,627337,1.8105004,39.269995400000006,91.95989739999996,841.4820084,0.5,0.2568320631980896,0.18591204285621643,0.983701765537262,10215,2767,18.140649973361747,4.91386965015095,0.3297824442386627,MODERATE
2024-08-17,Thrikkaipatta Part,627338,1.8598741,19.4692325,91.64864549999996,779.6303995,0.5,0.2401052713394165,0.1707943081855774,0.9737507700920105,4990,1094,18.359763052356598,4.025166488833291,0.31807368993759155,MODERATE
2024-08-17,Vellarimala,627340,1.8598741,19.4692325,91.64864549999996,779.6303995,0.5,0.28822436928749084,0.2474726140499115,0.9893639087677002,13205,3591,21.44783004158004,5.832575363825364,0.3517570585012436,MODERATE
2024-08-17,Kottappadi Part,627337,1.8598741,19.4692325,91.64864549999996,779.6303995,0.5,0.2568320631980896,0.18591204285621643,0.983701765537262,10215,2767,18.140649973361747,4.91386965015095,0.3297824442386627,MODERATE
2024-08-18,Thrikkaipatta Part,627338,6.236305,9.9066795,69.54233749999997,717.7003645,0.5,0.2401052713394165,0.1707943081855774,0.9737507700920105,4990,1094,18.359763052356598,4.025166488833291,0.31807368993759155,MODERATE
2024-08-18,Vellarimala,627340,6.236305,9.9066795,69.54233749999997,717.7003645,0.5,0.28822436928749084,0.2474726140499115,0.9893639087677002,13205,3591,21.44783004158004,5.832575363825364,0.3517570585012436,MODERATE
2024-08-18,Kottappadi Part,627337,6.236305,9.9066795,69.54233749999997,717.7003645,0.5,0.2568320631980896,0.18591204285621643,0.983701765537262,10215,2767,18.140649973361747,4.91386965015095,0.3297824442386627,MODERATE
2024-08-19,Thrikkaipatta Part,627338,30.806517,38.9026961,89.26788249999997,703.3352015,0.75,0.2401052713394165,0.1707943081855774,0.9737507700920105,4990,1094,18.359763052356598,4.025166488833291,0.3930736899375915,MODERATE
2024-08-19,Vellarimala,627340,30.806517,38.9026961,89.26788249999997,703.3352015,0.75,0.28822436928749084,0.2474726140499115,0.9893639087677002,13205,3591,21.44783004158004,5.832575363825364,0.42675705850124357,MODERATE
2024-08-19,Kottappadi Part,627337,30.806517,38.9026961,89.26788249999997,703.3352015,0.75,0.2568320631980896,0.18591204285621643,0.983701765537262,10215,2767,18.140649973361747,4.91386965015095,0.4047824442386627,MODERATE
2024-08-20,Thrikkaipatta Part,627338,13.491103,50.533925,91.66379449999997,699.0116165,0.75,0.2401052713394165,0.1707943081855774,0.9737507700920105,4990,1094,18.359763052356598,4.025166488833291,0.3930736899375915,MODERATE
2024-08-20,Vellarimala,627340,13.491103,50.533925,91.66379449999997,699.0116165,0.75,0.28822436928749084,0.2474726140499115,0.9893639087677002,13205,3591,21.44783004158004,5.832575363825364,0.42675705850124357,MODERATE
2024-08-20,Kottappadi Part,627337,13.491103,50.533925,91.66379449999997,699.0116165,0.75,0.2568320631980896,0.18591204285621643,0.983701765537262,10215,2767,18.140649973361747,4.91386965015095,0.4047824442386627,MODERATE
2024-08-21,Thrikkaipatta Part,627338,20.986773,65.284393,90.98993049999996,699.6396825,0.75,0.2401052713394165,0.1707943081855774,0.9737507700920105,4990,1094,18.359763052356598,4.025166488833291,0.3930736899375915,MODERATE
2024-08-21,Vellarimala,627340,20.986773,65.284393,90.98993049999996,699.6396825,0.75,0.28822436928749084,0.2474726140499115,0.9893639087677002,13205,3591,21.44783004158004,5.832575363825364,0.42675705850124357,MODERATE
2024-08-21,Kottappadi Part,627337,20.986773,65.284393,90.98993049999996,699.6396825,0.75,0.2568320631980896,0.18591204285621643,0.983701765537262,10215,2767,18.140649973361747,4.91386965015095,0.4047824442386627,MODERATE
2024-08-22,Thrikkaipatta Part,627338,15.236933,49.714809,90.42800549999995,679.6127225,0.5,0.2401052713394165,0.1707943081855774,0.9737507700920105,4990,1094,18.359763052356598,4.025166488833291,0.31807368993759155,MODERATE
2024-08-22,Vellarimala,627340,15.236933,49.714809,90.42800549999995,679.6127225,0.5,0.28822436928749084,0.2474726140499115,0.9893639087677002,13205,3591,21.44783004158004,5.832575363825364,0.3517570585012436,MODERATE
2024-08-22,Kottappadi Part,627337,15.236933,49.714809,90.42800549999995,679.6127225,0.5,0.2568320631980896,0.18591204285621643,0.983701765537262,10215,2767,18.140649973361747,4.91386965015095,0.3297824442386627,MODERATE
2024-08-23,Thrikkaipatta Part,627338,0.0,36.223706,88.61750509999997,662.8951265000001,0.5,0.2401052713394165,0.1707943081855774,0.9737507700920105,4990,1094,18.359763052356598,4.025166488833291,0.31807368993759155,MODERATE
2024-08-23,Vellarimala,627340,0.0,36.223706,88.61750509999997,662.8951265000001,0.5,0.28822436928749084,0.2474726140499115,0.9893639087677002,13205,3591,21.44783004158004,5.832575363825364,0.3517570585012436,MODERATE
2024-08-23,Kottappadi Part,627337,0.0,36.223706,88.61750509999997,662.8951265000001,0.5,0.2568320631980896,0.18591204285621643,0.983701765537262,10215,2767,18.140649973361747,4.91386965015095,0.3297824442386627,MODERATE
2024-08-24,Thrikkaipatta Part,627338,2.6378906,17.8748236,89.39552159999998,639.9630101,0.5,0.2401052713394165,0.1707943081855774,0.9737507700920105,4990,1094,18.359763052356598,4.025166488833291,0.31807368993759155,MODERATE
2024-08-24,Vellarimala,627340,2.6378906,17.8748236,89.39552159999998,639.9630101,0.5,0.28822436928749084,0.2474726140499115,0.9893639087677002,13205,3591,21.44783004158004,5.832575363825364,0.3517570585012436,MODERATE
2024-08-24,Kottappadi Part,627337,2.6378906,17.8748236,89.39552159999998,639.9630101,0.5,0.2568320631980896,0.18591204285621643,0.983701765537262,10215,2767,18.140649973361747,4.91386965015095,0.3297824442386627,MODERATE
2024-08-25,Thrikkaipatta Part,627338,8.3720455,11.0099361,91.53126209999998,595.0548926,0.5,0.2401052713394165,0.1707943081855774,0.9737507700920105,4990,1094,18.359763052356598,4.025166488833291,0.31807368993759155,MODERATE
2024-08-25,Vellarimala,627340,8.3720455,11.0099361,91.53126209999998,595.0548926,0.5,0.28822436928749084,0.2474726140499115,0.9893639087677002,13205,3591,21.44783004158004,5.832575363825364,0.3517570585012436,MODERATE
2024-08-25,Kottappadi Part,627337,8.3720455,11.0099361,91.53126209999998,595.0548926,0.5,0.2568320631980896,0.18591204285621643,0.983701765537262,10215,2767,18.140649973361747,4.91386965015095,0.3297824442386627,MODERATE
2024-08-26,Thrikkaipatta Part,627338,28.644375,39.6543111,89.36912009999998,585.8786346,0.5,0.2401052713394165,0.1707943081855774,0.9737507700920105,4990,1094,18.359763052356598,4.025166488833291,0.31807368993759155,MODERATE
2024-08-26,Vellarimala,627340,28.644375,39.6543111,89.36912009999998,585.8786346,0.5,0.28822436928749084,0.2474726140499115,0.9893639087677002,13205,3591,21.44783004158004,5.832575363825364,0.3517570585012436,MODERATE
2024-08-26,Kottappadi Part,627337,28.644375,39.6543111,89.36912009999998,585.8786346,0.5,0.2568320631980896,0.18591204285621643,0.983701765537262,10215,2767,18.140649973361747,4.91386965015095,0.3297824442386627,MODERATE
2024-08-27,Thrikkaipatta Part,627338,5.240396,42.2568165,81.11841309999998,586.1490232,0.5,0.2401052713394165,0.1707943081855774,0.9737507700920105,4990,1094,18.359763052356598,4.025166488833291,0.31807368993759155,MODERATE
2024-08-27,Vellarimala,627340,5.240396,42.2568165,81.11841309999998,586.1490232,0.5,0.28822436928749084,0.2474726140499115,0.9893639087677002,13205,3591,21.44783004158004,5.832575363825364,0.3517570585012436,MODERATE
2024-08-27,Kottappadi Part,627337,5.240396,42.2568165,81.11841309999998,586.1490232,0.5,0.2568320631980896,0.18591204285621643,0.983701765537262,10215,2767,18.140649973361747,4.91386965015095,0.3297824442386627,MODERATE
2024-08-28,Thrikkaipatta Part,627338,40.81533,74.700101,100.94697009999996,620.3637448999999,0.75,0.2401052713394165,0.1707943081855774,0.9737507700920105,4990,1094,18.359763052356598,4.025166488833291,0.3930736899375915,MODERATE
2024-08-28,Vellarimala,627340,40.81533,74.700101,100.94697009999996,620.3637448999999,0.75,0.28822436928749084,0.2474726140499115,0.9893639087677002,13205,3591,21.44783004158004,5.832575363825364,0.42675705850124357,MODERATE
2024-08-28,Kottappadi Part,627337,40.81533,74.700101,100.94697009999996,620.3637448999999,0.75,0.2568320631980896,0.18591204285621643,0.983701765537262,10215,2767,18.140649973361747,4.91386965015095,0.4047824442386627,MODERATE
2024-08-29,Thrikkaipatta Part,627338,15.405746,61.461472,101.11578309999996,456.5336809,0.5,0.2401052713394165,0.1707943081855774,0.9737507700920105,4990,1094,18.359763052356598,4.025166488833291,0.31807368993759155,MODERATE
2024-08-29,Vellarimala,627340,15.405746,61.461472,101.11578309999996,456.5336809,0.5,0.28822436928749084,0.2474726140499115,0.9893639087677002,13205,3591,21.44783004158004,5.832575363825364,0.3517570585012436,MODERATE
2024-08-29,Kottappadi Part,627337,15.405746,61.461472,101.11578309999996,456.5336809,0.5,0.2568320631980896,0.18591204285621643,0.983701765537262,10215,2767,18.140649973361747,4.91386965015095,0.3297824442386627,MODERATE
2024-08-30,Thrikkaipatta Part,627338,35.508663,91.729739,136.62444609999997,475.3439529,0.75,0.2401052713394165,0.1707943081855774,0.9737507700920105,4990,1094,18.359763052356598,4.025166488833291,0.3930736899375915,MODERATE
2024-08-30,Vellarimala,627340,35.508663,91.729739,136.62444609999997,475.3439529,0.75,0.28822436928749084,0.2474726140499115,0.9893639087677002,13205,3591,21.44783004158004,5.832575363825364,0.42675705850124357,MODERATE
2024-08-30,Kottappadi Part,627337,35.508663,91.729739,136.62444609999997,475.3439529,0.75,0.2568320631980896,0.18591204285621643,0.983701765537262,10215,2767,18.140649973361747,4.91386965015095,0.4047824442386627,MODERATE
2024-08-31,Thrikkaipatta Part,627338,2.2117896,53.1261986,136.19834509999998,445.9493355,0.5,0.2401052713394165,0.1707943081855774,0.9737507700920105,4990,1094,18.359763052356598,4.025166488833291,0.31807368993759155,MODERATE
2024-08-31,Vellarimala,627340,2.2117896,53.1261986,136.19834509999998,445.9493355,0.5,0.28822436928749084,0.2474726140499115,0.9893639087677002,13205,3591,21.44783004158004,5.832575363825364,0.3517570585012436,MODERATE
2024-08-31,Kottappadi Part,627337,2.2117896,53.1261986,136.19834509999998,445.9493355,0.5,0.2568320631980896,0.18591204285621643,0.983701765537262,10215,2767,18.140649973361747,4.91386965015095,0.3297824442386627,MODERATE
2024-09-01,Thrikkaipatta Part,627338,2.0850592,39.8055118,129.9113588,405.5082067,0.5,0.2401052713394165,0.1707943081855774,0.9737507700920105,4990,1094,18.359763052356598,4.025166488833291,0.31807368993759155,MODERATE
2024-09-01,Vellarimala,627340,2.0850592,39.8055118,129.9113588,405.5082067,0.5,0.28822436928749084,0.2474726140499115,0.9893639087677002,13205,3591,21.44783004158004,5.832575363825364,0.3517570585012436,MODERATE
2024-09-01,Kottappadi Part,627337,2.0850592,39.8055118,129.9113588,405.5082067,0.5,0.2568320631980896,0.18591204285621643,0.983701765537262,10215,2767,18.140649973361747,4.91386965015095,0.3297824442386627,MODERATE
2024-09-02,Thrikkaipatta Part,627338,2.051568,6.3484168,103.31855179999998,401.1087754,0.5,0.2401052713394165,0.1707943081855774,0.9737507700920105,4990,1094,18.359763052356598,4.025166488833291,0.31807368993759155,MODERATE
2024-09-02,Vellarimala,627340,2.051568,6.3484168,103.31855179999998,401.1087754,0.5,0.28822436928749084,0.2474726140499115,0.9893639087677002,13205,3591,21.44783004158004,5.832575363825364,0.3517570585012436,MODERATE
2024-09-02,Kottappadi Part,627337,2.051568,6.3484168,103.31855179999998,401.1087754,0.5,0.2568320631980896,0.18591204285621643,0.983701765537262,10215,2767,18.140649973361747,4.91386965015095,0.3297824442386627,MODERATE
2024-09-03,Thrikkaipatta Part,627338,6.310163,10.4467902,104.38831879999998,401.4926754,0.5,0.2401052713394165,0.1707943081855774,0.9737507700920105,4990,1094,18.359763052356598,4.025166488833291,0.31807368993759155,MODERATE
2024-09-03,Vellarimala,627340,6.310163,10.4467902,104.38831879999998,401.4926754,0.5,0.28822436928749084,0.2474726140499115,0.9893639087677002,13205,3591,21.44783004158004,5.832575363825364,0.3517570585012436,MODERATE
2024-09-03,Kottappadi Part,627337,6.310163,10.4467902,104.38831879999998,401.4926754,0.5,0.2568320631980896,0.18591204285621643,0.983701765537262,10215,2767,18.140649973361747,4.91386965015095,0.3297824442386627,MODERATE
2024-09-04,Thrikkaipatta Part,627338,6.335057,14.696788,69.90804579999997,399.8718664,0.25,0.2401052713394165,0.1707943081855774,0.9737507700920105,4990,1094,18.359763052356598,4.025166488833291,0.24307368993759154,LOW
2024-09-04,Vellarimala,627340,6.335057,14.696788,69.90804579999997,399.8718664,0.25,0.28822436928749084,0.2474726140499115,0.9893639087677002,13205,3591,21.44783004158004,5.832575363825364,0.2767570585012436,MODERATE
2024-09-04,Kottappadi Part,627337,6.335057,14.696788,69.90804579999997,399.8718664,0.25,0.2568320631980896,0.18591204285621643,0.983701765537262,10215,2767,18.140649973361747,4.91386965015095,0.2547824442386627,MODERATE
2024-09-05,Thrikkaipatta Part,627338,1.6655722,14.3107922,56.16787199999997,401.5374386,0.25,0.2401052713394165,0.1707943081855774,0.9737507700920105,4990,1094,18.359763052356598,4.025166488833291,0.24307368993759154,LOW
2024-09-05,Vellarimala,627340,1.6655722,14.3107922,56.16787199999997,401.5374386,0.25,0.28822436928749084,0.2474726140499115,0.9893639087677002,13205,3591,21.44783004158004,5.832575363825364,0.2767570585012436,MODERATE
2024-09-05,Kottappadi Part,627337,1.6655722,14.3107922,56.16787199999997,401.5374386,0.25,0.2568320631980896,0.18591204285621643,0.983701765537262,10215,2767,18.140649973361747,4.91386965015095,0.2547824442386627,MODERATE
2024-09-06,Thrikkaipatta Part,627338,22.682728,30.6833572,43.34193699999997,401.8184966,0.25,0.2401052713394165,0.1707943081855774,0.9737507700920105,4990,1094,18.359763052356598,4.025166488833291,0.24307368993759154,LOW
2024-09-06,Vellarimala,627340,22.682728,30.6833572,43.34193699999997,401.8184966,0.25,0.28822436928749084,0.2474726140499115,0.9893639087677002,13205,3591,21.44783004158004,5.832575363825364,0.2767570585012436,MODERATE
2024-09-06,Kottappadi Part,627337,22.682728,30.6833572,43.34193699999997,401.8184966,0.25,0.2568320631980896,0.18591204285621643,0.983701765537262,10215,2767,18.140649973361747,4.91386965015095,0.2547824442386627,MODERATE
2024-09-07,Thrikkaipatta Part,627338,20.13421,44.4825102,61.264357399999966,397.6039956,0.25,0.2401052713394165,0.1707943081855774,0.9737507700920105,4990,1094,18.359763052356598,4.025166488833291,0.24307368993759154,LOW
2024-09-07,Vellarimala,627340,20.13421,44.4825102,61.264357399999966,397.6039956,0.25,0.28822436928749084,0.2474726140499115,0.9893639087677002,13205,3591,21.44783004158004,5.832575363825364,0.2767570585012436,MODERATE
2024-09-07,Kottappadi Part,627337,20.13421,44.4825102,61.264357399999966,397.6039956,0.25,0.2568320631980896,0.18591204285621643,0.983701765537262,10215,2767,18.140649973361747,4.91386965015095,0.2547824442386627,MODERATE
2024-09-08,Thrikkaipatta Part,627338,2.4983582,45.3152962,61.677656399999975,383.1763538,0.25,0.2401052713394165,0.1707943081855774,0.9737507700920105,4990,1094,18.359763052356598,4.025166488833291,0.24307368993759154,LOW
2024-09-08,Vellarimala,627340,2.4983582,45.3152962,61.677656399999975,383.1763538,0.25,0.28822436928749084,0.2474726140499115,0.9893639087677002,13205,3591,21.44783004158004,5.832575363825364,0.2767570585012436,MODERATE
2024-09-08,Kottappadi Part,627337,2.4983582,45.3152962,61.677656399999975,383.1763538,0.25,0.2568320631980896,0.18591204285621643,0.983701765537262,10215,2767,18.140649973361747,4.91386965015095,0.2547824442386627,MODERATE
2024-09-09,Thrikkaipatta Part,627338,8.809825,31.4423932,68.43591339999998,389.8150528,0.25,0.2401052713394165,0.1707943081855774,0.9737507700920105,4990,1094,18.359763052356598,4.025166488833291,0.24307368993759154,LOW
2024-09-09,Vellarimala,627340,8.809825,31.4423932,68.43591339999998,389.8150528,0.25,0.28822436928749084,0.2474726140499115,0.9893639087677002,13205,3591,21.44783004158004,5.832575363825364,0.2767570585012436,MODERATE
2024-09-09,Kottappadi Part,627337,8.809825,31.4423932,68.43591339999998,389.8150528,0.25,0.2568320631980896,0.18591204285621643,0.983701765537262,10215,2767,18.140649973361747,4.91386965015095,0.2547824442386627,MODERATE
2024-09-10,Thrikkaipatta Part,627338,12.8623295,24.1705127,74.98807989999997,374.3347693,0.25,0.2401052713394165,0.1707943081855774,0.9737507700920105,4990,1094,18.359763052356598,4.025166488833291,0.24307368993759154,LOW
2024-09-10,Vellarimala,627340,12.8623295,24.1705127,74.98807989999997,374.3347693,0.25,0.28822436928749084,0.2474726140499115,0.9893639087677002,13205,3591,21.44783004158004,5.832575363825364,0.2767570585012436,MODERATE
2024-09-10,Kottappadi Part,627337,12.8623295,24.1705127,74.98807989999997,374.3347693,0.25,0.2568320631980896,0.18591204285621643,0.983701765537262,10215,2767,18.140649973361747,4.91386965015095,0.2547824442386627,MODERATE
2024-09-11,Thrikkaipatta Part,627338,31.720045,53.3921995,100.37306789999997,394.9738423,0.75,0.2401052713394165,0.1707943081855774,0.9737507700920105,4990,1094,18.359763052356598,4.025166488833291,0.3930736899375915,MODERATE
2024-09-11,Vellarimala,627340,31.720045,53.3921995,100.37306789999997,394.9738423,0.75,0.28822436928749084,0.2474726140499115,0.9893639087677002,13205,3591,21.44783004158004,5.832575363825364,0.42675705850124357,MODERATE
2024-09-11,Kottappadi Part,627337,31.720045,53.3921995,100.37306789999997,394.9738423,0.75,0.2568320631980896,0.18591204285621643,0.983701765537262,10215,2767,18.140649973361747,4.91386965015095,0.4047824442386627,MODERATE
2024-09-12,Thrikkaipatta Part,627338,26.967009,71.5493835,125.67450469999996,410.8456603,0.75,0.2401052713394165,0.1707943081855774,0.9737507700920105,4990,1094,18.359763052356598,4.025166488833291,0.3930736899375915,MODERATE
2024-09-12,Vellarimala,627340,26.967009,71.5493835,125.67450469999996,410.8456603,0.75,0.28822436928749084,0.2474726140499115,0.9893639087677002,13205,3591,21.44783004158004,5.832575363825364,0.42675705850124357,MODERATE
2024-09-12,Kottappadi Part,627337,26.967009,71.5493835,125.67450469999996,410.8456603,0.75,0.2568320631980896,0.18591204285621643,0.983701765537262,10215,2767,18.140649973361747,4.91386965015095,0.4047824442386627,MODERATE
2024-09-13,Thrikkaipatta Part,627338,1.6655722,60.3526262,104.65734889999996,390.8505955,0.5,0.2401052713394165,0.1707943081855774,0.9737507700920105,4990,1094,18.359763052356598,4.025166488833291,0.31807368993759155,MODERATE
2024-09-13,Vellarimala,627340,1.6655722,60.3526262,104.65734889999996,390.8505955,0.5,0.28822436928749084,0.2474726140499115,0.9893639087677002,13205,3591,21.44783004158004,5.832575363825364,0.3517570585012436,MODERATE
2024-09-13,Kottappadi Part,627337,1.6655722,60.3526262,104.65734889999996,390.8505955,0.5,0.2568320631980896,0.18591204285621643,0.983701765537262,10215,2767,18.140649973361747,4.91386965015095,0.3297824442386627,MODERATE
2024-09-14,Thrikkaipatta Part,627338,0.15672304,28.78930424,84.67986193999998,375.20846054,0.5,0.2401052713394165,0.1707943081855774,0.9737507700920105,4990,1094,18.359763052356598,4.025166488833291,0.31807368993759155,MODERATE
2024-09-14,Vellarimala,627340,0.15672304,28.78930424,84.67986193999998,375.20846054,0.5,0.28822436928749084,0.2474726140499115,0.9893639087677002,13205,3591,21.44783004158004,5.832575363825364,0.3517570585012436,MODERATE
2024-09-14,Kottappadi Part,627337,0.15672304,28.78930424,84.67986193999998,375.20846054,0.5,0.2568320631980896,0.18591204285621643,0.983701765537262,10215,2767,18.140649973361747,4.91386965015095,0.3297824442386627,MODERATE
2024-09-15,Thrikkaipatta Part,627338,2.0659752,3.88827044,84.24747893999998,375.46393534,0.5,0.2401052713394165,0.1707943081855774,0.9737507700920105,4990,1094,18.359763052356598,4.025166488833291,0.31807368993759155,MODERATE
2024-09-15,Vellarimala,627340,2.0659752,3.88827044,84.24747893999998,375.46393534,0.5,0.28822436928749084,0.2474726140499115,0.9893639087677002,13205,3591,21.44783004158004,5.832575363825364,0.3517570585012436,MODERATE
2024-09-15,Kottappadi Part,627337,2.0659752,3.88827044,84.24747893999998,375.46393534,0.5,0.2568320631980896,0.18591204285621643,0.983701765537262,10215,2767,18.140649973361747,4.91386965015095,0.3297824442386627,MODERATE
2024-09-16,Thrikkaipatta Part,627338,2.0315936,4.25429184,77.46924753999997,375.63565484,0.5,0.2401052713394165,0.1707943081855774,0.9737507700920105,4990,1094,18.359763052356598,4.025166488833291,0.31807368993759155,MODERATE
2024-09-16,Vellarimala,627340,2.0315936,4.25429184,77.46924753999997,375.63565484,0.5,0.28822436928749084,0.2474726140499115,0.9893639087677002,13205,3591,21.44783004158004,5.832575363825364,0.3517570585012436,MODERATE
2024-09-16,Kottappadi Part,627337,2.0315936,4.25429184,77.46924753999997,375.63565484,0.5,0.2568320631980896,0.18591204285621643,0.983701765537262,10215,2767,18.140649973361747,4.91386965015095,0.3297824442386627,MODERATE
2024-09-17,Thrikkaipatta Part,627338,1.5864277,5.683996499999999,66.19334573999997,370.98577754,0.25,0.2401052713394165,0.1707943081855774,0.9737507700920105,4990,1094,18.359763052356598,4.025166488833291,0.24307368993759154,LOW
2024-09-17,Vellarimala,627340,1.5864277,5.683996499999999,66.19334573999997,370.98577754,0.25,0.28822436928749084,0.2474726140499115,0.9893639087677002,13205,3591,21.44783004158004,5.832575363825364,0.2767570585012436,MODERATE
2024-09-17,Kottappadi Part,627337,1.5864277,5.683996499999999,66.19334573999997,370.98577754,0.25,0.2568320631980896,0.18591204285621643,0.983701765537262,10215,2767,18.140649973361747,4.91386965015095,0.2547824442386627,MODERATE
2024-09-18,Thrikkaipatta Part,627338,4.9967165,8.6147378,39.470017239999976,345.17597704,0.25,0.2401052713394165,0.1707943081855774,0.9737507700920105,4990,1094,18.359763052356598,4.025166488833291,0.24307368993759154,LOW
2024-09-18,Vellarimala,627340,4.9967165,8.6147378,39.470017239999976,345.17597704,0.25,0.28822436928749084,0.2474726140499115,0.9893639087677002,13205,3591,21.44783004158004,5.832575363825364,0.2767570585012436,MODERATE
2024-09-18,Kottappadi Part,627337,4.9967165,8.6147378,39.470017239999976,345.17597704,0.25,0.2568320631980896,0.18591204285621643,0.983701765537262,10215,2767,18.140649973361747,4.91386965015095,0.2547824442386627,MODERATE
2024-09-19,Thrikkaipatta Part,627338,0.0,6.5831442,12.503008239999971,331.68487404,0.25,0.2401052713394165,0.1707943081855774,0.9737507700920105,4990,1094,18.359763052356598,4.025166488833291,0.24307368993759154,LOW
2024-09-19,Vellarimala,627340,0.0,6.5831442,12.503008239999971,331.68487404,0.25,0.28822436928749084,0.2474726140499115,0.9893639087677002,13205,3591,21.44783004158004,5.832575363825364,0.2767570585012436,MODERATE
2024-09-19,Kottappadi Part,627337,0.0,6.5831442,12.503008239999971,331.68487404,0.25,0.2568320631980896,0.18591204285621643,0.983701765537262,10215,2767,18.140649973361747,4.91386965015095,0.2547824442386627,MODERATE
2024-09-20,Thrikkaipatta Part,627338,0.0,4.9967165,10.837436039999972,310.69810104,0.25,0.2401052713394165,0.1707943081855774,0.9737507700920105,4990,1094,18.359763052356598,4.025166488833291,0.24307368993759154,LOW
2024-09-20,Vellarimala,627340,0.0,4.9967165,10.837436039999972,310.69810104,0.25,0.28822436928749084,0.2474726140499115,0.9893639087677002,13205,3591,21.44783004158004,5.832575363825364,0.2767570585012436,MODERATE
2024-09-20,Kottappadi Part,627337,0.0,4.9967165,10.837436039999972,310.69810104,0.25,0.2568320631980896,0.18591204285621643,0.983701765537262,10215,2767,18.140649973361747,4.91386965015095,0.2547824442386627,MODERATE
2024-09-21,Thrikkaipatta Part,627338,0.0,0.0,10.68071299999997,295.46116804,0.25,0.2401052713394165,0.1707943081855774,0.9737507700920105,4990,1094,18.359763052356598,4.025166488833291,0.24307368993759154,LOW
2024-09-21,Vellarimala,627340,0.0,0.0,10.68071299999997,295.46116804,0.25,0.28822436928749084,0.2474726140499115,0.9893639087677002,13205,3591,21.44783004158004,5.832575363825364,0.2767570585012436,MODERATE
2024-09-21,Kottappadi Part,627337,0.0,0.0,10.68071299999997,295.46116804,0.25,0.2568320631980896,0.18591204285621643,0.983701765537262,10215,2767,18.140649973361747,4.91386965015095,0.2547824442386627,MODERATE
2024-09-22,Thrikkaipatta Part,627338,0.0,0.0,8.614737799999972,295.46116804,0.25,0.2401052713394165,0.1707943081855774,0.9737507700920105,4990,1094,18.359763052356598,4.025166488833291,0.24307368993759154,LOW
2024-09-22,Vellarimala,627340,0.0,0.0,8.614737799999972,295.46116804,0.25,0.28822436928749084,0.2474726140499115,0.9893639087677002,13205,3591,21.44783004158004,5.832575363825364,0.2767570585012436,MODERATE
2024-09-22,Kottappadi Part,627337,0.0,0.0,8.614737799999972,295.46116804,0.25,0.2568320631980896,0.18591204285621643,0.983701765537262,10215,2767,18.140649973361747,4.91386965015095,0.2547824442386627,MODERATE
2024-09-23,Thrikkaipatta Part,627338,0.0,0.0,6.583144199999971,292.82327744,0.25,0.2401052713394165,0.1707943081855774,0.9737507700920105,4990,1094,18.359763052356598,4.025166488833291,0.24307368993759154,LOW
2024-09-23,Vellarimala,627340,0.0,0.0,6.583144199999971,292.82327744,0.25,0.28822436928749084,0.2474726140499115,0.9893639087677002,13205,3591,21.44783004158004,5.832575363825364,0.2767570585012436,MODERATE
2024-09-23,Kottappadi Part,627337,0.0,0.0,6.583144199999971,292.82327744,0.25,0.2568320631980896,0.18591204285621643,0.983701765537262,10215,2767,18.140649973361747,4.91386965015095,0.2547824442386627,MODERATE
2024-09-24,Thrikkaipatta Part,627338,23.724812,23.724812,28.72152849999997,308.17604394,0.25,0.2401052713394165,0.1707943081855774,0.9737507700920105,4990,1094,18.359763052356598,4.025166488833291,0.24307368993759154,LOW
2024-09-24,Vellarimala,627340,23.724812,23.724812,28.72152849999997,308.17604394,0.25,0.28822436928749084,0.2474726140499115,0.9893639087677002,13205,3591,21.44783004158004,5.832575363825364,0.2767570585012436,MODERATE
2024-09-24,Kottappadi Part,627337,23.724812,23.724812,28.72152849999997,308.17604394,0.25,0.2568320631980896,0.18591204285621643,0.983701765537262,10215,2767,18.140649973361747,4.91386965015095,0.2547824442386627,MODERATE
2024-09-25,Thrikkaipatta Part,627338,5.9690347,29.6938467,29.693846699999973,285.50070364,0.25,0.2401052713394165,0.1707943081855774,0.9737507700920105,4990,1094,18.359763052356598,4.025166488833291,0.24307368993759154,LOW
2024-09-25,Vellarimala,627340,5.9690347,29.6938467,29.693846699999973,285.50070364,0.25,0.28822436928749084,0.2474726140499115,0.9893639087677002,13205,3591,21.44783004158004,5.832575363825364,0.2767570585012436,MODERATE
2024-09-25,Kottappadi Part,627337,5.9690347,29.6938467,29.693846699999973,285.50070364,0.25,0.2568320631980896,0.18591204285621643,0.983701765537262,10215,2767,18.140649973361747,4.91386965015095,0.2547824442386627,MODERATE
2024-09-26,Thrikkaipatta Part,627338,0.0,29.6938467,29.693846699999973,280.26030764,0.25,0.2401052713394165,0.1707943081855774,0.9737507700920105,4990,1094,18.359763052356598,4.025166488833291,0.24307368993759154,LOW
2024-09-26,Vellarimala,627340,0.0,29.6938467,29.693846699999973,280.26030764,0.25,0.28822436928749084,0.2474726140499115,0.9893639087677002,13205,3591,21.44783004158004,5.832575363825364,0.2767570585012436,MODERATE
2024-09-26,Kottappadi Part,627337,0.0,29.6938467,29.693846699999973,280.26030764,0.25,0.2568320631980896,0.18591204285621643,0.983701765537262,10215,2767,18.140649973361747,4.91386965015095,0.2547824442386627,MODERATE
2024-09-27,Thrikkaipatta Part,627338,3.8656838,9.8347185,33.55953049999997,243.31066144,0.25,0.2401052713394165,0.1707943081855774,0.9737507700920105,4990,1094,18.359763052356598,4.025166488833291,0.24307368993759154,LOW
2024-09-27,Vellarimala,627340,3.8656838,9.8347185,33.55953049999997,243.31066144,0.25,0.28822436928749084,0.2474726140499115,0.9893639087677002,13205,3591,21.44783004158004,5.832575363825364,0.2767570585012436,MODERATE
2024-09-27,Kottappadi Part,627337,3.8656838,9.8347185,33.55953049999997,243.31066144,0.25,0.2568320631980896,0.18591204285621643,0.983701765537262,10215,2767,18.140649973361747,4.91386965015095,0.2547824442386627,MODERATE
2024-09-28,Thrikkaipatta Part,627338,4.448391,8.3140748,38.00792149999997,232.35330644,0.25,0.2401052713394165,0.1707943081855774,0.9737507700920105,4990,1094,18.359763052356598,4.025166488833291,0.24307368993759154,LOW
2024-09-28,Vellarimala,627340,4.448391,8.3140748,38.00792149999997,232.35330644,0.25,0.28822436928749084,0.2474726140499115,0.9893639087677002,13205,3591,21.44783004158004,5.832575363825364,0.2767570585012436,MODERATE
2024-09-28,Kottappadi Part,627337,4.448391,8.3140748,38.00792149999997,232.35330644,0.25,0.2568320631980896,0.18591204285621643,0.983701765537262,10215,2767,18.140649973361747,4.91386965015095,0.2547824442386627,MODERATE
2024-09-29,Thrikkaipatta Part,627338,2.5079236,10.8219984,40.51584509999997,199.35256704,0.25,0.2401052713394165,0.1707943081855774,0.9737507700920105,4990,1094,18.359763052356598,4.025166488833291,0.24307368993759154,LOW
2024-09-29,Vellarimala,627340,2.5079236,10.8219984,40.51584509999997,199.35256704,0.25,0.28822436928749084,0.2474726140499115,0.9893639087677002,13205,3591,21.44783004158004,5.832575363825364,0.2767570585012436,MODERATE
2024-09-29,Kottappadi Part,627337,2.5079236,10.8219984,40.51584509999997,199.35256704,0.25,0.2568320631980896,0.18591204285621643,0.983701765537262,10215,2767,18.140649973361747,4.91386965015095,0.2547824442386627,MODERATE
2024-09-30,Thrikkaipatta Part,627338,0.17800152,7.13431612,40.69384661999997,197.31877896,0.25,0.2401052713394165,0.1707943081855774,0.9737507700920105,4990,1094,18.359763052356598,4.025166488833291,0.24307368993759154,LOW
2024-09-30,Vellarimala,627340,0.17800152,7.13431612,40.69384661999997,197.31877896,0.25,0.28822436928749084,0.2474726140499115,0.9893639087677002,13205,3591,21.44783004158004,5.832575363825364,0.2767570585012436,MODERATE
2024-09-30,Kottappadi Part,627337,0.17800152,7.13431612,40.69384661999997,197.31877896,0.25,0.2568320631980896,0.18591204285621643,0.983701765537262,10215,2767,18.140649973361747,4.91386965015095,0.2547824442386627,MODERATE
2024-10-01,Thrikkaipatta Part,627338,0.0,2.68592512,16.96903461999997,195.23371976,0.25,0.2401052713394165,0.1707943081855774,0.9737507700920105,4990,1094,18.359763052356598,4.025166488833291,0.24307368993759154,LOW
2024-10-01,Vellarimala,627340,0.0,2.68592512,16.96903461999997,195.23371976,0.25,0.28822436928749084,0.2474726140499115,0.9893639087677002,13205,3591,21.44783004158004,5.832575363825364,0.2767570585012436,MODERATE
2024-10-01,Kottappadi Part,627337,0.0,2.68592512,16.96903461999997,195.23371976,0.25,0.2568320631980896,0.18591204285621643,0.983701765537262,10215,2767,18.140649973361747,4.91386965015095,0.2547824442386627,MODERATE
2024-10-02,Thrikkaipatta Part,627338,0.0,0.17800152,10.999999919999972,193.18215176,0.25,0.2401052713394165,0.1707943081855774,0.9737507700920105,4990,1094,18.359763052356598,4.025166488833291,0.24307368993759154,LOW
2024-10-02,Vellarimala,627340,0.0,0.17800152,10.999999919999972,193.18215176,0.25,0.28822436928749084,0.2474726140499115,0.9893639087677002,13205,3591,21.44783004158004,5.832575363825364,0.2767570585012436,MODERATE
2024-10-02,Kottappadi Part,627337,0.0,0.17800152,10.999999919999972,193.18215176,0.25,0.2568320631980896,0.18591204285621643,0.983701765537262,10215,2767,18.140649973361747,4.91386965015095,0.2547824442386627,MODERATE
2024-10-03,Thrikkaipatta Part,627338,0.9777142,0.9777142,11.977714119999971,187.84970296,0.25,0.2401052713394165,0.1707943081855774,0.9737507700920105,4990,1094,18.359763052356598,4.025166488833291,0.24307368993759154,LOW
2024-10-03,Vellarimala,627340,0.9777142,0.9777142,11.977714119999971,187.84970296,0.25,0.28822436928749084,0.2474726140499115,0.9893639087677002,13205,3591,21.44783004158004,5.832575363825364,0.2767570585012436,MODERATE
2024-10-03,Kottappadi Part,627337,0.9777142,0.9777142,11.977714119999971,187.84970296,0.25,0.2568320631980896,0.18591204285621643,0.983701765537262,10215,2767,18.140649973361747,4.91386965015095,0.2547824442386627,MODERATE
2024-10-04,Thrikkaipatta Part,627338,0.0,0.9777142,8.112030319999972,181.51464596,0.25,0.2401052713394165,0.1707943081855774,0.9737507700920105,4990,1094,18.359763052356598,4.025166488833291,0.24307368993759154,LOW
2024-10-04,Vellarimala,627340,0.0,0.9777142,8.112030319999972,181.51464596,0.25,0.28822436928749084,0.2474726140499115,0.9893639087677002,13205,3591,21.44783004158004,5.832575363825364,0.2767570585012436,MODERATE
2024-10-04,Kottappadi Part,627337,0.0,0.9777142,8.112030319999972,181.51464596,0.25,0.2568320631980896,0.18591204285621643,0.983701765537262,10215,2767,18.140649973361747,4.91386965015095,0.2547824442386627,MODERATE
2024-10-05,Thrikkaipatta Part,627338,1.6655722,2.6432864,5.329211519999971,181.51464596,0.25,0.2401052713394165,0.1707943081855774,0.9737507700920105,4990,1094,18.359763052356598,4.025166488833291,0.24307368993759154,LOW
2024-10-05,Vellarimala,627340,1.6655722,2.6432864,5.329211519999971,181.51464596,0.25,0.28822436928749084,0.2474726140499115,0.9893639087677002,13205,3591,21.44783004158004,5.832575363825364,0.2767570585012436,MODERATE
2024-10-05,Kottappadi Part,627337,1.6655722,2.6432864,5.329211519999971,181.51464596,0.25,0.2568320631980896,0.18591204285621643,0.983701765537262,10215,2767,18.140649973361747,4.91386965015095,0.2547824442386627,MODERATE
2024-10-06,Thrikkaipatta Part,627338,23.648508,25.3140802,26.46979591999997,182.48042596,0.25,0.2401052713394165,0.1707943081855774,0.9737507700920105,4990,1094,18.359763052356598,4.025166488833291,0.24307368993759154,LOW
2024-10-06,Vellarimala,627340,23.648508,25.3140802,26.46979591999997,182.48042596,0.25,0.28822436928749084,0.2474726140499115,0.9893639087677002,13205,3591,21.44783004158004,5.832575363825364,0.2767570585012436,MODERATE
2024-10-06,Kottappadi Part,627337,23.648508,25.3140802,26.46979591999997,182.48042596,0.25,0.2568320631980896,0.18591204285621643,0.983701765537262,10215,2767,18.140649973361747,4.91386965015095,0.2547824442386627,MODERATE
2024-10-07,Thrikkaipatta Part,627338,34.339928,59.6540082,60.63172239999997,196.68614396,0.5,0.2401052713394165,0.1707943081855774,0.9737507700920105,4990,1094,18.359763052356598,4.025166488833291,0.31807368993759155,MODERATE
2024-10-07,Vellarimala,627340,34.339928,59.6540082,60.63172239999997,196.68614396,0.5,0.28822436928749084,0.2474726140499115,0.9893639087677002,13205,3591,21.44783004158004,5.832575363825364,0.3517570585012436,MODERATE
2024-10-07,Kottappadi Part,627337,34.339928,59.6540082,60.63172239999997,196.68614396,0.5,0.2568320631980896,0.18591204285621643,0.983701765537262,10215,2767,18.140649973361747,4.91386965015095,0.3297824442386627,MODERATE
2024-10-08,Thrikkaipatta Part,627338,27.07753,85.065966,87.70925239999997,221.26531576,0.5,0.2401052713394165,0.1707943081855774,0.9737507700920105,4990,1094,18.359763052356598,4.025166488833291,0.31807368993759155,MODERATE
2024-10-08,Vellarimala,627340,27.07753,85.065966,87.70925239999997,221.26531576,0.5,0.28822436928749084,0.2474726140499115,0.9893639087677002,13205,3591,21.44783004158004,5.832575363825364,0.3517570585012436,MODERATE
2024-10-08,Kottappadi Part,627337,27.07753,85.065966,87.70925239999997,221.26531576,0.5,0.2568320631980896,0.18591204285621643,0.983701765537262,10215,2767,18.140649973361747,4.91386965015095,0.3297824442386627,MODERATE
2024-10-09,Thrikkaipatta Part,627338,5.142933,66.560391,92.85218539999995,217.59842376,0.5,0.2401052713394165,0.1707943081855774,0.9737507700920105,4990,1094,18.359763052356598,4.025166488833291,0.31807368993759155,MODERATE
2024-10-09,Vellarimala,627340,5.142933,66.560391,92.85218539999995,217.59842376,0.5,0.28822436928749084,0.2474726140499115,0.9893639087677002,13205,3591,21.44783004158004,5.832575363825364,0.3517570585012436,MODERATE
2024-10-09,Kottappadi Part,627337,5.142933,66.560391,92.85218539999995,217.59842376,0.5,0.2568320631980896,0.18591204285621643,0.983701765537262,10215,2767,18.140649973361747,4.91386965015095,0.3297824442386627,MODERATE
2024-10-10,Thrikkaipatta Part,627338,12.23992,44.460383,104.11439119999996,216.97601426,0.25,0.2401052713394165,0.1707943081855774,0.9737507700920105,4990,1094,18.359763052356598,4.025166488833291,0.24307368993759154,LOW
2024-10-10,Vellarimala,627340,12.23992,44.460383,104.11439119999996,216.97601426,0.25,0.28822436928749084,0.2474726140499115,0.9893639087677002,13205,3591,21.44783004158004,5.832575363825364,0.2767570585012436,MODERATE
2024-10-10,Kottappadi Part,627337,12.23992,44.460383,104.11439119999996,216.97601426,0.25,0.2568320631980896,0.18591204285621643,0.983701765537262,10215,2767,18.140649973361747,4.91386965015095,0.2547824442386627,MODERATE
2024-10-11,Thrikkaipatta Part,627338,7.6208205,25.0036735,111.73521169999997,192.87678976,0.25,0.2401052713394165,0.1707943081855774,0.9737507700920105,4990,1094,18.359763052356598,4.025166488833291,0.24307368993759154,LOW
2024-10-11,Vellarimala,627340,7.6208205,25.0036735,111.73521169999997,192.87678976,0.25,0.28822436928749084,0.2474726140499115,0.9893639087677002,13205,3591,21.44783004158004,5.832575363825364,0.2767570585012436,MODERATE
2024-10-11,Kottappadi Part,627337,7.6208205,25.0036735,111.73521169999997,192.87678976,0.25,0.2568320631980896,0.18591204285621643,0.983701765537262,10215,2767,18.140649973361747,4.91386965015095,0.2547824442386627,MODERATE
2024-10-12,Thrikkaipatta Part,627338,6.2903643,26.1511048,116.36000379999996,172.20014506,0.25,0.2401052713394165,0.1707943081855774,0.9737507700920105,4990,1094,18.359763052356598,4.025166488833291,0.24307368993759154,LOW
2024-10-12,Vellarimala,627340,6.2903643,26.1511048,116.36000379999996,172.20014506,0.25,0.28822436928749084,0.2474726140499115,0.9893639087677002,13205,3591,21.44783004158004,5.832575363825364,0.2767570585012436,MODERATE
2024-10-12,Kottappadi Part,627337,6.2903643,26.1511048,116.36000379999996,172.20014506,0.25,0.2568320631980896,0.18591204285621643,0.983701765537262,10215,2767,18.140649973361747,4.91386965015095,0.2547824442386627,MODERATE
2024-10-13,Thrikkaipatta Part,627338,8.854896,22.7660808,101.56639179999998,179.38946886,0.25,0.2401052713394165,0.1707943081855774,0.9737507700920105,4990,1094,18.359763052356598,4.025166488833291,0.24307368993759154,LOW
2024-10-13,Vellarimala,627340,8.854896,22.7660808,101.56639179999998,179.38946886,0.25,0.28822436928749084,0.2474726140499115,0.9893639087677002,13205,3591,21.44783004158004,5.832575363825364,0.2767570585012436,MODERATE
2024-10-13,Kottappadi Part,627337,8.854896,22.7660808,101.56639179999998,179.38946886,0.25,0.2568320631980896,0.18591204285621643,0.983701765537262,10215,2767,18.140649973361747,4.91386965015095,0.2547824442386627,MODERATE
2024-10-14,Thrikkaipatta Part,627338,6.6540737,21.799334,73.88053749999997,185.88681952,0.25,0.2401052713394165,0.1707943081855774,0.9737507700920105,4990,1094,18.359763052356598,4.025166488833291,0.24307368993759154,LOW
2024-10-14,Vellarimala,627340,6.6540737,21.799334,73.88053749999997,185.88681952,0.25,0.28822436928749084,0.2474726140499115,0.9893639087677002,13205,3591,21.44783004158004,5.832575363825364,0.2767570585012436,MODERATE
2024-10-14,Kottappadi Part,627337,6.6540737,21.799334,73.88053749999997,185.88681952,0.25,0.2568320631980896,0.18591204285621643,0.983701765537262,10215,2767,18.140649973361747,4.91386965015095,0.2547824442386627,MODERATE
2024-10-15,Thrikkaipatta Part,627338,6.599207,22.1081767,53.40221449999998,190.42005132,0.25,0.2401052713394165,0.1707943081855774,0.9737507700920105,4990,1094,18.359763052356598,4.025166488833291,0.24307368993759154,LOW
2024-10-15,Vellarimala,627340,6.599207,22.1081767,53.40221449999998,190.42005132,0.25,0.28822436928749084,0.2474726140499115,0.9893639087677002,13205,3591,21.44783004158004,5.832575363825364,0.2767570585012436,MODERATE
2024-10-15,Kottappadi Part,627337,6.599207,22.1081767,53.40221449999998,190.42005132,0.25,0.2568320631980896,0.18591204285621643,0.983701765537262,10215,2767,18.140649973361747,4.91386965015095,0.2547824442386627,MODERATE
2024-10-16,Thrikkaipatta Part,627338,3.8774788,17.1307595,52.13676029999997,192.26593652,0.25,0.2401052713394165,0.1707943081855774,0.9737507700920105,4990,1094,18.359763052356598,4.025166488833291,0.24307368993759154,LOW
2024-10-16,Vellarimala,627340,3.8774788,17.1307595,52.13676029999997,192.26593652,0.25,0.28822436928749084,0.2474726140499115,0.9893639087677002,13205,3591,21.44783004158004,5.832575363825364,0.2767570585012436,MODERATE
2024-10-16,Kottappadi Part,627337,3.8774788,17.1307595,52.13676029999997,192.26593652,0.25,0.2568320631980896,0.18591204285621643,0.983701765537262,10215,2767,18.140649973361747,4.91386965015095,0.2547824442386627,MODERATE
2024-10-17,Thrikkaipatta Part,627338,23.217268,33.6939538,63.11410829999997,213.89677682,0.25,0.2401052713394165,0.1707943081855774,0.9737507700920105,4990,1094,18.359763052356598,4.025166488833291,0.24307368993759154,LOW
2024-10-17,Vellarimala,627340,23.217268,33.6939538,63.11410829999997,213.89677682,0.25,0.28822436928749084,0.2474726140499115,0.9893639087677002,13205,3591,21.44783004158004,5.832575363825364,0.2767570585012436,MODERATE
2024-10-17,Kottappadi Part,627337,23.217268,33.6939538,63.11410829999997,213.89677682,0.25,0.2568320631980896,0.18591204285621643,0.983701765537262,10215,2767,18.140649973361747,4.91386965015095,0.2547824442386627,MODERATE
2024-10-18,Thrikkaipatta Part,627338,8.612321,35.7070678,64.10560879999997,217.51238132,0.25,0.2401052713394165,0.1707943081855774,0.9737507700920105,4990,1094,18.359763052356598,4.025166488833291,0.24307368993759154,LOW
2024-10-18,Vellarimala,627340,8.612321,35.7070678,64.10560879999997,217.51238132,0.25,0.28822436928749084,0.2474726140499115,0.9893639087677002,13205,3591,21.44783004158004,5.832575363825364,0.2767570585012436,MODERATE
2024-10-18,Kottappadi Part,627337,8.612321,35.7070678,64.10560879999997,217.51238132,0.25,0.2568320631980896,0.18591204285621643,0.983701765537262,10215,2767,18.140649973361747,4.91386965015095,0.2547824442386627,MODERATE
2024-10-19,Thrikkaipatta Part,627338,2.7248473,34.5544363,60.54009179999997,220.23722862,0.25,0.2401052713394165,0.1707943081855774,0.9737507700920105,4990,1094,18.359763052356598,4.025166488833291,0.24307368993759154,LOW
2024-10-19,Vellarimala,627340,2.7248473,34.5544363,60.54009179999997,220.23722862,0.25,0.28822436928749084,0.2474726140499115,0.9893639087677002,13205,3591,21.44783004158004,5.832575363825364,0.2767570585012436,MODERATE
2024-10-19,Kottappadi Part,627337,2.7248473,34.5544363,60.54009179999997,220.23722862,0.25,0.2568320631980896,0.18591204285621643,0.983701765537262,10215,2767,18.140649973361747,4.91386965015095,0.2547824442386627,MODERATE
2024-10-20,Thrikkaipatta Part,627338,12.231938,23.5691063,63.91713379999997,232.46916662,0.25,0.2401052713394165,0.1707943081855774,0.9737507700920105,4990,1094,18.359763052356598,4.025166488833291,0.24307368993759154,LOW
2024-10-20,Vellarimala,627340,12.231938,23.5691063,63.91713379999997,232.46916662,0.25,0.28822436928749084,0.2474726140499115,0.9893639087677002,13205,3591,21.44783004158004,5.832575363825364,0.2767570585012436,MODERATE
2024-10-20,Kottappadi Part,627337,12.231938,23.5691063,63.91713379999997,232.46916662,0.25,0.2568320631980896,0.18591204285621643,0.983701765537262,10215,2767,18.140649973361747,4.91386965015095,0.2547824442386627,MODERATE
2024-10-21,Thrikkaipatta Part,627338,17.390919,32.3477043,74.65397909999997,249.86008562,0.25,0.2401052713394165,0.1707943081855774,0.9737507700920105,4990,1094,18.359763052356598,4.025166488833291,0.24307368993759154,LOW
2024-10-21,Vellarimala,627340,17.390919,32.3477043,74.65397909999997,249.86008562,0.25,0.28822436928749084,0.2474726140499115,0.9893639087677002,13205,3591,21.44783004158004,5.832575363825364,0.2767570585012436,MODERATE
2024-10-21,Kottappadi Part,627337,17.390919,32.3477043,74.65397909999997,249.86008562,0.25,0.2568320631980896,0.18591204285621643,0.983701765537262,10215,2767,18.140649973361747,4.91386965015095,0.2547824442386627,MODERATE
2024-10-22,Thrikkaipatta Part,627338,36.43271,66.055567,104.48748209999998,286.29279562,0.5,0.2401052713394165,0.1707943081855774,0.9737507700920105,4990,1094,18.359763052356598,4.025166488833291,0.31807368993759155,MODERATE
2024-10-22,Vellarimala,627340,36.43271,66.055567,104.48748209999998,286.29279562,0.5,0.28822436928749084,0.2474726140499115,0.9893639087677002,13205,3591,21.44783004158004,5.832575363825364,0.3517570585012436,MODERATE
2024-10-22,Kottappadi Part,627337,36.43271,66.055567,104.48748209999998,286.29279562,0.5,0.2568320631980896,0.18591204285621643,0.983701765537262,10215,2767,18.140649973361747,4.91386965015095,0.3297824442386627,MODERATE
2024-10-23,Thrikkaipatta Part,627338,6.446989,60.270618,107.05699229999998,292.73978462,0.5,0.2401052713394165,0.1707943081855774,0.9737507700920105,4990,1094,18.359763052356598,4.025166488833291,0.31807368993759155,MODERATE
2024-10-23,Vellarimala,627340,6.446989,60.270618,107.05699229999998,292.73978462,0.5,0.28822436928749084,0.2474726140499115,0.9893639087677002,13205,3591,21.44783004158004,5.832575363825364,0.3517570585012436,MODERATE
2024-10-23,Kottappadi Part,627337,6.446989,60.270618,107.05699229999998,292.73978462,0.5,0.2568320631980896,0.18591204285621643,0.983701765537262,10215,2767,18.140649973361747,4.91386965015095,0.3297824442386627,MODERATE
2024-10-24,Thrikkaipatta Part,627338,3.2795022,46.1592012,87.11922649999997,272.29447482,0.25,0.2401052713394165,0.1707943081855774,0.9737507700920105,4990,1094,18.359763052356598,4.025166488833291,0.24307368993759154,LOW
2024-10-24,Vellarimala,627340,3.2795022,46.1592012,87.11922649999997,272.29447482,0.25,0.28822436928749084,0.2474726140499115,0.9893639087677002,13205,3591,21.44783004158004,5.832575363825364,0.2767570585012436,MODERATE
2024-10-24,Kottappadi Part,627337,3.2795022,46.1592012,87.11922649999997,272.29447482,0.25,0.2568320631980896,0.18591204285621643,0.983701765537262,10215,2767,18.140649973361747,4.91386965015095,0.2547824442386627,MODERATE
2024-10-25,Thrikkaipatta Part,627338,4.3034625,14.0299537,82.81036799999998,270.62890262,0.25,0.2401052713394165,0.1707943081855774,0.9737507700920105,4990,1094,18.359763052356598,4.025166488833291,0.24307368993759154,LOW
2024-10-25,Vellarimala,627340,4.3034625,14.0299537,82.81036799999998,270.62890262,0.25,0.28822436928749084,0.2474726140499115,0.9893639087677002,13205,3591,21.44783004158004,5.832575363825364,0.2767570585012436,MODERATE
2024-10-25,Kottappadi Part,627337,4.3034625,14.0299537,82.81036799999998,270.62890262,0.25,0.2568320631980896,0.18591204285621643,0.983701765537262,10215,2767,18.140649973361747,4.91386965015095,0.2547824442386627,MODERATE
2024-10-26,Thrikkaipatta Part,627338,6.39471,13.9776747,86.48023069999996,277.02361262,0.25,0.2401052713394165,0.1707943081855774,0.9737507700920105,4990,1094,18.359763052356598,4.025166488833291,0.24307368993759154,LOW
2024-10-26,Vellarimala,627340,6.39471,13.9776747,86.48023069999996,277.02361262,0.25,0.28822436928749084,0.2474726140499115,0.9893639087677002,13205,3591,21.44783004158004,5.832575363825364,0.2767570585012436,MODERATE
2024-10-26,Kottappadi Part,627337,6.39471,13.9776747,86.48023069999996,277.02361262,0.25,0.2568320631980896,0.18591204285621643,0.983701765537262,10215,2767,18.140649973361747,4.91386965015095,0.2547824442386627,MODERATE
2024-10-27,Thrikkaipatta Part,627338,0.19169396,10.88986646,74.43998665999997,273.34962278,0.25,0.2401052713394165,0.1707943081855774,0.9737507700920105,4990,1094,18.359763052356598,4.025166488833291,0.24307368993759154,LOW
2024-10-27,Vellarimala,627340,0.19169396,10.88986646,74.43998665999997,273.34962278,0.25,0.28822436928749084,0.2474726140499115,0.9893639087677002,13205,3591,21.44783004158004,5.832575363825364,0.2767570585012436,MODERATE
2024-10-27,Kottappadi Part,627337,0.19169396,10.88986646,74.43998665999997,273.34962278,0.25,0.2568320631980896,0.18591204285621643,0.983701765537262,10215,2767,18.140649973361747,4.91386965015095,0.2547824442386627,MODERATE
2024-10-28,Thrikkaipatta Part,627338,0.0,6.58640396,57.04906765999997,268.90123178,0.25,0.2401052713394165,0.1707943081855774,0.9737507700920105,4990,1094,18.359763052356598,4.025166488833291,0.24307368993759154,LOW
2024-10-28,Vellarimala,627340,0.0,6.58640396,57.04906765999997,268.90123178,0.25,0.28822436928749084,0.2474726140499115,0.9893639087677002,13205,3591,21.44783004158004,5.832575363825364,0.2767570585012436,MODERATE
2024-10-28,Kottappadi Part,627337,0.0,6.58640396,57.04906765999997,268.90123178,0.25,0.2568320631980896,0.18591204285621643,0.983701765537262,10215,2767,18.140649973361747,4.91386965015095,0.2547824442386627,MODERATE
2024-10-29,Thrikkaipatta Part,627338,0.0,0.19169396,20.61635765999997,266.39330818,0.25,0.2401052713394165,0.1707943081855774,0.9737507700920105,4990,1094,18.359763052356598,4.025166488833291,0.24307368993759154,LOW
2024-10-29,Vellarimala,627340,0.0,0.19169396,20.61635765999997,266.39330818,0.25,0.28822436928749084,0.2474726140499115,0.9893639087677002,13205,3591,21.44783004158004,5.832575363825364,0.2767570585012436,MODERATE
2024-10-29,Kottappadi Part,627337,0.0,0.19169396,20.61635765999997,266.39330818,0.25,0.2568320631980896,0.18591204285621643,0.983701765537262,10215,2767,18.140649973361747,4.91386965015095,0.2547824442386627,MODERATE
2024-10-30,Thrikkaipatta Part,627338,0.0,0.0,14.169368659999972,266.21530666,0.25,0.2401052713394165,0.1707943081855774,0.9737507700920105,4990,1094,18.359763052356598,4.025166488833291,0.24307368993759154,LOW
2024-10-30,Vellarimala,627340,0.0,0.0,14.169368659999972,266.21530666,0.25,0.28822436928749084,0.2474726140499115,0.9893639087677002,13205,3591,21.44783004158004,5.832575363825364,0.2767570585012436,MODERATE
2024-10-30,Kottappadi Part,627337,0.0,0.0,14.169368659999972,266.21530666,0.25,0.2568320631980896,0.18591204285621643,0.983701765537262,10215,2767,18.140649973361747,4.91386965015095,0.2547824442386627,MODERATE
2024-10-31,Thrikkaipatta Part,627338,0.0,0.0,10.889866459999972,266.21530666,0.25,0.2401052713394165,0.1707943081855774,0.9737507700920105,4990,1094,18.359763052356598,4.025166488833291,0.24307368993759154,LOW
2024-10-31,Vellarimala,627340,0.0,0.0,10.889866459999972,266.21530666,0.25,0.28822436928749084,0.2474726140499115,0.9893639087677002,13205,3591,21.44783004158004,5.832575363825364,0.2767570585012436,MODERATE
2024-10-31,Kottappadi Part,627337,0.0,0.0,10.889866459999972,266.21530666,0.25,0.2568320631980896,0.18591204285621643,0.983701765537262,10215,2767,18.140649973361747,4.91386965015095,0.2547824442386627,MODERATE
2024-11-01,Thrikkaipatta Part,627338,0.53400457,0.53400457,7.120408529999971,266.74931123,0.25,0.2401052713394165,0.1707943081855774,0.9737507700920105,4990,1094,18.359763052356598,4.025166488833291,0.24307368993759154,LOW
2024-11-01,Vellarimala,627340,0.53400457,0.53400457,7.120408529999971,266.74931123,0.25,0.28822436928749084,0.2474726140499115,0.9893639087677002,13205,3591,21.44783004158004,5.832575363825364,0.2767570585012436,MODERATE
2024-11-01,Kottappadi Part,627337,0.53400457,0.53400457,7.120408529999971,266.74931123,0.25,0.2568320631980896,0.18591204285621643,0.983701765537262,10215,2767,18.140649973361747,4.91386965015095,0.2547824442386627,MODERATE
2024-11-02,Thrikkaipatta Part,627338,3.221984,3.75598857,3.9476825299999714,268.99358103000003,0.25,0.2401052713394165,0.1707943081855774,0.9737507700920105,4990,1094,18.359763052356598,4.025166488833291,0.24307368993759154,LOW
2024-11-02,Vellarimala,627340,3.221984,3.75598857,3.9476825299999714,268.99358103000003,0.25,0.28822436928749084,0.2474726140499115,0.9893639087677002,13205,3591,21.44783004158004,5.832575363825364,0.2767570585012436,MODERATE
2024-11-02,Kottappadi Part,627337,3.221984,3.75598857,3.9476825299999714,268.99358103000003,0.25,0.2568320631980896,0.18591204285621643,0.983701765537262,10215,2767,18.140649973361747,4.91386965015095,0.2547824442386627,MODERATE
2024-11-03,Thrikkaipatta Part,627338,5.1924043,8.94839287,8.94839286999997,274.18598533000005,0.25,0.2401052713394165,0.1707943081855774,0.9737507700920105,4990,1094,18.359763052356598,4.025166488833291,0.24307368993759154,LOW
2024-11-03,Vellarimala,627340,5.1924043,8.94839287,8.94839286999997,274.18598533000005,0.25,0.28822436928749084,0.2474726140499115,0.9893639087677002,13205,3591,21.44783004158004,5.832575363825364,0.2767570585012436,MODERATE
2024-11-03,Kottappadi Part,627337,5.1924043,8.94839287,8.94839286999997,274.18598533000005,0.25,0.2568320631980896,0.18591204285621643,0.983701765537262,10215,2767,18.140649973361747,4.91386965015095,0.2547824442386627,MODERATE
2024-11-04,Thrikkaipatta Part,627338,0.0,8.414388299999999,8.94839286999997,272.52041313,0.25,0.2401052713394165,0.1707943081855774,0.9737507700920105,4990,1094,18.359763052356598,4.025166488833291,0.24307368993759154,LOW
2024-11-04,Vellarimala,627340,0.0,8.414388299999999,8.94839286999997,272.52041313,0.25,0.28822436928749084,0.2474726140499115,0.9893639087677002,13205,3591,21.44783004158004,5.832575363825364,0.2767570585012436,MODERATE
2024-11-04,Kottappadi Part,627337,0.0,8.414388299999999,8.94839286999997,272.52041313,0.25,0.2568320631980896,0.18591204285621643,0.983701765537262,10215,2767,18.140649973361747,4.91386965015095,0.2547824442386627,MODERATE
2024-11-05,Thrikkaipatta Part,627338,0.0,5.1924043,8.94839286999997,248.87190513,0.25,0.2401052713394165,0.1707943081855774,0.9737507700920105,4990,1094,18.359763052356598,4.025166488833291,0.24307368993759154,LOW
2024-11-05,Vellarimala,627340,0.0,5.1924043,8.94839286999997,248.87190513,0.25,0.28822436928749084,0.2474726140499115,0.9893639087677002,13205,3591,21.44783004158004,5.832575363825364,0.2767570585012436,MODERATE
2024-11-05,Kottappadi Part,627337,0.0,5.1924043,8.94839286999997,248.87190513,0.25,0.2568320631980896,0.18591204285621643,0.983701765537262,10215,2767,18.140649973361747,4.91386965015095,0.2547824442386627,MODERATE
2024-11-06,Thrikkaipatta Part,627338,0.0,0.0,8.94839286999997,214.53197713,0.25,0.2401052713394165,0.1707943081855774,0.9737507700920105,4990,1094,18.359763052356598,4.025166488833291,0.24307368993759154,LOW
2024-11-06,Vellarimala,627340,0.0,0.0,8.94839286999997,214.53197713,0.25,0.28822436928749084,0.2474726140499115,0.9893639087677002,13205,3591,21.44783004158004,5.832575363825364,0.2767570585012436,MODERATE
2024-11-06,Kottappadi Part,627337,0.0,0.0,8.94839286999997,214.53197713,0.25,0.2568320631980896,0.18591204285621643,0.983701765537262,10215,2767,18.140649973361747,4.91386965015095,0.2547824442386627,MODERATE
2024-11-07,Thrikkaipatta Part,627338,0.0,0.0,8.94839286999997,187.45444713,0.25,0.2401052713394165,0.1707943081855774,0.9737507700920105,4990,1094,18.359763052356598,4.025166488833291,0.24307368993759154,LOW
2024-11-07,Vellarimala,627340,0.0,0.0,8.94839286999997,187.45444713,0.25,0.28822436928749084,0.2474726140499115,0.9893639087677002,13205,3591,21.44783004158004,5.832575363825364,0.2767570585012436,MODERATE
2024-11-07,Kottappadi Part,627337,0.0,0.0,8.94839286999997,187.45444713,0.25,0.2568320631980896,0.18591204285621643,0.983701765537262,10215,2767,18.140649973361747,4.91386965015095,0.2547824442386627,MODERATE
2024-11-08,Thrikkaipatta Part,627338,0.14492813,0.14492813,8.55931642999997,182.45644226,0.25,0.2401052713394165,0.1707943081855774,0.9737507700920105,4990,1094,18.359763052356598,4.025166488833291,0.24307368993759154,LOW
2024-11-08,Vellarimala,627340,0.14492813,0.14492813,8.55931642999997,182.45644226,0.25,0.28822436928749084,0.2474726140499115,0.9893639087677002,13205,3591,21.44783004158004,5.832575363825364,0.2767570585012436,MODERATE
2024-11-08,Kottappadi Part,627337,0.14492813,0.14492813,8.55931642999997,182.45644226,0.25,0.2568320631980896,0.18591204285621643,0.983701765537262,10215,2767,18.140649973361747,4.91386965015095,0.2547824442386627,MODERATE
2024-11-09,Thrikkaipatta Part,627338,0.0,0.14492813,5.337332429999971,170.21652226,0.25,0.2401052713394165,0.1707943081855774,0.9737507700920105,4990,1094,18.359763052356598,4.025166488833291,0.24307368993759154,LOW
2024-11-09,Vellarimala,627340,0.0,0.14492813,5.337332429999971,170.21652226,0.25,0.28822436928749084,0.2474726140499115,0.9893639087677002,13205,3591,21.44783004158004,5.832575363825364,0.2767570585012436,MODERATE
2024-11-09,Kottappadi Part,627337,0.0,0.14492813,5.337332429999971,170.21652226,0.25,0.2568320631980896,0.18591204285621643,0.983701765537262,10215,2767,18.140649973361747,4.91386965015095,0.2547824442386627,MODERATE
2024-11-10,Thrikkaipatta Part,627338,0.0,0.14492813,0.1449281299999706,162.59570176000005,0.25,0.2401052713394165,0.1707943081855774,0.9737507700920105,4990,1094,18.359763052356598,4.025166488833291,0.24307368993759154,LOW
2024-11-10,Vellarimala,627340,0.0,0.14492813,0.1449281299999706,162.59570176000005,0.25,0.28822436928749084,0.2474726140499115,0.9893639087677002,13205,3591,21.44783004158004,5.832575363825364,0.2767570585012436,MODERATE
2024-11-10,Kottappadi Part,627337,0.0,0.14492813,0.1449281299999706,162.59570176000005,0.25,0.2568320631980896,0.18591204285621643,0.983701765537262,10215,2767,18.140649973361747,4.91386965015095,0.2547824442386627,MODERATE
2024-11-11,Thrikkaipatta Part,627338,0.0,0.0,0.1449281299999706,156.30533746,0.25,0.2401052713394165,0.1707943081855774,0.9737507700920105,4990,1094,18.359763052356598,4.025166488833291,0.24307368993759154,LOW
2024-11-11,Vellarimala,627340,0.0,0.0,0.1449281299999706,156.30533746,0.25,0.28822436928749084,0.2474726140499115,0.9893639087677002,13205,3591,21.44783004158004,5.832575363825364,0.2767570585012436,MODERATE
2024-11-11,Kottappadi Part,627337,0.0,0.0,0.1449281299999706,156.30533746,0.25,0.2568320631980896,0.18591204285621643,0.983701765537262,10215,2767,18.140649973361747,4.91386965015095,0.2547824442386627,MODERATE
2024-11-12,Thrikkaipatta Part,627338,0.0,0.0,0.1449281299999706,147.45044146,0.0,0.2401052713394165,0.1707943081855774,0.9737507700920105,4990,1094,18.359763052356598,4.025166488833291,0.16807368993759153,LOW
2024-11-12,Vellarimala,627340,0.0,0.0,0.1449281299999706,147.45044146,0.0,0.28822436928749084,0.2474726140499115,0.9893639087677002,13205,3591,21.44783004158004,5.832575363825364,0.2017570585012436,LOW
2024-11-12,Kottappadi Part,627337,0.0,0.0,0.1449281299999706,147.45044146,0.0,0.2568320631980896,0.18591204285621643,0.983701765537262,10215,2767,18.140649973361747,4.91386965015095,0.17978244423866271,LOW
2024-11-13,Thrikkaipatta Part,627338,1.0474803,1.0474803,1.1924084299999709,141.84384806,0.0,0.2401052713394165,0.1707943081855774,0.9737507700920105,4990,1094,18.359763052356598,4.025166488833291,0.16807368993759153,LOW
2024-11-13,Vellarimala,627340,1.0474803,1.0474803,1.1924084299999709,141.84384806,0.0,0.28822436928749084,0.2474726140499115,0.9893639087677002,13205,3591,21.44783004158004,5.832575363825364,0.2017570585012436,LOW
2024-11-13,Kottappadi Part,627337,1.0474803,1.0474803,1.1924084299999709,141.84384806,0.0,0.2568320631980896,0.18591204285621643,0.983701765537262,10215,2767,18.140649973361747,4.91386965015095,0.17978244423866271,LOW
2024-11-14,Thrikkaipatta Part,627338,0.0,1.0474803,1.1924084299999709,135.24464106,0.0,0.2401052713394165,0.1707943081855774,0.9737507700920105,4990,1094,18.359763052356598,4.025166488833291,0.16807368993759153,LOW
2024-11-14,Vellarimala,627340,0.0,1.0474803,1.1924084299999709,135.24464106,0.0,0.28822436928749084,0.2474726140499115,0.9893639087677002,13205,3591,21.44783004158004,5.832575363825364,0.2017570585012436,LOW
2024-11-14,Kottappadi Part,627337,0.0,1.0474803,1.1924084299999709,135.24464106,0.0,0.2568320631980896,0.18591204285621643,0.983701765537262,10215,2767,18.140649973361747,4.91386965015095,0.17978244423866271,LOW
2024-11-15,Thrikkaipatta Part,627338,1.3926958,2.4401761,2.44017609999997,132.75985806000003,0.0,0.2401052713394165,0.1707943081855774,0.9737507700920105,4990,1094,18.359763052356598,4.025166488833291,0.16807368993759153,LOW
2024-11-15,Vellarimala,627340,1.3926958,2.4401761,2.44017609999997,132.75985806000003,0.0,0.28822436928749084,0.2474726140499115,0.9893639087677002,13205,3591,21.44783004158004,5.832575363825364,0.2017570585012436,LOW
2024-11-15,Kottappadi Part,627337,1.3926958,2.4401761,2.44017609999997,132.75985806000003,0.0,0.2568320631980896,0.18591204285621643,0.983701765537262,10215,2767,18.140649973361747,4.91386965015095,0.17978244423866271,LOW
2024-11-16,Thrikkaipatta Part,627338,2.6211996,4.0138954,5.061375699999971,112.16378966,0.0,0.2401052713394165,0.1707943081855774,0.9737507700920105,4990,1094,18.359763052356598,4.025166488833291,0.16807368993759153,LOW
2024-11-16,Vellarimala,627340,2.6211996,4.0138954,5.061375699999971,112.16378966,0.0,0.28822436928749084,0.2474726140499115,0.9893639087677002,13205,3591,21.44783004158004,5.832575363825364,0.2017570585012436,LOW
2024-11-16,Kottappadi Part,627337,2.6211996,4.0138954,5.061375699999971,112.16378966,0.0,0.2568320631980896,0.18591204285621643,0.983701765537262,10215,2767,18.140649973361747,4.91386965015095,0.17978244423866271,LOW
2024-11-17,Thrikkaipatta Part,627338,2.8091962,6.823091600000001,7.870571899999971,106.36066486,0.0,0.2401052713394165,0.1707943081855774,0.9737507700920105,4990,1094,18.359763052356598,4.025166488833291,0.16807368993759153,LOW
2024-11-17,Vellarimala,627340,2.8091962,6.823091600000001,7.870571899999971,106.36066486,0.0,0.28822436928749084,0.2474726140499115,0.9893639087677002,13205,3591,21.44783004158004,5.832575363825364,0.2017570585012436,LOW
2024-11-17,Kottappadi Part,627337,2.8091962,6.823091600000001,7.870571899999971,106.36066486,0.0,0.2568320631980896,0.18591204285621643,0.983701765537262,10215,2767,18.140649973361747,4.91386965015095,0.17978244423866271,LOW
2024-11-18,Thrikkaipatta Part,627338,1.2417823,6.6721781,9.11235419999997,104.87759986,0.0,0.2401052713394165,0.1707943081855774,0.9737507700920105,4990,1094,18.359763052356598,4.025166488833291,0.16807368993759153,LOW
2024-11-18,Vellarimala,627340,1.2417823,6.6721781,9.11235419999997,104.87759986,0.0,0.28822436928749084,0.2474726140499115,0.9893639087677002,13205,3591,21.44783004158004,5.832575363825364,0.2017570585012436,LOW
2024-11-18,Kottappadi Part,627337,1.2417823,6.6721781,9.11235419999997,104.87759986,0.0,0.2568320631980896,0.18591204285621643,0.983701765537262,10215,2767,18.140649973361747,4.91386965015095,0.17978244423866271,LOW
2024-11-19,Thrikkaipatta Part,627338,0.0,4.0509785,9.11235419999997,92.64566186,0.0,0.2401052713394165,0.1707943081855774,0.9737507700920105,4990,1094,18.359763052356598,4.025166488833291,0.16807368993759153,LOW
2024-11-19,Vellarimala,627340,0.0,4.0509785,9.11235419999997,92.64566186,0.0,0.28822436928749084,0.2474726140499115,0.9893639087677002,13205,3591,21.44783004158004,5.832575363825364,0.2017570585012436,LOW
2024-11-19,Kottappadi Part,627337,0.0,4.0509785,9.11235419999997,92.64566186,0.0,0.2568320631980896,0.18591204285621643,0.983701765537262,10215,2767,18.140649973361747,4.91386965015095,0.17978244423866271,LOW
2024-11-20,Thrikkaipatta Part,627338,0.0,1.2417823000000003,8.06487389999997,75.25474286,0.0,0.2401052713394165,0.1707943081855774,0.9737507700920105,4990,1094,18.359763052356598,4.025166488833291,0.16807368993759153,LOW
2024-11-20,Vellarimala,627340,0.0,1.2417823000000003,8.06487389999997,75.25474286,0.0,0.28822436928749084,0.2474726140499115,0.9893639087677002,13205,3591,21.44783004158004,5.832575363825364,0.2017570585012436,LOW
2024-11-20,Kottappadi Part,627337,0.0,1.2417823000000003,8.06487389999997,75.25474286,0.0,0.2568320631980896,0.18591204285621643,0.983701765537262,10215,2767,18.140649973361747,4.91386965015095,0.17978244423866271,LOW
2024-11-21,Thrikkaipatta Part,627338,0.15061669,0.1506166900000004,8.215490589999972,38.97264955,0.0,0.2401052713394165,0.1707943081855774,0.9737507700920105,4990,1094,18.359763052356598,4.025166488833291,0.16807368993759153,LOW
2024-11-21,Vellarimala,627340,0.15061669,0.1506166900000004,8.215490589999972,38.97264955,0.0,0.28822436928749084,0.2474726140499115,0.9893639087677002,13205,3591,21.44783004158004,5.832575363825364,0.2017570585012436,LOW
2024-11-21,Kottappadi Part,627337,0.15061669,0.1506166900000004,8.215490589999972,38.97264955,0.0,0.2568320631980896,0.18591204285621643,0.983701765537262,10215,2767,18.140649973361747,4.91386965015095,0.17978244423866271,LOW
2024-11-22,Thrikkaipatta Part,627338,0.0,0.1506166900000004,6.82279478999997,32.52566055,0.0,0.2401052713394165,0.1707943081855774,0.9737507700920105,4990,1094,18.359763052356598,4.025166488833291,0.16807368993759153,LOW
2024-11-22,Vellarimala,627340,0.0,0.1506166900000004,6.82279478999997,32.52566055,0.0,0.28822436928749084,0.2474726140499115,0.9893639087677002,13205,3591,21.44783004158004,5.832575363825364,0.2017570585012436,LOW
2024-11-22,Kottappadi Part,627337,0.0,0.1506166900000004,6.82279478999997,32.52566055,0.0,0.2568320631980896,0.18591204285621643,0.983701765537262,10215,2767,18.140649973361747,4.91386965015095,0.17978244423866271,LOW
2024-11-23,Thrikkaipatta Part,627338,0.0,0.1506166900000004,4.201595189999971,29.24615835,0.0,0.2401052713394165,0.1707943081855774,0.9737507700920105,4990,1094,18.359763052356598,4.025166488833291,0.16807368993759153,LOW
2024-11-23,Vellarimala,627340,0.0,0.1506166900000004,4.201595189999971,29.24615835,0.0,0.28822436928749084,0.2474726140499115,0.9893639087677002,13205,3591,21.44783004158004,5.832575363825364,0.2017570585012436,LOW
2024-11-23,Kottappadi Part,627337,0.0,0.1506166900000004,4.201595189999971,29.24615835,0.0,0.2568320631980896,0.18591204285621643,0.983701765537262,10215,2767,18.140649973361747,4.91386965015095,0.17978244423866271,LOW
2024-11-24,Thrikkaipatta Part,627338,0.0,0.0,1.3923989899999705,24.94269585,0.0,0.2401052713394165,0.1707943081855774,0.9737507700920105,4990,1094,18.359763052356598,4.025166488833291,0.16807368993759153,LOW
2024-11-24,Vellarimala,627340,0.0,0.0,1.3923989899999705,24.94269585,0.0,0.28822436928749084,0.2474726140499115,0.9893639087677002,13205,3591,21.44783004158004,5.832575363825364,0.2017570585012436,LOW
2024-11-24,Kottappadi Part,627337,0.0,0.0,1.3923989899999705,24.94269585,0.0,0.2568320631980896,0.18591204285621643,0.983701765537262,10215,2767,18.140649973361747,4.91386965015095,0.17978244423866271,LOW
2024-11-25,Thrikkaipatta Part,627338,0.0,0.0,0.1506166899999707,18.54798585,0.0,0.2401052713394165,0.1707943081855774,0.9737507700920105,4990,1094,18.359763052356598,4.025166488833291,0.16807368993759153,LOW
2024-11-25,Vellarimala,627340,0.0,0.0,0.1506166899999707,18.54798585,0.0,0.28822436928749084,0.2474726140499115,0.9893639087677002,13205,3591,21.44783004158004,5.832575363825364,0.2017570585012436,LOW
2024-11-25,Kottappadi Part,627337,0.0,0.0,0.1506166899999707,18.54798585,0.0,0.2568320631980896,0.18591204285621643,0.983701765537262,10215,2767,18.140649973361747,4.91386965015095,0.17978244423866271,LOW
2024-11-26,Thrikkaipatta Part,627338,0.0,0.0,0.1506166899999707,18.35629189,0.0,0.2401052713394165,0.1707943081855774,0.9737507700920105,4990,1094,18.359763052356598,4.025166488833291,0.16807368993759153,LOW
2024-11-26,Vellarimala,627340,0.0,0.0,0.1506166899999707,18.35629189,0.0,0.28822436928749084,0.2474726140499115,0.9893639087677002,13205,3591,21.44783004158004,5.832575363825364,0.2017570585012436,LOW
2024-11-26,Kottappadi Part,627337,0.0,0.0,0.1506166899999707,18.35629189,0.0,0.2568320631980896,0.18591204285621643,0.983701765537262,10215,2767,18.140649973361747,4.91386965015095,0.17978244423866271,LOW
2024-11-27,Thrikkaipatta Part,627338,2.6743684,2.6743684000000005,2.824985089999971,21.03066029,0.0,0.2401052713394165,0.1707943081855774,0.9737507700920105,4990,1094,18.359763052356598,4.025166488833291,0.16807368993759153,LOW
2024-11-27,Vellarimala,627340,2.6743684,2.6743684000000005,2.824985089999971,21.03066029,0.0,0.28822436928749084,0.2474726140499115,0.9893639087677002,13205,3591,21.44783004158004,5.832575363825364,0.2017570585012436,LOW
2024-11-27,Kottappadi Part,627337,2.6743684,2.6743684000000005,2.824985089999971,21.03066029,0.0,0.2568320631980896,0.18591204285621643,0.983701765537262,10215,2767,18.140649973361747,4.91386965015095,0.17978244423866271,LOW
2024-11-28,Thrikkaipatta Part,627338,0.0,2.6743684000000005,2.674368399999971,21.03066029,0.0,0.2401052713394165,0.1707943081855774,0.9737507700920105,4990,1094,18.359763052356598,4.025166488833291,0.16807368993759153,LOW
2024-11-28,Vellarimala,627340,0.0,2.6743684000000005,2.674368399999971,21.03066029,0.0,0.28822436928749084,0.2474726140499115,0.9893639087677002,13205,3591,21.44783004158004,5.832575363825364,0.2017570585012436,LOW
2024-11-28,Kottappadi Part,627337,0.0,2.6743684000000005,2.674368399999971,21.03066029,0.0,0.2568320631980896,0.18591204285621643,0.983701765537262,10215,2767,18.140649973361747,4.91386965015095,0.17978244423866271,LOW
2024-11-29,Thrikkaipatta Part,627338,0.0,2.6743684000000005,2.674368399999971,21.03066029,0.0,0.2401052713394165,0.1707943081855774,0.9737507700920105,4990,1094,18.359763052356598,4.025166488833291,0.16807368993759153,LOW
2024-11-29,Vellarimala,627340,0.0,2.6743684000000005,2.674368399999971,21.03066029,0.0,0.28822436928749084,0.2474726140499115,0.9893639087677002,13205,3591,21.44783004158004,5.832575363825364,0.2017570585012436,LOW
2024-11-29,Kottappadi Part,627337,0.0,2.6743684000000005,2.674368399999971,21.03066029,0.0,0.2568320631980896,0.18591204285621643,0.983701765537262,10215,2767,18.140649973361747,4.91386965015095,0.17978244423866271,LOW
2024-11-30,Thrikkaipatta Part,627338,0.0,0.0,2.674368399999971,21.03066029,0.0,0.2401052713394165,0.1707943081855774,0.9737507700920105,4990,1094,18.359763052356598,4.025166488833291,0.16807368993759153,LOW
2024-11-30,Vellarimala,627340,0.0,0.0,2.674368399999971,21.03066029,0.0,0.28822436928749084,0.2474726140499115,0.9893639087677002,13205,3591,21.44783004158004,5.832575363825364,0.2017570585012436,LOW
2024-11-30,Kottappadi Part,627337,0.0,0.0,2.674368399999971,21.03066029,0.0,0.2568320631980896,0.18591204285621643,0.983701765537262,10215,2767,18.140649973361747,4.91386965015095,0.17978244423866271,LOW
2024-12-01,Thrikkaipatta Part,627338,3.610209,3.610209,6.284577399999971,24.10686472,0.0,0.2401052713394165,0.1707943081855774,0.9737507700920105,4990,1094,18.359763052356598,4.025166488833291,0.16807368993759153,LOW
2024-12-01,Vellarimala,627340,3.610209,3.610209,6.284577399999971,24.10686472,0.0,0.28822436928749084,0.2474726140499115,0.9893639087677002,13205,3591,21.44783004158004,5.832575363825364,0.2017570585012436,LOW
2024-12-01,Kottappadi Part,627337,3.610209,3.610209,6.284577399999971,24.10686472,0.0,0.2568320631980896,0.18591204285621643,0.983701765537262,10215,2767,18.140649973361747,4.91386965015095,0.17978244423866271,LOW
2024-12-02,Thrikkaipatta Part,627338,38.312405,41.922614,44.596982399999966,59.19728572,0.25,0.2401052713394165,0.1707943081855774,0.9737507700920105,4990,1094,18.359763052356598,4.025166488833291,0.24307368993759154,LOW
2024-12-02,Vellarimala,627340,38.312405,41.922614,44.596982399999966,59.19728572,0.25,0.28822436928749084,0.2474726140499115,0.9893639087677002,13205,3591,21.44783004158004,5.832575363825364,0.2767570585012436,MODERATE
2024-12-02,Kottappadi Part,627337,38.312405,41.922614,44.596982399999966,59.19728572,0.25,0.2568320631980896,0.18591204285621643,0.983701765537262,10215,2767,18.140649973361747,4.91386965015095,0.2547824442386627,MODERATE
2024-12-03,Thrikkaipatta Part,627338,66.321075,108.243689,110.91805739999997,120.32595641999998,0.75,0.2401052713394165,0.1707943081855774,0.9737507700920105,4990,1094,18.359763052356598,4.025166488833291,0.3930736899375915,MODERATE
2024-12-03,Vellarimala,627340,66.321075,108.243689,110.91805739999997,120.32595641999998,0.75,0.28822436928749084,0.2474726140499115,0.9893639087677002,13205,3591,21.44783004158004,5.832575363825364,0.42675705850124357,MODERATE
2024-12-03,Kottappadi Part,627337,66.321075,108.243689,110.91805739999997,120.32595641999998,0.75,0.2568320631980896,0.18591204285621643,0.983701765537262,10215,2767,18.140649973361747,4.91386965015095,0.4047824442386627,MODERATE
2024-12-04,Thrikkaipatta Part,627338,0.2554748,104.8889548,108.49916379999996,120.58143122,0.5,0.2401052713394165,0.1707943081855774,0.9737507700920105,4990,1094,18.359763052356598,4.025166488833291,0.31807368993759155,MODERATE
2024-12-04,Vellarimala,627340,0.2554748,104.8889548,108.49916379999996,120.58143122,0.5,0.28822436928749084,0.2474726140499115,0.9893639087677002,13205,3591,21.44783004158004,5.832575363825364,0.3517570585012436,MODERATE
2024-12-04,Kottappadi Part,627337,0.2554748,104.8889548,108.49916379999996,120.58143122,0.5,0.2568320631980896,0.18591204285621643,0.983701765537262,10215,2767,18.140649973361747,4.91386965015095,0.3297824442386627,MODERATE
2024-12-05,Thrikkaipatta Part,627338,1.1614043,67.7379541,109.66056809999996,121.74283552,0.25,0.2401052713394165,0.1707943081855774,0.9737507700920105,4990,1094,18.359763052356598,4.025166488833291,0.24307368993759154,LOW
2024-12-05,Vellarimala,627340,1.1614043,67.7379541,109.66056809999996,121.74283552,0.25,0.28822436928749084,0.2474726140499115,0.9893639087677002,13205,3591,21.44783004158004,5.832575363825364,0.2767570585012436,MODERATE
2024-12-05,Kottappadi Part,627337,1.1614043,67.7379541,109.66056809999996,121.74283552,0.25,0.2568320631980896,0.18591204285621643,0.983701765537262,10215,2767,18.140649973361747,4.91386965015095,0.2547824442386627,MODERATE
2024-12-06,Thrikkaipatta Part,627338,0.0,1.4168791,109.66056809999996,121.74283552,0.25,0.2401052713394165,0.1707943081855774,0.9737507700920105,4990,1094,18.359763052356598,4.025166488833291,0.24307368993759154,LOW
2024-12-06,Vellarimala,627340,0.0,1.4168791,109.66056809999996,121.74283552,0.25,0.28822436928749084,0.2474726140499115,0.9893639087677002,13205,3591,21.44783004158004,5.832575363825364,0.2767570585012436,MODERATE
2024-12-06,Kottappadi Part,627337,0.0,1.4168791,109.66056809999996,121.74283552,0.25,0.2568320631980896,0.18591204285621643,0.983701765537262,10215,2767,18.140649973361747,4.91386965015095,0.2547824442386627,MODERATE
2024-12-07,Thrikkaipatta Part,627338,0.0,1.1614043,109.66056809999996,121.74283552,0.25,0.2401052713394165,0.1707943081855774,0.9737507700920105,4990,1094,18.359763052356598,4.025166488833291,0.24307368993759154,LOW
2024-12-07,Vellarimala,627340,0.0,1.1614043,109.66056809999996,121.74283552,0.25,0.28822436928749084,0.2474726140499115,0.9893639087677002,13205,3591,21.44783004158004,5.832575363825364,0.2767570585012436,MODERATE
2024-12-07,Kottappadi Part,627337,0.0,1.1614043,109.66056809999996,121.74283552,0.25,0.2568320631980896,0.18591204285621643,0.983701765537262,10215,2767,18.140649973361747,4.91386965015095,0.2547824442386627,MODERATE
2024-12-08,Thrikkaipatta Part,627338,0.0,0.0,106.05035909999997,121.59790739,0.25,0.2401052713394165,0.1707943081855774,0.9737507700920105,4990,1094,18.359763052356598,4.025166488833291,0.24307368993759154,LOW
2024-12-08,Vellarimala,627340,0.0,0.0,106.05035909999997,121.59790739,0.25,0.28822436928749084,0.2474726140499115,0.9893639087677002,13205,3591,21.44783004158004,5.832575363825364,0.2767570585012436,MODERATE
2024-12-08,Kottappadi Part,627337,0.0,0.0,106.05035909999997,121.59790739,0.25,0.2568320631980896,0.18591204285621643,0.983701765537262,10215,2767,18.140649973361747,4.91386965015095,0.2547824442386627,MODERATE
2024-12-09,Thrikkaipatta Part,627338,0.0,0.0,67.73795409999997,121.59790739,0.0,0.2401052713394165,0.1707943081855774,0.9737507700920105,4990,1094,18.359763052356598,4.025166488833291,0.16807368993759153,LOW
2024-12-09,Vellarimala,627340,0.0,0.0,67.73795409999997,121.59790739,0.0,0.28822436928749084,0.2474726140499115,0.9893639087677002,13205,3591,21.44783004158004,5.832575363825364,0.2017570585012436,LOW
2024-12-09,Kottappadi Part,627337,0.0,0.0,67.73795409999997,121.59790739,0.0,0.2568320631980896,0.18591204285621643,0.983701765537262,10215,2767,18.140649973361747,4.91386965015095,0.17978244423866271,LOW
2024-12-10,Thrikkaipatta Part,627338,0.0,0.0,1.4168790999999716,121.59790739,0.0,0.2401052713394165,0.1707943081855774,0.9737507700920105,4990,1094,18.359763052356598,4.025166488833291,0.16807368993759153,LOW
2024-12-10,Vellarimala,627340,0.0,0.0,1.4168790999999716,121.59790739,0.0,0.28822436928749084,0.2474726140499115,0.9893639087677002,13205,3591,21.44783004158004,5.832575363825364,0.2017570585012436,LOW
2024-12-10,Kottappadi Part,627337,0.0,0.0,1.4168790999999716,121.59790739,0.0,0.2568320631980896,0.18591204285621643,0.983701765537262,10215,2767,18.140649973361747,4.91386965015095,0.17978244423866271,LOW
2024-12-11,Thrikkaipatta Part,627338,0.0,0.0,1.1614042999999716,121.59790739,0.0,0.2401052713394165,0.1707943081855774,0.9737507700920105,4990,1094,18.359763052356598,4.025166488833291,0.16807368993759153,LOW
2024-12-11,Vellarimala,627340,0.0,0.0,1.1614042999999716,121.59790739,0.0,0.28822436928749084,0.2474726140499115,0.9893639087677002,13205,3591,21.44783004158004,5.832575363825364,0.2017570585012436,LOW
2024-12-11,Kottappadi Part,627337,0.0,0.0,1.1614042999999716,121.59790739,0.0,0.2568320631980896,0.18591204285621643,0.983701765537262,10215,2767,18.140649973361747,4.91386965015095,0.17978244423866271,LOW
2024-12-12,Thrikkaipatta Part,627338,0.0,0.0,0.0,121.59790739,0.0,0.2401052713394165,0.1707943081855774,0.9737507700920105,4990,1094,18.359763052356598,4.025166488833291,0.16807368993759153,LOW
2024-12-12,Vellarimala,627340,0.0,0.0,0.0,121.59790739,0.0,0.28822436928749084,0.2474726140499115,0.9893639087677002,13205,3591,21.44783004158004,5.832575363825364,0.2017570585012436,LOW
2024-12-12,Kottappadi Part,627337,0.0,0.0,0.0,121.59790739,0.0,0.2568320631980896,0.18591204285621643,0.983701765537262,10215,2767,18.140649973361747,4.91386965015095,0.17978244423866271,LOW
2024-12-13,Thrikkaipatta Part,627338,3.405779,3.405779,3.4057789999999715,123.95620609,0.0,0.2401052713394165,0.1707943081855774,0.9737507700920105,4990,1094,18.359763052356598,4.025166488833291,0.16807368993759153,LOW
2024-12-13,Vellarimala,627340,3.405779,3.405779,3.4057789999999715,123.95620609,0.0,0.28822436928749084,0.2474726140499115,0.9893639087677002,13205,3591,21.44783004158004,5.832575363825364,0.2017570585012436,LOW
2024-12-13,Kottappadi Part,627337,3.405779,3.405779,3.4057789999999715,123.95620609,0.0,0.2568320631980896,0.18591204285621643,0.983701765537262,10215,2767,18.140649973361747,4.91386965015095,0.17978244423866271,LOW
2024-12-14,Thrikkaipatta Part,627338,3.4665341,6.8723131,6.872313099999971,127.42274019,0.0,0.2401052713394165,0.1707943081855774,0.9737507700920105,4990,1094,18.359763052356598,4.025166488833291,0.16807368993759153,LOW
2024-12-14,Vellarimala,627340,3.4665341,6.8723131,6.872313099999971,127.42274019,0.0,0.28822436928749084,0.2474726140499115,0.9893639087677002,13205,3591,21.44783004158004,5.832575363825364,0.2017570585012436,LOW
2024-12-14,Kottappadi Part,627337,3.4665341,6.8723131,6.872313099999971,127.42274019,0.0,0.2568320631980896,0.18591204285621643,0.983701765537262,10215,2767,18.140649973361747,4.91386965015095,0.17978244423866271,LOW
2024-12-15,Thrikkaipatta Part,627338,1.1259805,7.9982936,7.998293599999972,127.15602489,0.0,0.2401052713394165,0.1707943081855774,0.9737507700920105,4990,1094,18.359763052356598,4.025166488833291,0.16807368993759153,LOW
2024-12-15,Vellarimala,627340,1.1259805,7.9982936,7.998293599999972,127.15602489,0.0,0.28822436928749084,0.2474726140499115,0.9893639087677002,13205,3591,21.44783004158004,5.832575363825364,0.2017570585012436,LOW
2024-12-15,Kottappadi Part,627337,1.1259805,7.9982936,7.998293599999972,127.15602489,0.0,0.2568320631980896,0.18591204285621643,0.983701765537262,10215,2767,18.140649973361747,4.91386965015095,0.17978244423866271,LOW
2024-12-16,Thrikkaipatta Part,627338,0.0,4.5925146,7.998293599999972,124.53482529,0.0,0.2401052713394165,0.1707943081855774,0.9737507700920105,4990,1094,18.359763052356598,4.025166488833291,0.16807368993759153,LOW
2024-12-16,Vellarimala,627340,0.0,4.5925146,7.998293599999972,124.53482529,0.0,0.28822436928749084,0.2474726140499115,0.9893639087677002,13205,3591,21.44783004158004,5.832575363825364,0.2017570585012436,LOW
2024-12-16,Kottappadi Part,627337,0.0,4.5925146,7.998293599999972,124.53482529,0.0,0.2568320631980896,0.18591204285621643,0.983701765537262,10215,2767,18.140649973361747,4.91386965015095,0.17978244423866271,LOW
2024-12-17,Thrikkaipatta Part,627338,0.0,1.1259805,7.998293599999972,121.72562909,0.0,0.2401052713394165,0.1707943081855774,0.9737507700920105,4990,1094,18.359763052356598,4.025166488833291,0.16807368993759153,LOW
2024-12-17,Vellarimala,627340,0.0,1.1259805,7.998293599999972,121.72562909,0.0,0.28822436928749084,0.2474726140499115,0.9893639087677002,13205,3591,21.44783004158004,5.832575363825364,0.2017570585012436,LOW
2024-12-17,Kottappadi Part,627337,0.0,1.1259805,7.998293599999972,121.72562909,0.0,0.2568320631980896,0.18591204285621643,0.983701765537262,10215,2767,18.140649973361747,4.91386965015095,0.17978244423866271,LOW
2024-12-18,Thrikkaipatta Part,627338,0.0,0.0,7.998293599999972,120.48384679,0.0,0.2401052713394165,0.1707943081855774,0.9737507700920105,4990,1094,18.359763052356598,4.025166488833291,0.16807368993759153,LOW
2024-12-18,Vellarimala,627340,0.0,0.0,7.998293599999972,120.48384679,0.0,0.28822436928749084,0.2474726140499115,0.9893639087677002,13205,3591,21.44783004158004,5.832575363825364,0.2017570585012436,LOW
2024-12-18,Kottappadi Part,627337,0.0,0.0,7.998293599999972,120.48384679,0.0,0.2568320631980896,0.18591204285621643,0.983701765537262,10215,2767,18.140649973361747,4.91386965015095,0.17978244423866271,LOW
2024-12-19,Thrikkaipatta Part,627338,0.0,0.0,7.998293599999972,120.48384679,0.0,0.2401052713394165,0.1707943081855774,0.9737507700920105,4990,1094,18.359763052356598,4.025166488833291,0.16807368993759153,LOW
2024-12-19,Vellarimala,627340,0.0,0.0,7.998293599999972,120.48384679,0.0,0.28822436928749084,0.2474726140499115,0.9893639087677002,13205,3591,21.44783004158004,5.832575363825364,0.2017570585012436,LOW
2024-12-19,Kottappadi Part,627337,0.0,0.0,7.998293599999972,120.48384679,0.0,0.2568320631980896,0.18591204285621643,0.983701765537262,10215,2767,18.140649973361747,4.91386965015095,0.17978244423866271,LOW
2024-12-20,Thrikkaipatta Part,627338,0.0,0.0,4.592514599999972,120.48384679,0.0,0.2401052713394165,0.1707943081855774,0.9737507700920105,4990,1094,18.359763052356598,4.025166488833291,0.16807368993759153,LOW
2024-12-20,Vellarimala,627340,0.0,0.0,4.592514599999972,120.48384679,0.0,0.28822436928749084,0.2474726140499115,0.9893639087677002,13205,3591,21.44783004158004,5.832575363825364,0.2017570585012436,LOW
2024-12-20,Kottappadi Part,627337,0.0,0.0,4.592514599999972,120.48384679,0.0,0.2568320631980896,0.18591204285621643,0.983701765537262,10215,2767,18.140649973361747,4.91386965015095,0.17978244423866271,LOW
2024-12-21,Thrikkaipatta Part,627338,0.0,0.0,1.1259804999999716,120.3332301,0.0,0.2401052713394165,0.1707943081855774,0.9737507700920105,4990,1094,18.359763052356598,4.025166488833291,0.16807368993759153,LOW
2024-12-21,Vellarimala,627340,0.0,0.0,1.1259804999999716,120.3332301,0.0,0.28822436928749084,0.2474726140499115,0.9893639087677002,13205,3591,21.44783004158004,5.832575363825364,0.2017570585012436,LOW
2024-12-21,Kottappadi Part,627337,0.0,0.0,1.1259804999999716,120.3332301,0.0,0.2568320631980896,0.18591204285621643,0.983701765537262,10215,2767,18.140649973361747,4.91386965015095,0.17978244423866271,LOW
2024-12-22,Thrikkaipatta Part,627338,0.0,0.0,0.0,120.3332301,0.0,0.2401052713394165,0.1707943081855774,0.9737507700920105,4990,1094,18.359763052356598,4.025166488833291,0.16807368993759153,LOW
2024-12-22,Vellarimala,627340,0.0,0.0,0.0,120.3332301,0.0,0.28822436928749084,0.2474726140499115,0.9893639087677002,13205,3591,21.44783004158004,5.832575363825364,0.2017570585012436,LOW
2024-12-22,Kottappadi Part,627337,0.0,0.0,0.0,120.3332301,0.0,0.2568320631980896,0.18591204285621643,0.983701765537262,10215,2767,18.140649973361747,4.91386965015095,0.17978244423866271,LOW
2024-12-23,Thrikkaipatta Part,627338,0.0,0.0,0.0,120.3332301,0.0,0.2401052713394165,0.1707943081855774,0.9737507700920105,4990,1094,18.359763052356598,4.025166488833291,0.16807368993759153,LOW
2024-12-23,Vellarimala,627340,0.0,0.0,0.0,120.3332301,0.0,0.28822436928749084,0.2474726140499115,0.9893639087677002,13205,3591,21.44783004158004,5.832575363825364,0.2017570585012436,LOW
2024-12-23,Kottappadi Part,627337,0.0,0.0,0.0,120.3332301,0.0,0.2568320631980896,0.18591204285621643,0.983701765537262,10215,2767,18.140649973361747,4.91386965015095,0.17978244423866271,LOW
2024-12-24,Thrikkaipatta Part,627338,0.0,0.0,0.0,120.3332301,0.0,0.2401052713394165,0.1707943081855774,0.9737507700920105,4990,1094,18.359763052356598,4.025166488833291,0.16807368993759153,LOW
2024-12-24,Vellarimala,627340,0.0,0.0,0.0,120.3332301,0.0,0.28822436928749084,0.2474726140499115,0.9893639087677002,13205,3591,21.44783004158004,5.832575363825364,0.2017570585012436,LOW
2024-12-24,Kottappadi Part,627337,0.0,0.0,0.0,120.3332301,0.0,0.2568320631980896,0.18591204285621643,0.983701765537262,10215,2767,18.140649973361747,4.91386965015095,0.17978244423866271,LOW
2024-12-25,Thrikkaipatta Part,627338,0.0,0.0,0.0,120.3332301,0.0,0.2401052713394165,0.1707943081855774,0.9737507700920105,4990,1094,18.359763052356598,4.025166488833291,0.16807368993759153,LOW
2024-12-25,Vellarimala,627340,0.0,0.0,0.0,120.3332301,0.0,0.28822436928749084,0.2474726140499115,0.9893639087677002,13205,3591,21.44783004158004,5.832575363825364,0.2017570585012436,LOW
2024-12-25,Kottappadi Part,627337,0.0,0.0,0.0,120.3332301,0.0,0.2568320631980896,0.18591204285621643,0.983701765537262,10215,2767,18.140649973361747,4.91386965015095,0.17978244423866271,LOW
2024-12-26,Thrikkaipatta Part,627338,0.0,0.0,0.0,120.3332301,0.0,0.2401052713394165,0.1707943081855774,0.9737507700920105,4990,1094,18.359763052356598,4.025166488833291,0.16807368993759153,LOW
2024-12-26,Vellarimala,627340,0.0,0.0,0.0,120.3332301,0.0,0.28822436928749084,0.2474726140499115,0.9893639087677002,13205,3591,21.44783004158004,5.832575363825364,0.2017570585012436,LOW
2024-12-26,Kottappadi Part,627337,0.0,0.0,0.0,120.3332301,0.0,0.2568320631980896,0.18591204285621643,0.983701765537262,10215,2767,18.140649973361747,4.91386965015095,0.17978244423866271,LOW
2024-12-27,Thrikkaipatta Part,627338,2.0315936,2.0315936,2.0315935999999715,119.6904553,0.0,0.2401052713394165,0.1707943081855774,0.9737507700920105,4990,1094,18.359763052356598,4.025166488833291,0.16807368993759153,LOW
2024-12-27,Vellarimala,627340,2.0315936,2.0315936,2.0315935999999715,119.6904553,0.0,0.28822436928749084,0.2474726140499115,0.9893639087677002,13205,3591,21.44783004158004,5.832575363825364,0.2017570585012436,LOW
2024-12-27,Kottappadi Part,627337,2.0315936,2.0315936,2.0315935999999715,119.6904553,0.0,0.2568320631980896,0.18591204285621643,0.983701765537262,10215,2767,18.140649973361747,4.91386965015095,0.17978244423866271,LOW
2024-12-28,Thrikkaipatta Part,627338,0.3286182,2.3602118,2.360211799999972,120.0190735,0.0,0.2401052713394165,0.1707943081855774,0.9737507700920105,4990,1094,18.359763052356598,4.025166488833291,0.16807368993759153,LOW
2024-12-28,Vellarimala,627340,0.3286182,2.3602118,2.360211799999972,120.0190735,0.0,0.28822436928749084,0.2474726140499115,0.9893639087677002,13205,3591,21.44783004158004,5.832575363825364,0.2017570585012436,LOW
2024-12-28,Kottappadi Part,627337,0.3286182,2.3602118,2.360211799999972,120.0190735,0.0,0.2568320631980896,0.18591204285621643,0.983701765537262,10215,2767,18.140649973361747,4.91386965015095,0.17978244423866271,LOW
2024-12-29,Thrikkaipatta Part,627338,0.0,2.3602118,2.360211799999972,120.0190735,0.0,0.2401052713394165,0.1707943081855774,0.9737507700920105,4990,1094,18.359763052356598,4.025166488833291,0.16807368993759153,LOW
2024-12-29,Vellarimala,627340,0.0,2.3602118,2.360211799999972,120.0190735,0.0,0.28822436928749084,0.2474726140499115,0.9893639087677002,13205,3591,21.44783004158004,5.832575363825364,0.2017570585012436,LOW
2024-12-29,Kottappadi Part,627337,0.0,2.3602118,2.360211799999972,120.0190735,0.0,0.2568320631980896,0.18591204285621643,0.983701765537262,10215,2767,18.140649973361747,4.91386965015095,0.17978244423866271,LOW
2024-12-30,Thrikkaipatta Part,627338,0.0,0.3286182,2.360211799999972,120.0190735,0.0,0.2401052713394165,0.1707943081855774,0.9737507700920105,4990,1094,18.359763052356598,4.025166488833291,0.16807368993759153,LOW
2024-12-30,Vellarimala,627340,0.0,0.3286182,2.360211799999972,120.0190735,0.0,0.28822436928749084,0.2474726140499115,0.9893639087677002,13205,3591,21.44783004158004,5.832575363825364,0.2017570585012436,LOW
2024-12-30,Kottappadi Part,627337,0.0,0.3286182,2.360211799999972,120.0190735,0.0,0.2568320631980896,0.18591204285621643,0.983701765537262,10215,2767,18.140649973361747,4.91386965015095,0.17978244423866271,LOW
2024-12-31,Thrikkaipatta Part,627338,0.0,0.0,2.360211799999972,116.4088645,0.0,0.2401052713394165,0.1707943081855774,0.9737507700920105,4990,1094,18.359763052356598,4.025166488833291,0.16807368993759153,LOW
2024-12-31,Vellarimala,627340,0.0,0.0,2.360211799999972,116.4088645,0.0,0.28822436928749084,0.2474726140499115,0.9893639087677002,13205,3591,21.44783004158004,5.832575363825364,0.2017570585012436,LOW
2024-12-31,Kottappadi Part,627337,0.0,0.0,2.360211799999972,116.4088645,0.0,0.2568320631980896,0.18591204285621643,0.983701765537262,10215,2767,18.140649973361747,4.91386965015095,0.17978244423866271,LOW
