village,vlcode,block,district,area_m2,area_km2,centroid_x,centroid_y,area_exposure_score,coastal_exposure_score,coastal_exposure_category,exposure_method,exposure_data_quality,shoreline_distance_available,village_erosion_rate_available
Birin Dola,396779,Marsaghai,Kendrapara,372083.2959156333,0.3720832959156333,4656695.015687215,3625854.5727353995,0.019797395989038444,0.019797395989038444,LOW,Village geometry area normalized within Kendrapara coastal-belt villages,PRELIMINARY_SPATIAL_PROXY,False,False
Gopei,396731,Marsaghai,Kendrapara,1224479.3682880562,1.2244793682880561,4650978.13443867,3627717.945689114,0.06729624145006788,0.06729624145006788,LOW,Village geometry area normalized within Kendrapara coastal-belt villages,PRELIMINARY_SPATIAL_PROXY,False,False
Bilabalarampur,396712,Marsaghai,Kendrapara,932745.8709090548,0.9327458709090548,4654779.681471607,3630469.1177878804,0.05103970912086151,0.05103970912086151,LOW,Village geometry area normalized within Kendrapara coastal-belt villages,PRELIMINARY_SPATIAL_PROXY,False,False
Mandia,396795,Marsaghai,Kendrapara,1583138.3335414808,1.5831383335414808,4657778.14376942,3622466.7276749983,0.08728212279789035,0.08728212279789035,LOW,Village geometry area normalized within Kendrapara coastal-belt villages,PRELIMINARY_SPATIAL_PROXY,False,False
Arimula,396722,Marsaghai,Kendrapara,471699.8259928129,0.4716998259928129,4657233.650991761,3626209.472004635,0.025348418947568237,0.025348418947568237,LOW,Village geometry area normalized within Kendrapara coastal-belt villages,PRELIMINARY_SPATIAL_PROXY,False,False
Gajipithi,396776,Marsaghai,Kendrapara,870781.7450709022,0.8707817450709021,4656064.760580949,3626100.6672091424,0.04758682549937497,0.04758682549937497,LOW,Village geometry area normalized within Kendrapara coastal-belt villages,PRELIMINARY_SPATIAL_PROXY,False,False
Agar Bindha,396728,Marsaghai,Kendrapara,1194395.038171726,1.194395038171726,4653480.885819107,3627610.12890834,0.06561982482485164,0.06561982482485164,LOW,Village geometry area normalized within Kendrapara coastal-belt villages,PRELIMINARY_SPATIAL_PROXY,False,False
Talagan,396710,Marsaghai,Kendrapara,1349065.9846646378,1.3490659846646378,4653573.6180381235,3629012.556095313,0.07423869535100312,0.07423869535100312,LOW,Village geometry area normalized within Kendrapara coastal-belt villages,PRELIMINARY_SPATIAL_PROXY,False,False
Karandia Patna,396715,Marsaghai,Kendrapara,3061975.239035037,3.061975239035037,4657221.808929213,3628739.658464844,0.1696887033920526,0.1696887033920526,LOW,Village geometry area normalized within Kendrapara coastal-belt villages,PRELIMINARY_SPATIAL_PROXY,False,False
Jalopoka,396702,Marsaghai,Kendrapara,1265269.555953587,1.265269555953587,4649924.219642489,3630228.084505143,0.06956923036103146,0.06956923036103146,LOW,Village geometry area normalized within Kendrapara coastal-belt villages,PRELIMINARY_SPATIAL_PROXY,False,False
Karilo Patana,396709,Marsaghai,Kendrapara,2079697.9213702765,2.0796979213702764,4651920.425561087,3629527.682907272,0.11495236658353676,0.11495236658353676,LOW,Village geometry area normalized within Kendrapara coastal-belt villages,PRELIMINARY_SPATIAL_PROXY,False,False
Akhuadakhini,396796,Marsaghai,Kendrapara,899516.5594088712,0.8995165594088712,4657377.989088984,3623539.620037491,0.049188041823368354,0.049188041823368354,LOW,Village geometry area normalized within Kendrapara coastal-belt villages,PRELIMINARY_SPATIAL_PROXY,False,False
Pokshyot,396701,Marsaghai,Kendrapara,855787.3757125123,0.8557873757125123,4648940.9389960915,3630876.246805259,0.04675128055023239,0.04675128055023239,LOW,Village geometry area normalized within Kendrapara coastal-belt villages,PRELIMINARY_SPATIAL_PROXY,False,False
Hantapada,396708,Marsaghai,Kendrapara,1443762.2137825994,1.4437622137825994,4652456.850676614,3628579.7168783057,0.07951553988185295,0.07951553988185295,LOW,Village geometry area normalized within Kendrapara coastal-belt villages,PRELIMINARY_SPATIAL_PROXY,False,False
Abhaypur,396778,Marsaghai,Kendrapara,480107.26190696174,0.48010726190696174,4656832.299576972,3624840.175098852,0.025816914183706758,0.025816914183706758,LOW,Village geometry area normalized within Kendrapara coastal-belt villages,PRELIMINARY_SPATIAL_PROXY,False,False
Orisbindha,396777,Marsaghai,Kendrapara,953711.7084813647,0.9537117084813647,4656097.586469192,3625035.5397679005,0.05220800765142195,0.05220800765142195,LOW,Village geometry area normalized within Kendrapara coastal-belt villages,PRELIMINARY_SPATIAL_PROXY,False,False
Raichand,396732,Marsaghai,Kendrapara,550113.6500722914,0.5501136500722914,4650895.941230185,3626999.614773483,0.029717944139763385,0.029717944139763385,LOW,Village geometry area normalized within Kendrapara coastal-belt villages,PRELIMINARY_SPATIAL_PROXY,False,False
Gaudagan,396714,Marsaghai,Kendrapara,2271795.4337378135,2.2717954337378137,4655906.471790717,3629454.878510494,0.1256567918491277,0.1256567918491277,LOW,Village geometry area normalized within Kendrapara coastal-belt villages,PRELIMINARY_SPATIAL_PROXY,False,False
Jokia,396780,Marsaghai,Kendrapara,850234.4510698604,0.8502344510698604,4657296.701723374,3625336.1464649653,0.04644184985479997,0.04644184985479997,LOW,Village geometry area normalized within Kendrapara coastal-belt villages,PRELIMINARY_SPATIAL_PROXY,False,False
Dalaanta,396725,Marsaghai,Kendrapara,1451925.7741471138,1.4519257741471139,4654393.809183722,3627558.702162746,0.0799704454178283,0.0799704454178283,LOW,Village geometry area normalized within Kendrapara coastal-belt villages,PRELIMINARY_SPATIAL_PROXY,False,False
Raghunatha Pur,396723,Marsaghai,Kendrapara,2420588.702800677,2.420588702800677,4656738.564227376,3627279.819988073,0.13394813518343912,0.13394813518343912,LOW,Village geometry area normalized within Kendrapara coastal-belt villages,PRELIMINARY_SPATIAL_PROXY,False,False
Jamapada,396724,Marsaghai,Kendrapara,1587414.1415978712,1.5874141415978713,4655384.774671709,3627908.313910525,0.08752038755845672,0.08752038755845672,LOW,Village geometry area normalized within Kendrapara coastal-belt villages,PRELIMINARY_SPATIAL_PROXY,False,False
Naranpur,396707,Marsaghai,Kendrapara,766001.8805903448,0.7660018805903448,4651117.1031512,3628646.0617332803,0.041748081338415115,0.041748081338415115,LOW,Village geometry area normalized within Kendrapara coastal-belt villages,PRELIMINARY_SPATIAL_PROXY,False,False
Dihabalarampur,396713,Marsaghai,Kendrapara,2215599.4065915705,2.2155994065915703,4654582.66586377,3629450.4903175705,0.12252532926329705,0.12252532926329705,LOW,Village geometry area normalized within Kendrapara coastal-belt villages,PRELIMINARY_SPATIAL_PROXY,False,False
Aitpur,396711,Marsaghai,Kendrapara,3213781.4644917897,3.2137814644917895,4652862.706200478,3630685.8263397245,0.17814794044944962,0.17814794044944962,LOW,Village geometry area normalized within Kendrapara coastal-belt villages,PRELIMINARY_SPATIAL_PROXY,False,False
Odang,396781,Marsaghai,Kendrapara,1252999.017805447,1.252999017805447,4657758.469536377,3624681.2846440393,0.06888546794809591,0.06888546794809591,LOW,Village geometry area normalized within Kendrapara coastal-belt villages,PRELIMINARY_SPATIAL_PROXY,False,False
Surtipur,396490,Marsaghai,Kendrapara,603658.225147477,0.603658225147477,4650012.538162244,3630888.658500529,0.03270165743831731,0.03270165743831731,LOW,Village geometry area normalized within Kendrapara coastal-belt villages,PRELIMINARY_SPATIAL_PROXY,False,False
Gobindpur,395658,Rajkanika,Kendrapara,71444.30575583811,0.07144430575583811,4681467.2566186385,3660885.889578546,0.00304461474567187,0.00304461474567187,LOW,Village geometry area normalized within Kendrapara coastal-belt villages,PRELIMINARY_SPATIAL_PROXY,False,False
Laxmiprasad,395975,Rajnagar,Kendrapara,234156.0058559193,0.2341560058559193,4698998.976505593,3647827.3637955366,0.012111547534609442,0.012111547534609442,LOW,Village geometry area normalized within Kendrapara coastal-belt villages,PRELIMINARY_SPATIAL_PROXY,False,False
Padmanavpatna,396054,Rajnagar,Kendrapara,16806.816656716346,0.016806816656716347,4695524.2769729085,3641125.93237371,0.0,0.0,LOW,Village geometry area normalized within Kendrapara coastal-belt villages,PRELIMINARY_SPATIAL_PROXY,False,False
Ratanpur,396893,Marsaghai,Kendrapara,453795.80200215726,0.45379580200215724,4662711.041388208,3616938.8793301475,0.024350736653824447,0.024350736653824447,LOW,Village geometry area normalized within Kendrapara coastal-belt villages,PRELIMINARY_SPATIAL_PROXY,False,False
Khamaganbindha,396940,Marsaghai,Kendrapara,315401.2310148906,0.3154012310148906,4661620.224318152,3621659.5466330117,0.016638849477158102,0.016638849477158102,LOW,Village geometry area normalized within Kendrapara coastal-belt villages,PRELIMINARY_SPATIAL_PROXY,False,False
Potari,396892,Marsaghai,Kendrapara,844414.8698592335,0.8444148698592335,4661892.243153399,3616878.9877998508,0.04611756001169672,0.04611756001169672,LOW,Village geometry area normalized within Kendrapara coastal-belt villages,PRELIMINARY_SPATIAL_PROXY,False,False
Raipur,396958,Mahakalapada,Kendrapara,1025234.9104856377,1.0252349104856378,4668840.751622898,3618902.113966026,0.05619356041144763,0.05619356041144763,LOW,Village geometry area normalized within Kendrapara coastal-belt villages,PRELIMINARY_SPATIAL_PROXY,False,False
Samjori,396954,Mahakalapada,Kendrapara,1073848.576559022,1.073848576559022,4667183.33348667,3618992.9692735495,0.058902504160668584,0.058902504160668584,LOW,Village geometry area normalized within Kendrapara coastal-belt villages,PRELIMINARY_SPATIAL_PROXY,False,False
Pailo,396872,Marsaghai,Kendrapara,1831522.6936041126,1.8315226936041127,4658192.235327261,3619057.26680364,0.10112307152576877,0.10112307152576877,LOW,Village geometry area normalized within Kendrapara coastal-belt villages,PRELIMINARY_SPATIAL_PROXY,False,False
Barunei,396075,Rajnagar,Kendrapara,342709.96652752627,0.3427099665275263,4693202.962879575,3638239.392654708,0.01816059910728084,0.01816059910728084,LOW,Village geometry area normalized within Kendrapara coastal-belt villages,PRELIMINARY_SPATIAL_PROXY,False,False
Madhuraganda Khamar,396953,Mahakalapada,Kendrapara,1082598.9975989042,1.082598997598904,4666822.620143437,3619999.0776111363,0.0593901118704689,0.0593901118704689,LOW,Village geometry area normalized within Kendrapara coastal-belt villages,PRELIMINARY_SPATIAL_PROXY,False,False
Khurusia,396962,Mahakalapada,Kendrapara,1128782.7747246197,1.1287827747246197,4669438.150014466,3618273.6436197865,0.0619636526968543,0.0619636526968543,LOW,Village geometry area normalized within Kendrapara coastal-belt villages,PRELIMINARY_SPATIAL_PROXY,False,False
Nachhipada,396888,Marsaghai,Kendrapara,1024558.6558625877,1.0245586558625877,4661211.7873557415,3618805.376309863,0.05615587685696671,0.05615587685696671,LOW,Village geometry area normalized within Kendrapara coastal-belt villages,PRELIMINARY_SPATIAL_PROXY,False,False
Manikipur,396880,Marsaghai,Kendrapara,1021038.6500261499,1.02103865002615,4661162.240613504,3621436.74857609,0.055959728354332806,0.055959728354332806,LOW,Village geometry area normalized within Kendrapara coastal-belt villages,PRELIMINARY_SPATIAL_PROXY,False,False
Gopalapur,396948,Mahakalapada,Kendrapara,1159478.959813821,1.1594789598138209,4664611.633086293,3620843.8991346755,0.06367416427598097,0.06367416427598097,LOW,Village geometry area normalized within Kendrapara coastal-belt villages,PRELIMINARY_SPATIAL_PROXY,False,False
Mantei,396874,Marsaghai,Kendrapara,387241.55706484156,0.38724155706484154,4659340.293561264,3618820.312809334,0.020642073630243705,0.020642073630243705,LOW,Village geometry area normalized within Kendrapara coastal-belt villages,PRELIMINARY_SPATIAL_PROXY,False,False
Antei,396873,Marsaghai,Kendrapara,1070308.7391333529,1.0703087391333528,4659023.075893306,3618274.027086966,0.05870525056426115,0.05870525056426115,LOW,Village geometry area normalized within Kendrapara coastal-belt villages,PRELIMINARY_SPATIAL_PROXY,False,False
Beruhan,396942,Marsaghai,Kendrapara,2709264.8975621928,2.7092648975621927,4663164.5687391665,3620573.2680068156,0.15003430264440837,0.15003430264440837,LOW,Village geometry area normalized within Kendrapara coastal-belt villages,PRELIMINARY_SPATIAL_PROXY,False,False
Khamagan,396882,Marsaghai,Kendrapara,1101779.17265501,1.10177917265501,4661441.486411854,3620517.4488007226,0.06045890629648007,0.06045890629648007,LOW,Village geometry area normalized within Kendrapara coastal-belt villages,PRELIMINARY_SPATIAL_PROXY,False,False
Naladiapalanda,396956,Mahakalapada,Kendrapara,2594085.1298860377,2.5940851298860377,4666707.622154671,3617165.578721609,0.1436160351718001,0.1436160351718001,LOW,Village geometry area normalized within Kendrapara coastal-belt villages,PRELIMINARY_SPATIAL_PROXY,False,False
Badaghai,396955,Mahakalapada,Kendrapara,593754.6428625099,0.5937546428625099,4666730.650694058,3617904.9319212283,0.03214979107042687,0.03214979107042687,LOW,Village geometry area normalized within Kendrapara coastal-belt villages,PRELIMINARY_SPATIAL_PROXY,False,False
Batira,396887,Marsaghai,Kendrapara,1343015.2221489407,1.3430152221489406,4661002.488738236,3617575.5981915877,0.07390152318072954,0.07390152318072954,LOW,Village geometry area normalized within Kendrapara coastal-belt villages,PRELIMINARY_SPATIAL_PROXY,False,False
Nuagan,396945,Mahakalapada,Kendrapara,1540571.5784304503,1.5405715784304503,4663680.762169504,3617886.6161500434,0.08491013659531557,0.08491013659531557,LOW,Village geometry area normalized within Kendrapara coastal-belt villages,PRELIMINARY_SPATIAL_PROXY,False,False
Dhaniapada,396944,Mahakalapada,Kendrapara,1015290.3544434082,1.0152903544434082,4662929.729569008,3618051.1872693286,0.055639410825429794,0.055639410825429794,LOW,Village geometry area normalized within Kendrapara coastal-belt villages,PRELIMINARY_SPATIAL_PROXY,False,False
Madhusudanpur,396891,Marsaghai,Kendrapara,925609.3380517454,0.9256093380517454,4662347.985034189,3618071.929671233,0.05064203357740969,0.05064203357740969,LOW,Village geometry area normalized within Kendrapara coastal-belt villages,PRELIMINARY_SPATIAL_PROXY,False,False
Sereinpur,396951,Mahakalapada,Kendrapara,1693638.0310466564,1.6936380310466563,4665488.08388724,3619868.4170037466,0.09343959844261111,0.09343959844261111,LOW,Village geometry area normalized within Kendrapara coastal-belt villages,PRELIMINARY_SPATIAL_PROXY,False,False
Ramachandrapur,396884,Marsaghai,Kendrapara,857882.0649665836,0.8578820649665836,4660237.955787232,3618589.5918711345,0.04686800483415722,0.04686800483415722,LOW,Village geometry area normalized within Kendrapara coastal-belt villages,PRELIMINARY_SPATIAL_PROXY,False,False
Baripal,396886,Marsaghai,Kendrapara,592683.2845503909,0.5926832845503909,4660044.894835965,3617375.9540408547,0.032090090791941195,0.032090090791941195,LOW,Village geometry area normalized within Kendrapara coastal-belt villages,PRELIMINARY_SPATIAL_PROXY,False,False
Balighai,396885,Marsaghai,Kendrapara,554660.3511933475,0.5546603511933474,4659797.667804397,3618657.446003172,0.02997130412217796,0.02997130412217796,LOW,Village geometry area normalized within Kendrapara coastal-belt villages,PRELIMINARY_SPATIAL_PROXY,False,False
Mangarajpur,396890,Marsaghai,Kendrapara,1223138.8235197077,1.2231388235197076,4661946.910463768,3618518.310447009,0.06722154104863576,0.06722154104863576,LOW,Village geometry area normalized within Kendrapara coastal-belt villages,PRELIMINARY_SPATIAL_PROXY,False,False
Ameipal,396952,Mahakalapada,Kendrapara,1559717.5209323326,1.5597175209323326,4666229.026424213,3618776.130622657,0.08597702344941797,0.08597702344941797,LOW,Village geometry area normalized within Kendrapara coastal-belt villages,PRELIMINARY_SPATIAL_PROXY,False,False
Tikhiri,396946,Mahakalapada,Kendrapara,4270206.057649001,4.270206057649,4664820.702696476,3618270.45419939,0.237016053663469,0.237016053663469,LOW,Village geometry area normalized within Kendrapara coastal-belt villages,PRELIMINARY_SPATIAL_PROXY,False,False
Balisuan,396947,Mahakalapada,Kendrapara,1285527.6496401206,1.2855276496401207,4664014.631706672,3619878.3332161894,0.0706980906321418,0.0706980906321418,LOW,Village geometry area normalized within Kendrapara coastal-belt villages,PRELIMINARY_SPATIAL_PROXY,False,False
Mahanangala,396957,Mahakalapada,Kendrapara,1534411.13128335,1.5344111312833502,4668320.590406333,3619150.9871124798,0.08456685236807068,0.08456685236807068,LOW,Village geometry area normalized within Kendrapara coastal-belt villages,PRELIMINARY_SPATIAL_PROXY,False,False
Alifa,396943,Marsaghai,Kendrapara,949425.0200350819,0.9494250200350819,4662269.3741490105,3620420.1844214364,0.05196913659294457,0.05196913659294457,LOW,Village geometry area normalized within Kendrapara coastal-belt villages,PRELIMINARY_SPATIAL_PROXY,False,False
Kalagarh,396959,Mahakalapada,Kendrapara,7248385.909892048,7.248385909892048,4668131.243947875,3620905.594590213,0.4029718917319465,0.4029718917319465,MODERATE,Village geometry area normalized within Kendrapara coastal-belt villages,PRELIMINARY_SPATIAL_PROXY,False,False
Potari,396889,Marsaghai,Kendrapara,559374.349875622,0.559374349875622,4662240.109302302,3619418.6384547106,0.03023398657951221,0.03023398657951221,LOW,Village geometry area normalized within Kendrapara coastal-belt villages,PRELIMINARY_SPATIAL_PROXY,False,False
Bauda,396950,Mahakalapada,Kendrapara,1970816.3010825643,1.9708163010825643,4666038.370621008,3621050.4271737915,0.10888505653458463,0.10888505653458463,LOW,Village geometry area normalized within Kendrapara coastal-belt villages,PRELIMINARY_SPATIAL_PROXY,False,False
Ramachandrapur,396974,Mahakalapada,Kendrapara,662005.0099307332,0.6620050099307332,4674283.477694354,3618171.1090269783,0.035952968657823915,0.035952968657823915,LOW,Village geometry area normalized within Kendrapara coastal-belt villages,PRELIMINARY_SPATIAL_PROXY,False,False
Jadupur,396933,Mahakalapada,Kendrapara,2958958.646226915,2.958958646226915,4670432.311908469,3622121.608024372,0.16394821563018866,0.16394821563018866,LOW,Village geometry area normalized within Kendrapara coastal-belt villages,PRELIMINARY_SPATIAL_PROXY,False,False
Tekarapanga,396969,Mahakalapada,Kendrapara,2158190.232127475,2.1581902321274753,4673021.695657,3619289.701477701,0.11932626536061412,0.11932626536061412,LOW,Village geometry area normalized within Kendrapara coastal-belt villages,PRELIMINARY_SPATIAL_PROXY,False,False
Gokha Khati,397104,Mahakalapada,Kendrapara,1300017.3845105513,1.3000173845105514,4676667.064858169,3621454.588620081,0.07150551537245804,0.07150551537245804,LOW,Village geometry area normalized within Kendrapara coastal-belt villages,PRELIMINARY_SPATIAL_PROXY,False,False
Naladiasasan,396967,Mahakalapada,Kendrapara,1773959.2100665995,1.7739592100665995,4671202.413243834,3620569.34022902,0.0979154089175438,0.0979154089175438,LOW,Village geometry area normalized within Kendrapara coastal-belt villages,PRELIMINARY_SPATIAL_PROXY,False,False
Rajendra Nagar,397117,Mahakalapada,Kendrapara,2879904.75976742,2.8799047597674203,4680294.854548565,3620642.2924699956,0.15954302365695217,0.15954302365695217,LOW,Village geometry area normalized within Kendrapara coastal-belt villages,PRELIMINARY_SPATIAL_PROXY,False,False
Masakani,396932,Mahakalapada,Kendrapara,1399698.7231044646,1.3996987231044646,4670931.7353009675,3621355.2665125164,0.07706014971520306,0.07706014971520306,LOW,Village geometry area normalized within Kendrapara coastal-belt villages,PRELIMINARY_SPATIAL_PROXY,False,False
Raula,396929,Mahakalapada,Kendrapara,1267572.6392616404,1.2675726392616404,4674642.428759564,3621575.822750526,0.06969756717730591,0.06969756717730591,LOW,Village geometry area normalized within Kendrapara coastal-belt villages,PRELIMINARY_SPATIAL_PROXY,False,False
Tentuli Kandha,397118,Mahakalapada,Kendrapara,1565938.0077944198,1.5659380077944198,4679138.757287888,3621061.4700146993,0.08632365332457953,0.08632365332457953,LOW,Village geometry area normalized within Kendrapara coastal-belt villages,PRELIMINARY_SPATIAL_PROXY,False,False
Chhanda,396976,Mahakalapada,Kendrapara,832310.2517146802,0.8323102517146802,4675228.094734304,3618431.7742338097,0.045443043310777774,0.045443043310777774,LOW,Village geometry area normalized within Kendrapara coastal-belt villages,PRELIMINARY_SPATIAL_PROXY,False,False
Dekani,396964,Mahakalapada,Kendrapara,741867.6332651522,0.7418676332651523,4671043.7441577185,3617965.621403361,0.04040322661515598,0.04040322661515598,LOW,Village geometry area normalized within Kendrapara coastal-belt villages,PRELIMINARY_SPATIAL_PROXY,False,False
Patalipanka,396970,Mahakalapada,Kendrapara,1470238.0650808883,1.4702380650808884,4671451.701906334,3617072.782600479,0.08099087794361395,0.08099087794361395,LOW,Village geometry area normalized within Kendrapara coastal-belt villages,PRELIMINARY_SPATIAL_PROXY,False,False
Kodakan,396973,Mahakalapada,Kendrapara,733096.0095095304,0.7330960095095304,4673442.17255702,3617605.0746629424,0.03991443740704647,0.03991443740704647,LOW,Village geometry area normalized within Kendrapara coastal-belt villages,PRELIMINARY_SPATIAL_PROXY,False,False
Chheda Kani,397107,Mahakalapada,Kendrapara,1007880.1102986372,1.0078801102986372,4678454.847097033,3621944.5605430054,0.05522648301772494,0.05522648301772494,LOW,Village geometry area normalized within Kendrapara coastal-belt villages,PRELIMINARY_SPATIAL_PROXY,False,False
Khurusiapat,396963,Mahakalapada,Kendrapara,627262.9453863061,0.6272629453863061,4670461.263380364,3617496.7113217013,0.03401700483973648,0.03401700483973648,LOW,Village geometry area normalized within Kendrapara coastal-belt villages,PRELIMINARY_SPATIAL_PROXY,False,False
Koratapanga,396965,Mahakalapada,Kendrapara,1882401.34230159,1.88240134230159,4671658.845504844,3618780.3973342935,0.10395822897202646,0.10395822897202646,LOW,Village geometry area normalized within Kendrapara coastal-belt villages,PRELIMINARY_SPATIAL_PROXY,False,False
Akhadasali,397121,Mahakalapada,Kendrapara,2535422.407603296,2.535422407603296,4679869.548536646,3618565.3484331938,0.1403471186782316,0.1403471186782316,LOW,Village geometry area normalized within Kendrapara coastal-belt villages,PRELIMINARY_SPATIAL_PROXY,False,False
Naladia,396971,Mahakalapada,Kendrapara,786683.306070231,0.7866833060702311,4672788.716242339,3616998.845007266,0.0429005313139867,0.0429005313139867,LOW,Village geometry area normalized within Kendrapara coastal-belt villages,PRELIMINARY_SPATIAL_PROXY,False,False
Dasarajapur,397120,Mahakalapada,Kendrapara,1268740.2307346382,1.2687402307346383,4678401.322138031,3618776.9264926864,0.06976262994417574,0.06976262994417574,LOW,Village geometry area normalized within Kendrapara coastal-belt villages,PRELIMINARY_SPATIAL_PROXY,False,False
Bandhakud,396961,Mahakalapada,Kendrapara,1595979.7977383512,1.5959797977383512,4670057.805858957,3618778.4668720816,0.08799769944488597,0.08799769944488597,LOW,Village geometry area normalized within Kendrapara coastal-belt villages,PRELIMINARY_SPATIAL_PROXY,False,False
Gatanai Nuasahi,396966,Mahakalapada,Kendrapara,1223940.5420480268,1.2239405420480267,4670828.884163999,3619699.670649429,0.06726621594298844,0.06726621594298844,LOW,Village geometry area normalized within Kendrapara coastal-belt villages,PRELIMINARY_SPATIAL_PROXY,False,False
Purusottampur,396979,Mahakalapada,Kendrapara,1108655.3941690887,1.1086553941690886,4674792.969010137,3619585.4178281003,0.060842076273019255,0.060842076273019255,LOW,Village geometry area normalized within Kendrapara coastal-belt villages,PRELIMINARY_SPATIAL_PROXY,False,False
Nuagan,396931,Mahakalapada,Kendrapara,2115503.308993527,2.115503308993527,4672443.63060255,3621641.4871622743,0.11694758292546047,0.11694758292546047,LOW,Village geometry area normalized within Kendrapara coastal-belt villages,PRELIMINARY_SPATIAL_PROXY,False,False
Gararomita,396983,Mahakalapada,Kendrapara,6020979.136777289,6.02097913677729,4676936.143937179,3619402.6807991522,0.3345759822203802,0.3345759822203802,MODERATE,Village geometry area normalized within Kendrapara coastal-belt villages,PRELIMINARY_SPATIAL_PROXY,False,False
Narayanpur,396968,Mahakalapada,Kendrapara,1788277.4044011459,1.7882774044011458,4672299.060968165,3619940.1612763144,0.09871327474778481,0.09871327474778481,LOW,Village geometry area normalized within Kendrapara coastal-belt villages,PRELIMINARY_SPATIAL_PROXY,False,False
Harishpur,396048,Rajnagar,Kendrapara,607062.5081145322,0.6070625081145322,4693322.505722688,3639339.5033959844,0.03289135740972581,0.03289135740972581,LOW,Village geometry area normalized within Kendrapara coastal-belt villages,PRELIMINARY_SPATIAL_PROXY,False,False
Subala,396928,Mahakalapada,Kendrapara,2412921.699912543,2.412921699912543,4675713.50138736,3621634.6775499852,0.13352089977359125,0.13352089977359125,LOW,Village geometry area normalized within Kendrapara coastal-belt villages,PRELIMINARY_SPATIAL_PROXY,False,False
Sathiabati,397103,Mahakalapada,Kendrapara,683370.5799123937,0.6833705799123937,4677601.838811957,3621187.925717764,0.03714354184280019,0.03714354184280019,LOW,Village geometry area normalized within Kendrapara coastal-belt villages,PRELIMINARY_SPATIAL_PROXY,False,False
Nalitajori Pal,397119,Mahakalapada,Kendrapara,1051033.700115392,1.051033700115392,4678846.772859098,3619573.348691595,0.057631169946994514,0.057631169946994514,LOW,Village geometry area normalized within Kendrapara coastal-belt villages,PRELIMINARY_SPATIAL_PROXY,False,False
Nunimatia Kandha,397105,Mahakalapada,Kendrapara,1245319.4408260055,1.2453194408260055,4677548.7094307365,3621924.4435392492,0.06845753186066494,0.06845753186066494,LOW,Village geometry area normalized within Kendrapara coastal-belt villages,PRELIMINARY_SPATIAL_PROXY,False,False
Anantapur,396977,Mahakalapada,Kendrapara,727562.627803696,0.727562627803696,4674278.194189871,3618885.9963592687,0.03960609572054526,0.03960609572054526,LOW,Village geometry area normalized within Kendrapara coastal-belt villages,PRELIMINARY_SPATIAL_PROXY,False,False
Guptagiri,397116,Mahakalapada,Kendrapara,806499.0408484606,0.8064990408484606,4680740.698651576,3621751.979922063,0.04400474161531788,0.04400474161531788,LOW,Village geometry area normalized within Kendrapara coastal-belt villages,PRELIMINARY_SPATIAL_PROXY,False,False
Belar,396930,Mahakalapada,Kendrapara,3032479.0981900315,3.0324790981900316,4673717.791835338,3622372.72896493,0.16804506297522823,0.16804506297522823,LOW,Village geometry area normalized within Kendrapara coastal-belt villages,PRELIMINARY_SPATIAL_PROXY,False,False
Madhusudanpur,396981,Mahakalapada,Kendrapara,556159.7297783074,0.5561597297783074,4675377.3098268155,3620069.6686611185,0.03005485536555285,0.03005485536555285,LOW,Village geometry area normalized within Kendrapara coastal-belt villages,PRELIMINARY_SPATIAL_PROXY,False,False
Taradeipur,396978,Mahakalapada,Kendrapara,1118346.5032175789,1.1183465032175788,4673861.69344138,3619795.2628239957,0.061382102800545416,0.061382102800545416,LOW,Village geometry area normalized within Kendrapara coastal-belt villages,PRELIMINARY_SPATIAL_PROXY,False,False
Karanjia,396049,Rajnagar,Kendrapara,285198.1083225317,0.2851981083225317,4693720.388042775,3638965.190448374,0.014955813264647181,0.014955813264647181,LOW,Village geometry area normalized within Kendrapara coastal-belt villages,PRELIMINARY_SPATIAL_PROXY,False,False
Bahargadabadadandua,397122,Mahakalapada,Kendrapara,759975.2155856942,0.7599752155856941,4679861.22857793,3619671.1890786216,0.041412251975775555,0.041412251975775555,LOW,Village geometry area normalized within Kendrapara coastal-belt villages,PRELIMINARY_SPATIAL_PROXY,False,False
Thantapalanda,396960,Mahakalapada,Kendrapara,658511.8664458339,0.6585118664458339,4669878.948017809,3619845.6859743646,0.03575831703055793,0.03575831703055793,LOW,Village geometry area normalized within Kendrapara coastal-belt villages,PRELIMINARY_SPATIAL_PROXY,False,False
Srirampur,396982,Mahakalapada,Kendrapara,552381.7190391583,0.5523817190391583,4676500.971752438,3620318.0009472403,0.02984432981989953,0.02984432981989953,LOW,Village geometry area normalized within Kendrapara coastal-belt villages,PRELIMINARY_SPATIAL_PROXY,False,False
Nandanpur,396980,Mahakalapada,Kendrapara,1172601.3816690254,1.1726013816690255,4674489.827644168,3620765.2737791515,0.06440539698337719,0.06440539698337719,LOW,Village geometry area normalized within Kendrapara coastal-belt villages,PRELIMINARY_SPATIAL_PROXY,False,False
Paunsiapal,396975,Mahakalapada,Kendrapara,251071.47416280984,0.25107147416280984,4674565.500358424,3617917.862798454,0.013054143636411856,0.013054143636411856,LOW,Village geometry area normalized within Kendrapara coastal-belt villages,PRELIMINARY_SPATIAL_PROXY,False,False
Raghunathpur,396972,Mahakalapada,Kendrapara,1427310.2674183631,1.427310267418363,4672719.867774295,3617628.294357096,0.07859877303693655,0.07859877303693655,LOW,Village geometry area normalized within Kendrapara coastal-belt villages,PRELIMINARY_SPATIAL_PROXY,False,False
Saralikud,397136,Mahakalapada,Kendrapara,3585033.511761813,3.585033511761813,4688832.278590173,3615208.229904781,0.19883555761700633,0.19883555761700633,LOW,Village geometry area normalized within Kendrapara coastal-belt villages,PRELIMINARY_SPATIAL_PROXY,False,False
Jogidhankud,397135,Mahakalapada,Kendrapara,4010416.0958661465,4.010416095866146,4686923.899869594,3615149.397548946,0.22253954016581046,0.22253954016581046,LOW,Village geometry area normalized within Kendrapara coastal-belt villages,PRELIMINARY_SPATIAL_PROXY,False,False
Kansardia,397132,Mahakalapada,Kendrapara,14239749.468095481,14.239749468095482,4692823.857423175,3622399.050330588,0.7925580336397977,0.7925580336397977,VERY HIGH,Village geometry area normalized within Kendrapara coastal-belt villages,PRELIMINARY_SPATIAL_PROXY,False,False
Palli Garh,397123,Mahakalapada,Kendrapara,3060225.395216017,3.060225395216017,4681622.483788205,3620014.9335153145,0.1695911952455061,0.1695911952455061,LOW,Village geometry area normalized within Kendrapara coastal-belt villages,PRELIMINARY_SPATIAL_PROXY,False,False
Batighar,396060,Mahakalapada,Kendrapara,4249961.473949693,4.249961473949693,4691550.255088549,3618774.9282476963,0.2358879462217255,0.2358879462217255,LOW,Village geometry area normalized within Kendrapara coastal-belt villages,PRELIMINARY_SPATIAL_PROXY,False,False
Barakoli Khala,397137,Mahakalapada,Kendrapara,5867141.350260309,5.867141350260309,4689539.429776469,3618204.1468001734,0.32600353862910525,0.32600353862910525,MODERATE,Village geometry area normalized within Kendrapara coastal-belt villages,PRELIMINARY_SPATIAL_PROXY,False,False
Banabiharipur,397126,Mahakalapada,Kendrapara,2200410.6421240624,2.2004106421240626,4684322.948268067,3617960.133044027,0.12167895185780507,0.12167895185780507,LOW,Village geometry area normalized within Kendrapara coastal-belt villages,PRELIMINARY_SPATIAL_PROXY,False,False
Nipania,397134,Mahakalapada,Kendrapara,2887659.223128824,2.887659223128824,4687116.781952328,3616933.3220958733,0.15997513270669403,0.15997513270669403,LOW,Village geometry area normalized within Kendrapara coastal-belt villages,PRELIMINARY_SPATIAL_PROXY,False,False
Baraja Bahakuda,397125,Mahakalapada,Kendrapara,4698978.093287538,4.698978093287538,4683351.965086147,3619664.6396993026,0.2609089097181924,0.2609089097181924,MODERATE,Village geometry area normalized within Kendrapara coastal-belt villages,PRELIMINARY_SPATIAL_PROXY,False,False
Ramanagar,397128,Mahakalapada,Kendrapara,4451638.227216666,4.451638227216666,4685153.995732325,3620906.185278123,0.2471261642837214,0.2471261642837214,LOW,Village geometry area normalized within Kendrapara coastal-belt villages,PRELIMINARY_SPATIAL_PROXY,False,False
Bahakuda Pitapat,397124,Mahakalapada,Kendrapara,3902871.6845606724,3.9028716845606723,4682118.59688295,3618106.4312137235,0.216546744635232,0.216546744635232,LOW,Village geometry area normalized within Kendrapara coastal-belt villages,PRELIMINARY_SPATIAL_PROXY,False,False
Badatubi,397127,Mahakalapada,Kendrapara,5783025.475974436,5.783025475974436,4685940.771220066,3617966.988472057,0.32131627288138326,0.32131627288138326,MODERATE,Village geometry area normalized within Kendrapara coastal-belt villages,PRELIMINARY_SPATIAL_PROXY,False,False
Sanatubi,397133,Mahakalapada,Kendrapara,7538529.289136132,7.538529289136132,4688672.066089247,3619709.1130200783,0.4191398164548965,0.4191398164548965,MODERATE,Village geometry area normalized within Kendrapara coastal-belt villages,PRELIMINARY_SPATIAL_PROXY,False,False
Kentia,397114,Mahakalapada,Kendrapara,1702909.444263271,1.702909444263271,4681727.250156105,3622207.0922835353,0.09395623787568082,0.09395623787568082,LOW,Village geometry area normalized within Kendrapara coastal-belt villages,PRELIMINARY_SPATIAL_PROXY,False,False
Hetamundia,397138,Mahakalapada,Kendrapara,17962423.475313686,17.962423475313685,4692916.633098893,3618750.2360280193,1.0,1.0,VERY HIGH,Village geometry area normalized within Kendrapara coastal-belt villages,PRELIMINARY_SPATIAL_PROXY,False,False
Kasoti,396910,Marsaghai,Kendrapara,1016202.6723804178,1.0162026723804178,4663215.65913244,3625510.2792348433,0.05569024875172471,0.05569024875172471,LOW,Village geometry area normalized within Kendrapara coastal-belt villages,PRELIMINARY_SPATIAL_PROXY,False,False
Badapaldia,396913,Marsaghai,Kendrapara,1275633.95656405,1.27563395656405,4666454.495175832,3625427.9073335584,0.0701467753296778,0.0701467753296778,LOW,Village geometry area normalized within Kendrapara coastal-belt villages,PRELIMINARY_SPATIAL_PROXY,False,False
Kharinasi,396059,Mahakalapada,Kendrapara,17820859.41584214,17.82085941584214,4686963.580829549,3622735.583516137,0.9921114965194994,0.9921114965194994,VERY HIGH,Village geometry area normalized within Kendrapara coastal-belt villages,PRELIMINARY_SPATIAL_PROXY,False,False
Bhitara Kharinasi,397130,Mahakalapada,Kendrapara,6445043.19298606,6.44504319298606,4689679.090355985,3622990.992901652,0.35820649123407866,0.35820649123407866,MODERATE,Village geometry area normalized within Kendrapara coastal-belt villages,PRELIMINARY_SPATIAL_PROXY,False,False
Bikeikani,396020,Rajnagar,Kendrapara,431137.1280862292,0.4311371280862292,4695179.277378908,3641323.418038404,0.02308810665637616,0.02308810665637616,LOW,Village geometry area normalized within Kendrapara coastal-belt villages,PRELIMINARY_SPATIAL_PROXY,False,False
Baulanga,396782,Marsaghai,Kendrapara,2215550.6286882055,2.2155506286882054,4659169.230897754,3625534.745371768,0.12252261116760312,0.12252261116760312,LOW,Village geometry area normalized within Kendrapara coastal-belt villages,PRELIMINARY_SPATIAL_PROXY,False,False
Bandha Kata,396720,Marsaghai,Kendrapara,1277012.8041847432,1.2770128041847433,4660784.374983332,3626111.738877434,0.07022361011596129,0.07022361011596129,LOW,Village geometry area normalized within Kendrapara coastal-belt villages,PRELIMINARY_SPATIAL_PROXY,False,False
Gobind Pur,397052,Mahakalapada,Kendrapara,947522.7455009797,0.9475227455009797,4668238.195237346,3631940.9909780114,0.051863134410334445,0.051863134410334445,LOW,Village geometry area normalized within Kendrapara coastal-belt villages,PRELIMINARY_SPATIAL_PROXY,False,False
Gohipur,396053,Rajnagar,Kendrapara,174601.1297902834,0.1746011297902834,4695361.981942454,3641033.430623569,0.008792916740336533,0.008792916740336533,LOW,Village geometry area normalized within Kendrapara coastal-belt villages,PRELIMINARY_SPATIAL_PROXY,False,False
Talasanga,396788,Marsaghai,Kendrapara,1205984.957991136,1.205984957991136,4662007.809666065,3622866.0524383206,0.0662656605205461,0.0662656605205461,LOW,Village geometry area normalized within Kendrapara coastal-belt villages,PRELIMINARY_SPATIAL_PROXY,False,False
Sanagan,396935,Mahakalapada,Kendrapara,1935317.3499945302,1.9353173499945302,4669222.55732635,3623068.202088404,0.10690691603580665,0.10690691603580665,LOW,Village geometry area normalized within Kendrapara coastal-belt villages,PRELIMINARY_SPATIAL_PROXY,False,False
Kuhudi,396536,Marsaghai,Kendrapara,1637835.5689109901,1.6378355689109902,4664158.182580488,3632457.10716072,0.09033006683959724,0.09033006683959724,LOW,Village geometry area normalized within Kendrapara coastal-belt villages,PRELIMINARY_SPATIAL_PROXY,False,False
Jaudia,396018,Rajnagar,Kendrapara,299621.72631848877,0.29962172631848877,4696754.345695814,3642303.8671448994,0.01575955371393395,0.01575955371393395,LOW,Village geometry area normalized within Kendrapara coastal-belt villages,PRELIMINARY_SPATIAL_PROXY,False,False
Badapal,396912,Marsaghai,Kendrapara,960074.6310884756,0.9600746310884756,4665522.311111787,3624474.4352138294,0.05256257460379477,0.05256257460379477,LOW,Village geometry area normalized within Kendrapara coastal-belt villages,PRELIMINARY_SPATIAL_PROXY,False,False
Narasingpur,396790,Marsaghai,Kendrapara,1044180.9946457783,1.0441809946457783,4659380.663486247,3624189.1387317586,0.057249310376495555,0.057249310376495555,LOW,Village geometry area normalized within Kendrapara coastal-belt villages,PRELIMINARY_SPATIAL_PROXY,False,False
Manitiri,396894,Marsaghai,Kendrapara,492654.5799383252,0.49265457993832523,4660680.0273993155,3627762.197552409,0.02651609985506181,0.02651609985506181,LOW,Village geometry area normalized within Kendrapara coastal-belt villages,PRELIMINARY_SPATIAL_PROXY,False,False
Puruso Tamapur,396899,Marsaghai,Kendrapara,945680.8051557901,0.9456808051557901,4664371.3394016,3627511.682537419,0.051760494284880686,0.051760494284880686,LOW,Village geometry area normalized within Kendrapara coastal-belt villages,PRELIMINARY_SPATIAL_PROXY,False,False
Baikuntha Pur,396721,Marsaghai,Kendrapara,3525831.1087826006,3.5258311087826004,4659428.487305216,3626527.026326548,0.19553656800270108,0.19553656800270108,LOW,Village geometry area normalized within Kendrapara coastal-belt villages,PRELIMINARY_SPATIAL_PROXY,False,False
Badagan,396937,Mahakalapada,Kendrapara,2994346.693479519,2.994346693479519,4666422.874819735,3622514.134721816,0.16592017613317492,0.16592017613317492,LOW,Village geometry area normalized within Kendrapara coastal-belt villages,PRELIMINARY_SPATIAL_PROXY,False,False
Tulasi Pur,396914,Marsaghai,Kendrapara,1617526.5961415914,1.6175265961415914,4665175.980473894,3625766.665579254,0.08919837138684714,0.08919837138684714,LOW,Village geometry area normalized within Kendrapara coastal-belt villages,PRELIMINARY_SPATIAL_PROXY,False,False
Bhagabanpur,396949,Marsaghai,Kendrapara,2317955.7216436975,2.3179557216436977,4664150.240907626,3622001.3206491233,0.12822902376424644,0.12822902376424644,LOW,Village geometry area normalized within Kendrapara coastal-belt villages,PRELIMINARY_SPATIAL_PROXY,False,False
Gayaspur,397053,Mahakalapada,Kendrapara,3822247.849957638,3.822247849957638,4667966.003495897,3630079.4813455567,0.21205406900660478,0.21205406900660478,LOW,Village geometry area normalized within Kendrapara coastal-belt villages,PRELIMINARY_SPATIAL_PROXY,False,False
Posta,396540,Marsaghai,Kendrapara,1081691.6144354143,1.0816916144354143,4665196.212100653,3630128.39213019,0.05933954892906938,0.05933954892906938,LOW,Village geometry area normalized within Kendrapara coastal-belt villages,PRELIMINARY_SPATIAL_PROXY,False,False
Juna,396909,Marsaghai,Kendrapara,2482713.4036229523,2.4827134036229523,4663919.823066597,3626442.483935286,0.13740996667153715,0.13740996667153715,LOW,Village geometry area normalized within Kendrapara coastal-belt villages,PRELIMINARY_SPATIAL_PROXY,False,False
Narayanpur,396519,Marsaghai,Kendrapara,432101.62527175597,0.432101625271756,4662960.843698084,3632149.9892823207,0.023141852214629877,0.023141852214629877,LOW,Village geometry area normalized within Kendrapara coastal-belt villages,PRELIMINARY_SPATIAL_PROXY,False,False
Jaripada,396542,Marsaghai,Kendrapara,742172.4776773249,0.7421724776773249,4665054.237919608,3631561.024322404,0.04042021373897407,0.04042021373897407,LOW,Village geometry area normalized within Kendrapara coastal-belt villages,PRELIMINARY_SPATIAL_PROXY,False,False
Hatia,396896,Marsaghai,Kendrapara,2231499.1474812776,2.2314991474812778,4662068.542373856,3629587.4809130863,0.12341132505782092,0.12341132505782092,LOW,Village geometry area normalized within Kendrapara coastal-belt villages,PRELIMINARY_SPATIAL_PROXY,False,False
Manikunda,396897,Marsaghai,Kendrapara,1768628.51662447,1.76862851662447,4662107.513209027,3628519.7838828485,0.09761836181442528,0.09761836181442528,LOW,Village geometry area normalized within Kendrapara coastal-belt villages,PRELIMINARY_SPATIAL_PROXY,False,False
Bachharai,396717,Marsaghai,Kendrapara,925394.8843851583,0.9253948843851583,4660038.679256559,3628024.4638775135,0.05063008337972821,0.05063008337972821,LOW,Village geometry area normalized within Kendrapara coastal-belt villages,PRELIMINARY_SPATIAL_PROXY,False,False
Godhan,396718,Marsaghai,Kendrapara,434372.4602405923,0.4343724602405923,4661167.348638534,3627625.07608222,0.023268392027221987,0.023268392027221987,LOW,Village geometry area normalized within Kendrapara coastal-belt villages,PRELIMINARY_SPATIAL_PROXY,False,False
Baghadia,396016,Rajnagar,Kendrapara,177196.38594323097,0.17719638594323098,4697585.86028235,3642906.4661826394,0.008937534571103337,0.008937534571103337,LOW,Village geometry area normalized within Kendrapara coastal-belt villages,PRELIMINARY_SPATIAL_PROXY,False,False
Kurutunga,396539,Marsaghai,Kendrapara,2296141.5677281916,2.2961415677281916,4664514.460915298,3630074.7847412834,0.12701345372670286,0.12701345372670286,LOW,Village geometry area normalized within Kendrapara coastal-belt villages,PRELIMINARY_SPATIAL_PROXY,False,False
Thauri,396541,Marsaghai,Kendrapara,3144877.480712823,3.144877480712823,4666139.77298746,3630135.7691514306,0.174308340780651,0.174308340780651,LOW,Village geometry area normalized within Kendrapara coastal-belt villages,PRELIMINARY_SPATIAL_PROXY,False,False
Podana,396791,Marsaghai,Kendrapara,1593750.9219842039,1.5937509219842039,4658682.0808293475,3624355.972957741,0.08787349776396618,0.08787349776396618,LOW,Village geometry area normalized within Kendrapara coastal-belt villages,PRELIMINARY_SPATIAL_PROXY,False,False
Haladia,396941,Marsaghai,Kendrapara,1503360.235159326,1.503360235159326,4662768.616550085,3622195.7054824224,0.08283657490173212,0.08283657490173212,LOW,Village geometry area normalized within Kendrapara coastal-belt villages,PRELIMINARY_SPATIAL_PROXY,False,False
Dara Bachha,396898,Marsaghai,Kendrapara,4488008.791298241,4.488008791298241,4662984.922003594,3627706.559179225,0.2491528744700236,0.2491528744700236,LOW,Village geometry area normalized within Kendrapara coastal-belt villages,PRELIMINARY_SPATIAL_PROXY,False,False
Bhusaranga,396879,Marsaghai,Kendrapara,859787.0647676209,0.8597870647676209,4661521.997521897,3622229.683014391,0.04697415887930776,0.04697415887930776,LOW,Village geometry area normalized within Kendrapara coastal-belt villages,PRELIMINARY_SPATIAL_PROXY,False,False
Raghabapur,396792,Marsaghai,Kendrapara,660676.2819700015,0.6606762819700015,4658300.0480121495,3623163.133063707,0.035878926735163616,0.035878926735163616,LOW,Village geometry area normalized within Kendrapara coastal-belt villages,PRELIMINARY_SPATIAL_PROXY,False,False
Athabatia,396938,Marsaghai,Kendrapara,1717029.528808849,1.7170295288088488,4665096.587971679,3623161.476208152,0.09474306425307177,0.09474306425307177,LOW,Village geometry area normalized within Kendrapara coastal-belt villages,PRELIMINARY_SPATIAL_PROXY,False,False
Jay Chandrapur,396936,Mahakalapada,Kendrapara,1141463.4876501225,1.1414634876501224,4667816.662330493,3623417.7385250153,0.06267027165382313,0.06267027165382313,LOW,Village geometry area normalized within Kendrapara coastal-belt villages,PRELIMINARY_SPATIAL_PROXY,False,False
Sasanipada,396787,Marsaghai,Kendrapara,946470.663603353,0.946470663603353,4662644.983387689,3623576.3129997123,0.05180450828911285,0.05180450828911285,LOW,Village geometry area normalized within Kendrapara coastal-belt villages,PRELIMINARY_SPATIAL_PROXY,False,False
Balikuda,396918,Mahakalapada,Kendrapara,1108922.7382608578,1.1089227382608577,4666339.493025986,3623791.105487852,0.06085697373220688,0.06085697373220688,LOW,Village geometry area normalized within Kendrapara coastal-belt villages,PRELIMINARY_SPATIAL_PROXY,False,False
Garajanga,396939,Marsaghai,Kendrapara,2770905.9915298605,2.7709059915298604,4663945.179530459,3623840.427714283,0.1534691856657133,0.1534691856657133,LOW,Village geometry area normalized within Kendrapara coastal-belt villages,PRELIMINARY_SPATIAL_PROXY,False,False
Aitipur,396919,Mahakalapada,Kendrapara,1610869.1782589247,1.6108691782589248,4667236.291936929,3624151.552123675,0.0888273940050554,0.0888273940050554,LOW,Village geometry area normalized within Kendrapara coastal-belt villages,PRELIMINARY_SPATIAL_PROXY,False,False
Kusun Pur,396915,Marsaghai,Kendrapara,779307.0302677249,0.7793070302677249,4665817.897937781,3626221.7597349617,0.04248949635526613,0.04248949635526613,LOW,Village geometry area normalized within Kendrapara coastal-belt villages,PRELIMINARY_SPATIAL_PROXY,False,False
Pikarali,396789,Marsaghai,Kendrapara,2669259.1220392226,2.6692591220392226,4660280.124148727,3623568.1985395146,0.14780502424824518,0.14780502424824518,LOW,Village geometry area normalized within Kendrapara coastal-belt villages,PRELIMINARY_SPATIAL_PROXY,False,False
Girang,396906,Marsaghai,Kendrapara,3152791.861296813,3.152791861296813,4668123.9127837205,3626533.498105791,0.17474936104395702,0.17474936104395702,LOW,Village geometry area normalized within Kendrapara coastal-belt villages,PRELIMINARY_SPATIAL_PROXY,False,False
Mehendinagar,396512,Marsaghai,Kendrapara,2289326.1345839836,2.2893261345839835,4658556.517688413,3629241.3056953023,0.12663367111606072,0.12663367111606072,LOW,Village geometry area normalized within Kendrapara coastal-belt villages,PRELIMINARY_SPATIAL_PROXY,False,False
Karamakul,396917,Mahakalapada,Kendrapara,679830.4442932582,0.6798304442932582,4667059.155936177,3624985.792317525,0.03694627162988568,0.03694627162988568,LOW,Village geometry area normalized within Kendrapara coastal-belt villages,PRELIMINARY_SPATIAL_PROXY,False,False
Hindulia,396895,Marsaghai,Kendrapara,1118130.2400561054,1.1181302400561055,4660578.634745484,3628775.995942871,0.06137005177072644,0.06137005177072644,LOW,Village geometry area normalized within Kendrapara coastal-belt villages,PRELIMINARY_SPATIAL_PROXY,False,False
Bagadia,396901,Marsaghai,Kendrapara,1145811.812421651,1.1458118124216512,4667945.187969487,3628419.113936041,0.06291257732958998,0.06291257732958998,LOW,Village geometry area normalized within Kendrapara coastal-belt villages,PRELIMINARY_SPATIAL_PROXY,False,False
Silipur,396900,Marsaghai,Kendrapara,3765109.4752588975,3.7651094752588974,4665748.680162932,3628407.1376195224,0.2088700951267673,0.2088700951267673,LOW,Village geometry area normalized within Kendrapara coastal-belt villages,PRELIMINARY_SPATIAL_PROXY,False,False
Kan Pur,396908,Marsaghai,Kendrapara,1316859.4548169782,1.316859454816978,4665882.0321871955,3627165.4458343354,0.07244402145039223,0.07244402145039223,LOW,Village geometry area normalized within Kendrapara coastal-belt villages,PRELIMINARY_SPATIAL_PROXY,False,False
Parakula,396783,Marsaghai,Kendrapara,3059736.0189973,3.0597360189972997,4661317.4105420485,3624367.28214341,0.1695639252871633,0.1695639252871633,LOW,Village geometry area normalized within Kendrapara coastal-belt villages,PRELIMINARY_SPATIAL_PROXY,False,False
Gopinathpur,396916,Mahakalapada,Kendrapara,811357.8759113952,0.8113578759113952,4667902.820259866,3625241.287133899,0.044275494922677246,0.044275494922677246,LOW,Village geometry area normalized within Kendrapara coastal-belt villages,PRELIMINARY_SPATIAL_PROXY,False,False
Bara Tunga,396719,Marsaghai,Kendrapara,982612.1105323266,0.9826121105323267,4661694.9887632085,3626626.559784566,0.05381845117089947,0.05381845117089947,LOW,Village geometry area normalized within Kendrapara coastal-belt villages,PRELIMINARY_SPATIAL_PROXY,False,False
Jaganathpur,396535,Marsaghai,Kendrapara,367041.8996937421,0.3670418996937421,4663867.599302375,3633521.2647304568,0.019516469659351176,0.019516469659351176,LOW,Village geometry area normalized within Kendrapara coastal-belt villages,PRELIMINARY_SPATIAL_PROXY,False,False
Ramchandrapur,395847,Rajnagar,Kendrapara,1582883.5043959445,1.5828835043959446,4694253.507627815,3652718.7435775264,0.08726792272049078,0.08726792272049078,LOW,Village geometry area normalized within Kendrapara coastal-belt villages,PRELIMINARY_SPATIAL_PROXY,False,False
Kuanrpal,396911,Marsaghai,Kendrapara,1001929.5415715474,1.0019295415715475,4664441.664609844,3624932.3205409367,0.054894894037514595,0.054894894037514595,LOW,Village geometry area normalized within Kendrapara coastal-belt villages,PRELIMINARY_SPATIAL_PROXY,False,False
Badakul,396920,Mahakalapada,Kendrapara,2431604.0423823795,2.4316040423823795,4668900.867652647,3624540.834126889,0.1345619530193611,0.1345619530193611,LOW,Village geometry area normalized within Kendrapara coastal-belt villages,PRELIMINARY_SPATIAL_PROXY,False,False
Narayanpur,396786,Marsaghai,Kendrapara,1409223.5247360247,1.4092235247360247,4662798.320491547,3624883.217873834,0.07759090894252475,0.07759090894252475,LOW,Village geometry area normalized within Kendrapara coastal-belt villages,PRELIMINARY_SPATIAL_PROXY,False,False
Dumuka,396907,Marsaghai,Kendrapara,2308923.5691228462,2.3089235691228462,4666934.372672164,3627282.24360714,0.1277257168736195,0.1277257168736195,LOW,Village geometry area normalized within Kendrapara coastal-belt villages,PRELIMINARY_SPATIAL_PROXY,False,False
Pentha,396716,Marsaghai,Kendrapara,3019131.2399559557,3.019131239955956,4658724.130080568,3627768.4879187015,0.16730126807043533,0.16730126807043533,LOW,Village geometry area normalized within Kendrapara coastal-belt villages,PRELIMINARY_SPATIAL_PROXY,False,False
Jagadispur,396522,Marsaghai,Kendrapara,744726.1787398627,0.7447261787398628,4662734.78296618,3632962.1158845527,0.04056251595745516,0.04056251595745516,LOW,Village geometry area normalized within Kendrapara coastal-belt villages,PRELIMINARY_SPATIAL_PROXY,False,False
Chakarpur,396516,Marsaghai,Kendrapara,316558.86037700885,0.31655886037700887,4661719.193007808,3632570.8955466556,0.016703357116217683,0.016703357116217683,LOW,Village geometry area normalized within Kendrapara coastal-belt villages,PRELIMINARY_SPATIAL_PROXY,False,False
Barei,396537,Marsaghai,Kendrapara,314334.40336297854,0.3143344033629785,4663739.075153089,3631387.9077532063,0.01657940166479232,0.01657940166479232,LOW,Village geometry area normalized within Kendrapara coastal-belt villages,PRELIMINARY_SPATIAL_PROXY,False,False
Arakhia,396538,Marsaghai,Kendrapara,175300.21055100684,0.17530021055100684,4664167.5469891345,3631505.260874026,0.008831872256550919,0.008831872256550919,LOW,Village geometry area normalized within Kendrapara coastal-belt villages,PRELIMINARY_SPATIAL_PROXY,False,False
Angulai,396518,Marsaghai,Kendrapara,4822364.834815277,4.822364834815277,4662807.407255534,3630717.916559869,0.26778450189619746,0.26778450189619746,MODERATE,Village geometry area normalized within Kendrapara coastal-belt villages,PRELIMINARY_SPATIAL_PROXY,False,False
Manitiri,397051,Mahakalapada,Kendrapara,865604.9014107861,0.865604901410786,4668766.803848731,3631726.2659242116,0.04729835150828374,0.04729835150828374,LOW,Village geometry area normalized within Kendrapara coastal-belt villages,PRELIMINARY_SPATIAL_PROXY,False,False
Balia,396547,Marsaghai,Kendrapara,569105.7475328377,0.5691057475328377,4667653.0161771225,3631702.603209451,0.030776258146007606,0.030776258146007606,LOW,Village geometry area normalized within Kendrapara coastal-belt villages,PRELIMINARY_SPATIAL_PROXY,False,False
Nembara,396546,Marsaghai,Kendrapara,1938769.1081141317,1.9387691081141318,4666935.991699028,3631779.815420962,0.10709926150853448,0.10709926150853448,LOW,Village geometry area normalized within Kendrapara coastal-belt villages,PRELIMINARY_SPATIAL_PROXY,False,False
Panchanpur,396515,Marsaghai,Kendrapara,107551.20526246693,0.10755120526246693,4661365.676779455,3632883.5450583873,0.005056632509865604,0.005056632509865604,LOW,Village geometry area normalized within Kendrapara coastal-belt villages,PRELIMINARY_SPATIAL_PROXY,False,False
Anko,396785,Marsaghai,Kendrapara,237306.45915700757,0.23730645915700757,4662300.045004023,3624284.0264335563,0.01228710312353196,0.01228710312353196,LOW,Village geometry area normalized within Kendrapara coastal-belt villages,PRELIMINARY_SPATIAL_PROXY,False,False
Niladripur,396523,Marsaghai,Kendrapara,335083.543490473,0.335083543490473,4662364.3878688,3633012.834049182,0.017735624965566164,0.017735624965566164,LOW,Village geometry area normalized within Kendrapara coastal-belt villages,PRELIMINARY_SPATIAL_PROXY,False,False
Jaganathpur,397094,Mahakalapada,Kendrapara,441813.47431943956,0.44181347431943957,4674451.990946564,3625162.965894725,0.02368303445608819,0.02368303445608819,LOW,Village geometry area normalized within Kendrapara coastal-belt villages,PRELIMINARY_SPATIAL_PROXY,False,False
Narendrapur,396543,Marsaghai,Kendrapara,1775609.631442655,1.775609631442655,4665571.930333995,3632403.956360763,0.09800737685642537,0.09800737685642537,LOW,Village geometry area normalized within Kendrapara coastal-belt villages,PRELIMINARY_SPATIAL_PROXY,False,False
Kulapada,396534,Marsaghai,Kendrapara,1300186.4964865623,1.3001864964865624,4664780.976973499,3633384.146974023,0.07151493895367164,0.07151493895367164,LOW,Village geometry area normalized within Kendrapara coastal-belt villages,PRELIMINARY_SPATIAL_PROXY,False,False
Garajanga Palli,396784,Marsaghai,Kendrapara,619629.756376453,0.619629756376453,4661947.839006783,3625577.1418133653,0.033591653671535146,0.033591653671535146,LOW,Village geometry area normalized within Kendrapara coastal-belt villages,PRELIMINARY_SPATIAL_PROXY,False,False
Nuagan,396520,Marsaghai,Kendrapara,165892.37803137122,0.16589237803137122,4663067.361398905,3632423.6549529615,0.008307631005966905,0.008307631005966905,LOW,Village geometry area normalized within Kendrapara coastal-belt villages,PRELIMINARY_SPATIAL_PROXY,False,False
Chadeiguan,397091,Mahakalapada,Kendrapara,2087887.0875486196,2.0878870875486197,4672932.158317254,3626873.8452853835,0.1154086989756807,0.1154086989756807,LOW,Village geometry area normalized within Kendrapara coastal-belt villages,PRELIMINARY_SPATIAL_PROXY,False,False
Gaudabadpur,397092,Mahakalapada,Kendrapara,685050.1812817183,0.6850501812817184,4672723.40003753,3625929.081409752,0.03723713580511825,0.03723713580511825,LOW,Village geometry area normalized within Kendrapara coastal-belt villages,PRELIMINARY_SPATIAL_PROXY,False,False
Goja Bandha,397102,Mahakalapada,Kendrapara,1162738.7612729121,1.162738761272912,4676656.978417259,3623153.306528192,0.06385581317225997,0.06385581317225997,LOW,Village geometry area normalized within Kendrapara coastal-belt villages,PRELIMINARY_SPATIAL_PROXY,False,False
Jalakana,397089,Mahakalapada,Kendrapara,819223.0107348966,0.8192230107348967,4672409.380059956,3628465.680580383,0.044713771019459204,0.044713771019459204,LOW,Village geometry area normalized within Kendrapara coastal-belt villages,PRELIMINARY_SPATIAL_PROXY,False,False
Maha Kala Para,397088,Mahakalapada,Kendrapara,1870426.1925913068,1.8704261925913068,4674290.768252552,3626574.2914625076,0.10329092675900908,0.10329092675900908,LOW,Village geometry area normalized within Kendrapara coastal-belt villages,PRELIMINARY_SPATIAL_PROXY,False,False
Samantsingharpur,396927,Mahakalapada,Kendrapara,3990915.3214787645,3.9909153214787647,4675117.627223539,3623735.6304829535,0.22145288069022345,0.22145288069022345,LOW,Village geometry area normalized within Kendrapara coastal-belt villages,PRELIMINARY_SPATIAL_PROXY,False,False
Teragan,396926,Mahakalapada,Kendrapara,2371655.284199741,2.371655284199741,4673250.660010646,3623814.753396154,0.13122137357186026,0.13122137357186026,LOW,Village geometry area normalized within Kendrapara coastal-belt villages,PRELIMINARY_SPATIAL_PROXY,False,False
Nantar,397082,Mahakalapada,Kendrapara,3312068.753304582,3.3120687533045823,4679888.317826267,3627307.2883122917,0.18362489288203038,0.18362489288203038,LOW,Village geometry area normalized within Kendrapara coastal-belt villages,PRELIMINARY_SPATIAL_PROXY,False,False
Aitipur,397044,Mahakalapada,Kendrapara,890895.2266116043,0.8908952266116044,4673758.61470987,3630484.678086144,0.04870762741570252,0.04870762741570252,LOW,Village geometry area normalized within Kendrapara coastal-belt villages,PRELIMINARY_SPATIAL_PROXY,False,False
Balia,396986,Mahakalapada,Kendrapara,1837159.6802420449,1.837159680242045,4676882.29392771,3633461.982239672,0.10143718648459984,0.10143718648459984,LOW,Village geometry area normalized within Kendrapara coastal-belt villages,PRELIMINARY_SPATIAL_PROXY,False,False
Janra,397064,Mahakalapada,Kendrapara,922715.1456985824,0.9227151456985824,4678140.4925509915,3627294.767066984,0.05048075785152,0.05048075785152,LOW,Village geometry area normalized within Kendrapara coastal-belt villages,PRELIMINARY_SPATIAL_PROXY,False,False
Itakandia,396989,Mahakalapada,Kendrapara,771853.9022454806,0.7718539022454806,4679246.461282674,3633314.1316960827,0.04207417889005945,0.04207417889005945,LOW,Village geometry area normalized within Kendrapara coastal-belt villages,PRELIMINARY_SPATIAL_PROXY,False,False
Bada Rahama,396990,Mahakalapada,Kendrapara,1081668.6019131553,1.0816686019131554,4679927.340986902,3634517.3770592306,0.05933826658125729,0.05933826658125729,LOW,Village geometry area normalized within Kendrapara coastal-belt villages,PRELIMINARY_SPATIAL_PROXY,False,False
Mangalapur,397086,Mahakalapada,Kendrapara,1525301.916973851,1.5253019169738509,4676183.44801556,3625770.3168483353,0.08405925129295772,0.08405925129295772,LOW,Village geometry area normalized within Kendrapara coastal-belt villages,PRELIMINARY_SPATIAL_PROXY,False,False
Gamha,397087,Mahakalapada,Kendrapara,2012900.0885311947,2.0129000885311945,4675438.94706697,3626389.1156453327,0.11123012988865792,0.11123012988865792,LOW,Village geometry area normalized within Kendrapara coastal-belt villages,PRELIMINARY_SPATIAL_PROXY,False,False
Gopalpur,397090,Mahakalapada,Kendrapara,1355982.4881167628,1.3559824881167628,4671905.320645729,3626753.9204544183,0.07462410999479518,0.07462410999479518,LOW,Village geometry area normalized within Kendrapara coastal-belt villages,PRELIMINARY_SPATIAL_PROXY,False,False
Balana,396904,Marsaghai,Kendrapara,1227898.9436291263,1.2278989436291263,4670745.709098302,3627133.8192455103,0.06748679357241139,0.06748679357241139,LOW,Village geometry area normalized within Kendrapara coastal-belt villages,PRELIMINARY_SPATIAL_PROXY,False,False
Orata,397046,Mahakalapada,Kendrapara,1415761.1057510066,1.4157611057510067,4672302.040549025,3631549.4905738775,0.07795520854500335,0.07795520854500335,LOW,Village geometry area normalized within Kendrapara coastal-belt villages,PRELIMINARY_SPATIAL_PROXY,False,False
Raigada,397065,Mahakalapada,Kendrapara,949703.4672635708,0.9497034672635708,4679187.43421717,3627946.5279516,0.05198465276236829,0.05198465276236829,LOW,Village geometry area normalized within Kendrapara coastal-belt villages,PRELIMINARY_SPATIAL_PROXY,False,False
Ostara,396934,Mahakalapada,Kendrapara,1475151.6399831916,1.4751516399831917,4671558.560290303,3623148.884642537,0.08126468156907661,0.08126468156907661,LOW,Village geometry area normalized within Kendrapara coastal-belt villages,PRELIMINARY_SPATIAL_PROXY,False,False
Sarumunhi,397113,Mahakalapada,Kendrapara,752864.763827239,0.752864763827239,4680953.317668769,3623455.3650402348,0.04101602977323424,0.04101602977323424,LOW,Village geometry area normalized within Kendrapara coastal-belt villages,PRELIMINARY_SPATIAL_PROXY,False,False
Chhatar,396988,Mahakalapada,Kendrapara,1197892.8152399652,1.1978928152399653,4678628.035365462,3632958.6302116723,0.06581473465351734,0.06581473465351734,LOW,Village geometry area normalized within Kendrapara coastal-belt villages,PRELIMINARY_SPATIAL_PROXY,False,False
Mahula Kandha,397099,Mahakalapada,Kendrapara,1996326.169990404,1.996326169990404,4678942.3001098195,3624298.0245150453,0.1103065662766605,0.1103065662766605,LOW,Village geometry area normalized within Kendrapara coastal-belt villages,PRELIMINARY_SPATIAL_PROXY,False,False
Bachhuria,397109,Mahakalapada,Kendrapara,696545.8685412188,0.6965458685412188,4679724.010299124,3623420.6243804595,0.03787772049374498,0.03787772049374498,LOW,Village geometry area normalized within Kendrapara coastal-belt villages,PRELIMINARY_SPATIAL_PROXY,False,False
Jemadeipur,397084,Mahakalapada,Kendrapara,1466144.7893768214,1.4661447893768214,4679300.796236912,3625815.0550972647,0.08076278460015716,0.08076278460015716,LOW,Village geometry area normalized within Kendrapara coastal-belt villages,PRELIMINARY_SPATIAL_PROXY,False,False
Kiar Banka,397063,Mahakalapada,Kendrapara,2899898.532507418,2.899898532507418,4676304.256073125,3627567.595623795,0.16065715493035998,0.16065715493035998,LOW,Village geometry area normalized within Kendrapara coastal-belt villages,PRELIMINARY_SPATIAL_PROXY,False,False
Pareswar Pur,397083,Mahakalapada,Kendrapara,1266453.8124353378,1.2664538124353377,4680541.640800264,3626457.725485152,0.06963522176741646,0.06963522176741646,LOW,Village geometry area normalized within Kendrapara coastal-belt villages,PRELIMINARY_SPATIAL_PROXY,False,False
Sahabaj Pur,397062,Mahakalapada,Kendrapara,2087310.0541739403,2.0873100541739404,4675861.509130198,3629108.0385300587,0.1153765444175145,0.1153765444175145,LOW,Village geometry area normalized within Kendrapara coastal-belt villages,PRELIMINARY_SPATIAL_PROXY,False,False
Maliancha,397030,Mahakalapada,Kendrapara,1594039.0536239704,1.5940390536239704,4678798.131177013,3629333.170742586,0.08788955358669143,0.08788955358669143,LOW,Village geometry area normalized within Kendrapara coastal-belt villages,PRELIMINARY_SPATIAL_PROXY,False,False
Babakar Pur,397055,Mahakalapada,Kendrapara,1495501.7098738526,1.4955017098738526,4671232.167653966,3629272.0587948696,0.08239866711427904,0.08239866711427904,LOW,Village geometry area normalized within Kendrapara coastal-belt villages,PRELIMINARY_SPATIAL_PROXY,False,False
Ramakani,397060,Mahakalapada,Kendrapara,985567.3856363887,0.9855673856363887,4674741.341599998,3629349.294291543,0.053983130666749306,0.053983130666749306,LOW,Village geometry area normalized within Kendrapara coastal-belt villages,PRELIMINARY_SPATIAL_PROXY,False,False
Barakandha,397106,Mahakalapada,Kendrapara,1267304.3856705085,1.2673043856705084,4678226.995339781,3622676.627398732,0.06968261903725396,0.06968261903725396,LOW,Village geometry area normalized within Kendrapara coastal-belt villages,PRELIMINARY_SPATIAL_PROXY,False,False
Kochila,397115,Mahakalapada,Kendrapara,1984141.6868372946,1.9841416868372945,4680300.916955057,3622545.27278475,0.10962759918487032,0.10962759918487032,LOW,Village geometry area normalized within Kendrapara coastal-belt villages,PRELIMINARY_SPATIAL_PROXY,False,False
Ghantia Palli,397040,Mahakalapada,Kendrapara,1015215.3536874037,1.0152153536874038,4675150.041929658,3631959.2617580877,0.05563523148974961,0.05563523148974961,LOW,Village geometry area normalized within Kendrapara coastal-belt villages,PRELIMINARY_SPATIAL_PROXY,False,False
Bandhapara,397101,Mahakalapada,Kendrapara,1365019.87987414,1.36501987987414,4677599.638760999,3623483.072225694,0.07512770883618788,0.07512770883618788,LOW,Village geometry area normalized within Kendrapara coastal-belt villages,PRELIMINARY_SPATIAL_PROXY,False,False
Gokhapada,396925,Mahakalapada,Kendrapara,1565505.9395878154,1.5655059395878155,4670988.591961459,3623672.156049557,0.08629957679297726,0.08629957679297726,LOW,Village geometry area normalized within Kendrapara coastal-belt villages,PRELIMINARY_SPATIAL_PROXY,False,False
Sankhapada,397038,Mahakalapada,Kendrapara,2303275.4602666334,2.3032754602666334,4675979.927441062,3630476.9356399826,0.1274109821412531,0.1274109821412531,LOW,Village geometry area normalized within Kendrapara coastal-belt villages,PRELIMINARY_SPATIAL_PROXY,False,False
Mulubasanta,396984,Mahakalapada,Kendrapara,501660.0149219392,0.5016600149219391,4676206.108178866,3634742.7709437325,0.027017917939940475,0.027017917939940475,LOW,Village geometry area normalized within Kendrapara coastal-belt villages,PRELIMINARY_SPATIAL_PROXY,False,False
Bijayanagar,397034,Mahakalapada,Kendrapara,6525370.2999010375,6.525370299901038,4677643.893270571,3629398.395547838,0.36268263203452467,0.36268263203452467,MODERATE,Village geometry area normalized within Kendrapara coastal-belt villages,PRELIMINARY_SPATIAL_PROXY,False,False
Kalapara,397041,Mahakalapada,Kendrapara,1095707.7728039522,1.0957077728039522,4674639.898835969,3632305.0321613187,0.060120584133104935,0.060120584133104935,LOW,Village geometry area normalized within Kendrapara coastal-belt villages,PRELIMINARY_SPATIAL_PROXY,False,False
Anduli,397042,Mahakalapada,Kendrapara,1638850.545062616,1.638850545062616,4673583.355433682,3632197.9716203255,0.09038662528341847,0.09038662528341847,LOW,Village geometry area normalized within Kendrapara coastal-belt villages,PRELIMINARY_SPATIAL_PROXY,False,False
Bilipada,397048,Mahakalapada,Kendrapara,1088849.4384964865,1.0888494384964864,4670575.694729431,3631180.419730705,0.05973841090172939,0.05973841090172939,LOW,Village geometry area normalized within Kendrapara coastal-belt villages,PRELIMINARY_SPATIAL_PROXY,False,False
Sri Chandan Pur,397037,Mahakalapada,Kendrapara,1652295.3784434511,1.652295378443451,4676271.384873163,3631595.4910616926,0.09113582402295296,0.09113582402295296,LOW,Village geometry area normalized within Kendrapara coastal-belt villages,PRELIMINARY_SPATIAL_PROXY,False,False
Palaspur,396905,Marsaghai,Kendrapara,1684295.80501502,1.68429580501502,4670252.729794124,3626365.064651044,0.09291901304232456,0.09291901304232456,LOW,Village geometry area normalized within Kendrapara coastal-belt villages,PRELIMINARY_SPATIAL_PROXY,False,False
Tithi,397085,Mahakalapada,Kendrapara,1920760.7127180751,1.9207607127180752,4677711.497463102,3626447.478290615,0.10609576323156837,0.10609576323156837,LOW,Village geometry area normalized within Kendrapara coastal-belt villages,PRELIMINARY_SPATIAL_PROXY,False,False
Deula Pada,397058,Mahakalapada,Kendrapara,1917467.8313563252,1.9174678313563251,4673360.011200147,3629433.1907916116,0.10591227099363729,0.10591227099363729,LOW,Village geometry area normalized within Kendrapara coastal-belt villages,PRELIMINARY_SPATIAL_PROXY,False,False
Rajagada,397054,Mahakalapada,Kendrapara,4285724.213573142,4.285724213573142,4669521.257206583,3629010.73452469,0.2378807860501745,0.2378807860501745,LOW,Village geometry area normalized within Kendrapara coastal-belt villages,PRELIMINARY_SPATIAL_PROXY,False,False
Jagati,397066,Mahakalapada,Kendrapara,1167289.5477104473,1.1672895477104472,4680594.868053644,3628753.71381138,0.06410940080449884,0.06410940080449884,LOW,Village geometry area normalized within Kendrapara coastal-belt villages,PRELIMINARY_SPATIAL_PROXY,False,False
Ranki,397032,Mahakalapada,Kendrapara,707939.704423894,0.7079397044238941,4679756.306971208,3630998.5121372202,0.03851262962500512,0.03851262962500512,LOW,Village geometry area normalized within Kendrapara coastal-belt villages,PRELIMINARY_SPATIAL_PROXY,False,False
Sikhar,397093,Mahakalapada,Kendrapara,959088.2723109998,0.9590882723109998,4673561.506777574,3626577.40333953,0.05250761083207061,0.05250761083207061,LOW,Village geometry area normalized within Kendrapara coastal-belt villages,PRELIMINARY_SPATIAL_PROXY,False,False
Dadhipur,397097,Mahakalapada,Kendrapara,1103815.3999390677,1.1038153999390676,4676737.980515188,3624787.675530488,0.06057237285061352,0.06057237285061352,LOW,Village geometry area normalized within Kendrapara coastal-belt villages,PRELIMINARY_SPATIAL_PROXY,False,False
Adoi,397110,Mahakalapada,Kendrapara,2968556.973347433,2.968556973347433,4680295.816442271,3624773.460731744,0.16448307198553644,0.16448307198553644,LOW,Village geometry area normalized within Kendrapara coastal-belt villages,PRELIMINARY_SPATIAL_PROXY,False,False
Karanja,396924,Mahakalapada,Kendrapara,4808547.2515631905,4.808547251563191,4672176.1180918645,3624918.2351940335,0.2670145320748807,0.2670145320748807,MODERATE,Village geometry area normalized within Kendrapara coastal-belt villages,PRELIMINARY_SPATIAL_PROXY,False,False
Dasi Pur,396902,Marsaghai,Kendrapara,1957267.2226547233,1.9572672226547234,4669510.273284599,3627508.818250843,0.10813004885301217,0.10813004885301217,LOW,Village geometry area normalized within Kendrapara coastal-belt villages,PRELIMINARY_SPATIAL_PROXY,False,False
Adam Pur,396903,Marsaghai,Kendrapara,1693589.6180598729,1.6935896180598728,4671123.703459729,3628035.7772748414,0.0934369006814974,0.0934369006814974,LOW,Village geometry area normalized within Kendrapara coastal-belt villages,PRELIMINARY_SPATIAL_PROXY,False,False
Chandia Palli,397061,Mahakalapada,Kendrapara,1144184.2423100073,1.1441842423100073,4674705.684692112,3627880.7962466795,0.06282188275260209,0.06282188275260209,LOW,Village geometry area normalized within Kendrapara coastal-belt villages,PRELIMINARY_SPATIAL_PROXY,False,False
Amirabad,397059,Mahakalapada,Kendrapara,1927638.1115176438,1.9276381115176437,4673673.967368044,3628350.822858886,0.10647899881106297,0.10647899881106297,LOW,Village geometry area normalized within Kendrapara coastal-belt villages,PRELIMINARY_SPATIAL_PROXY,False,False
Badadihi,397026,Mahakalapada,Kendrapara,3747691.936967652,3.747691936967652,4679885.711572937,3632340.442851705,0.2078995217203169,0.2078995217203169,LOW,Village geometry area normalized within Kendrapara coastal-belt villages,PRELIMINARY_SPATIAL_PROXY,False,False
Kanpur,397031,Mahakalapada,Kendrapara,638484.9614776124,0.6384849614776124,4678793.961283684,3630053.0888904356,0.03464233949971278,0.03464233949971278,LOW,Village geometry area normalized within Kendrapara coastal-belt villages,PRELIMINARY_SPATIAL_PROXY,False,False
Dia Rajagarh,397056,Mahakalapada,Kendrapara,292299.89523722325,0.2922998952372233,4670786.15426542,3630206.4240368116,0.015351552628179483,0.015351552628179483,LOW,Village geometry area normalized within Kendrapara coastal-belt villages,PRELIMINARY_SPATIAL_PROXY,False,False
Oliha,397045,Mahakalapada,Kendrapara,1274190.9414137157,1.2741909414137158,4672736.178650507,3630471.1081275716,0.07006636487748874,0.07006636487748874,LOW,Village geometry area normalized within Kendrapara coastal-belt villages,PRELIMINARY_SPATIAL_PROXY,False,False
Olihanilakanthapur,397057,Mahakalapada,Kendrapara,1548458.3655424027,1.5484583655424027,4671882.155037943,3630002.9353406704,0.08534961924235784,0.08534961924235784,LOW,Village geometry area normalized within Kendrapara coastal-belt villages,PRELIMINARY_SPATIAL_PROXY,False,False
Balipal,397039,Mahakalapada,Kendrapara,1225671.6488368611,1.225671648836861,4674669.260510374,3630735.994358955,0.06736267998887562,0.06736267998887562,LOW,Village geometry area normalized within Kendrapara coastal-belt villages,PRELIMINARY_SPATIAL_PROXY,False,False
Arada,397033,Mahakalapada,Kendrapara,1665249.3853755016,1.6652493853755015,4678863.1728635905,3630788.7370438916,0.09185767199164906,0.09185767199164906,LOW,Village geometry area normalized within Kendrapara coastal-belt villages,PRELIMINARY_SPATIAL_PROXY,False,False
Benupal,396922,Mahakalapada,Kendrapara,1821260.9936605846,1.8212609936605846,4669870.487595799,3625293.603585765,0.1005512494402581,0.1005512494402581,LOW,Village geometry area normalized within Kendrapara coastal-belt villages,PRELIMINARY_SPATIAL_PROXY,False,False
Ekalapur,397027,Mahakalapada,Kendrapara,1354765.613172606,1.354765613172606,4680388.053851076,3630615.5873698783,0.0745563009600151,0.0745563009600151,LOW,Village geometry area normalized within Kendrapara coastal-belt villages,PRELIMINARY_SPATIAL_PROXY,False,False
Nachhi Pada,397049,Mahakalapada,Kendrapara,1376789.8283224076,1.3767898283224076,4669898.726828073,3630992.8683748543,0.07578357643172073,0.07578357643172073,LOW,Village geometry area normalized within Kendrapara coastal-belt villages,PRELIMINARY_SPATIAL_PROXY,False,False
Basaghar,397043,Mahakalapada,Kendrapara,748483.157996465,0.748483157996465,4673850.298896103,3631466.0377406147,0.040771869546582996,0.040771869546582996,LOW,Village geometry area normalized within Kendrapara coastal-belt villages,PRELIMINARY_SPATIAL_PROXY,False,False
Sahoo Pada,396985,Mahakalapada,Kendrapara,579417.5471092835,0.5794175471092835,4676679.318195367,3634240.412996874,0.03135087197915618,0.03135087197915618,LOW,Village geometry area normalized within Kendrapara coastal-belt villages,PRELIMINARY_SPATIAL_PROXY,False,False
Batakuli,397096,Mahakalapada,Kendrapara,1146307.2376754803,1.1463072376754804,4677306.761632085,3624401.7201266456,0.06294018436384535,0.06294018436384535,LOW,Village geometry area normalized within Kendrapara coastal-belt villages,PRELIMINARY_SPATIAL_PROXY,False,False
Potakani,397108,Mahakalapada,Kendrapara,535143.3491061281,0.535143349106128,4679223.359551263,3622862.944316313,0.0288837403756402,0.0288837403756402,LOW,Village geometry area normalized within Kendrapara coastal-belt villages,PRELIMINARY_SPATIAL_PROXY,False,False
Niyamatpur,397050,Mahakalapada,Kendrapara,1468309.4144590108,1.4683094144590108,4669350.224645049,3631653.6301705725,0.08088340598215604,0.08088340598215604,LOW,Village geometry area normalized within Kendrapara coastal-belt villages,PRELIMINARY_SPATIAL_PROXY,False,False
Dahimachha,396921,Mahakalapada,Kendrapara,754117.482351384,0.754117482351384,4669826.821908503,3623991.345998179,0.0410858361525843,0.0410858361525843,LOW,Village geometry area normalized within Kendrapara coastal-belt villages,PRELIMINARY_SPATIAL_PROXY,False,False
Rama Chandra Pur,396987,Mahakalapada,Kendrapara,1242825.8672859669,1.242825867285967,4678158.04605882,3633590.225360947,0.06831858018307878,0.06831858018307878,LOW,Village geometry area normalized within Kendrapara coastal-belt villages,PRELIMINARY_SPATIAL_PROXY,False,False
Jasuapalli,397036,Mahakalapada,Kendrapara,1027846.5188881378,1.0278465188881378,4675877.893883658,3632493.6300356365,0.05633908945356278,0.05633908945356278,LOW,Village geometry area normalized within Kendrapara coastal-belt villages,PRELIMINARY_SPATIAL_PROXY,False,False
Potia,397035,Mahakalapada,Kendrapara,1689835.7140508841,1.6898357140508842,4677523.14828029,3632398.557978532,0.0932277184572032,0.0932277184572032,LOW,Village geometry area normalized within Kendrapara coastal-belt villages,PRELIMINARY_SPATIAL_PROXY,False,False
Alailo,397047,Mahakalapada,Kendrapara,4101366.401313663,4.101366401313663,4671069.443671968,3632348.6490151356,0.22760764716806506,0.22760764716806506,LOW,Village geometry area normalized within Kendrapara coastal-belt villages,PRELIMINARY_SPATIAL_PROXY,False,False
Baulapara,397095,Mahakalapada,Kendrapara,950610.2175066188,0.9506102175066188,4676323.710780038,3625199.510011865,0.05203518043496351,0.05203518043496351,LOW,Village geometry area normalized within Kendrapara coastal-belt villages,PRELIMINARY_SPATIAL_PROXY,False,False
Gobardhanpur,396923,Mahakalapada,Kendrapara,594407.1009642701,0.5944071009642701,4670641.013607281,3625521.8247588086,0.03218614858960108,0.03218614858960108,LOW,Village geometry area normalized within Kendrapara coastal-belt villages,PRELIMINARY_SPATIAL_PROXY,False,False
Kumbharapara,397098,Mahakalapada,Kendrapara,979684.4264326169,0.9796844264326169,4677937.848539916,3625370.1275468897,0.053655309153804315,0.053655309153804315,LOW,Village geometry area normalized within Kendrapara coastal-belt villages,PRELIMINARY_SPATIAL_PROXY,False,False
Marichakani,397100,Mahakalapada,Kendrapara,569687.7429535269,0.5696877429535269,4678116.41918057,3623993.2604308375,0.03080868920879911,0.03080868920879911,LOW,Village geometry area normalized within Kendrapara coastal-belt villages,PRELIMINARY_SPATIAL_PROXY,False,False
Baradia,395618,Rajkanika,Kendrapara,513370.3143733733,0.5133703143733733,4690342.352384641,3662261.8206711607,0.027670461659901478,0.027670461659901478,LOW,Village geometry area normalized within Kendrapara coastal-belt villages,PRELIMINARY_SPATIAL_PROXY,False,False
Kusiapal,397069,Mahakalapada,Kendrapara,298593.59721622564,0.29859359721622564,4682638.654086207,3630803.004437657,0.015702262336222104,0.015702262336222104,LOW,Village geometry area normalized within Kendrapara coastal-belt villages,PRELIMINARY_SPATIAL_PROXY,False,False
Balisahipatna,395912,Rajnagar,Kendrapara,672939.6247598929,0.6729396247598929,4688076.86690026,3648926.0565732135,0.03656228819457469,0.03656228819457469,LOW,Village geometry area normalized within Kendrapara coastal-belt villages,PRELIMINARY_SPATIAL_PROXY,False,False
Baulakani,397112,Mahakalapada,Kendrapara,3634598.309367043,3.634598309367043,4683472.211442685,3625363.475601074,0.20159750213794425,0.20159750213794425,LOW,Village geometry area normalized within Kendrapara coastal-belt villages,PRELIMINARY_SPATIAL_PROXY,False,False
Petchhela,396058,Mahakalapada,Kendrapara,13174392.438827919,13.174392438827919,4683716.518323766,3623358.0824553077,0.733192170123838,0.733192170123838,HIGH,Village geometry area normalized within Kendrapara coastal-belt villages,PRELIMINARY_SPATIAL_PROXY,False,False
Tanki Belari,397078,Mahakalapada,Kendrapara,998739.3946515792,0.9987393946515792,4682462.545075962,3626364.2996208374,0.054717126564785855,0.054717126564785855,LOW,Village geometry area normalized within Kendrapara coastal-belt villages,PRELIMINARY_SPATIAL_PROXY,False,False
Narasingha Pur,397015,Mahakalapada,Kendrapara,797501.7222409681,0.7975017222409682,4689840.659560459,3635575.118825144,0.043503375806684494,0.043503375806684494,LOW,Village geometry area normalized within Kendrapara coastal-belt villages,PRELIMINARY_SPATIAL_PROXY,False,False
Maladhia,397081,Mahakalapada,Kendrapara,1960987.0160231583,1.9609870160231584,4681519.016269577,3626611.615389355,0.10833733029890444,0.10833733029890444,LOW,Village geometry area normalized within Kendrapara coastal-belt villages,PRELIMINARY_SPATIAL_PROXY,False,False
Babara,396992,Mahakalapada,Kendrapara,758674.1028128092,0.7586741028128092,4681320.61037105,3634400.2939078826,0.041339748879468896,0.041339748879468896,LOW,Village geometry area normalized within Kendrapara coastal-belt villages,PRELIMINARY_SPATIAL_PROXY,False,False
Pancha Gachhia,397018,Mahakalapada,Kendrapara,613572.5322379696,0.6135725322379696,4685842.793433586,3630754.6893065115,0.03325412143434889,0.03325412143434889,LOW,Village geometry area normalized within Kendrapara coastal-belt villages,PRELIMINARY_SPATIAL_PROXY,False,False
Kakat Pur,396993,Mahakalapada,Kendrapara,1304877.4476523276,1.3048774476523275,4682143.8001080835,3633475.056487576,0.07177633711317719,0.07177633711317719,LOW,Village geometry area normalized within Kendrapara coastal-belt villages,PRELIMINARY_SPATIAL_PROXY,False,False
Jamboo,396057,Mahakalapada,Kendrapara,13014426.258615619,13.014426258615618,4688962.346069246,3627772.325632668,0.7242782284491097,0.7242782284491097,HIGH,Village geometry area normalized within Kendrapara coastal-belt villages,PRELIMINARY_SPATIAL_PROXY,False,False
Sugal,397021,Mahakalapada,Kendrapara,1561196.0201126162,1.5611960201126163,4684431.6237218315,3631976.08205817,0.08605941121064158,0.08605941121064158,LOW,Village geometry area normalized within Kendrapara coastal-belt villages,PRELIMINARY_SPATIAL_PROXY,False,False
Bhitarsubala,397079,Mahakalapada,Kendrapara,1521420.8371217686,1.5214208371217686,4683060.357400311,3627252.820392221,0.0838429823329156,0.0838429823329156,LOW,Village geometry area normalized within Kendrapara coastal-belt villages,PRELIMINARY_SPATIAL_PROXY,False,False
Maladhia,397004,Mahakalapada,Kendrapara,2216296.6036073347,2.2162966036073346,4689397.671178215,3634683.4993504216,0.12256417980986926,0.12256417980986926,LOW,Village geometry area normalized within Kendrapara coastal-belt villages,PRELIMINARY_SPATIAL_PROXY,False,False
Badatota Chhapali,397077,Mahakalapada,Kendrapara,5925474.894483451,5.925474894483451,4684929.313573762,3626864.619502508,0.3292541120327783,0.3292541120327783,MODERATE,Village geometry area normalized within Kendrapara coastal-belt villages,PRELIMINARY_SPATIAL_PROXY,False,False
Bara Danga,397067,Mahakalapada,Kendrapara,2547682.8942453098,2.54768289424531,4681779.608469089,3628892.1204246427,0.14103032098190385,0.14103032098190385,LOW,Village geometry area normalized within Kendrapara coastal-belt villages,PRELIMINARY_SPATIAL_PROXY,False,False
Kalatunga,396995,Mahakalapada,Kendrapara,3836814.413011739,3.836814413011739,4684440.322170383,3633690.222243706,0.21286577491402336,0.21286577491402336,LOW,Village geometry area normalized within Kendrapara coastal-belt villages,PRELIMINARY_SPATIAL_PROXY,False,False
Pankapal,397073,Mahakalapada,Kendrapara,1414835.4266133995,1.4148354266133996,4683894.03198264,3628815.2030624417,0.07790362608031492,0.07790362608031492,LOW,Village geometry area normalized within Kendrapara coastal-belt villages,PRELIMINARY_SPATIAL_PROXY,False,False
Baliganda Ratanpur,396997,Mahakalapada,Kendrapara,1824606.9999361134,1.8246069999361134,4683416.323407933,3635336.111650136,0.10073770200631772,0.10073770200631772,LOW,Village geometry area normalized within Kendrapara coastal-belt villages,PRELIMINARY_SPATIAL_PROXY,False,False
Radia,397028,Mahakalapada,Kendrapara,1376013.7089810276,1.3760137089810276,4681860.3028925415,3630820.6327474844,0.07574032802426042,0.07574032802426042,LOW,Village geometry area normalized within Kendrapara coastal-belt villages,PRELIMINARY_SPATIAL_PROXY,False,False
Kharianta,397023,Mahakalapada,Kendrapara,1277504.598858565,1.2775045988585652,4682971.681112416,3631655.978995316,0.07025101484008842,0.07025101484008842,LOW,Village geometry area normalized within Kendrapara coastal-belt villages,PRELIMINARY_SPATIAL_PROXY,False,False
Bhateni,397075,Mahakalapada,Kendrapara,4723293.468712371,4.723293468712371,4686849.968664739,3627920.681774264,0.26226385760810533,0.26226385760810533,MODERATE,Village geometry area normalized within Kendrapara coastal-belt villages,PRELIMINARY_SPATIAL_PROXY,False,False
Badamatha,397080,Mahakalapada,Kendrapara,1677650.504818102,1.677650504818102,4682694.722271972,3628312.293185883,0.09254871090541178,0.09254871090541178,LOW,Village geometry area normalized within Kendrapara coastal-belt villages,PRELIMINARY_SPATIAL_PROXY,False,False
Bagagahan,397074,Mahakalapada,Kendrapara,1791077.7570701288,1.7910777570701288,4685406.581019624,3628728.5733036255,0.09886932135918014,0.09886932135918014,LOW,Village geometry area normalized within Kendrapara coastal-belt villages,PRELIMINARY_SPATIAL_PROXY,False,False
Kansapal,397076,Mahakalapada,Kendrapara,1174140.3735645884,1.1741403735645883,4685534.7355120415,3627765.4613118498,0.06449115563546678,0.06449115563546678,LOW,Village geometry area normalized within Kendrapara coastal-belt villages,PRELIMINARY_SPATIAL_PROXY,False,False
Kansara,397071,Mahakalapada,Kendrapara,1836928.1725346718,1.8369281725346718,4683514.466428646,3629876.0120097944,0.10142428596901563,0.10142428596901563,LOW,Village geometry area normalized within Kendrapara coastal-belt villages,PRELIMINARY_SPATIAL_PROXY,False,False
Badadandua,397072,Mahakalapada,Kendrapara,971147.9936845043,0.9711479936845043,4685106.110303656,3629838.358395088,0.05317962570917916,0.05317962570917916,LOW,Village geometry area normalized within Kendrapara coastal-belt villages,PRELIMINARY_SPATIAL_PROXY,False,False
Bala Bhadrapur,397068,Mahakalapada,Kendrapara,470544.85747269145,0.4705448574726914,4682576.351299898,3629719.652560118,0.025284059581039346,0.025284059581039346,LOW,Village geometry area normalized within Kendrapara coastal-belt villages,PRELIMINARY_SPATIAL_PROXY,False,False
Guludia,397022,Mahakalapada,Kendrapara,1633384.44312425,1.6333844431242501,4683347.107481279,3632675.6967229047,0.090082032688896,0.090082032688896,LOW,Village geometry area normalized within Kendrapara coastal-belt villages,PRELIMINARY_SPATIAL_PROXY,False,False
Sana Rahama,396991,Mahakalapada,Kendrapara,2435055.8184435535,2.4350558184435536,4680752.989617492,3634551.012897498,0.13475429949186357,0.13475429949186357,LOW,Village geometry area normalized within Kendrapara coastal-belt villages,PRELIMINARY_SPATIAL_PROXY,False,False
Bahar Subala,397029,Mahakalapada,Kendrapara,1962940.019383346,1.962940019383346,4680819.178301404,3629897.279866087,0.10844615929025846,0.10844615929025846,LOW,Village geometry area normalized within Kendrapara coastal-belt villages,PRELIMINARY_SPATIAL_PROXY,False,False
Bhuinpada,397002,Mahakalapada,Kendrapara,2112080.5608891556,2.1120805608891557,4686911.501462929,3634234.568323526,0.1167568540043275,0.1167568540043275,LOW,Village geometry area normalized within Kendrapara coastal-belt villages,PRELIMINARY_SPATIAL_PROXY,False,False
Badapal,397020,Mahakalapada,Kendrapara,826918.7650889558,0.8269187650889558,4684551.279906437,3631060.4158973875,0.045142608573522675,0.045142608573522675,LOW,Village geometry area normalized within Kendrapara coastal-belt villages,PRELIMINARY_SPATIAL_PROXY,False,False
Sankachit,397003,Mahakalapada,Kendrapara,2129435.042753431,2.129435042753431,4687973.264985228,3634912.3291383004,0.11772391365986201,0.11772391365986201,LOW,Village geometry area normalized within Kendrapara coastal-belt villages,PRELIMINARY_SPATIAL_PROXY,False,False
Tarapada,397070,Mahakalapada,Kendrapara,1141327.0284207587,1.1413270284207586,4683734.731527484,3631002.1463863235,0.06266266761145672,0.06266266761145672,LOW,Village geometry area normalized within Kendrapara coastal-belt villages,PRELIMINARY_SPATIAL_PROXY,False,False
Kandara Patia,396056,Mahakalapada,Kendrapara,1855803.617250717,1.855803617250717,4689602.889515379,3631467.2712556277,0.10247609962775328,0.10247609962775328,LOW,Village geometry area normalized within Kendrapara coastal-belt villages,PRELIMINARY_SPATIAL_PROXY,False,False
Nalitapatia,395760,Rajnagar,Kendrapara,909605.6549491653,0.9096056549491653,4698978.9384130575,3663920.181268104,0.04975024571595107,0.04975024571595107,LOW,Village geometry area normalized within Kendrapara coastal-belt villages,PRELIMINARY_SPATIAL_PROXY,False,False
Kantilo,397019,Mahakalapada,Kendrapara,1663458.551039203,1.663458551039203,4685522.882288385,3631386.6917688805,0.09175787969304144,0.09175787969304144,LOW,Village geometry area normalized within Kendrapara coastal-belt villages,PRELIMINARY_SPATIAL_PROXY,False,False
Bada Baincha,397024,Mahakalapada,Kendrapara,1534703.221516413,1.534703221516413,4681818.491017524,3631888.3826277843,0.08458312877910847,0.08458312877910847,LOW,Village geometry area normalized within Kendrapara coastal-belt villages,PRELIMINARY_SPATIAL_PROXY,False,False
Kholanai,397025,Mahakalapada,Kendrapara,937361.2139964732,0.9373612139964732,4681235.483547288,3632452.7290136656,0.051296894102308886,0.051296894102308886,LOW,Village geometry area normalized within Kendrapara coastal-belt villages,PRELIMINARY_SPATIAL_PROXY,False,False
Kiabaria,397111,Mahakalapada,Kendrapara,971026.4178837948,0.9710264178837947,4681388.963714361,3624723.056616001,0.05317285102971163,0.05317285102971163,LOW,Village geometry area normalized within Kendrapara coastal-belt villages,PRELIMINARY_SPATIAL_PROXY,False,False
Gogua,396996,Mahakalapada,Kendrapara,2137082.0557418084,2.1370820557418084,4682471.817087011,3634621.3176531713,0.11815003515425428,0.11815003515425428,LOW,Village geometry area normalized within Kendrapara coastal-belt villages,PRELIMINARY_SPATIAL_PROXY,False,False
Panikhia,397000,Mahakalapada,Kendrapara,1669980.916550153,1.669980916550153,4686017.222397294,3634889.6724416357,0.09212133142808135,0.09212133142808135,LOW,Village geometry area normalized within Kendrapara coastal-belt villages,PRELIMINARY_SPATIAL_PROXY,False,False
Bandha Para,396994,Mahakalapada,Kendrapara,646843.169531168,0.6468431695311679,4682343.0330516305,3633420.876556111,0.03510809156677945,0.03510809156677945,LOW,Village geometry area normalized within Kendrapara coastal-belt villages,PRELIMINARY_SPATIAL_PROXY,False,False
Baligarh,397131,Mahakalapada,Kendrapara,1629512.982375612,1.629512982375612,4690989.81020901,3622890.3723735614,0.0898662997429473,0.0898662997429473,LOW,Village geometry area normalized within Kendrapara coastal-belt villages,PRELIMINARY_SPATIAL_PROXY,False,False
Hariabanka,397129,Mahakalapada,Kendrapara,473863.0309034821,0.4738630309034821,4687373.099255772,3623171.5074773673,0.025468961192051415,0.025468961192051415,LOW,Village geometry area normalized within Kendrapara coastal-belt villages,PRELIMINARY_SPATIAL_PROXY,False,False
Suniti Bena Kandha,397017,Mahakalapada,Kendrapara,15465671.69699945,15.465671696999449,4687681.835006523,3632002.9194406224,0.86087121853738,0.86087121853738,VERY HIGH,Village geometry area normalized within Kendrapara coastal-belt villages,PRELIMINARY_SPATIAL_PROXY,False,False
Bana Pada,397016,Mahakalapada,Kendrapara,3351283.22316234,3.35128322316234,4690958.556347212,3634452.1660040272,0.18581007662932952,0.18581007662932952,LOW,Village geometry area normalized within Kendrapara coastal-belt villages,PRELIMINARY_SPATIAL_PROXY,False,False
Khamarsahi,395761,Rajnagar,Kendrapara,396762.45131806796,0.396762451318068,4699677.989361169,3664106.9248302877,0.02117261512315103,0.02117261512315103,LOW,Village geometry area normalized within Kendrapara coastal-belt villages,PRELIMINARY_SPATIAL_PROXY,False,False
Gobardhanpur,396025,Rajnagar,Kendrapara,2614149.9985203473,2.614149998520347,4689814.98395196,3640289.363374397,0.1447341281867108,0.1447341281867108,LOW,Village geometry area normalized within Kendrapara coastal-belt villages,PRELIMINARY_SPATIAL_PROXY,False,False
Koilipur,396042,Rajnagar,Kendrapara,818814.5176231862,0.8188145176231862,4689285.512400429,3639156.535597316,0.04469100818441818,0.04469100818441818,LOW,Village geometry area normalized within Kendrapara coastal-belt villages,PRELIMINARY_SPATIAL_PROXY,False,False
Rata Panga,397014,Mahakalapada,Kendrapara,1264055.5231725245,1.2640555231725246,4690244.387795994,3636382.3442004877,0.06950157970270333,0.06950157970270333,LOW,Village geometry area normalized within Kendrapara coastal-belt villages,PRELIMINARY_SPATIAL_PROXY,False,False
Bhatapara,395943,Rajnagar,Kendrapara,1182105.9141645883,1.1821059141645882,4686029.264017967,3646204.0432683835,0.064935026735107,0.064935026735107,LOW,Village geometry area normalized within Kendrapara coastal-belt villages,PRELIMINARY_SPATIAL_PROXY,False,False
Maliabuda,395949,Rajnagar,Kendrapara,1279072.2734905372,1.279072273490537,4689302.42811835,3645865.5453614197,0.07033837180651598,0.07033837180651598,LOW,Village geometry area normalized within Kendrapara coastal-belt villages,PRELIMINARY_SPATIAL_PROXY,False,False
Jayapur,396024,Rajnagar,Kendrapara,1713843.2195352083,1.7138432195352082,4691069.944467354,3640867.394390675,0.0945655106290171,0.0945655106290171,LOW,Village geometry area normalized within Kendrapara coastal-belt villages,PRELIMINARY_SPATIAL_PROXY,False,False
Tarapada,395997,Rajnagar,Kendrapara,1487257.797685624,1.487257797685624,4690095.6901649665,3643371.665804944,0.08193928406018647,0.08193928406018647,LOW,Village geometry area normalized within Kendrapara coastal-belt villages,PRELIMINARY_SPATIAL_PROXY,False,False
Badkota,396005,Rajnagar,Kendrapara,1018966.1147889345,1.0189661147889344,4687908.440751025,3641314.9972843844,0.05584423857893878,0.05584423857893878,LOW,Village geometry area normalized within Kendrapara coastal-belt villages,PRELIMINARY_SPATIAL_PROXY,False,False
Taradeipur,396040,Rajnagar,Kendrapara,545385.3238544391,0.545385323854439,4688718.074144227,3637654.353888963,0.02945446329606825,0.02945446329606825,LOW,Village geometry area normalized within Kendrapara coastal-belt villages,PRELIMINARY_SPATIAL_PROXY,False,False
Doligan,396998,Mahakalapada,Kendrapara,1193811.2133832958,1.1938112133832959,4684488.744006004,3635380.393949085,0.0655872918225294,0.0655872918225294,LOW,Village geometry area normalized within Kendrapara coastal-belt villages,PRELIMINARY_SPATIAL_PROXY,False,False
Isani Palla,396032,Rajnagar,Kendrapara,763246.4446888736,0.7632464446888736,4685840.150984536,3637658.2006491567,0.04159453766511136,0.04159453766511136,LOW,Village geometry area normalized within Kendrapara coastal-belt villages,PRELIMINARY_SPATIAL_PROXY,False,False
Tetelenga,396027,Rajnagar,Kendrapara,1617781.7067147517,1.6177817067147517,4687865.115564043,3640087.618431797,0.08921258714649545,0.08921258714649545,LOW,Village geometry area normalized within Kendrapara coastal-belt villages,PRELIMINARY_SPATIAL_PROXY,False,False
Balarampur,396009,Rajnagar,Kendrapara,1759514.7181917313,1.7595147181917312,4691562.623018492,3642265.8971672007,0.09711050529402299,0.09711050529402299,LOW,Village geometry area normalized within Kendrapara coastal-belt villages,PRELIMINARY_SPATIAL_PROXY,False,False
Praharajpur,396043,Rajnagar,Kendrapara,1897038.3792704544,1.8970383792704544,4690820.083048886,3639343.2532321396,0.10477386196181304,0.10477386196181304,LOW,Village geometry area normalized within Kendrapara coastal-belt villages,PRELIMINARY_SPATIAL_PROXY,False,False
Arakhadiha,396006,Rajnagar,Kendrapara,783290.5396271544,0.7832905396271543,4688913.857028122,3641688.0559339677,0.04271147308837036,0.04271147308837036,LOW,Village geometry area normalized within Kendrapara coastal-belt villages,PRELIMINARY_SPATIAL_PROXY,False,False
Mangalpur,395909,Rajnagar,Kendrapara,361983.6260373091,0.3619836260373091,4689942.455773526,3647964.3432855303,0.01923460285295236,0.01923460285295236,LOW,Village geometry area normalized within Kendrapara coastal-belt villages,PRELIMINARY_SPATIAL_PROXY,False,False
Garjang,397001,Mahakalapada,Kendrapara,611040.9410254443,0.6110409410254443,4686777.846933745,3636021.4579524677,0.033113051263249246,0.033113051263249246,LOW,Village geometry area normalized within Kendrapara coastal-belt villages,PRELIMINARY_SPATIAL_PROXY,False,False
Odiasala,397012,Mahakalapada,Kendrapara,481532.6243640405,0.4815326243640405,4691758.790061724,3635821.681902851,0.02589634095873436,0.02589634095873436,LOW,Village geometry area normalized within Kendrapara coastal-belt villages,PRELIMINARY_SPATIAL_PROXY,False,False
Basantpur,396037,Rajnagar,Kendrapara,1012238.6022957552,1.0122386022957552,4687409.852986431,3637036.0465987343,0.0554693552510965,0.0554693552510965,LOW,Village geometry area normalized within Kendrapara coastal-belt villages,PRELIMINARY_SPATIAL_PROXY,False,False
Inkiria,396038,Rajnagar,Kendrapara,581749.2463927031,0.5817492463927032,4687816.436138298,3637597.94463739,0.03148080338958196,0.03148080338958196,LOW,Village geometry area normalized within Kendrapara coastal-belt villages,PRELIMINARY_SPATIAL_PROXY,False,False
Gankalu Para,396030,Rajnagar,Kendrapara,882473.1301279415,0.8824731301279415,4687322.523264058,3638238.594880884,0.048238315235248685,0.048238315235248685,LOW,Village geometry area normalized within Kendrapara coastal-belt villages,PRELIMINARY_SPATIAL_PROXY,False,False
Duttapur,396041,Rajnagar,Kendrapara,652839.6355179627,0.6528396355179628,4689244.814757977,3638451.946312844,0.03544223812194406,0.03544223812194406,LOW,Village geometry area normalized within Kendrapara coastal-belt villages,PRELIMINARY_SPATIAL_PROXY,False,False
Kani,395950,Rajnagar,Kendrapara,1597727.9012409893,1.5977279012409893,4690495.3256984325,3645677.398687301,0.08809511061419203,0.08809511061419203,LOW,Village geometry area normalized within Kendrapara coastal-belt villages,PRELIMINARY_SPATIAL_PROXY,False,False
Madhyapara,395939,Rajnagar,Kendrapara,1416867.976244637,1.416867976244637,4684345.226261782,3646882.228339355,0.07801688770123877,0.07801688770123877,LOW,Village geometry area normalized within Kendrapara coastal-belt villages,PRELIMINARY_SPATIAL_PROXY,False,False
Bandhapara,395938,Rajnagar,Kendrapara,728631.3040292633,0.7286313040292633,4684064.716233101,3645562.4737793235,0.039665646542670505,0.039665646542670505,LOW,Village geometry area normalized within Kendrapara coastal-belt villages,PRELIMINARY_SPATIAL_PROXY,False,False
Rajagarh,395948,Rajnagar,Kendrapara,1647562.3878129087,1.6475623878129086,4689608.085050272,3646967.936533755,0.09087208325992606,0.09087208325992606,LOW,Village geometry area normalized within Kendrapara coastal-belt villages,PRELIMINARY_SPATIAL_PROXY,False,False
Kusailo,395941,Rajnagar,Kendrapara,1333971.7997972334,1.3339717997972333,4685828.304646014,3647153.8551401,0.07339758829101681,0.07339758829101681,LOW,Village geometry area normalized within Kendrapara coastal-belt villages,PRELIMINARY_SPATIAL_PROXY,False,False
Badolara,395942,Rajnagar,Kendrapara,1151969.2802199246,1.1519692802199246,4686909.2593733575,3647277.7976220176,0.06325569553585697,0.06325569553585697,LOW,Village geometry area normalized within Kendrapara coastal-belt villages,PRELIMINARY_SPATIAL_PROXY,False,False
Nanjura,396999,Mahakalapada,Kendrapara,1507597.8592744682,1.507597859274468,4685553.845765053,3635652.961371463,0.08307271190363881,0.08307271190363881,LOW,Village geometry area normalized within Kendrapara coastal-belt villages,PRELIMINARY_SPATIAL_PROXY,False,False
Dhaneswarpur,396004,Rajnagar,Kendrapara,918568.3077391383,0.9185683077391382,4688475.8804134205,3642253.2851094017,0.05024967980954903,0.05024967980954903,LOW,Village geometry area normalized within Kendrapara coastal-belt villages,PRELIMINARY_SPATIAL_PROXY,False,False
Baragudidanda,395946,Rajnagar,Kendrapara,1324661.184513701,1.3246611845137009,4688568.6430067625,3646028.199099414,0.07287876436534017,0.07287876436534017,LOW,Village geometry area normalized within Kendrapara coastal-belt villages,PRELIMINARY_SPATIAL_PROXY,False,False
Nurugan,395944,Rajnagar,Kendrapara,1569853.5925979877,1.5698535925979877,4685273.824660797,3645177.378175623,0.08654184503557202,0.08654184503557202,LOW,Village geometry area normalized within Kendrapara coastal-belt villages,PRELIMINARY_SPATIAL_PROXY,False,False
Barhapur,396039,Rajnagar,Kendrapara,1077885.4494918827,1.0778854494918828,4688148.118659993,3638504.778637383,0.05912745452095133,0.05912745452095133,LOW,Village geometry area normalized within Kendrapara coastal-belt villages,PRELIMINARY_SPATIAL_PROXY,False,False
Sanora,395999,Rajnagar,Kendrapara,626665.2538838517,0.6266652538838517,4687467.60459811,3644839.1665575644,0.033983699129834,0.033983699129834,LOW,Village geometry area normalized within Kendrapara coastal-belt villages,PRELIMINARY_SPATIAL_PROXY,False,False
Kanhua,395994,Rajnagar,Kendrapara,595079.3713148172,0.5950793713148173,4691462.26021783,3644662.1407593456,0.03222361012482355,0.03222361012482355,LOW,Village geometry area normalized within Kendrapara coastal-belt villages,PRELIMINARY_SPATIAL_PROXY,False,False
Benudharpur,395951,Rajnagar,Kendrapara,617576.5694685859,0.6175765694685859,4691346.423904358,3645703.3498034975,0.03347724206078246,0.03347724206078246,LOW,Village geometry area normalized within Kendrapara coastal-belt villages,PRELIMINARY_SPATIAL_PROXY,False,False
Kiajori,395945,Rajnagar,Kendrapara,2499645.7409506436,2.4996457409506436,4687315.2622652715,3645787.2266591773,0.1383535027812045,0.1383535027812045,LOW,Village geometry area normalized within Kendrapara coastal-belt villages,PRELIMINARY_SPATIAL_PROXY,False,False
Bhopal,397005,Mahakalapada,Kendrapara,3126738.6150874584,3.1267386150874583,4688501.672742933,3636387.0297154416,0.17329757219184275,0.17329757219184275,LOW,Village geometry area normalized within Kendrapara coastal-belt villages,PRELIMINARY_SPATIAL_PROXY,False,False
Mundatala Sahara Kani,397013,Mahakalapada,Kendrapara,1354782.6531110553,1.3547826531110552,4691317.625703837,3636592.169751627,0.07455725049208041,0.07455725049208041,LOW,Village geometry area normalized within Kendrapara coastal-belt villages,PRELIMINARY_SPATIAL_PROXY,False,False
Santhapada,395933,Rajnagar,Kendrapara,1281555.051324481,1.2815550513244809,4682950.430437688,3647953.3705373476,0.07047672190510375,0.07047672190510375,LOW,Village geometry area normalized within Kendrapara coastal-belt villages,PRELIMINARY_SPATIAL_PROXY,False,False
Tangataila,395932,Rajnagar,Kendrapara,729232.895539435,0.7292328955394349,4681679.30484277,3647123.332826127,0.039699169576267755,0.039699169576267755,LOW,Village geometry area normalized within Kendrapara coastal-belt villages,PRELIMINARY_SPATIAL_PROXY,False,False
Badpalli,396033,Rajnagar,Kendrapara,986134.9087468284,0.9861349087468284,4684914.894512831,3637272.8274888517,0.05401475527576858,0.05401475527576858,LOW,Village geometry area normalized within Kendrapara coastal-belt villages,PRELIMINARY_SPATIAL_PROXY,False,False
Badmaricha Palli,396035,Rajnagar,Kendrapara,1326806.7799806476,1.3268067799806476,4686162.553880926,3636711.9322900157,0.07299832534269514,0.07299832534269514,LOW,Village geometry area normalized within Kendrapara coastal-belt villages,PRELIMINARY_SPATIAL_PROXY,False,False
Katakana,395931,Rajnagar,Kendrapara,670537.1607555484,0.6705371607555484,4681535.775864855,3650170.414804861,0.03642841349692335,0.03642841349692335,LOW,Village geometry area normalized within Kendrapara coastal-belt villages,PRELIMINARY_SPATIAL_PROXY,False,False
Barunipalla,396036,Rajnagar,Kendrapara,549544.9961055032,0.5495449961055032,4686730.964676126,3637651.981715147,0.029686256515002167,0.029686256515002167,LOW,Village geometry area normalized within Kendrapara coastal-belt villages,PRELIMINARY_SPATIAL_PROXY,False,False
Sasana,397007,Mahakalapada,Kendrapara,2029642.2180166168,2.0296422180166167,4690564.892656275,3637521.459603508,0.11216306687287383,0.11216306687287383,LOW,Village geometry area normalized within Kendrapara coastal-belt villages,PRELIMINARY_SPATIAL_PROXY,False,False
Tantiapal,396055,Mahakalapada,Kendrapara,649738.0036102894,0.6497380036102894,4689504.580857543,3637620.9660013635,0.03526940305215129,0.03526940305215129,LOW,Village geometry area normalized within Kendrapara coastal-belt villages,PRELIMINARY_SPATIAL_PROXY,False,False
Bilakalupara,396029,Rajnagar,Kendrapara,709306.131733075,0.709306131733075,4687108.635707413,3639070.7865363327,0.038588772302917594,0.038588772302917594,LOW,Village geometry area normalized within Kendrapara coastal-belt villages,PRELIMINARY_SPATIAL_PROXY,False,False
Kankdia,396028,Rajnagar,Kendrapara,854925.650084482,0.8549256500844821,4688346.378814915,3639318.989655237,0.04670326182541389,0.04670326182541389,LOW,Village geometry area normalized within Kendrapara coastal-belt villages,PRELIMINARY_SPATIAL_PROXY,False,False
Badpal,396034,Rajnagar,Kendrapara,810870.6967412741,0.8108706967412741,4685113.687978999,3636574.2949855663,0.044248347392481555,0.044248347392481555,LOW,Village geometry area normalized within Kendrapara coastal-belt villages,PRELIMINARY_SPATIAL_PROXY,False,False
Mangarajpur,396007,Rajnagar,Kendrapara,1779416.3543104471,1.779416354310447,4689912.898060555,3641992.413221655,0.09821950235426696,0.09821950235426696,LOW,Village geometry area normalized within Kendrapara coastal-belt villages,PRELIMINARY_SPATIAL_PROXY,False,False
Rajnagar,395998,Rajnagar,Kendrapara,2743002.7745025633,2.743002774502563,4687933.907870063,3643953.6599453655,0.1519143091987719,0.1519143091987719,LOW,Village geometry area normalized within Kendrapara coastal-belt villages,PRELIMINARY_SPATIAL_PROXY,False,False
Chakibanka,395936,Rajnagar,Kendrapara,1365132.4081710472,1.3651324081710472,4681693.673662744,3644514.2390867705,0.07513397935333128,0.07513397935333128,LOW,Village geometry area normalized within Kendrapara coastal-belt villages,PRELIMINARY_SPATIAL_PROXY,False,False
Guludia,395996,Rajnagar,Kendrapara,1110767.7409990174,1.1107677409990173,4688927.189239387,3643028.687183853,0.06095978450618324,0.06095978450618324,LOW,Village geometry area normalized within Kendrapara coastal-belt villages,PRELIMINARY_SPATIAL_PROXY,False,False
Baghua,395993,Rajnagar,Kendrapara,945906.8667025763,0.9459068667025763,4691379.446560913,3643657.228208631,0.05177309131908052,0.05177309131908052,LOW,Village geometry area normalized within Kendrapara coastal-belt villages,PRELIMINARY_SPATIAL_PROXY,False,False
Garjanpur,396001,Rajnagar,Kendrapara,1254146.2799356722,1.2541462799356722,4686344.000116206,3643934.65029815,0.06894939788441669,0.06894939788441669,LOW,Village geometry area normalized within Kendrapara coastal-belt villages,PRELIMINARY_SPATIAL_PROXY,False,False
Firikidandi,395937,Rajnagar,Kendrapara,1168044.6294070529,1.1680446294070528,4683145.186839004,3645688.704347154,0.06415147691205023,0.06415147691205023,LOW,Village geometry area normalized within Kendrapara coastal-belt villages,PRELIMINARY_SPATIAL_PROXY,False,False
Sanabadagopalpur,396000,Rajnagar,Kendrapara,1119747.9504041958,1.1197479504041958,4686539.4262353545,3644733.1662093075,0.061460196923097676,0.061460196923097676,LOW,Village geometry area normalized within Kendrapara coastal-belt villages,PRELIMINARY_SPATIAL_PROXY,False,False
Mahinsasur,395995,Rajnagar,Kendrapara,3226258.7232210226,3.2262587232210227,4689879.67076136,3644400.2440442643,0.17884322214227538,0.17884322214227538,LOW,Village geometry area normalized within Kendrapara coastal-belt villages,PRELIMINARY_SPATIAL_PROXY,False,False
Jharpada,395908,Rajnagar,Kendrapara,940493.180629823,0.940493180629823,4690868.395324017,3648045.0729826996,0.05147141954174755,0.05147141954174755,LOW,Village geometry area normalized within Kendrapara coastal-belt villages,PRELIMINARY_SPATIAL_PROXY,False,False
Khandeipara,395940,Rajnagar,Kendrapara,1189222.6989314205,1.1892226989314205,4684862.115262178,3646326.3392789355,0.0653316018376627,0.0653316018376627,LOW,Village geometry area normalized within Kendrapara coastal-belt villages,PRELIMINARY_SPATIAL_PROXY,False,False
Baghataila,395952,Rajnagar,Kendrapara,861962.3640886126,0.8619623640886126,4690493.024692437,3647099.665856557,0.04709537507167206,0.04709537507167206,LOW,Village geometry area normalized within Kendrapara coastal-belt villages,PRELIMINARY_SPATIAL_PROXY,False,False
Govindpur,395934,Rajnagar,Kendrapara,1306794.7555783323,1.3067947555783324,4683375.877391536,3647410.3843807643,0.07188317701522536,0.07188317701522536,LOW,Village geometry area normalized within Kendrapara coastal-belt villages,PRELIMINARY_SPATIAL_PROXY,False,False
Dhandia,395947,Rajnagar,Kendrapara,1337333.4041849505,1.3373334041849505,4687836.910453312,3647305.4662829265,0.07358491004493913,0.07358491004493913,LOW,Village geometry area normalized within Kendrapara coastal-belt villages,PRELIMINARY_SPATIAL_PROXY,False,False
Kshirkot,396026,Rajnagar,Kendrapara,824389.5798409536,0.8243895798409536,4688755.167817503,3640759.326945381,0.04500167247218329,0.04500167247218329,LOW,Village geometry area normalized within Kendrapara coastal-belt villages,PRELIMINARY_SPATIAL_PROXY,False,False
Jagannathapur,396002,Rajnagar,Kendrapara,827622.1750144202,0.8276221750144201,4686885.518456055,3642663.008701879,0.04518180532774092,0.04518180532774092,LOW,Village geometry area normalized within Kendrapara coastal-belt villages,PRELIMINARY_SPATIAL_PROXY,False,False
Sukdevpur,396008,Rajnagar,Kendrapara,582572.9588219252,0.5825729588219252,4690613.275446187,3642613.2332721106,0.03152670387017785,0.03152670387017785,LOW,Village geometry area normalized within Kendrapara coastal-belt villages,PRELIMINARY_SPATIAL_PROXY,False,False
Tamulia,397008,Mahakalapada,Kendrapara,581121.6158767759,0.5811216158767759,4691485.288998058,3638145.7190992357,0.03144582936066641,0.03144582936066641,LOW,Village geometry area normalized within Kendrapara coastal-belt villages,PRELIMINARY_SPATIAL_PROXY,False,False
Tamulia,396003,Rajnagar,Kendrapara,666195.8502887887,0.6661958502887887,4687609.115960949,3642392.868885581,0.03618649868567247,0.03618649868567247,LOW,Village geometry area normalized within Kendrapara coastal-belt villages,PRELIMINARY_SPATIAL_PROXY,False,False
Dakhinadandi,395935,Rajnagar,Kendrapara,980006.2967930936,0.9800062967930936,4682814.102451441,3645962.68846954,0.053673245030102075,0.053673245030102075,LOW,Village geometry area normalized within Kendrapara coastal-belt villages,PRELIMINARY_SPATIAL_PROXY,False,False
Singar Pur,397006,Mahakalapada,Kendrapara,740479.49756451,0.7404794975645099,4690306.430931792,3638414.601860216,0.040325874260703866,0.040325874260703866,LOW,Village geometry area normalized within Kendrapara coastal-belt villages,PRELIMINARY_SPATIAL_PROXY,False,False
Keradasahi,396031,Rajnagar,Kendrapara,740588.4470933162,0.7405884470933163,4686140.783672679,3638243.151160011,0.04033194535488127,0.04033194535488127,LOW,Village geometry area normalized within Kendrapara coastal-belt villages,PRELIMINARY_SPATIAL_PROXY,False,False
Padini,395911,Rajnagar,Kendrapara,598380.5197249427,0.5983805197249428,4688357.24291586,3647817.9588791057,0.03240756303504762,0.03240756303504762,LOW,Village geometry area normalized within Kendrapara coastal-belt villages,PRELIMINARY_SPATIAL_PROXY,False,False
Chandrasekhar,395964,Rajnagar,Kendrapara,666035.2392186237,0.6660352392186237,4695158.33760243,3646435.3490520525,0.03617754880820545,0.03617754880820545,LOW,Village geometry area normalized within Kendrapara coastal-belt villages,PRELIMINARY_SPATIAL_PROXY,False,False
Junapangara,395970,Rajnagar,Kendrapara,560050.0491742166,0.5600500491742165,4695948.127229349,3645978.048122963,0.030271639189140904,0.030271639189140904,LOW,Village geometry area normalized within Kendrapara coastal-belt villages,PRELIMINARY_SPATIAL_PROXY,False,False
Bindhanaukana,396044,Rajnagar,Kendrapara,545684.1960648504,0.5456841960648504,4692044.350054346,3640091.1906269575,0.029471117625428797,0.029471117625428797,LOW,Village geometry area normalized within Kendrapara coastal-belt villages,PRELIMINARY_SPATIAL_PROXY,False,False
Gopalpur,395885,Rajnagar,Kendrapara,406000.74024886306,0.40600074024886307,4699363.694868054,3648389.4544489514,0.02168740874136523,0.02168740874136523,LOW,Village geometry area normalized within Kendrapara coastal-belt villages,PRELIMINARY_SPATIAL_PROXY,False,False
Baro,397010,Mahakalapada,Kendrapara,1255016.300596774,1.255016300596774,4693162.684866801,3637041.9262188743,0.06899787884094499,0.06899787884094499,LOW,Village geometry area normalized within Kendrapara coastal-belt villages,PRELIMINARY_SPATIAL_PROXY,False,False
Khandiora,395981,Rajnagar,Kendrapara,478288.6944063781,0.47828869440637806,4698930.439076288,3645652.9868516834,0.02571557648463658,0.02571557648463658,LOW,Village geometry area normalized within Kendrapara coastal-belt villages,PRELIMINARY_SPATIAL_PROXY,False,False
Junapanga,396019,Rajnagar,Kendrapara,287860.3506970046,0.2878603506970046,4695906.155017764,3641724.4363629706,0.015104163829863822,0.015104163829863822,LOW,Village geometry area normalized within Kendrapara coastal-belt villages,PRELIMINARY_SPATIAL_PROXY,False,False
Chakradharpur,396010,Rajnagar,Kendrapara,1403564.7036463092,1.4035647036463093,4692327.200770793,3642795.7613526527,0.0772755772825795,0.0772755772825795,LOW,Village geometry area normalized within Kendrapara coastal-belt villages,PRELIMINARY_SPATIAL_PROXY,False,False
Nathapur,395961,Rajnagar,Kendrapara,727286.9761192367,0.7272869761192367,4693951.640988611,3645716.139315409,0.03959073532977673,0.03959073532977673,LOW,Village geometry area normalized within Kendrapara coastal-belt villages,PRELIMINARY_SPATIAL_PROXY,False,False
Nodhabasanta,395962,Rajnagar,Kendrapara,977888.1500834773,0.9778881500834773,4694701.468281499,3645729.814392169,0.05355521360494096,0.05355521360494096,LOW,Village geometry area normalized within Kendrapara coastal-belt villages,PRELIMINARY_SPATIAL_PROXY,False,False
Badanaukana,396023,Rajnagar,Kendrapara,1006315.5868217918,1.006315586821792,4692025.073820665,3640964.9379244363,0.05513930164599477,0.05513930164599477,LOW,Village geometry area normalized within Kendrapara coastal-belt villages,PRELIMINARY_SPATIAL_PROXY,False,False
Manapara,395956,Rajnagar,Kendrapara,953199.9059199296,0.9531999059199296,4692090.738606021,3645769.516930613,0.05217948800948543,0.05217948800948543,LOW,Village geometry area normalized within Kendrapara coastal-belt villages,PRELIMINARY_SPATIAL_PROXY,False,False
Bandhapur,396051,Rajnagar,Kendrapara,853557.630265557,0.853557630265557,4693881.495715521,3640723.182384299,0.04662703040662533,0.04662703040662533,LOW,Village geometry area normalized within Kendrapara coastal-belt villages,PRELIMINARY_SPATIAL_PROXY,False,False
Endulapur,395986,Rajnagar,Kendrapara,1042474.6076785744,1.0424746076785745,4695609.985826271,3643190.3885391504,0.05715422381582389,0.05715422381582389,LOW,Village geometry area normalized within Kendrapara coastal-belt villages,PRELIMINARY_SPATIAL_PROXY,False,False
Sendhakani,395968,Rajnagar,Kendrapara,1413761.82888857,1.41376182888857,4696707.272078348,3647199.9839291344,0.07784380101298788,0.07784380101298788,LOW,Village geometry area normalized within Kendrapara coastal-belt villages,PRELIMINARY_SPATIAL_PROXY,False,False
Hatiagadi,395954,Rajnagar,Kendrapara,630384.7265554346,0.6303847265554346,4691968.78336187,3647256.5228740526,0.03419096270524246,0.03419096270524246,LOW,Village geometry area normalized within Kendrapara coastal-belt villages,PRELIMINARY_SPATIAL_PROXY,False,False
Kanafulia,395977,Rajnagar,Kendrapara,545116.319121184,0.545116319121184,4699441.7912846,3647206.8632752476,0.02943947329943722,0.02943947329943722,LOW,Village geometry area normalized within Kendrapara coastal-belt villages,PRELIMINARY_SPATIAL_PROXY,False,False
Jhinkiria,395958,Rajnagar,Kendrapara,830476.339743593,0.830476339743593,4693536.790075189,3646395.872335542,0.045340850557752346,0.045340850557752346,LOW,Village geometry area normalized within Kendrapara coastal-belt villages,PRELIMINARY_SPATIAL_PROXY,False,False
Badhi,395972,Rajnagar,Kendrapara,552405.5062169001,0.5524055062169001,4697090.241220374,3646261.949309294,0.02984565533454716,0.02984565533454716,LOW,Village geometry area normalized within Kendrapara coastal-belt villages,PRELIMINARY_SPATIAL_PROXY,False,False
Prasanpur,396013,Rajnagar,Kendrapara,712643.9916686204,0.7126439916686204,4695210.684900514,3642043.085847055,0.03877477092302827,0.03877477092302827,LOW,Village geometry area normalized within Kendrapara coastal-belt villages,PRELIMINARY_SPATIAL_PROXY,False,False
Brahmansahi,396022,Rajnagar,Kendrapara,2098569.2358794957,2.098569235879496,4693052.203122314,3641528.955206912,0.1160039500909843,0.1160039500909843,LOW,Village geometry area normalized within Kendrapara coastal-belt villages,PRELIMINARY_SPATIAL_PROXY,False,False
Kandhamara,396012,Rajnagar,Kendrapara,932835.6658763185,0.9328356658763185,4694427.751032421,3642736.4515645364,0.05104471284789813,0.05104471284789813,LOW,Village geometry area normalized within Kendrapara coastal-belt villages,PRELIMINARY_SPATIAL_PROXY,False,False
Penth,396021,Rajnagar,Kendrapara,1228214.6246445642,1.2282146246445642,4694307.518058591,3641707.2795221526,0.06750438455417827,0.06750438455417827,LOW,Village geometry area normalized within Kendrapara coastal-belt villages,PRELIMINARY_SPATIAL_PROXY,False,False
Gokhani,395971,Rajnagar,Kendrapara,795946.167243515,0.7959461672435151,4696573.020209286,3645176.780501709,0.04341669419372901,0.04341669419372901,LOW,Village geometry area normalized within Kendrapara coastal-belt villages,PRELIMINARY_SPATIAL_PROXY,False,False
Chinchiri,395982,Rajnagar,Kendrapara,1268962.1571174376,1.2689621571174377,4698088.495895681,3645299.2681891904,0.06977499655085306,0.06977499655085306,LOW,Village geometry area normalized within Kendrapara coastal-belt villages,PRELIMINARY_SPATIAL_PROXY,False,False
Paripangara,395963,Rajnagar,Kendrapara,1238970.1307136344,1.2389701307136345,4695517.5977023365,3645210.8485745303,0.06810372344977882,0.06810372344977882,LOW,Village geometry area normalized within Kendrapara coastal-belt villages,PRELIMINARY_SPATIAL_PROXY,False,False
Narangarh,395884,Rajnagar,Kendrapara,385549.75157926267,0.3855497515792627,4699790.9279861385,3647925.75941059,0.02054779960680062,0.02054779960680062,LOW,Village geometry area normalized within Kendrapara coastal-belt villages,PRELIMINARY_SPATIAL_PROXY,False,False
Kanakapur,395978,Rajnagar,Kendrapara,669193.3008210139,0.6691933008210139,4700262.348979697,3647543.8145729965,0.036353528361455674,0.036353528361455674,LOW,Village geometry area normalized within Kendrapara coastal-belt villages,PRELIMINARY_SPATIAL_PROXY,False,False
Bahargarh,395898,Rajnagar,Kendrapara,944929.7620064963,0.9449297620064964,4693949.689631616,3647892.3563185683,0.05171864322099254,0.05171864322099254,LOW,Village geometry area normalized within Kendrapara coastal-belt villages,PRELIMINARY_SPATIAL_PROXY,False,False
Velsari,396047,Rajnagar,Kendrapara,972317.2101726282,0.9723172101726282,4693208.940553297,3640081.133467088,0.05324477902825219,0.05324477902825219,LOW,Village geometry area normalized within Kendrapara coastal-belt villages,PRELIMINARY_SPATIAL_PROXY,False,False
Joginatha,396074,Rajnagar,Kendrapara,338881.0240391062,0.3388810240391062,4692871.895156285,3638344.3337723776,0.017947235445209465,0.017947235445209465,LOW,Village geometry area normalized within Kendrapara coastal-belt villages,PRELIMINARY_SPATIAL_PROXY,False,False
Badkuji,395985,Rajnagar,Kendrapara,522853.434432035,0.522853434432035,4696220.69976846,3643546.5558852293,0.02819889822683812,0.02819889822683812,LOW,Village geometry area normalized within Kendrapara coastal-belt villages,PRELIMINARY_SPATIAL_PROXY,False,False
Gahmasikhar,395983,Rajnagar,Kendrapara,623022.7398616563,0.6230227398616563,4697433.002828671,3644892.4782686573,0.03378072399158829,0.03378072399158829,LOW,Village geometry area normalized within Kendrapara coastal-belt villages,PRELIMINARY_SPATIAL_PROXY,False,False
Pokharia,395957,Rajnagar,Kendrapara,1162709.0694870516,1.1627090694870517,4692787.446807607,3645741.966266349,0.06385415862973713,0.06385415862973713,LOW,Village geometry area normalized within Kendrapara coastal-belt villages,PRELIMINARY_SPATIAL_PROXY,False,False
Mahulia,395953,Rajnagar,Kendrapara,1146252.0704084062,1.1462520704084063,4691404.169329911,3646792.430777125,0.06293711022779734,0.06293711022779734,LOW,Village geometry area normalized within Kendrapara coastal-belt villages,PRELIMINARY_SPATIAL_PROXY,False,False
Guhalkani,395959,Rajnagar,Kendrapara,553026.177336944,0.553026177336944,4693402.174305818,3647098.9824844724,0.029880241558684767,0.029880241558684767,LOW,Village geometry area normalized within Kendrapara coastal-belt villages,PRELIMINARY_SPATIAL_PROXY,False,False
Sundripal,396073,Rajnagar,Kendrapara,547084.1335321716,0.5470841335321716,4692750.346022554,3638946.3013074235,0.029549127620512795,0.029549127620512795,LOW,Village geometry area normalized within Kendrapara coastal-belt villages,PRELIMINARY_SPATIAL_PROXY,False,False
Kathapangara,395973,Rajnagar,Kendrapara,1239354.8816135786,1.2393548816135787,4697798.4729468655,3646407.4690588564,0.06812516327585237,0.06812516327585237,LOW,Village geometry area normalized within Kendrapara coastal-belt villages,PRELIMINARY_SPATIAL_PROXY,False,False
Krishnapriyapur,395882,Rajnagar,Kendrapara,899808.857346073,0.8998088573460731,4700753.018119289,3648595.975131293,0.04920432980849373,0.04920432980849373,LOW,Village geometry area normalized within Kendrapara coastal-belt villages,PRELIMINARY_SPATIAL_PROXY,False,False
Lunia,396011,Rajnagar,Kendrapara,354820.3703503679,0.3548203703503679,4693696.037525864,3642380.2031091163,0.018835438208839355,0.018835438208839355,LOW,Village geometry area normalized within Kendrapara coastal-belt villages,PRELIMINARY_SPATIAL_PROXY,False,False
Tiara,395992,Rajnagar,Kendrapara,437267.9578938161,0.4372679578938161,4692424.202506143,3644022.761733947,0.02342974048954006,0.02342974048954006,LOW,Village geometry area normalized within Kendrapara coastal-belt villages,PRELIMINARY_SPATIAL_PROXY,False,False
Dhagua,395991,Rajnagar,Kendrapara,607336.1593332621,0.6073361593332621,4692067.398579501,3644586.5158067294,0.03290660632671401,0.03290660632671401,LOW,Village geometry area normalized within Kendrapara coastal-belt villages,PRELIMINARY_SPATIAL_PROXY,False,False
Bhadia,395901,Rajnagar,Kendrapara,538048.5839343916,0.5380485839343916,4692694.055567472,3647579.9148907983,0.02904563143146313,0.02904563143146313,LOW,Village geometry area normalized within Kendrapara coastal-belt villages,PRELIMINARY_SPATIAL_PROXY,False,False
Khamarsahi,395955,Rajnagar,Kendrapara,566193.651528448,0.566193651528448,4692708.569949698,3646768.1679142136,0.03061398475859604,0.03061398475859604,LOW,Village geometry area normalized within Kendrapara coastal-belt villages,PRELIMINARY_SPATIAL_PROXY,False,False
Kathuaganda,395979,Rajnagar,Kendrapara,672530.923786317,0.672530923786317,4699296.115139981,3646586.3433554517,0.036539513776656936,0.036539513776656936,LOW,Village geometry area normalized within Kendrapara coastal-belt villages,PRELIMINARY_SPATIAL_PROXY,False,False
Hatina,395988,Rajnagar,Kendrapara,2345431.191979353,2.345431191979353,4694440.259031631,3643795.4714537184,0.12976006451131383,0.12976006451131383,LOW,Village geometry area normalized within Kendrapara coastal-belt villages,PRELIMINARY_SPATIAL_PROXY,False,False
Kaitha,395984,Rajnagar,Kendrapara,2047755.2673488036,2.0477552673488035,4697005.23963746,3644016.114900419,0.11317239687678034,0.11317239687678034,LOW,Village geometry area normalized within Kendrapara coastal-belt villages,PRELIMINARY_SPATIAL_PROXY,False,False
Dera,395987,Rajnagar,Kendrapara,764439.6796586616,0.7644396796586616,4695628.612589381,3644453.935887605,0.04166102938799191,0.04166102938799191,LOW,Village geometry area normalized within Kendrapara coastal-belt villages,PRELIMINARY_SPATIAL_PROXY,False,False
Mugakani,395989,Rajnagar,Kendrapara,328306.49950329843,0.32830649950329843,4694372.625894917,3644979.0201843944,0.01735798154901044,0.01735798154901044,LOW,Village geometry area normalized within Kendrapara coastal-belt villages,PRELIMINARY_SPATIAL_PROXY,False,False
Pachimaveda,395960,Rajnagar,Kendrapara,753058.6032510083,0.7530586032510083,4694379.058844227,3647022.9875396434,0.04102683126462104,0.04102683126462104,LOW,Village geometry area normalized within Kendrapara coastal-belt villages,PRELIMINARY_SPATIAL_PROXY,False,False
Kurunti,395990,Rajnagar,Kendrapara,2948515.647524384,2.948515647524384,4693232.205778852,3644153.819019511,0.16336629086821658,0.16336629086821658,LOW,Village geometry area normalized within Kendrapara coastal-belt villages,PRELIMINARY_SPATIAL_PROXY,False,False
Chardia,395902,Rajnagar,Kendrapara,877689.9551529131,0.8776899551529131,4691870.591723858,3647964.0559812994,0.04797177800412373,0.04797177800412373,LOW,Village geometry area normalized within Kendrapara coastal-belt villages,PRELIMINARY_SPATIAL_PROXY,False,False
Nuagan,395980,Rajnagar,Kendrapara,684579.9676065873,0.6845799676065873,4698793.962150072,3646123.492418568,0.03721093365870696,0.03721093365870696,LOW,Village geometry area normalized within Kendrapara coastal-belt villages,PRELIMINARY_SPATIAL_PROXY,False,False
Maliparida,395965,Rajnagar,Kendrapara,642034.1557851705,0.6420341557851705,4695029.83167467,3647227.0563700316,0.03484011449820223,0.03484011449820223,LOW,Village geometry area normalized within Kendrapara coastal-belt villages,PRELIMINARY_SPATIAL_PROXY,False,False
Dhobeigarh,395974,Rajnagar,Kendrapara,735944.4924617406,0.7359444924617407,4698134.384447409,3647432.3909281506,0.040073166026206856,0.040073166026206856,LOW,Village geometry area normalized within Kendrapara coastal-belt villages,PRELIMINARY_SPATIAL_PROXY,False,False
Nachhipara,395976,Rajnagar,Kendrapara,677405.1014484699,0.6774051014484699,4698862.407465257,3647133.6286873915,0.03681112203369622,0.03681112203369622,LOW,Village geometry area normalized within Kendrapara coastal-belt villages,PRELIMINARY_SPATIAL_PROXY,False,False
Gadadharpur,395890,Rajnagar,Kendrapara,871955.2352366295,0.8719552352366295,4698419.9695970975,3648152.9627107647,0.0476522169644914,0.0476522169644914,LOW,Village geometry area normalized within Kendrapara coastal-belt villages,PRELIMINARY_SPATIAL_PROXY,False,False
Laxminarayanpur,395897,Rajnagar,Kendrapara,1183512.883306574,1.183512883306574,4695143.277747525,3648041.084900748,0.06501342856262553,0.06501342856262553,LOW,Village geometry area normalized within Kendrapara coastal-belt villages,PRELIMINARY_SPATIAL_PROXY,False,False
Paunsiapal,397011,Mahakalapada,Kendrapara,609721.1568675542,0.6097211568675541,4692163.471812102,3636500.218913679,0.03303950772428964,0.03303950772428964,LOW,Village geometry area normalized within Kendrapara coastal-belt villages,PRELIMINARY_SPATIAL_PROXY,False,False
Ambaora,395891,Rajnagar,Kendrapara,864960.4337620088,0.8649604337620088,4697176.058284518,3648129.9432950853,0.04726243924842465,0.04726243924842465,LOW,Village geometry area normalized within Kendrapara coastal-belt villages,PRELIMINARY_SPATIAL_PROXY,False,False
Kanhupur,396050,Rajnagar,Kendrapara,2745355.5891371174,2.7453555891371173,4694101.225489512,3638935.530569849,0.1520454172392091,0.1520454172392091,LOW,Village geometry area normalized within Kendrapara coastal-belt villages,PRELIMINARY_SPATIAL_PROXY,False,False
Nuapokhari,395969,Rajnagar,Kendrapara,433526.1730999551,0.43352617309995506,4696515.923059079,3646206.9037693995,0.02322123359534782,0.02322123359534782,LOW,Village geometry area normalized within Kendrapara coastal-belt villages,PRELIMINARY_SPATIAL_PROXY,False,False
Chittakolha,396014,Rajnagar,Kendrapara,720850.0030931807,0.7208500030931807,4695914.543676742,3642524.7002315265,0.039232041998224325,0.039232041998224325,LOW,Village geometry area normalized within Kendrapara coastal-belt villages,PRELIMINARY_SPATIAL_PROXY,False,False
Sankuji,396015,Rajnagar,Kendrapara,651755.7908500085,0.6517557908500085,4696774.254403983,3642772.2816117043,0.0353818420548392,0.0353818420548392,LOW,Village geometry area normalized within Kendrapara coastal-belt villages,PRELIMINARY_SPATIAL_PROXY,False,False
Bhatasahi,395967,Rajnagar,Kendrapara,494204.16261125926,0.49420416261125927,4695922.364359644,3646732.4375697626,0.026602448666719198,0.026602448666719198,LOW,Village geometry area normalized within Kendrapara coastal-belt villages,PRELIMINARY_SPATIAL_PROXY,False,False
Ogalasendha,395966,Rajnagar,Kendrapara,393061.05072138616,0.39306105072138614,4695770.161249063,3647547.0134102185,0.020966358594490798,0.020966358594490798,LOW,Village geometry area normalized within Kendrapara coastal-belt villages,PRELIMINARY_SPATIAL_PROXY,False,False
Chakulidiha,397009,Mahakalapada,Kendrapara,981424.3595060227,0.9814243595060227,4692397.978766927,3637599.368944486,0.0537522650348142,0.0537522650348142,LOW,Village geometry area normalized within Kendrapara coastal-belt villages,PRELIMINARY_SPATIAL_PROXY,False,False
Kadalichua,396046,Rajnagar,Kendrapara,845687.2571975208,0.8456872571975208,4692014.7610570295,3638597.530388618,0.04618846241435522,0.04618846241435522,LOW,Village geometry area normalized within Kendrapara coastal-belt villages,PRELIMINARY_SPATIAL_PROXY,False,False
Akarapara,396045,Rajnagar,Kendrapara,791400.1554842478,0.7914001554842478,4692107.496003184,3639453.0852084025,0.043163372625251495,0.043163372625251495,LOW,Village geometry area normalized within Kendrapara coastal-belt villages,PRELIMINARY_SPATIAL_PROXY,False,False
Charapada,395648,Rajkanika,Kendrapara,4931389.795974996,4.931389795974996,4671470.1269703265,3659533.6241647233,0.2738597994595791,0.2738597994595791,MODERATE,Village geometry area normalized within Kendrapara coastal-belt villages,PRELIMINARY_SPATIAL_PROXY,False,False
Kharakhara,396105,Rajkanika,Kendrapara,876556.8017147857,0.8765568017147858,4675013.638868621,3657105.9993881574,0.047908634259348555,0.047908634259348555,LOW,Village geometry area normalized within Kendrapara coastal-belt villages,PRELIMINARY_SPATIAL_PROXY,False,False
Ujanga,395652,Rajkanika,Kendrapara,6012884.913672212,6.012884913672211,4677045.645637927,3659378.702230398,0.33412494042788915,0.33412494042788915,MODERATE,Village geometry area normalized within Kendrapara coastal-belt villages,PRELIMINARY_SPATIAL_PROXY,False,False
Mirzapur,395709,Rajkanika,Kendrapara,1749506.057664113,1.7495060576641128,4678492.906864506,3658538.6485162172,0.09655278355517206,0.09655278355517206,LOW,Village geometry area normalized within Kendrapara coastal-belt villages,PRELIMINARY_SPATIAL_PROXY,False,False
Namatara,395649,Rajkanika,Kendrapara,4157413.8549527987,4.157413854952798,4673635.414215133,3659678.437885987,0.2307308306565577,0.2307308306565577,LOW,Village geometry area normalized within Kendrapara coastal-belt villages,PRELIMINARY_SPATIAL_PROXY,False,False
Deulatara,395650,Rajkanika,Kendrapara,3466263.5574690118,3.466263557469012,4675458.209609808,3660193.7764774156,0.1922172308940009,0.1922172308940009,LOW,Village geometry area normalized within Kendrapara coastal-belt villages,PRELIMINARY_SPATIAL_PROXY,False,False
Muradpur,395651,Rajkanika,Kendrapara,1247560.2092073434,1.2475602092073435,4675539.534626994,3659998.8754113684,0.06858239624531996,0.06858239624531996,LOW,Village geometry area normalized within Kendrapara coastal-belt villages,PRELIMINARY_SPATIAL_PROXY,False,False
Habalaganda,395711,Rajkanika,Kendrapara,610549.9804312465,0.6105499804312464,4677032.538484936,3657275.9038811754,0.03308569301730337,0.03308569301730337,LOW,Village geometry area normalized within Kendrapara coastal-belt villages,PRELIMINARY_SPATIAL_PROXY,False,False
Gopinathapur,395643,Rajkanika,Kendrapara,238284.6040539793,0.2382846040539793,4672404.2867545,3662613.4559258516,0.01234160918568502,0.01234160918568502,LOW,Village geometry area normalized within Kendrapara coastal-belt villages,PRELIMINARY_SPATIAL_PROXY,False,False
Parinuapada,395712,Rajkanika,Kendrapara,2630075.939111531,2.630075939111531,4678931.354471852,3657320.849605448,0.1456215839311475,0.1456215839311475,LOW,Village geometry area normalized within Kendrapara coastal-belt villages,PRELIMINARY_SPATIAL_PROXY,False,False
Bharigada,395705,Rajkanika,Kendrapara,765030.3759278184,0.7650303759278183,4683220.038138164,3658393.267125559,0.041693945296115455,0.041693945296115455,LOW,Village geometry area normalized within Kendrapara coastal-belt villages,PRELIMINARY_SPATIAL_PROXY,False,False
Dakhinaveda,395907,Rajnagar,Kendrapara,544629.5173952226,0.5446295173952226,4691189.011376658,3648672.170457833,0.029412346801907442,0.029412346801907442,LOW,Village geometry area normalized within Kendrapara coastal-belt villages,PRELIMINARY_SPATIAL_PROXY,False,False
Abdulpur,395647,Rajkanika,Kendrapara,1031544.9326363999,1.0315449326364,4671270.433709052,3660530.2287293323,0.05654517954333844,0.05654517954333844,LOW,Village geometry area normalized within Kendrapara coastal-belt villages,PRELIMINARY_SPATIAL_PROXY,False,False
Mahamadpur,395592,Rajkanika,Kendrapara,463614.03319993435,0.46361403319993433,4669405.440146478,3662118.351306487,0.024897846925069474,0.024897846925069474,LOW,Village geometry area normalized within Kendrapara coastal-belt villages,PRELIMINARY_SPATIAL_PROXY,False,False
Hatasahi,395642,Rajkanika,Kendrapara,13309403.766156202,13.309403766156203,4673434.81050304,3662562.770014691,0.7407155297216903,0.7407155297216903,HIGH,Village geometry area normalized within Kendrapara coastal-belt villages,PRELIMINARY_SPATIAL_PROXY,False,False
Sihopada,395641,Rajkanika,Kendrapara,3202835.0191148943,3.2028350191148944,4677502.59996603,3661391.0874701627,0.17753796166827387,0.17753796166827387,LOW,Village geometry area normalized within Kendrapara coastal-belt villages,PRELIMINARY_SPATIAL_PROXY,False,False
Kanapur Kaema,395603,Rajkanika,Kendrapara,1705201.4429961552,1.7052014429961553,4677962.449436251,3667229.969591316,0.0940839570160414,0.0940839570160414,LOW,Village geometry area normalized within Kendrapara coastal-belt villages,PRELIMINARY_SPATIAL_PROXY,False,False
Padhanpada,395594,Rajkanika,Kendrapara,2295732.1440889505,2.2957321440889507,4670617.923754104,3662621.834003494,0.12699063903902574,0.12699063903902574,LOW,Village geometry area normalized within Kendrapara coastal-belt villages,PRELIMINARY_SPATIAL_PROXY,False,False
Batarapada,395598,Rajkanika,Kendrapara,2125631.7346362844,2.1256317346362845,4674548.247561094,3664542.010496768,0.11751197844529185,0.11751197844529185,LOW,Village geometry area normalized within Kendrapara coastal-belt villages,PRELIMINARY_SPATIAL_PROXY,False,False
Bhamanda,395600,Rajkanika,Kendrapara,5752733.0709348675,5.752733070934868,4676528.098440532,3663777.117073921,0.31962826150703155,0.31962826150703155,MODERATE,Village geometry area normalized within Kendrapara coastal-belt villages,PRELIMINARY_SPATIAL_PROXY,False,False
Kanapur Barha,395602,Rajkanika,Kendrapara,1980711.9789886486,1.9807119789886487,4677465.541049543,3666249.3138387543,0.10943648243954571,0.10943648243954571,LOW,Village geometry area normalized within Kendrapara coastal-belt villages,PRELIMINARY_SPATIAL_PROXY,False,False
Ahamadpur,395646,Rajkanika,Kendrapara,844563.8525038299,0.8445638525038298,4671392.09304504,3661236.1141695287,0.046125861907776976,0.046125861907776976,LOW,Village geometry area normalized within Kendrapara coastal-belt villages,PRELIMINARY_SPATIAL_PROXY,False,False
Fazilpur,395593,Rajkanika,Kendrapara,886986.631015939,0.8869866310159391,4669589.839256546,3662655.2351115365,0.04848982517073036,0.04848982517073036,LOW,Village geometry area normalized within Kendrapara coastal-belt villages,PRELIMINARY_SPATIAL_PROXY,False,False
Sanahalapada,395596,Rajkanika,Kendrapara,1618471.4843961329,1.618471484396133,4671752.74405832,3665021.871822408,0.0892510242587163,0.0892510242587163,LOW,Village geometry area normalized within Kendrapara coastal-belt villages,PRELIMINARY_SPATIAL_PROXY,False,False
Agapada,395640,Rajkanika,Kendrapara,3484604.904375432,3.484604904375432,4678294.972868704,3662796.376873139,0.19323928253230846,0.19323928253230846,LOW,Village geometry area normalized within Kendrapara coastal-belt villages,PRELIMINARY_SPATIAL_PROXY,False,False
Gahamapal,395599,Rajkanika,Kendrapara,364912.6609982299,0.36491266099822994,4675739.073798525,3665338.983108191,0.01939782014532152,0.01939782014532152,LOW,Village geometry area normalized within Kendrapara coastal-belt villages,PRELIMINARY_SPATIAL_PROXY,False,False
Damodarpur,395645,Rajkanika,Kendrapara,470481.39365251164,0.4704813936525116,4669903.173418235,3661192.5974211153,0.025280523128579285,0.025280523128579285,LOW,Village geometry area normalized within Kendrapara coastal-belt villages,PRELIMINARY_SPATIAL_PROXY,False,False
Kothasahi,395653,Rajkanika,Kendrapara,1274328.2920068642,1.2743282920068641,4678546.745522333,3660242.110404245,0.07007401859013405,0.07007401859013405,LOW,Village geometry area normalized within Kendrapara coastal-belt villages,PRELIMINARY_SPATIAL_PROXY,False,False
Panasaganda,395644,Rajkanika,Kendrapara,1267248.2967102055,1.2672482967102054,4669250.764493586,3661269.0830428023,0.0696794935408517,0.0696794935408517,LOW,Village geometry area normalized within Kendrapara coastal-belt villages,PRELIMINARY_SPATIAL_PROXY,False,False
Badahalapada,395595,Rajkanika,Kendrapara,1606493.3210026028,1.606493321002603,4671788.352208787,3664271.844304662,0.08858355411147276,0.08858355411147276,LOW,Village geometry area normalized within Kendrapara coastal-belt villages,PRELIMINARY_SPATIAL_PROXY,False,False
Domanda Barha,395601,Rajkanika,Kendrapara,3333705.5200451743,3.333705520045174,4677960.436680644,3664937.912964479,0.18483057821188803,0.18483057821188803,LOW,Village geometry area normalized within Kendrapara coastal-belt villages,PRELIMINARY_SPATIAL_PROXY,False,False
Sikdarpur,395597,Rajkanika,Kendrapara,1021130.782268835,1.021130782268835,4673416.653564009,3665225.9493711796,0.055964862323504075,0.055964862323504075,LOW,Village geometry area normalized within Kendrapara coastal-belt villages,PRELIMINARY_SPATIAL_PROXY,False,False
Nuadia,395745,Rajkanika,Kendrapara,667997.0387236499,0.6679970387236499,4687109.153910143,3655774.591409744,0.036286867955178305,0.036286867955178305,LOW,Village geometry area normalized within Kendrapara coastal-belt villages,PRELIMINARY_SPATIAL_PROXY,False,False
Balabhadraprasad,395917,Rajnagar,Kendrapara,616251.3802488958,0.6162513802488958,4687279.314632192,3650858.091565404,0.03340339733062376,0.03340339733062376,LOW,Village geometry area normalized within Kendrapara coastal-belt villages,PRELIMINARY_SPATIAL_PROXY,False,False
Parimakundapur,395713,Rajkanika,Kendrapara,857870.3534884609,0.8578703534884609,4680062.6491385745,3657614.255671534,0.04686735222475708,0.04686735222475708,LOW,Village geometry area normalized within Kendrapara coastal-belt villages,PRELIMINARY_SPATIAL_PROXY,False,False
Tentulikoli,395726,Rajkanika,Kendrapara,3023102.482831413,3.023102482831413,4690616.404237348,3657089.163286665,0.16752256126704115,0.16752256126704115,LOW,Village geometry area normalized within Kendrapara coastal-belt villages,PRELIMINARY_SPATIAL_PROXY,False,False
Manikhandi,395919,Rajnagar,Kendrapara,517089.8426529294,0.5170898426529295,4687048.563439537,3649437.2061093403,0.02787772833400386,0.02787772833400386,LOW,Village geometry area normalized within Kendrapara coastal-belt villages,PRELIMINARY_SPATIAL_PROXY,False,False
Deulasahi,395655,Rajkanika,Kendrapara,3336056.4241089737,3.336056424108974,4679938.801440345,3659604.4726866847,0.18496157978784478,0.18496157978784478,LOW,Village geometry area normalized within Kendrapara coastal-belt villages,PRELIMINARY_SPATIAL_PROXY,False,False
Belpal,395925,Rajnagar,Kendrapara,3282120.3209215277,3.2821203209215275,4684568.097497611,3650717.475417174,0.18195604901042078,0.18195604901042078,LOW,Village geometry area normalized within Kendrapara coastal-belt villages,PRELIMINARY_SPATIAL_PROXY,False,False
Badaraja,395722,Rajkanika,Kendrapara,957012.9669826434,0.9570129669826434,4688044.430842087,3658102.6279747584,0.05239196669635598,0.05239196669635598,LOW,Village geometry area normalized within Kendrapara coastal-belt villages,PRELIMINARY_SPATIAL_PROXY,False,False
Barunadia,395706,Rajkanika,Kendrapara,2108370.3700270783,2.108370370027078,4682348.422357808,3658606.845980212,0.11655010764767401,0.11655010764767401,LOW,Village geometry area normalized within Kendrapara coastal-belt villages,PRELIMINARY_SPATIAL_PROXY,False,False
Bartani,395676,Rajkanika,Kendrapara,2144778.4923263844,2.1447784923263846,4689641.909107179,3660149.0170081723,0.11857891072487242,0.11857891072487242,LOW,Village geometry area normalized within Kendrapara coastal-belt villages,PRELIMINARY_SPATIAL_PROXY,False,False
Keshanagar,395704,Rajkanika,Kendrapara,1025263.4728211451,1.0252634728211452,4683974.360236763,3658319.620344905,0.05619515201657609,0.05619515201657609,LOW,Village geometry area normalized within Kendrapara coastal-belt villages,PRELIMINARY_SPATIAL_PROXY,False,False
Balikana,395924,Rajnagar,Kendrapara,2262766.762544804,2.262766762544804,4684989.960419806,3648668.1400656095,0.12515367895171414,0.12515367895171414,LOW,Village geometry area normalized within Kendrapara coastal-belt villages,PRELIMINARY_SPATIAL_PROXY,False,False
Nahulia,395698,Rajkanika,Kendrapara,847410.1120846912,0.8474101120846912,4687515.011062137,3659790.137681313,0.04628446663198345,0.04628446663198345,LOW,Village geometry area normalized within Kendrapara coastal-belt villages,PRELIMINARY_SPATIAL_PROXY,False,False
Keradagarh,395914,Rajnagar,Kendrapara,2417307.5799211827,2.4173075799211827,4688081.504959812,3650522.8607232133,0.13376529817416244,0.13376529817416244,LOW,Village geometry area normalized within Kendrapara coastal-belt villages,PRELIMINARY_SPATIAL_PROXY,False,False
Bandhapatana,395927,Rajnagar,Kendrapara,794998.8131825132,0.7949988131825132,4684451.596739364,3649134.2335703634,0.043363903917472614,0.043363903917472614,LOW,Village geometry area normalized within Kendrapara coastal-belt villages,PRELIMINARY_SPATIAL_PROXY,False,False
Koranda,395721,Rajkanika,Kendrapara,1156216.8955369801,1.15621689553698,4687273.865197273,3658053.941654311,0.0634923892866402,0.0634923892866402,LOW,Village geometry area normalized within Kendrapara coastal-belt villages,PRELIMINARY_SPATIAL_PROXY,False,False
Pandurkoli,395747,Rajkanika,Kendrapara,1051231.614137712,1.051231614137712,4690187.971110275,3655082.1763445456,0.05764219849096068,0.05764219849096068,LOW,Village geometry area normalized within Kendrapara coastal-belt villages,PRELIMINARY_SPATIAL_PROXY,False,False
Meghapur,395725,Rajkanika,Kendrapara,1622737.2928131563,1.6227372928131563,4688960.331982669,3658029.189864195,0.08948873180023817,0.08948873180023817,LOW,Village geometry area normalized within Kendrapara coastal-belt villages,PRELIMINARY_SPATIAL_PROXY,False,False
Patarapur,395758,Rajkanika,Kendrapara,5716033.555849722,5.716033555849721,4691036.923225002,3650513.5600216542,0.3175832208832844,0.3175832208832844,MODERATE,Village geometry area normalized within Kendrapara coastal-belt villages,PRELIMINARY_SPATIAL_PROXY,False,False
Chhadesh,395657,Rajkanika,Kendrapara,2367093.359936178,2.3670933599361783,4681903.0321001215,3660176.2385333236,0.13096716529636127,0.13096716529636127,LOW,Village geometry area normalized within Kendrapara coastal-belt villages,PRELIMINARY_SPATIAL_PROXY,False,False
Baruna,395708,Rajkanika,Kendrapara,1965883.7815397105,1.9658837815397106,4680852.561277045,3658735.8338882467,0.10861019723960051,0.10861019723960051,LOW,Village geometry area normalized within Kendrapara coastal-belt villages,PRELIMINARY_SPATIAL_PROXY,False,False
Sisua,395695,Rajkanika,Kendrapara,2069118.418673361,2.069118418673361,4690442.375212887,3659024.7568721026,0.11436283528471611,0.11436283528471611,LOW,Village geometry area normalized within Kendrapara coastal-belt villages,PRELIMINARY_SPATIAL_PROXY,False,False
Banidihapatna,395707,Rajkanika,Kendrapara,1052922.5711281009,1.052922571128101,4681643.71818539,3658628.3805842786,0.057736425232930745,0.057736425232930745,LOW,Village geometry area normalized within Kendrapara coastal-belt villages,PRELIMINARY_SPATIAL_PROXY,False,False
Chalunia,395697,Rajkanika,Kendrapara,627106.5174408038,0.6271065174408038,4688445.808481947,3659511.4214840895,0.03400828806234857,0.03400828806234857,LOW,Village geometry area normalized within Kendrapara coastal-belt villages,PRELIMINARY_SPATIAL_PROXY,False,False
Jaganathpursasan,395922,Rajnagar,Kendrapara,752237.9141960362,0.7522379141960361,4686043.824977001,3648810.756887078,0.040981099258271945,0.040981099258271945,LOW,Village geometry area normalized within Kendrapara coastal-belt villages,PRELIMINARY_SPATIAL_PROXY,False,False
Ostia,395928,Rajnagar,Kendrapara,1146266.7912636825,1.1462667912636826,4683984.045288163,3649500.818840242,0.06293793053147129,0.06293793053147129,LOW,Village geometry area normalized within Kendrapara coastal-belt villages,PRELIMINARY_SPATIAL_PROXY,False,False
Nagada,395929,Rajnagar,Kendrapara,1477094.3158794465,1.4770943158794465,4683312.492916698,3649393.378229712,0.08137293507371825,0.08137293507371825,LOW,Village geometry area normalized within Kendrapara coastal-belt villages,PRELIMINARY_SPATIAL_PROXY,False,False
Bhagabanpur,395923,Rajnagar,Kendrapara,1133829.7163520397,1.1338297163520397,4686310.512989261,3649405.407604973,0.06224488803824254,0.06224488803824254,LOW,Village geometry area normalized within Kendrapara coastal-belt villages,PRELIMINARY_SPATIAL_PROXY,False,False
Maneidiha,395702,Rajkanika,Kendrapara,1340483.9570301038,1.3404839570301037,4684896.112934411,3659701.4383144444,0.07376047118084655,0.07376047118084655,LOW,Village geometry area normalized within Kendrapara coastal-belt villages,PRELIMINARY_SPATIAL_PROXY,False,False
Chandanpur,395915,Rajnagar,Kendrapara,927381.0146746053,0.9273810146746053,4688773.08786367,3652066.493149601,0.05074075833324054,0.05074075833324054,LOW,Village geometry area normalized within Kendrapara coastal-belt villages,PRELIMINARY_SPATIAL_PROXY,False,False
Nethuria,395858,Rajnagar,Kendrapara,422418.2769634925,0.4224182769634925,4694704.893902203,3651231.811232948,0.02260225814592496,0.02260225814592496,LOW,Village geometry area normalized within Kendrapara coastal-belt villages,PRELIMINARY_SPATIAL_PROXY,False,False
Rajpur,395916,Rajnagar,Kendrapara,4987604.176843408,4.987604176843408,4688255.380408696,3652448.877874226,0.27699228478664606,0.27699228478664606,MODERATE,Village geometry area normalized within Kendrapara coastal-belt villages,PRELIMINARY_SPATIAL_PROXY,False,False
Sanolara,395921,Rajnagar,Kendrapara,1090244.902160812,1.090244902160812,4686034.449698035,3648055.6512696687,0.05981617159899985,0.05981617159899985,LOW,Village geometry area normalized within Kendrapara coastal-belt villages,PRELIMINARY_SPATIAL_PROXY,False,False
Madhupur,395918,Rajnagar,Kendrapara,602784.4924351537,0.6027844924351536,4686734.054883639,3650124.427559708,0.032652969631765845,0.032652969631765845,LOW,Village geometry area normalized within Kendrapara coastal-belt villages,PRELIMINARY_SPATIAL_PROXY,False,False
Naladia,395930,Rajnagar,Kendrapara,503184.1041853546,0.5031841041853546,4682465.303813007,3650208.3541091518,0.02710284615903738,0.02710284615903738,LOW,Village geometry area normalized within Kendrapara coastal-belt villages,PRELIMINARY_SPATIAL_PROXY,False,False
Jayakunda,395759,Rajkanika,Kendrapara,1010114.0839136267,1.0101140839136267,4690457.426684079,3652024.455110013,0.05535096877140405,0.05535096877140405,LOW,Village geometry area normalized within Kendrapara coastal-belt villages,PRELIMINARY_SPATIAL_PROXY,False,False
Achhutapur,395661,Rajkanika,Kendrapara,1355880.4466458343,1.3558804466458343,4683602.565820324,3659922.227254131,0.07461842384464111,0.07461842384464111,LOW,Village geometry area normalized within Kendrapara coastal-belt villages,PRELIMINARY_SPATIAL_PROXY,False,False
Makundapur,395662,Rajkanika,Kendrapara,906535.4111072492,0.9065354111072492,4684176.575729148,3659951.5864811917,0.04957915971203629,0.04957915971203629,LOW,Village geometry area normalized within Kendrapara coastal-belt villages,PRELIMINARY_SPATIAL_PROXY,False,False
Pandiapali,395675,Rajkanika,Kendrapara,421263.0607443096,0.42126306074430964,4688112.375244427,3660328.8910475266,0.022537884976634864,0.022537884976634864,LOW,Village geometry area normalized within Kendrapara coastal-belt villages,PRELIMINARY_SPATIAL_PROXY,False,False
Singidi,395748,Rajkanika,Kendrapara,1016299.314946624,1.016299314946624,4690660.05545669,3654426.964622615,0.055695634053776144,0.055695634053776144,LOW,Village geometry area normalized within Kendrapara coastal-belt villages,PRELIMINARY_SPATIAL_PROXY,False,False
Gangadharprasaddia,395746,Rajkanika,Kendrapara,1470991.94538263,1.47099194538263,4688387.7362344945,3655492.274854951,0.08103288710474121,0.08103288710474121,LOW,Village geometry area normalized within Kendrapara coastal-belt villages,PRELIMINARY_SPATIAL_PROXY,False,False
Bansaria,395718,Rajkanika,Kendrapara,1087994.8406698643,1.0879948406698643,4686301.174307969,3658263.5545361084,0.05969078936590382,0.05969078936590382,LOW,Village geometry area normalized within Kendrapara coastal-belt villages,PRELIMINARY_SPATIAL_PROXY,False,False
Khandeita,395743,Rajkanika,Kendrapara,1348892.4150521713,1.3488924150521713,4690611.26529911,3655746.4650793555,0.07422902337283888,0.07422902337283888,LOW,Village geometry area normalized within Kendrapara coastal-belt villages,PRELIMINARY_SPATIAL_PROXY,False,False
Mahadeiadia,395744,Rajkanika,Kendrapara,883009.7774687352,0.8830097774687352,4689099.914517289,3655948.4021801944,0.04826821932553443,0.04826821932553443,LOW,Village geometry area normalized within Kendrapara coastal-belt villages,PRELIMINARY_SPATIAL_PROXY,False,False
Kothasahi,395701,Rajkanika,Kendrapara,1356750.0774668392,1.3567500774668393,4686453.065313288,3660074.2631960954,0.07466688307775336,0.07466688307775336,LOW,Village geometry area normalized within Kendrapara coastal-belt villages,PRELIMINARY_SPATIAL_PROXY,False,False
Gobanga,395719,Rajkanika,Kendrapara,1523242.7588205046,1.5232427588205046,4686032.591936204,3656405.531487781,0.08394450694103528,0.08394450694103528,LOW,Village geometry area normalized within Kendrapara coastal-belt villages,PRELIMINARY_SPATIAL_PROXY,False,False
Ayatan,395723,Rajkanika,Kendrapara,1245839.256471703,1.2458392564717031,4688250.9198388085,3656794.3308458603,0.06848649802302008,0.06848649802302008,LOW,Village geometry area normalized within Kendrapara coastal-belt villages,PRELIMINARY_SPATIAL_PROXY,False,False
Rautabartani,395724,Rajkanika,Kendrapara,1313024.4019560765,1.3130244019560764,4689366.336032123,3656787.851597232,0.07223031729444997,0.07223031729444997,LOW,Village geometry area normalized within Kendrapara coastal-belt villages,PRELIMINARY_SPATIAL_PROXY,False,False
Dalikaenda,395717,Rajkanika,Kendrapara,2667409.8423240758,2.667409842324076,4684830.111053818,3656781.945029678,0.14770197514437086,0.14770197514437086,LOW,Village geometry area normalized within Kendrapara coastal-belt villages,PRELIMINARY_SPATIAL_PROXY,False,False
Siko,395720,Rajkanika,Kendrapara,1768805.8685793823,1.7688058685793824,4687081.036506834,3656874.219861633,0.09762824455951483,0.09762824455951483,LOW,Village geometry area normalized within Kendrapara coastal-belt villages,PRELIMINARY_SPATIAL_PROXY,False,False
Badajoramuhan,395714,Rajkanika,Kendrapara,158065.16488584265,0.15806516488584266,4683485.160628851,3657771.259120379,0.00787146805350839,0.00787146805350839,LOW,Village geometry area normalized within Kendrapara coastal-belt villages,PRELIMINARY_SPATIAL_PROXY,False,False
Jharkata,395715,Rajkanika,Kendrapara,491656.9299857773,0.4916569299857773,4684324.320002454,3657769.245574291,0.026460506894868566,0.026460506894868566,LOW,Village geometry area normalized within Kendrapara coastal-belt villages,PRELIMINARY_SPATIAL_PROXY,False,False
Mangalapur,395716,Rajkanika,Kendrapara,1120496.0734008958,1.1204960734008957,4684893.066302602,3657935.933399584,0.061501885264653715,0.061501885264653715,LOW,Village geometry area normalized within Kendrapara coastal-belt villages,PRELIMINARY_SPATIAL_PROXY,False,False
Nandimahara,395699,Rajkanika,Kendrapara,591512.9191782306,0.5915129191782306,4687764.587178031,3659067.6634636335,0.03202487345255287,0.03202487345255287,LOW,Village geometry area normalized within Kendrapara coastal-belt villages,PRELIMINARY_SPATIAL_PROXY,False,False
Dasabhagaria,395703,Rajkanika,Kendrapara,1720887.2888844074,1.7208872888844073,4685367.356721278,3658800.17450225,0.09495803374389156,0.09495803374389156,LOW,Village geometry area normalized within Kendrapara coastal-belt villages,PRELIMINARY_SPATIAL_PROXY,False,False
Joral,395696,Rajkanika,Kendrapara,991064.2909429391,0.9910642909429391,4689379.591177055,3658761.1033594087,0.054289439745512494,0.054289439745512494,LOW,Village geometry area normalized within Kendrapara coastal-belt villages,PRELIMINARY_SPATIAL_PROXY,False,False
Giria,395700,Rajkanika,Kendrapara,922326.7733529889,0.9223267733529888,4686751.248696389,3659096.7904434996,0.05045911622432041,0.05045911622432041,LOW,Village geometry area normalized within Kendrapara coastal-belt villages,PRELIMINARY_SPATIAL_PROXY,False,False
Baradia,395920,Rajnagar,Kendrapara,1061145.745075559,1.061145745075559,4687360.79336171,3648561.6924471725,0.05819465267107739,0.05819465267107739,LOW,Village geometry area normalized within Kendrapara coastal-belt villages,PRELIMINARY_SPATIAL_PROXY,False,False
Matia,395910,Rajnagar,Kendrapara,731822.6029325742,0.7318226029325742,4688678.144903155,3648438.182508743,0.03984347820841999,0.03984347820841999,LOW,Village geometry area normalized within Kendrapara coastal-belt villages,PRELIMINARY_SPATIAL_PROXY,False,False
Pancheswar,395913,Rajnagar,Kendrapara,488249.5790195313,0.4882495790195313,4688501.761591316,3649887.037508862,0.026270635962536894,0.026270635962536894,LOW,Village geometry area normalized within Kendrapara coastal-belt villages,PRELIMINARY_SPATIAL_PROXY,False,False
Belpaldia,395926,Rajnagar,Kendrapara,598992.9561623224,0.5989929561623224,4684705.689850581,3650777.813525271,0.03244169039043634,0.03244169039043634,LOW,Village geometry area normalized within Kendrapara coastal-belt villages,PRELIMINARY_SPATIAL_PROXY,False,False
Sangrampur,395728,Rajkanika,Kendrapara,1205860.3983337053,1.2058603983337053,4692026.945524704,3657695.896601646,0.06625871956890315,0.06625871956890315,LOW,Village geometry area normalized within Kendrapara coastal-belt villages,PRELIMINARY_SPATIAL_PROXY,False,False
Anantapur,395683,Rajkanika,Kendrapara,798076.8369133122,0.7980768369133122,4694092.238133521,3660396.89505079,0.043535423447246716,0.043535423447246716,LOW,Village geometry area normalized within Kendrapara coastal-belt villages,PRELIMINARY_SPATIAL_PROXY,False,False
Bektakolha,395887,Rajnagar,Kendrapara,1077521.3508513574,1.0775213508513575,4699452.545154799,3649657.721499331,0.05910716551960627,0.05910716551960627,LOW,Village geometry area normalized within Kendrapara coastal-belt villages,PRELIMINARY_SPATIAL_PROXY,False,False
Khunta,395732,Rajkanika,Kendrapara,2463679.0946868574,2.4636790946868574,4695204.916016287,3658226.028994621,0.13634930047665814,0.13634930047665814,LOW,Village geometry area normalized within Kendrapara coastal-belt villages,PRELIMINARY_SPATIAL_PROXY,False,False
Khuntakana,395854,Rajnagar,Kendrapara,345407.65833437437,0.34540765833437437,4694565.562220871,3650350.7754532457,0.01831092505361976,0.01831092505361976,LOW,Village geometry area normalized within Kendrapara coastal-belt villages,PRELIMINARY_SPATIAL_PROXY,False,False
Chakamanpur,395841,Rajnagar,Kendrapara,2174002.6089447523,2.174002608944752,4699025.782578408,3653349.8985366635,0.12020739288707608,0.12020739288707608,LOW,Village geometry area normalized within Kendrapara coastal-belt villages,PRELIMINARY_SPATIAL_PROXY,False,False
Jaganathpur,395857,Rajnagar,Kendrapara,1069143.2530247252,1.0691432530247253,4695591.971683096,3651928.5324405064,0.058640305116534494,0.058640305116534494,LOW,Village geometry area normalized within Kendrapara coastal-belt villages,PRELIMINARY_SPATIAL_PROXY,False,False
Amanapari,395861,Rajnagar,Kendrapara,333539.7711025448,0.3335397711025448,4696118.122206951,3650980.939654788,0.017649599925730966,0.017649599925730966,LOW,Village geometry area normalized within Kendrapara coastal-belt villages,PRELIMINARY_SPATIAL_PROXY,False,False
Paramanandpur,395804,Rajnagar,Kendrapara,2272802.250450636,2.2728022504506358,4697455.9825570565,3660541.9783137585,0.12571289561708243,0.12571289561708243,LOW,Village geometry area normalized within Kendrapara coastal-belt villages,PRELIMINARY_SPATIAL_PROXY,False,False
Jayanagar,395691,Rajkanika,Kendrapara,3042608.937303898,3.042608937303898,4695228.691213159,3659378.2481616563,0.1686095372592022,0.1686095372592022,LOW,Village geometry area normalized within Kendrapara coastal-belt villages,PRELIMINARY_SPATIAL_PROXY,False,False
Banabiharipur,395874,Rajnagar,Kendrapara,2526085.908344603,2.5260859083446032,4701383.700664158,3651489.326146507,0.13982685239614823,0.13982685239614823,LOW,Village geometry area normalized within Kendrapara coastal-belt villages,PRELIMINARY_SPATIAL_PROXY,False,False
Kantapada,395694,Rajkanika,Kendrapara,593844.9338828926,0.5938449338828926,4691022.245258994,3659743.049503423,0.03215482243948485,0.03215482243948485,LOW,Village geometry area normalized within Kendrapara coastal-belt villages,PRELIMINARY_SPATIAL_PROXY,False,False
Hansua,395855,Rajnagar,Kendrapara,578029.3113719574,0.5780293113719575,4694260.059449498,3650948.695945511,0.03127351405026849,0.03127351405026849,LOW,Village geometry area normalized within Kendrapara coastal-belt villages,PRELIMINARY_SPATIAL_PROXY,False,False
Kusunpur,395690,Rajkanika,Kendrapara,1316600.162228872,1.316600162228872,4695788.866082811,3660575.9578816653,0.07242957265250259,0.07242957265250259,LOW,Village geometry area normalized within Kendrapara coastal-belt villages,PRELIMINARY_SPATIAL_PROXY,False,False
Sankarnathpeta,395871,Rajnagar,Kendrapara,394334.7541657626,0.39433475416576264,4700378.060992911,3651256.273314436,0.02103733433573188,0.02103733433573188,LOW,Village geometry area normalized within Kendrapara coastal-belt villages,PRELIMINARY_SPATIAL_PROXY,False,False
Madhupur,395862,Rajnagar,Kendrapara,438829.9578459866,0.4388299578459866,4696037.183903135,3651366.865578634,0.02351678124059817,0.02351678124059817,LOW,Village geometry area normalized within Kendrapara coastal-belt villages,PRELIMINARY_SPATIAL_PROXY,False,False
Chandibaunsamula,395900,Rajnagar,Kendrapara,1111109.0638315328,1.1111090638315329,4693375.857149035,3648326.9144434645,0.06097880435036067,0.06097880435036067,LOW,Village geometry area normalized within Kendrapara coastal-belt villages,PRELIMINARY_SPATIAL_PROXY,False,False
Hansina,395856,Rajnagar,Kendrapara,520615.38697888696,0.520615386978887,4694304.6953027975,3651834.7485199864,0.028074185462951658,0.028074185462951658,LOW,Village geometry area normalized within Kendrapara coastal-belt villages,PRELIMINARY_SPATIAL_PROXY,False,False
Rajbijaya Nagar,395822,Rajnagar,Kendrapara,1183959.9835878778,1.1839599835878778,4699895.01927425,3656813.299947499,0.06503834274026613,0.06503834274026613,LOW,Village geometry area normalized within Kendrapara coastal-belt villages,PRELIMINARY_SPATIAL_PROXY,False,False
Baruna,395859,Rajnagar,Kendrapara,530638.8697686832,0.5306388697686832,4695303.435222161,3651188.5522424765,0.028632733156266,0.028632733156266,LOW,Village geometry area normalized within Kendrapara coastal-belt villages,PRELIMINARY_SPATIAL_PROXY,False,False
Adabhutia,395837,Rajnagar,Kendrapara,1101009.9263912062,1.1010099263912063,4701696.152656457,3653441.5786470436,0.0604160408838038,0.0604160408838038,LOW,Village geometry area normalized within Kendrapara coastal-belt villages,PRELIMINARY_SPATIAL_PROXY,False,False
Baunsakani,395864,Rajnagar,Kendrapara,924044.1107005744,0.9240441107005744,4695992.130350852,3650403.7728777975,0.050554812983047114,0.050554812983047114,LOW,Village geometry area normalized within Kendrapara coastal-belt villages,PRELIMINARY_SPATIAL_PROXY,False,False
Rajrajeswaripur,395873,Rajnagar,Kendrapara,999804.435561199,0.999804435561199,4701323.70454719,3649786.899369824,0.054776474812877736,0.054776474812877736,LOW,Village geometry area normalized within Kendrapara coastal-belt villages,PRELIMINARY_SPATIAL_PROXY,False,False
Dholamara,395852,Rajnagar,Kendrapara,1112090.090295925,1.112090090295925,4693524.240086453,3649813.4218235346,0.06103347098472895,0.06103347098472895,LOW,Village geometry area normalized within Kendrapara coastal-belt villages,PRELIMINARY_SPATIAL_PROXY,False,False
Bhitargarh,395899,Rajnagar,Kendrapara,1859292.6586120552,1.8592926586120553,4694671.536643426,3649240.119320881,0.1026705226686386,0.1026705226686386,LOW,Village geometry area normalized within Kendrapara coastal-belt villages,PRELIMINARY_SPATIAL_PROXY,False,False
Badhinakolha,395894,Rajnagar,Kendrapara,702941.9922786469,0.702941992278647,4696379.6636450775,3649672.4289381853,0.03823413754304948,0.03823413754304948,LOW,Village geometry area normalized within Kendrapara coastal-belt villages,PRELIMINARY_SPATIAL_PROXY,False,False
Dhamara,395756,Rajkanika,Kendrapara,735814.0914481297,0.7358140914481297,4692711.936404052,3652502.885205691,0.04006589957133427,0.04006589957133427,LOW,Village geometry area normalized within Kendrapara coastal-belt villages,PRELIMINARY_SPATIAL_PROXY,False,False
Purusottampur,395835,Rajnagar,Kendrapara,949922.2573124893,0.9499222573124894,4701482.870351146,3654768.93763214,0.05199684460024604,0.05199684460024604,LOW,Village geometry area normalized within Kendrapara coastal-belt villages,PRELIMINARY_SPATIAL_PROXY,False,False
Garadapur,395749,Rajkanika,Kendrapara,1202971.40551915,1.20297140551915,4691708.348802613,3654721.48189552,0.06609773358165587,0.06609773358165587,LOW,Village geometry area normalized within Kendrapara coastal-belt villages,PRELIMINARY_SPATIAL_PROXY,False,False
Bishnupara,395896,Rajnagar,Kendrapara,455681.8587517969,0.4556818587517969,4695526.94425728,3648651.5197508526,0.024455835118007332,0.024455835118007332,LOW,Village geometry area normalized within Kendrapara coastal-belt villages,PRELIMINARY_SPATIAL_PROXY,False,False
Hariharpur,395886,Rajnagar,Kendrapara,403983.6331446355,0.4039836331446355,4699601.24465975,3648897.1415321734,0.021575007638488974,0.021575007638488974,LOW,Village geometry area normalized within Kendrapara coastal-belt villages,PRELIMINARY_SPATIAL_PROXY,False,False
Padmanav Pur,395868,Rajnagar,Kendrapara,1236892.2034058967,1.2368922034058967,4698431.698078084,3651901.366317038,0.06798793320711054,0.06798793320711054,LOW,Village geometry area normalized within Kendrapara coastal-belt villages,PRELIMINARY_SPATIAL_PROXY,False,False
Kuhudi,395620,Rajkanika,Kendrapara,466388.4395107219,0.4663884395107219,4688920.7866553785,3662342.314404913,0.02505244770383119,0.02505244770383119,LOW,Village geometry area normalized within Kendrapara coastal-belt villages,PRELIMINARY_SPATIAL_PROXY,False,False
Koilipur,395736,Rajkanika,Kendrapara,1096051.1840110156,1.0960511840110156,4693888.8380838465,3656682.600027453,0.06013972034968615,0.06013972034968615,LOW,Village geometry area normalized within Kendrapara coastal-belt villages,PRELIMINARY_SPATIAL_PROXY,False,False
Madhupur,395815,Rajnagar,Kendrapara,1286474.6062331246,1.2864746062331247,4696487.661484514,3656534.46542541,0.07075085875992566,0.07075085875992566,LOW,Village geometry area normalized within Kendrapara coastal-belt villages,PRELIMINARY_SPATIAL_PROXY,False,False
Balarampur,395845,Rajnagar,Kendrapara,4136802.4109278,4.1368024109278,4696816.431395414,3652857.6597244455,0.22958228032156233,0.22958228032156233,LOW,Village geometry area normalized within Kendrapara coastal-belt villages,PRELIMINARY_SPATIAL_PROXY,False,False
Badapal,395869,Rajnagar,Kendrapara,2035481.4686103868,2.035481468610387,4699220.374272563,3651149.4258015817,0.11248845277099248,0.11248845277099248,LOW,Village geometry area normalized within Kendrapara coastal-belt villages,PRELIMINARY_SPATIAL_PROXY,False,False
Katanabania,395752,Rajkanika,Kendrapara,813764.2685772103,0.8137642685772103,4691113.3237495385,3653769.2998732952,0.04440958854072264,0.04440958854072264,LOW,Village geometry area normalized within Kendrapara coastal-belt villages,PRELIMINARY_SPATIAL_PROXY,False,False
Loknathprasad,395850,Rajnagar,Kendrapara,1182107.8835976191,1.182107883597619,4693042.656269919,3650848.9166510925,0.06493513647962391,0.06493513647962391,LOW,Village geometry area normalized within Kendrapara coastal-belt villages,PRELIMINARY_SPATIAL_PROXY,False,False
Jaganathprasad_ Dia,395733,Rajkanika,Kendrapara,580928.1875715908,0.5809281875715908,4696179.860202063,3658199.3574799797,0.031435050778416254,0.031435050778416254,LOW,Village geometry area normalized within Kendrapara coastal-belt villages,PRELIMINARY_SPATIAL_PROXY,False,False
Biradia,395757,Rajkanika,Kendrapara,1275517.3528720958,1.2755173528720958,4692074.901837741,3651714.3200046234,0.07014027771557113,0.07014027771557113,LOW,Village geometry area normalized within Kendrapara coastal-belt villages,PRELIMINARY_SPATIAL_PROXY,False,False
Gothakolha,395849,Rajnagar,Kendrapara,1090601.4423580144,1.0906014423580144,4693342.733736963,3651766.5849715928,0.059836039414298936,0.059836039414298936,LOW,Village geometry area normalized within Kendrapara coastal-belt villages,PRELIMINARY_SPATIAL_PROXY,False,False
Handiagarh,395865,Rajnagar,Kendrapara,2043407.4331689985,2.0434074331689986,4697445.477061594,3650025.936846967,0.11293011853870452,0.11293011853870452,LOW,Village geometry area normalized within Kendrapara coastal-belt villages,PRELIMINARY_SPATIAL_PROXY,False,False
Madarangapata,395750,Rajkanika,Kendrapara,675878.865784463,0.675878865784463,4692519.080943708,3654327.586275615,0.03672607420875727,0.03672607420875727,LOW,Village geometry area normalized within Kendrapara coastal-belt villages,PRELIMINARY_SPATIAL_PROXY,False,False
Singadapal,395872,Rajnagar,Kendrapara,1672180.514542391,1.6721805145423911,4700602.980445855,3650165.8783516884,0.09224390163751336,0.09224390163751336,LOW,Village geometry area normalized within Kendrapara coastal-belt villages,PRELIMINARY_SPATIAL_PROXY,False,False
Bimisnagar,395870,Rajnagar,Kendrapara,909075.2212663919,0.909075221266392,4699598.3649832485,3650405.238750871,0.049720687875010695,0.049720687875010695,LOW,Village geometry area normalized within Kendrapara coastal-belt villages,PRELIMINARY_SPATIAL_PROXY,False,False
Raulia,395692,Rajkanika,Kendrapara,1046190.8090645724,1.0461908090645724,4693129.875583848,3659499.2854084736,0.05736130510239563,0.05736130510239563,LOW,Village geometry area normalized within Kendrapara coastal-belt villages,PRELIMINARY_SPATIAL_PROXY,False,False
Junus Nagar,395836,Rajnagar,Kendrapara,2041343.4017933344,2.0413434017933345,4700531.054755507,3654329.451767109,0.11281510263176056,0.11281510263176056,LOW,Village geometry area normalized within Kendrapara coastal-belt villages,PRELIMINARY_SPATIAL_PROXY,False,False
Kandira,395860,Rajnagar,Kendrapara,663107.2702774075,0.6631072702774075,4695236.989241668,3650166.175375187,0.036014390918626675,0.036014390918626675,LOW,Village geometry area normalized within Kendrapara coastal-belt villages,PRELIMINARY_SPATIAL_PROXY,False,False
Silapokhari,395892,Rajnagar,Kendrapara,1572491.628074379,1.572491628074379,4697802.062825537,3648856.729936416,0.0866888466976809,0.0866888466976809,LOW,Village geometry area normalized within Kendrapara coastal-belt villages,PRELIMINARY_SPATIAL_PROXY,False,False
Charipokharia,395893,Rajnagar,Kendrapara,1096043.9057892633,1.0960439057892633,4696436.274405485,3648487.6276027076,0.06013931477868289,0.06013931477868289,LOW,Village geometry area normalized within Kendrapara coastal-belt villages,PRELIMINARY_SPATIAL_PROXY,False,False
Jharkata,395904,Rajnagar,Kendrapara,399169.14153796865,0.3991691415379687,4692629.298282862,3649073.750088321,0.021306725322074716,0.021306725322074716,LOW,Village geometry area normalized within Kendrapara coastal-belt villages,PRELIMINARY_SPATIAL_PROXY,False,False
Sribantapur,395839,Rajnagar,Kendrapara,835694.3717356616,0.8356943717356616,4699948.803168073,3652405.161353089,0.04563161972391257,0.04563161972391257,LOW,Village geometry area normalized within Kendrapara coastal-belt villages,PRELIMINARY_SPATIAL_PROXY,False,False
Panchu Palli,395817,Rajnagar,Kendrapara,613758.4652591775,0.6137584652591775,4695943.7245834125,3655818.949150542,0.03326448235003903,0.03326448235003903,LOW,Village geometry area normalized within Kendrapara coastal-belt villages,PRELIMINARY_SPATIAL_PROXY,False,False
Khulari,395741,Rajkanika,Kendrapara,1000924.3370075146,1.0009243370075145,4692189.880978267,3656352.0579904406,0.05483888010480039,0.05483888010480039,LOW,Village geometry area normalized within Kendrapara coastal-belt villages,PRELIMINARY_SPATIAL_PROXY,False,False
Ajagar Patia,395824,Rajnagar,Kendrapara,2048287.408318409,2.048287408318409,4701186.016750706,3655990.47272959,0.11320204985442536,0.11320204985442536,LOW,Village geometry area normalized within Kendrapara coastal-belt villages,PRELIMINARY_SPATIAL_PROXY,False,False
Padmanavpur,395816,Rajnagar,Kendrapara,1022089.1365168928,1.022089136516893,4695238.230780913,3655816.731299819,0.056018265573238364,0.056018265573238364,LOW,Village geometry area normalized within Kendrapara coastal-belt villages,PRELIMINARY_SPATIAL_PROXY,False,False
Trailokyapur,395729,Rajkanika,Kendrapara,869692.8964523613,0.8696928964523613,4692120.631796422,3658778.346543988,0.04752615059255779,0.04752615059255779,LOW,Village geometry area normalized within Kendrapara coastal-belt villages,PRELIMINARY_SPATIAL_PROXY,False,False
Badapanka,395693,Rajkanika,Kendrapara,769950.2681135598,0.7699502681135598,4692757.996696191,3659922.9417780275,0.04196810094533736,0.04196810094533736,LOW,Village geometry area normalized within Kendrapara coastal-belt villages,PRELIMINARY_SPATIAL_PROXY,False,False
Balarampur,395866,Rajnagar,Kendrapara,570835.4800778833,0.5708354800778833,4697496.875203145,3651357.5085647507,0.030872645613652033,0.030872645613652033,LOW,Village geometry area normalized within Kendrapara coastal-belt villages,PRELIMINARY_SPATIAL_PROXY,False,False
Bajapur,395753,Rajkanika,Kendrapara,927820.0088191461,0.9278200088191461,4691126.012512641,3653081.018236425,0.05076522080521299,0.05076522080521299,LOW,Village geometry area normalized within Kendrapara coastal-belt villages,PRELIMINARY_SPATIAL_PROXY,False,False
Sana Gokhani,395821,Rajnagar,Kendrapara,1264068.5301108253,1.2640685301108254,4698873.472345234,3656929.2362420373,0.06950230450021508,0.06950230450021508,LOW,Village geometry area normalized within Kendrapara coastal-belt villages,PRELIMINARY_SPATIAL_PROXY,False,False
Balunga Patia,395825,Rajnagar,Kendrapara,1090402.36992789,1.09040236992789,4702034.666013661,3656890.4378488823,0.059824946319315855,0.059824946319315855,LOW,Village geometry area normalized within Kendrapara coastal-belt villages,PRELIMINARY_SPATIAL_PROXY,False,False
Nuagan Baragan,395863,Rajnagar,Kendrapara,623709.8337047606,0.6237098337047606,4696766.718894103,3651334.4328979854,0.033819011549835715,0.033819011549835715,LOW,Village geometry area normalized within Kendrapara coastal-belt villages,PRELIMINARY_SPATIAL_PROXY,False,False
Sila Pokhari,395818,Rajnagar,Kendrapara,808769.239939013,0.8087692399390131,4697336.644047584,3655884.9632002003,0.04413124599428317,0.04413124599428317,LOW,Village geometry area normalized within Kendrapara coastal-belt villages,PRELIMINARY_SPATIAL_PROXY,False,False
Rajendranarayanpur,395805,Rajnagar,Kendrapara,2101555.0259125894,2.1015550259125892,4698208.5336116925,3660893.8237680346,0.11617032999811627,0.11617032999811627,LOW,Village geometry area normalized within Kendrapara coastal-belt villages,PRELIMINARY_SPATIAL_PROXY,False,False
Jaduchandrapur,395903,Rajnagar,Kendrapara,614786.3598255329,0.6147863598255329,4692637.730282748,3648624.930587096,0.033321760658492114,0.033321760658492114,LOW,Village geometry area normalized within Kendrapara coastal-belt villages,PRELIMINARY_SPATIAL_PROXY,False,False
Brahmanikholha,395895,Rajnagar,Kendrapara,530530.7063502185,0.5305307063502185,4695850.084518088,3649233.604327632,0.02862670586723369,0.02862670586723369,LOW,Village geometry area normalized within Kendrapara coastal-belt villages,PRELIMINARY_SPATIAL_PROXY,False,False
Kusunpur,395853,Rajnagar,Kendrapara,417174.230939627,0.41717423093962697,4694010.216591623,3649937.9632283994,0.022310039376093174,0.022310039376093174,LOW,Village geometry area normalized within Kendrapara coastal-belt villages,PRELIMINARY_SPATIAL_PROXY,False,False
Nalajodi,395867,Rajnagar,Kendrapara,739809.315225853,0.739809315225853,4698011.510528572,3650716.306225885,0.04028852907767647,0.04028852907767647,LOW,Village geometry area normalized within Kendrapara coastal-belt villages,PRELIMINARY_SPATIAL_PROXY,False,False
Gupti,395838,Rajnagar,Kendrapara,2533855.2645621635,2.5338552645621637,4701929.8201909475,3652653.0885202084,0.1402597913341263,0.1402597913341263,LOW,Village geometry area normalized within Kendrapara coastal-belt villages,PRELIMINARY_SPATIAL_PROXY,False,False
Daenigiri,395754,Rajkanika,Kendrapara,693539.8538649883,0.6935398538649883,4691900.621660528,3652860.4899576292,0.03771021359033744,0.03771021359033744,LOW,Village geometry area normalized within Kendrapara coastal-belt villages,PRELIMINARY_SPATIAL_PROXY,False,False
Daruora,395846,Rajnagar,Kendrapara,871978.4827077835,0.8719784827077834,4695112.990287754,3652835.075754051,0.04765351240457552,0.04765351240457552,LOW,Village geometry area normalized within Kendrapara coastal-belt villages,PRELIMINARY_SPATIAL_PROXY,False,False
Jhadamala,395755,Rajkanika,Kendrapara,1126792.9611443062,1.1267929611443062,4693057.087226589,3653272.4505440593,0.06185277249595835,0.06185277249595835,LOW,Village geometry area normalized within Kendrapara coastal-belt villages,PRELIMINARY_SPATIAL_PROXY,False,False
Ghadiamal,395844,Rajnagar,Kendrapara,2310283.5477043474,2.3102835477043473,4695562.797951557,3653956.8494669665,0.12780150020318512,0.12780150020318512,LOW,Village geometry area normalized within Kendrapara coastal-belt villages,PRELIMINARY_SPATIAL_PROXY,False,False
Bandhamala,395751,Rajkanika,Kendrapara,1753305.7459589315,1.7533057459589314,4693243.598557892,3654069.7390662264,0.096764517059074,0.096764517059074,LOW,Village geometry area normalized within Kendrapara coastal-belt villages,PRELIMINARY_SPATIAL_PROXY,False,False
Nuagan,395843,Rajnagar,Kendrapara,835695.7047365481,0.8356957047365481,4694729.9395781215,3654509.2975058355,0.04563169400393937,0.04563169400393937,LOW,Village geometry area normalized within Kendrapara coastal-belt villages,PRELIMINARY_SPATIAL_PROXY,False,False
Dibakarpur,395842,Rajnagar,Kendrapara,6628092.738304739,6.628092738304739,4697766.423832693,3654519.0466380375,0.36840672836164345,0.36840672836164345,MODERATE,Village geometry area normalized within Kendrapara coastal-belt villages,PRELIMINARY_SPATIAL_PROXY,False,False
Ghusuria,395738,Rajkanika,Kendrapara,744640.7194092764,0.7446407194092763,4693864.268315177,3655021.7295916947,0.04055775382906403,0.04055775382906403,LOW,Village geometry area normalized within Kendrapara coastal-belt villages,PRELIMINARY_SPATIAL_PROXY,False,False
Charipokharia,395739,Rajkanika,Kendrapara,881695.0128876629,0.8816950128876628,4692939.989274481,3655208.7945788456,0.048194955497041905,0.048194955497041905,LOW,Village geometry area normalized within Kendrapara coastal-belt villages,PRELIMINARY_SPATIAL_PROXY,False,False
Biswanathpur,395742,Rajkanika,Kendrapara,985874.7639578739,0.9858747639578739,4692243.047572119,3655604.2978657596,0.054000258989912106,0.054000258989912106,LOW,Village geometry area normalized within Kendrapara coastal-belt villages,PRELIMINARY_SPATIAL_PROXY,False,False
Iswarpur,395813,Rajnagar,Kendrapara,2721598.4657975836,2.7215984657975834,4697927.981534621,3658152.352366522,0.15072157734050753,0.15072157734050753,LOW,Village geometry area normalized within Kendrapara coastal-belt villages,PRELIMINARY_SPATIAL_PROXY,False,False
Righa Garh,395812,Rajnagar,Kendrapara,693419.001202307,0.6934190012023069,4697515.426297585,3658898.298096062,0.037703479206951225,0.037703479206951225,LOW,Village geometry area normalized within Kendrapara coastal-belt villages,PRELIMINARY_SPATIAL_PROXY,False,False
Kujipur,395730,Rajkanika,Kendrapara,1156641.6996934174,1.1566416996934175,4693203.90764032,3658944.735996544,0.06351606103693541,0.06351606103693541,LOW,Village geometry area normalized within Kendrapara coastal-belt villages,PRELIMINARY_SPATIAL_PROXY,False,False
Subhadraprasad Dia,395734,Rajkanika,Kendrapara,855050.9106901605,0.8550509106901605,4695005.307728187,3656411.671467071,0.046710241836636746,0.046710241836636746,LOW,Village geometry area normalized within Kendrapara coastal-belt villages,PRELIMINARY_SPATIAL_PROXY,False,False
Gharabhanjakola,395737,Rajkanika,Kendrapara,1077964.185490705,1.0779641854907052,4694128.583350056,3655741.2416843735,0.059131841998981194,0.059131841998981194,LOW,Village geometry area normalized within Kendrapara coastal-belt villages,PRELIMINARY_SPATIAL_PROXY,False,False
Nuakhunta,395819,Rajnagar,Kendrapara,734433.082417417,0.734433082417417,4698147.107534284,3656138.1464705244,0.03998894434282466,0.03998894434282466,LOW,Village geometry area normalized within Kendrapara coastal-belt villages,PRELIMINARY_SPATIAL_PROXY,False,False
Balabhadrapur,395823,Rajnagar,Kendrapara,2308366.545107685,2.308366545107685,4699586.901443138,3655709.9652523436,0.127694677315283,0.127694677315283,LOW,Village geometry area normalized within Kendrapara coastal-belt villages,PRELIMINARY_SPATIAL_PROXY,False,False
Gumura,395826,Rajnagar,Kendrapara,1642243.638999811,1.642243638999811,4702384.561738794,3655552.3655447536,0.0905757017582889,0.0905757017582889,LOW,Village geometry area normalized within Kendrapara coastal-belt villages,PRELIMINARY_SPATIAL_PROXY,False,False
Gajarajpur,395740,Rajkanika,Kendrapara,558214.9325170625,0.5582149325170626,4693262.016470015,3656195.868655837,0.030169379306292647,0.030169379306292647,LOW,Village geometry area normalized within Kendrapara coastal-belt villages,PRELIMINARY_SPATIAL_PROXY,False,False
Gobindakana,395735,Rajkanika,Kendrapara,728770.2889981172,0.7287702889981172,4694632.972693945,3657227.1255574776,0.03967339132912714,0.03967339132912714,LOW,Village geometry area normalized within Kendrapara coastal-belt villages,PRELIMINARY_SPATIAL_PROXY,False,False
Dighi,395814,Rajnagar,Kendrapara,1595066.168260499,1.595066168260499,4696646.854044012,3657357.1817599214,0.08794678843440189,0.08794678843440189,LOW,Village geometry area normalized within Kendrapara coastal-belt villages,PRELIMINARY_SPATIAL_PROXY,False,False
Tarapada,395731,Rajkanika,Kendrapara,2691825.661690575,2.691825661690575,4693174.295683292,3657665.731643055,0.14906252016385454,0.14906252016385454,LOW,Village geometry area normalized within Kendrapara coastal-belt villages,PRELIMINARY_SPATIAL_PROXY,False,False
Kantipokhari,395727,Rajkanika,Kendrapara,1065799.4616361575,1.0657994616361575,4691301.881139149,3657964.1544892853,0.05845397597264549,0.05845397597264549,LOW,Village geometry area normalized within Kendrapara coastal-belt villages,PRELIMINARY_SPATIAL_PROXY,False,False
Iswarpur,395682,Rajkanika,Kendrapara,762179.5459770247,0.7621795459770248,4693503.729702311,3660737.674298403,0.04153508589300777,0.04153508589300777,LOW,Village geometry area normalized within Kendrapara coastal-belt villages,PRELIMINARY_SPATIAL_PROXY,False,False
Arjunpur,395840,Rajnagar,Kendrapara,871422.8380925744,0.8714228380925744,4699912.872988601,3653113.4095036862,0.04762254971180336,0.04762254971180336,LOW,Village geometry area normalized within Kendrapara coastal-belt villages,PRELIMINARY_SPATIAL_PROXY,False,False
Taneipada,395679,Rajkanika,Kendrapara,1417382.7751763058,1.4173827751763057,4692369.977600575,3660469.361056034,0.07804557431265262,0.07804557431265262,LOW,Village geometry area normalized within Kendrapara coastal-belt villages,PRELIMINARY_SPATIAL_PROXY,False,False
Pitanda,395820,Rajnagar,Kendrapara,1035712.5798017067,1.0357125798017066,4697845.709192676,3656989.6084449226,0.05677741715570804,0.05677741715570804,LOW,Village geometry area normalized within Kendrapara coastal-belt villages,PRELIMINARY_SPATIAL_PROXY,False,False
Nuagaon Satagan,395905,Rajnagar,Kendrapara,538910.99576667,0.53891099576667,4692217.756091901,3649334.3619463397,0.02909368839426816,0.02909368839426816,LOW,Village geometry area normalized within Kendrapara coastal-belt villages,PRELIMINARY_SPATIAL_PROXY,False,False
Baliora,395883,Rajnagar,Kendrapara,633724.5267748223,0.6337245267748223,4700247.016430426,3648907.646182865,0.034377069445563166,0.034377069445563166,LOW,Village geometry area normalized within Kendrapara coastal-belt villages,PRELIMINARY_SPATIAL_PROXY,False,False
Gopinathpur,395906,Rajnagar,Kendrapara,422965.28516126075,0.42296528516126075,4691690.109335629,3649157.818274243,0.02263273958371408,0.02263273958371408,LOW,Village geometry area normalized within Kendrapara coastal-belt villages,PRELIMINARY_SPATIAL_PROXY,False,False
Kendukolha,395888,Rajnagar,Kendrapara,542383.730807718,0.542383730807718,4698597.949082925,3649723.8203642317,0.029287202783163383,0.029287202783163383,LOW,Village geometry area normalized within Kendrapara coastal-belt villages,PRELIMINARY_SPATIAL_PROXY,False,False
Bedhuakolha,395851,Rajnagar,Kendrapara,779722.8367357225,0.7797228367357225,4692717.103192547,3650052.754350291,0.042512666719144214,0.042512666719144214,LOW,Village geometry area normalized within Kendrapara coastal-belt villages,PRELIMINARY_SPATIAL_PROXY,False,False
Balabhadraprasad Dia,395689,Rajkanika,Kendrapara,1443069.7517732962,1.4430697517732962,4696691.692359252,3660679.621592729,0.07947695318837374,0.07947695318837374,LOW,Village geometry area normalized within Kendrapara coastal-belt villages,PRELIMINARY_SPATIAL_PROXY,False,False
Bhitarkanika,395806,Rajnagar,Kendrapara,1799539.3650106317,1.7995393650106317,4702148.434298674,3660738.394572656,0.09934083527265834,0.09934083527265834,LOW,Village geometry area normalized within Kendrapara coastal-belt villages,PRELIMINARY_SPATIAL_PROXY,False,False
Hansina Dia,395848,Rajnagar,Kendrapara,157174.7108501979,0.1571747108501979,4693729.3543612,3651966.4629317983,0.007821848469373609,0.007821848469373609,LOW,Village geometry area normalized within Kendrapara coastal-belt villages,PRELIMINARY_SPATIAL_PROXY,False,False
Debendranarayanpur,395875,Rajnagar,Kendrapara,221518.82264728151,0.2215188226472815,4702418.385885874,3651470.8942148406,0.011407354223841176,0.011407354223841176,LOW,Village geometry area normalized within Kendrapara coastal-belt villages,PRELIMINARY_SPATIAL_PROXY,False,False
Sangopalpur,395889,Rajnagar,Kendrapara,80893.31056604482,0.08089331056604482,4698919.446575012,3648823.337587046,0.003571150277436308,0.003571150277436308,LOW,Village geometry area normalized within Kendrapara coastal-belt villages,PRELIMINARY_SPATIAL_PROXY,False,False
Matia,395611,Rajkanika,Kendrapara,1719646.786172103,1.719646786172103,4685198.069441006,3664995.753335627,0.09488890807739038,0.09488890807739038,LOW,Village geometry area normalized within Kendrapara coastal-belt villages,PRELIMINARY_SPATIAL_PROXY,False,False
Porala,395669,Rajkanika,Kendrapara,500962.55483730236,0.5009625548373023,4687602.590942703,3660646.413272815,0.026979052734141022,0.026979052734141022,LOW,Village geometry area normalized within Kendrapara coastal-belt villages,PRELIMINARY_SPATIAL_PROXY,False,False
Satagharia,395659,Rajkanika,Kendrapara,158047.7520906583,0.1580477520906583,4681784.418250584,3661002.669709368,0.007870497744406419,0.007870497744406419,LOW,Village geometry area normalized within Kendrapara coastal-belt villages,PRELIMINARY_SPATIAL_PROXY,False,False
Ektala,395612,Rajkanika,Kendrapara,444331.62320874527,0.44433162320874525,4684858.350520699,3664169.354035596,0.0238233555683243,0.0238233555683243,LOW,Village geometry area normalized within Kendrapara coastal-belt villages,PRELIMINARY_SPATIAL_PROXY,False,False
Mahurigan,395613,Rajkanika,Kendrapara,775331.1442537422,0.7753311442537422,4686122.020622815,3664099.7922115736,0.042267944424808246,0.042267944424808246,LOW,Village geometry area normalized within Kendrapara coastal-belt villages,PRELIMINARY_SPATIAL_PROXY,False,False
Deuli,395617,Rajkanika,Kendrapara,724344.4679659556,0.7243444679659556,4690176.200960714,3663299.2146610115,0.03942676725839471,0.03942676725839471,LOW,Village geometry area normalized within Kendrapara coastal-belt villages,PRELIMINARY_SPATIAL_PROXY,False,False
Baranga,395622,Rajkanika,Kendrapara,1562635.3556739942,1.5626353556739943,4689119.406371904,3663745.233976688,0.08613961662173196,0.08613961662173196,LOW,Village geometry area normalized within Kendrapara coastal-belt villages,PRELIMINARY_SPATIAL_PROXY,False,False
Taras,395624,Rajkanika,Kendrapara,1059349.694785471,1.059349694785471,4687746.79628567,3663513.662320888,0.058094569719109194,0.058094569719109194,LOW,Village geometry area normalized within Kendrapara coastal-belt villages,PRELIMINARY_SPATIAL_PROXY,False,False
Ostia,395614,Rajkanika,Kendrapara,303960.53893344966,0.30396053893344965,4687056.623494453,3664475.1145733492,0.016001329335105924,0.016001329335105924,LOW,Village geometry area normalized within Kendrapara coastal-belt villages,PRELIMINARY_SPATIAL_PROXY,False,False
Saradaprasad,395762,Rajnagar,Kendrapara,787268.7047127502,0.7872687047127501,4699912.318726097,3665118.0257723373,0.042933152017618895,0.042933152017618895,LOW,Village geometry area normalized within Kendrapara coastal-belt villages,PRELIMINARY_SPATIAL_PROXY,False,False
Langalabhanja,395610,Rajkanika,Kendrapara,1254340.156044638,1.254340156044638,4683927.512857024,3664913.717602827,0.06896020142004623,0.06896020142004623,LOW,Village geometry area normalized within Kendrapara coastal-belt villages,PRELIMINARY_SPATIAL_PROXY,False,False
Endulapur,395684,Rajkanika,Kendrapara,1098899.0250895263,1.0988990250895263,4694886.781002778,3660736.6643235604,0.060298413201131676,0.060298413201131676,LOW,Village geometry area normalized within Kendrapara coastal-belt villages,PRELIMINARY_SPATIAL_PROXY,False,False
Gokarneswar,395663,Rajkanika,Kendrapara,883445.022815561,0.883445022815561,4685170.683312518,3660885.5815839847,0.04829247289982527,0.04829247289982527,LOW,Village geometry area normalized within Kendrapara coastal-belt villages,PRELIMINARY_SPATIAL_PROXY,False,False
Kantapada,395664,Rajkanika,Kendrapara,769099.5879054695,0.7690995879054695,4685644.179982326,3661827.272942848,0.041920697714550086,0.041920697714550086,LOW,Village geometry area normalized within Kendrapara coastal-belt villages,PRELIMINARY_SPATIAL_PROXY,False,False
Badagara,395665,Rajkanika,Kendrapara,820178.6818725877,0.8201786818725877,4686790.367473991,3661985.3492803127,0.04476702475578205,0.04476702475578205,LOW,Village geometry area normalized within Kendrapara coastal-belt villages,PRELIMINARY_SPATIAL_PROXY,False,False
Kalikapur,395668,Rajkanika,Kendrapara,485993.05072221236,0.4859930507222124,4686871.79092102,3660907.787456554,0.026144893373678552,0.026144893373678552,LOW,Village geometry area normalized within Kendrapara coastal-belt villages,PRELIMINARY_SPATIAL_PROXY,False,False
Burudia,395623,Rajkanika,Kendrapara,616821.4701151566,0.6168214701151566,4688308.473417587,3664076.994761802,0.03343516496932375,0.03343516496932375,LOW,Village geometry area normalized within Kendrapara coastal-belt villages,PRELIMINARY_SPATIAL_PROXY,False,False
Bajarpur,395685,Rajkanika,Kendrapara,1909872.9665719946,1.9098729665719947,4695578.446133723,3661810.741665184,0.10548905540128445,0.10548905540128445,LOW,Village geometry area normalized within Kendrapara coastal-belt villages,PRELIMINARY_SPATIAL_PROXY,False,False
Cherantapada,395667,Rajkanika,Kendrapara,629459.6110915113,0.6294596110915113,4685890.594698824,3660635.9698776235,0.03413941165065794,0.03413941165065794,LOW,Village geometry area normalized within Kendrapara coastal-belt villages,PRELIMINARY_SPATIAL_PROXY,False,False
Panki,395607,Rajkanika,Kendrapara,5957467.685347753,5.957467685347753,4681797.497501658,3666150.2805933203,0.33103687556065453,0.33103687556065453,MODERATE,Village geometry area normalized within Kendrapara coastal-belt villages,PRELIMINARY_SPATIAL_PROXY,False,False
Gunthala,395604,Rajkanika,Kendrapara,1641686.4260288635,1.6416864260288635,4679398.650388163,3666558.184170617,0.09054465167059639,0.09054465167059639,LOW,Village geometry area normalized within Kendrapara coastal-belt villages,PRELIMINARY_SPATIAL_PROXY,False,False
Upulei,395680,Rajkanika,Kendrapara,1029139.2967838848,1.0291392967838848,4692812.729903388,3661510.2949368106,0.05641112809789231,0.05641112809789231,LOW,Village geometry area normalized within Kendrapara coastal-belt villages,PRELIMINARY_SPATIAL_PROXY,False,False
Olaver,395656,Rajkanika,Kendrapara,673009.2415844074,0.6730092415844074,4680843.681145392,3660892.0603701943,0.03656616751651935,0.03656616751651935,LOW,Village geometry area normalized within Kendrapara coastal-belt villages,PRELIMINARY_SPATIAL_PROXY,False,False
Hariharpursasan,395672,Rajkanika,Kendrapara,713529.9186491923,0.7135299186491924,4689470.4979095,3661757.6781392302,0.03882413824193534,0.03882413824193534,LOW,Village geometry area normalized within Kendrapara coastal-belt villages,PRELIMINARY_SPATIAL_PROXY,False,False
Rajendranarayanpur,395802,Rajnagar,Kendrapara,695081.262351091,0.695081262351091,4698725.365952549,3662118.75231234,0.037796106904310525,0.037796106904310525,LOW,Village geometry area normalized within Kendrapara coastal-belt villages,PRELIMINARY_SPATIAL_PROXY,False,False
Ganja,395660,Rajkanika,Kendrapara,2493290.355072776,2.493290355072776,4683467.823684621,3661146.2756800735,0.13799935580488418,0.13799935580488418,LOW,Village geometry area normalized within Kendrapara coastal-belt villages,PRELIMINARY_SPATIAL_PROXY,False,False
Baghuasuni,395621,Rajkanika,Kendrapara,423477.001921977,0.42347700192197696,4688602.929281622,3662890.4671084136,0.022661254444498725,0.022661254444498725,LOW,Village geometry area normalized within Kendrapara coastal-belt villages,PRELIMINARY_SPATIAL_PROXY,False,False
Bangarakuan,395616,Rajkanika,Kendrapara,3314876.906135764,3.314876906135764,4690543.629063037,3664586.7992284936,0.18378137414899354,0.18378137414899354,LOW,Village geometry area normalized within Kendrapara coastal-belt villages,PRELIMINARY_SPATIAL_PROXY,False,False
Gualigan,395615,Rajkanika,Kendrapara,1601714.9070950607,1.6017149070950607,4688693.873536627,3664928.8953739475,0.0883172821856631,0.0883172821856631,LOW,Village geometry area normalized within Kendrapara coastal-belt villages,PRELIMINARY_SPATIAL_PROXY,False,False
Gobindapur,395633,Rajkanika,Kendrapara,2138620.4446010566,2.138620444601057,4683805.364001889,3662052.7957529947,0.1182357602028001,0.1182357602028001,LOW,Village geometry area normalized within Kendrapara coastal-belt villages,PRELIMINARY_SPATIAL_PROXY,False,False
Sialia,395625,Rajkanika,Kendrapara,756554.0662959343,0.7565540662959342,4687610.10764062,3662436.300676618,0.04122161214685056,0.04122161214685056,LOW,Village geometry area normalized within Kendrapara coastal-belt villages,PRELIMINARY_SPATIAL_PROXY,False,False
Badataila,395628,Rajkanika,Kendrapara,1161466.6240399794,1.1614666240399794,4685591.734084741,3663261.4193200255,0.06378492470645074,0.06378492470645074,LOW,Village geometry area normalized within Kendrapara coastal-belt villages,PRELIMINARY_SPATIAL_PROXY,False,False
Jagulaipada,395630,Rajkanika,Kendrapara,1467305.1325922566,1.4673051325922566,4684442.024699704,3663513.564190397,0.08082744346574569,0.08082744346574569,LOW,Village geometry area normalized within Kendrapara coastal-belt villages,PRELIMINARY_SPATIAL_PROXY,False,False
Barada,395627,Rajkanika,Kendrapara,1243903.5611405538,1.2439035611405538,4686956.193447255,3663718.446491895,0.0683786335027883,0.0683786335027883,LOW,Village geometry area normalized within Kendrapara coastal-belt villages,PRELIMINARY_SPATIAL_PROXY,False,False
Arasa,395626,Rajkanika,Kendrapara,994237.666961205,0.994237666961205,4686563.403501284,3662699.419772434,0.05446627267795647,0.05446627267795647,LOW,Village geometry area normalized within Kendrapara coastal-belt villages,PRELIMINARY_SPATIAL_PROXY,False,False
Sikudi,395619,Rajkanika,Kendrapara,867852.5633736806,0.8678525633736806,4689604.13380781,3662604.76043491,0.047423600030284806,0.047423600030284806,LOW,Village geometry area normalized within Kendrapara coastal-belt villages,PRELIMINARY_SPATIAL_PROXY,False,False
Bahadiha,395609,Rajkanika,Kendrapara,1952799.2817062791,1.9527992817062791,4684189.9698548075,3665912.4450790337,0.10788107769568563,0.10788107769568563,LOW,Village geometry area normalized within Kendrapara coastal-belt villages,PRELIMINARY_SPATIAL_PROXY,False,False
Manapur,395605,Rajkanika,Kendrapara,1881662.8684629626,1.8816628684629626,4680327.43702689,3666772.8430091613,0.10391707831932537,0.10391707831932537,LOW,Village geometry area normalized within Kendrapara coastal-belt villages,PRELIMINARY_SPATIAL_PROXY,False,False
Malisahada,395673,Rajkanika,Kendrapara,789976.3028396727,0.7899763028396727,4689241.017460699,3661012.1999062975,0.04308402998288605,0.04308402998288605,LOW,Village geometry area normalized within Kendrapara coastal-belt villages,PRELIMINARY_SPATIAL_PROXY,False,False
Kalisipada,395674,Rajkanika,Kendrapara,636387.0353406223,0.6363870353406224,4688570.271181277,3660972.0158183584,0.03452543484400244,0.03452543484400244,LOW,Village geometry area normalized within Kendrapara coastal-belt villages,PRELIMINARY_SPATIAL_PROXY,False,False
Pimpudi,395670,Rajkanika,Kendrapara,690888.9986841928,0.6908889986841927,4687855.192238842,3661292.169527402,0.037562497564122374,0.037562497564122374,LOW,Village geometry area normalized within Kendrapara coastal-belt villages,PRELIMINARY_SPATIAL_PROXY,False,False
Gangadharpur,395666,Rajkanika,Kendrapara,772135.372715066,0.7721353727150659,4686549.211460663,3661394.4281240054,0.04208986352631014,0.04208986352631014,LOW,Village geometry area normalized within Kendrapara coastal-belt villages,PRELIMINARY_SPATIAL_PROXY,False,False
Balibhanda,395654,Rajkanika,Kendrapara,1335735.8498447912,1.3357358498447913,4679465.136977635,3660967.3380853366,0.07349588806422115,0.07349588806422115,LOW,Village geometry area normalized within Kendrapara coastal-belt villages,PRELIMINARY_SPATIAL_PROXY,False,False
Madhupara,395677,Rajkanika,Kendrapara,523555.545965269,0.523555545965269,4690087.79701568,3661329.178436546,0.028238022629559344,0.028238022629559344,LOW,Village geometry area normalized within Kendrapara coastal-belt villages,PRELIMINARY_SPATIAL_PROXY,False,False
Patuli,395636,Rajkanika,Kendrapara,826767.3046460734,0.8267673046460734,4680952.169746041,3661487.683817994,0.04513416860482372,0.04513416860482372,LOW,Village geometry area normalized within Kendrapara coastal-belt villages,PRELIMINARY_SPATIAL_PROXY,False,False
Mantapara,395678,Rajkanika,Kendrapara,2580317.807202647,2.580317807202647,4691187.568368161,3660990.7812423734,0.14284886606609265,0.14284886606609265,LOW,Village geometry area normalized within Kendrapara coastal-belt villages,PRELIMINARY_SPATIAL_PROXY,False,False
Pratappur,395637,Rajkanika,Kendrapara,271033.90606895176,0.2710339060689518,4680265.794975378,3661842.9309025016,0.014166528475888078,0.014166528475888078,LOW,Village geometry area normalized within Kendrapara coastal-belt villages,PRELIMINARY_SPATIAL_PROXY,False,False
Akhulipada,395671,Rajkanika,Kendrapara,872727.2577199991,0.872727257719999,4688234.994903045,3662057.840632597,0.047695237078988116,0.047695237078988116,LOW,Village geometry area normalized within Kendrapara coastal-belt villages,PRELIMINARY_SPATIAL_PROXY,False,False
Balarampur,395635,Rajkanika,Kendrapara,1544330.588870691,1.5443305888706909,4681997.276091515,3661959.435835996,0.08511960336994587,0.08511960336994587,LOW,Village geometry area normalized within Kendrapara coastal-belt villages,PRELIMINARY_SPATIAL_PROXY,False,False
Baghabuda,395629,Rajkanika,Kendrapara,651138.9266032398,0.6511389266032398,4685267.184000084,3662459.122693671,0.03534746796458073,0.03534746796458073,LOW,Village geometry area normalized within Kendrapara coastal-belt villages,PRELIMINARY_SPATIAL_PROXY,False,False
Govindpur,395803,Rajnagar,Kendrapara,1655954.6093612348,1.6559546093612347,4697556.1042120885,3662478.800597176,0.09133973069205137,0.09133973069205137,LOW,Village geometry area normalized within Kendrapara coastal-belt villages,PRELIMINARY_SPATIAL_PROXY,False,False
Safalanga,395634,Rajkanika,Kendrapara,861785.4071857241,0.8617854071857242,4682201.126341543,3662985.252985651,0.04708551434042752,0.04708551434042752,LOW,Village geometry area normalized within Kendrapara coastal-belt villages,PRELIMINARY_SPATIAL_PROXY,False,False
Pegarapada,395639,Rajkanika,Kendrapara,3280112.4584752335,3.2801124584752337,4679837.671473577,3663250.540298307,0.18184416305606851,0.18184416305606851,LOW,Village geometry area normalized within Kendrapara coastal-belt villages,PRELIMINARY_SPATIAL_PROXY,False,False
Nahuni,395638,Rajkanika,Kendrapara,2767781.4814158143,2.767781481415814,4681006.811408426,3663262.8736527064,0.1532950757327153,0.1532950757327153,LOW,Village geometry area normalized within Kendrapara coastal-belt villages,PRELIMINARY_SPATIAL_PROXY,False,False
Achinta,395631,Rajkanika,Kendrapara,608207.6110337204,0.6082076110337205,4684230.326922603,3662741.1514988136,0.03295516702635639,0.03295516702635639,LOW,Village geometry area normalized within Kendrapara coastal-belt villages,PRELIMINARY_SPATIAL_PROXY,False,False
Domanda Kaema,395606,Rajkanika,Kendrapara,2491799.9623146127,2.4917999623146128,4679542.572449539,3665038.7428460964,0.13791630528694923,0.13791630528694923,LOW,Village geometry area normalized within Kendrapara coastal-belt villages,PRELIMINARY_SPATIAL_PROXY,False,False
Nuagan,395608,Rajkanika,Kendrapara,4423605.130309795,4.423605130309795,4682686.412754898,3664215.017438809,0.2455640504015357,0.2455640504015357,LOW,Village geometry area normalized within Kendrapara coastal-belt villages,PRELIMINARY_SPATIAL_PROXY,False,False
Upulei Dia,395681,Rajkanika,Kendrapara,1465689.5052666462,1.465689505266646,4693975.483145571,3661794.59875628,0.08073741438754005,0.08073741438754005,LOW,Village geometry area normalized within Kendrapara coastal-belt villages,PRELIMINARY_SPATIAL_PROXY,False,False
Sanataila,395632,Rajkanika,Kendrapara,319573.62098635867,0.31957362098635866,4683545.859140251,3662663.362232077,0.01687135137725053,0.01687135137725053,LOW,Village geometry area normalized within Kendrapara coastal-belt villages,PRELIMINARY_SPATIAL_PROXY,False,False
Nuagan,395686,Rajkanika,Kendrapara,1223037.602864992,1.223037602864992,4695667.218842239,3662694.998353869,0.06721590063757378,0.06721590063757378,LOW,Village geometry area normalized within Kendrapara coastal-belt villages,PRELIMINARY_SPATIAL_PROXY,False,False
Durgaprasad,395801,Rajnagar,Kendrapara,866919.0202947458,0.8669190202947458,4699639.797121209,3663174.8305657976,0.04737157935600586,0.04737157935600586,LOW,Village geometry area normalized within Kendrapara coastal-belt villages,PRELIMINARY_SPATIAL_PROXY,False,False
Ragadapatia,395800,Rajnagar,Kendrapara,419570.5439613364,0.4195705439613364,4699777.346150872,3663441.0836991337,0.022443571316916922,0.022443571316916922,LOW,Village geometry area normalized within Kendrapara coastal-belt villages,PRELIMINARY_SPATIAL_PROXY,False,False
Bankual,395799,Rajnagar,Kendrapara,1739909.8767582392,1.7399098767582393,4701380.775148276,3663808.661025062,0.09601804679530461,0.09601804679530461,LOW,Village geometry area normalized within Kendrapara coastal-belt villages,PRELIMINARY_SPATIAL_PROXY,False,False
Dangamal,395766,Rajnagar,Kendrapara,1896765.8790368373,1.8967658790368374,4701271.639536747,3664522.6257450487,0.10475867718222033,0.10475867718222033,LOW,Village geometry area normalized within Kendrapara coastal-belt villages,PRELIMINARY_SPATIAL_PROXY,False,False
Trilochanpur,395765,Rajnagar,Kendrapara,681192.9161164511,0.6811929161164512,4701273.9860239215,3665765.1878074184,0.037022193892636994,0.037022193892636994,LOW,Village geometry area normalized within Kendrapara coastal-belt villages,PRELIMINARY_SPATIAL_PROXY,False,False
Kamalpur,395764,Rajnagar,Kendrapara,549166.9397231713,0.5491669397231713,4700763.35789785,3665364.9881966836,0.029665189733652553,0.029665189733652553,LOW,Village geometry area normalized within Kendrapara coastal-belt villages,PRELIMINARY_SPATIAL_PROXY,False,False
Badhadia,395763,Rajnagar,Kendrapara,507129.17103646614,0.5071291710364662,4700271.70097767,3664645.8091504336,0.02732268072511279,0.02732268072511279,LOW,Village geometry area normalized within Kendrapara coastal-belt villages,PRELIMINARY_SPATIAL_PROXY,False,False
Laxmiprasad Dia,395687,Rajkanika,Kendrapara,571826.9206112198,0.5718269206112199,4695790.148442696,3663541.9067548276,0.030927892560702934,0.030927892560702934,LOW,Village geometry area normalized within Kendrapara coastal-belt villages,PRELIMINARY_SPATIAL_PROXY,False,False
Asoka Dia,395688,Rajkanika,Kendrapara,327664.53484311694,0.3276645348431169,4696732.010702455,3662064.820865347,0.017322208765472694,0.017322208765472694,LOW,Village geometry area normalized within Kendrapara coastal-belt villages,PRELIMINARY_SPATIAL_PROXY,False,False
Kanhupur,396072,Rajnagar,Kendrapara,848649.8289132881,0.8486498289132881,4707954.120820067,3651131.990654556,0.04635354850596848,0.04635354850596848,LOW,Village geometry area normalized within Kendrapara coastal-belt villages,PRELIMINARY_SPATIAL_PROXY,False,False
Banipal,396067,Rajnagar,Kendrapara,1546271.76303935,1.54627176303935,4712878.853678849,3661598.9624199513,0.08522777319244805,0.08522777319244805,LOW,Village geometry area normalized within Kendrapara coastal-belt villages,PRELIMINARY_SPATIAL_PROXY,False,False
Rangani,395797,Rajnagar,Kendrapara,1924431.2428558688,1.9244312428558688,4707662.683588034,3661584.311754353,0.10630029953743127,0.10630029953743127,LOW,Village geometry area normalized within Kendrapara coastal-belt villages,PRELIMINARY_SPATIAL_PROXY,False,False
Narayanpur,395796,Rajnagar,Kendrapara,1072073.3899749566,1.0720733899749566,4707666.871410323,3660329.301611429,0.05880358381606125,0.05880358381606125,LOW,Village geometry area normalized within Kendrapara coastal-belt villages,PRELIMINARY_SPATIAL_PROXY,False,False
Udyan,395784,Rajnagar,Kendrapara,1484581.8857902794,1.4845818857902793,4712740.041745071,3664463.4701234256,0.08179017177576385,0.08179017177576385,LOW,Village geometry area normalized within Kendrapara coastal-belt villages,PRELIMINARY_SPATIAL_PROXY,False,False
Paramanandapur,395880,Rajnagar,Kendrapara,164638.33349081472,0.16463833349081472,4705340.862071422,3649017.133786825,0.00823775073579232,0.00823775073579232,LOW,Village geometry area normalized within Kendrapara coastal-belt villages,PRELIMINARY_SPATIAL_PROXY,False,False
Mohanpur,395879,Rajnagar,Kendrapara,208505.4322102838,0.20850543221028378,4705721.988705609,3649457.8790032547,0.01068219717382027,0.01068219717382027,LOW,Village geometry area normalized within Kendrapara coastal-belt villages,PRELIMINARY_SPATIAL_PROXY,False,False
Govindapur,395878,Rajnagar,Kendrapara,993368.9748054147,0.9933689748054146,4706377.939589444,3650060.8747676234,0.05441786575094395,0.05441786575094395,LOW,Village geometry area normalized within Kendrapara coastal-belt villages,PRELIMINARY_SPATIAL_PROXY,False,False
Dalei Sahi,395785,Rajnagar,Kendrapara,1476264.9646063736,1.4762649646063735,4712740.491746327,3663001.0335202045,0.08132672037467234,0.08132672037467234,LOW,Village geometry area normalized within Kendrapara coastal-belt villages,PRELIMINARY_SPATIAL_PROXY,False,False
Ananta Keshari,395782,Rajnagar,Kendrapara,1162478.8562253385,1.1624788562253385,4713751.582245351,3663079.32875456,0.0638413302457316,0.0638413302457316,LOW,Village geometry area normalized within Kendrapara coastal-belt villages,PRELIMINARY_SPATIAL_PROXY,False,False
Ahirajpur,396063,Rajnagar,Kendrapara,1283482.714869862,1.283482714869862,4714697.518392258,3663062.038955775,0.07058413886279583,0.07058413886279583,LOW,Village geometry area normalized within Kendrapara coastal-belt villages,PRELIMINARY_SPATIAL_PROXY,False,False
Sir Rajendrapur,396065,Rajnagar,Kendrapara,1838515.123735089,1.8385151237350892,4713889.586313812,3661506.9590172507,0.10151271710128613,0.10151271710128613,LOW,Village geometry area normalized within Kendrapara coastal-belt villages,PRELIMINARY_SPATIAL_PROXY,False,False
Rabindrapalli,396070,Rajnagar,Kendrapara,1778124.6725078695,1.7781246725078697,4708760.024675209,3653212.955044274,0.098147524788539,0.098147524788539,LOW,Village geometry area normalized within Kendrapara coastal-belt villages,PRELIMINARY_SPATIAL_PROXY,False,False
Krishnanagar,395770,Rajnagar,Kendrapara,1491472.8234583903,1.4914728234583903,4704185.512633346,3665275.7403815244,0.08217416179400526,0.08217416179400526,LOW,Village geometry area normalized within Kendrapara coastal-belt villages,PRELIMINARY_SPATIAL_PROXY,False,False
Khas Munda,395783,Rajnagar,Kendrapara,1049511.8601081157,1.0495118601081157,4713507.351368617,3664541.5655050464,0.05754636706525335,0.05754636706525335,LOW,Village geometry area normalized within Kendrapara coastal-belt villages,PRELIMINARY_SPATIAL_PROXY,False,False
Sailendra Sarai,395781,Rajnagar,Kendrapara,1100909.5985212366,1.1009095985212365,4714262.81951428,3664369.773168387,0.06041045022220224,0.06041045022220224,LOW,Village geometry area normalized within Kendrapara coastal-belt villages,PRELIMINARY_SPATIAL_PROXY,False,False
Bhanja Prasad,395778,Rajnagar,Kendrapara,748489.8267995394,0.7484898267995393,4712503.48286551,3666267.720072557,0.04077224115839223,0.04077224115839223,LOW,Village geometry area normalized within Kendrapara coastal-belt villages,PRELIMINARY_SPATIAL_PROXY,False,False
Dantiapada,396071,Rajnagar,Kendrapara,2683686.774650805,2.683686774650805,4707469.325855199,3652221.360604269,0.14860898952210624,0.14860898952210624,LOW,Village geometry area normalized within Kendrapara coastal-belt villages,PRELIMINARY_SPATIAL_PROXY,False,False
Keruapal,395786,Rajnagar,Kendrapara,1647072.9620220433,1.6470729620220432,4711890.376069996,3661460.029301284,0.09084481053922915,0.09084481053922915,LOW,Village geometry area normalized within Kendrapara coastal-belt villages,PRELIMINARY_SPATIAL_PROXY,False,False
Bagapatia Uttar,395827,Rajnagar,Kendrapara,1482738.3934246472,1.4827383934246472,4703618.788609461,3655423.9892420685,0.08168744516565637,0.08168744516565637,LOW,Village geometry area normalized within Kendrapara coastal-belt villages,PRELIMINARY_SPATIAL_PROXY,False,False
Sourendrapur,395793,Rajnagar,Kendrapara,1630752.937136093,1.630752937136093,4709635.70898799,3662399.6832506484,0.08993539487542818,0.08993539487542818,LOW,Village geometry area normalized within Kendrapara coastal-belt villages,PRELIMINARY_SPATIAL_PROXY,False,False
Pravati,396064,Rajnagar,Kendrapara,2094380.0709948258,2.0943800709948257,4714926.692576762,3661461.8769598417,0.11577051342707065,0.11577051342707065,LOW,Village geometry area normalized within Kendrapara coastal-belt villages,PRELIMINARY_SPATIAL_PROXY,False,False
Harina Pokhari,395795,Rajnagar,Kendrapara,1266393.1885981709,1.266393188598171,4708701.415263973,3662129.43670407,0.06963184356992569,0.06963184356992569,LOW,Village geometry area normalized within Kendrapara coastal-belt villages,PRELIMINARY_SPATIAL_PROXY,False,False
Magarkanda,395833,Rajnagar,Kendrapara,2562864.4741920396,2.5628644741920397,4706062.131319525,3652893.279784947,0.14187629803777763,0.14187629803777763,LOW,Village geometry area normalized within Kendrapara coastal-belt villages,PRELIMINARY_SPATIAL_PROXY,False,False
Satavaya,396069,Rajnagar,Kendrapara,1680172.6195558258,1.6801726195558258,4709765.767980062,3652454.721276344,0.09268925301024422,0.09268925301024422,LOW,Village geometry area normalized within Kendrapara coastal-belt villages,PRELIMINARY_SPATIAL_PROXY,False,False
Manjulapalli,396066,Rajnagar,Kendrapara,1463720.1970173323,1.4637201970173324,4711889.14745837,3664308.2717815796,0.080627676823946,0.080627676823946,LOW,Village geometry area normalized within Kendrapara coastal-belt villages,PRELIMINARY_SPATIAL_PROXY,False,False
Barahipur,396068,Rajnagar,Kendrapara,1018048.0292999164,1.0180480292999163,4710081.87821059,3653094.796527719,0.055793079262071554,0.055793079262071554,LOW,Village geometry area normalized within Kendrapara coastal-belt villages,PRELIMINARY_SPATIAL_PROXY,False,False
Bagapatia,395834,Rajnagar,Kendrapara,1359533.8901266905,1.3595338901266905,4702575.575969761,3654349.9076534384,0.07482200801510168,0.07482200801510168,LOW,Village geometry area normalized within Kendrapara coastal-belt villages,PRELIMINARY_SPATIAL_PROXY,False,False
Amarabati,395790,Rajnagar,Kendrapara,1667911.407625093,1.667911407625093,4710697.000698097,3662420.1661778,0.09200601029064573,0.09200601029064573,LOW,Village geometry area normalized within Kendrapara coastal-belt villages,PRELIMINARY_SPATIAL_PROXY,False,False
Sailendranarayanpur,395811,Rajnagar,Kendrapara,2058705.473456397,2.058705473456397,4703136.739630903,3657454.3941588374,0.11378258522059025,0.11378258522059025,LOW,Village geometry area normalized within Kendrapara coastal-belt villages,PRELIMINARY_SPATIAL_PROXY,False,False
Gopaljew Patana,395808,Rajnagar,Kendrapara,1223673.9755838523,1.2236739755838522,4704671.535377309,3658593.4583269116,0.06725136181625405,0.06725136181625405,LOW,Village geometry area normalized within Kendrapara coastal-belt villages,PRELIMINARY_SPATIAL_PROXY,False,False
Rajpatana,395779,Rajnagar,Kendrapara,905265.4590404246,0.9052654590404245,4712805.121205729,3665606.4406372504,0.04950839301223541,0.04950839301223541,LOW,Village geometry area normalized within Kendrapara coastal-belt villages,PRELIMINARY_SPATIAL_PROXY,False,False
Kanak Nagar,395771,Rajnagar,Kendrapara,1177031.4521627326,1.1770314521627325,4705175.248336795,3665335.736801039,0.06465225785073947,0.06465225785073947,LOW,Village geometry area normalized within Kendrapara coastal-belt villages,PRELIMINARY_SPATIAL_PROXY,False,False
Sailendranarayanpur Purbajungal Block,395810,Rajnagar,Kendrapara,782605.6786212326,0.7826056786212326,4703794.209714848,3657194.57486444,0.04267330995255015,0.04267330995255015,LOW,Village geometry area normalized within Kendrapara coastal-belt villages,PRELIMINARY_SPATIAL_PROXY,False,False
Talchua,396062,Rajnagar,Kendrapara,610364.7499435061,0.6103647499435061,4709432.870702302,3665235.5635788823,0.033075371249527794,0.033075371249527794,LOW,Village geometry area normalized within Kendrapara coastal-belt villages,PRELIMINARY_SPATIAL_PROXY,False,False
Sailendranagar,395772,Rajnagar,Kendrapara,1337429.8925262298,1.3374298925262298,4706177.382456674,3665531.6874165353,0.073590286752974,0.073590286752974,LOW,Village geometry area normalized within Kendrapara coastal-belt villages,PRELIMINARY_SPATIAL_PROXY,False,False
Baghua,395769,Rajnagar,Kendrapara,1129881.4172982727,1.1298814172982727,4703338.483619023,3665077.7357027614,0.062024873361184216,0.062024873361184216,LOW,Village geometry area normalized within Kendrapara coastal-belt villages,PRELIMINARY_SPATIAL_PROXY,False,False
Rajendranagar,395774,Rajnagar,Kendrapara,1629344.8382759807,1.6293448382759808,4708601.716369348,3665642.906152165,0.08985693009559388,0.08985693009559388,LOW,Village geometry area normalized within Kendrapara coastal-belt villages,PRELIMINARY_SPATIAL_PROXY,False,False
Rajeswarinagar,395773,Rajnagar,Kendrapara,1130081.8309214404,1.1300818309214404,4707277.709395585,3665707.0043913233,0.062036041192693146,0.062036041192693146,LOW,Village geometry area normalized within Kendrapara coastal-belt villages,PRELIMINARY_SPATIAL_PROXY,False,False
Tikayat Nagar,395775,Rajnagar,Kendrapara,1313931.4944502288,1.3139314944502287,4710221.024455343,3665633.668488182,0.0722808640386163,0.0722808640386163,LOW,Village geometry area normalized within Kendrapara coastal-belt villages,PRELIMINARY_SPATIAL_PROXY,False,False
Birabhanjapur,395776,Rajnagar,Kendrapara,771101.4378958091,0.7711014378958091,4711067.229964265,3665682.7462991094,0.04203224863132362,0.04203224863132362,LOW,Village geometry area normalized within Kendrapara coastal-belt villages,PRELIMINARY_SPATIAL_PROXY,False,False
Chanra Kolha,395792,Rajnagar,Kendrapara,1894020.5040691046,1.8940205040691045,4709267.717843854,3661059.580083984,0.10460569414352333,0.10460569414352333,LOW,Village geometry area normalized within Kendrapara coastal-belt villages,PRELIMINARY_SPATIAL_PROXY,False,False
Garta,395791,Rajnagar,Kendrapara,1230894.4284698677,1.2308944284698677,4710845.52057074,3661114.8294744245,0.06765371371217134,0.06765371371217134,LOW,Village geometry area normalized within Kendrapara coastal-belt villages,PRELIMINARY_SPATIAL_PROXY,False,False
Habelichintamanipur,395829,Rajnagar,Kendrapara,216924.321230325,0.216924321230325,4715589.728541702,3656593.834973582,0.011151330621846974,0.011151330621846974,LOW,Village geometry area normalized within Kendrapara coastal-belt villages,PRELIMINARY_SPATIAL_PROXY,False,False
Baunsagarh,395832,Rajnagar,Kendrapara,2000292.306780066,2.000292306780066,4707903.964971806,3654114.42147581,0.11052757494218043,0.11052757494218043,LOW,Village geometry area normalized within Kendrapara coastal-belt villages,PRELIMINARY_SPATIAL_PROXY,False,False
Sanagahiramatha,395830,Rajnagar,Kendrapara,345670.09407939797,0.34567009407939797,4714063.21448836,3655453.453643601,0.018325549000515282,0.018325549000515282,LOW,Village geometry area normalized within Kendrapara coastal-belt villages,PRELIMINARY_SPATIAL_PROXY,False,False
Gopaljewpatna J Block,395809,Rajnagar,Kendrapara,772870.2394388221,0.7728702394388222,4704008.525741376,3658782.335757005,0.04213081317645224,0.04213081317645224,LOW,Village geometry area normalized within Kendrapara coastal-belt villages,PRELIMINARY_SPATIAL_PROXY,False,False
Pata Paria,395807,Rajnagar,Kendrapara,6099043.342313607,6.099043342313607,4705944.079806791,3660124.114915356,0.338926025298931,0.338926025298931,MODERATE,Village geometry area normalized within Kendrapara coastal-belt villages,PRELIMINARY_SPATIAL_PROXY,False,False
Giria Pahi,395787,Rajnagar,Kendrapara,1172071.6573141206,1.1720716573141206,4711635.561400173,3662819.635089518,0.064375878668962,0.064375878668962,LOW,Village geometry area normalized within Kendrapara coastal-belt villages,PRELIMINARY_SPATIAL_PROXY,False,False
Vekta,395798,Rajnagar,Kendrapara,2505862.526862505,2.5058625268625048,4707762.703301406,3663396.691205671,0.1386999264249338,0.1386999264249338,LOW,Village geometry area normalized within Kendrapara coastal-belt villages,PRELIMINARY_SPATIAL_PROXY,False,False
Sikar Pahi,395794,Rajnagar,Kendrapara,1805076.4651953885,1.8050764651953886,4708926.024505952,3663873.860984157,0.09964938416735936,0.09964938416735936,LOW,Village geometry area normalized within Kendrapara coastal-belt villages,PRELIMINARY_SPATIAL_PROXY,False,False
Baghamari,395789,Rajnagar,Kendrapara,2230624.9228329994,2.2306249228329995,4710075.802042297,3664030.179430055,0.1233626098386726,0.1233626098386726,LOW,Village geometry area normalized within Kendrapara coastal-belt villages,PRELIMINARY_SPATIAL_PROXY,False,False
Radhamalipur,395788,Rajnagar,Kendrapara,1339647.5191635487,1.3396475191635486,4711094.1729366435,3664224.1742306026,0.07371386158907466,0.07371386158907466,LOW,Village geometry area normalized within Kendrapara coastal-belt villages,PRELIMINARY_SPATIAL_PROXY,False,False
Jyoti Prasad,395777,Rajnagar,Kendrapara,744421.5286639263,0.7444215286639263,4711705.799654843,3665791.6747533446,0.04054553966281278,0.04054553966281278,LOW,Village geometry area normalized within Kendrapara coastal-belt villages,PRELIMINARY_SPATIAL_PROXY,False,False
Sahebnagar,395881,Rajnagar,Kendrapara,370272.2445936739,0.3702722445936739,4705268.347274056,3649602.8527138047,0.019696477120859805,0.019696477120859805,LOW,Village geometry area normalized within Kendrapara coastal-belt villages,PRELIMINARY_SPATIAL_PROXY,False,False
Suravi,395780,Rajnagar,Kendrapara,695989.0855923763,0.6959890855923763,4713282.572450888,3666474.253743312,0.03784669436856728,0.03784669436856728,LOW,Village geometry area normalized within Kendrapara coastal-belt villages,PRELIMINARY_SPATIAL_PROXY,False,False
Sadanandapur,395876,Rajnagar,Kendrapara,717308.8690939805,0.7173088690939805,4705780.2940825615,3650469.283461806,0.039034716151664914,0.039034716151664914,LOW,Village geometry area normalized within Kendrapara coastal-belt villages,PRELIMINARY_SPATIAL_PROXY,False,False
Tentuliakolha,395877,Rajnagar,Kendrapara,1220858.3483284605,1.2208583483284605,4706941.029396294,3651042.8339553475,0.06709446404511875,0.06709446404511875,LOW,Village geometry area normalized within Kendrapara coastal-belt villages,PRELIMINARY_SPATIAL_PROXY,False,False
Badagahiramatha,395831,Rajnagar,Kendrapara,753529.0173428487,0.7535290173428487,4712798.321349188,3654658.844482123,0.041053044579035816,0.041053044579035816,LOW,Village geometry area normalized within Kendrapara coastal-belt villages,PRELIMINARY_SPATIAL_PROXY,False,False
Kaduanasi,395828,Rajnagar,Kendrapara,1027866.4869454483,1.0278664869454484,4713705.124423867,3655845.57719196,0.056340202151871806,0.056340202151871806,LOW,Village geometry area normalized within Kendrapara coastal-belt villages,PRELIMINARY_SPATIAL_PROXY,False,False
Pinchapatia,395767,Rajnagar,Kendrapara,894354.9842601679,0.8943549842601679,4702440.45569809,3665234.5705195805,0.04890041865349454,0.04890041865349454,LOW,Village geometry area normalized within Kendrapara coastal-belt villages,PRELIMINARY_SPATIAL_PROXY,False,False
Subarnpur,395768,Rajnagar,Kendrapara,1097263.7737996255,1.0972637737996254,4702477.395424843,3665892.2210261207,0.06020729059882689,0.06020729059882689,LOW,Village geometry area normalized within Kendrapara coastal-belt villages,PRELIMINARY_SPATIAL_PROXY,False,False
Hukitola,396061,Mahakalapada,Kendrapara,3696989.8506447403,3.6969898506447403,4696327.398692053,3630833.807273339,0.20507420302064142,0.20507420302064142,LOW,Village geometry area normalized within Kendrapara coastal-belt villages,PRELIMINARY_SPATIAL_PROXY,False,False
Talapatta,396052,Rajnagar,Kendrapara,201629.74901812384,0.20162974901812383,4694835.897045853,3640761.622848525,0.010299057194685414,0.010299057194685414,LOW,Village geometry area normalized within Kendrapara coastal-belt villages,PRELIMINARY_SPATIAL_PROXY,False,False
