village,vlcode,block,district,area_km2,coastal_exposure_score,shoreline_distance_m,shoreline_distance_km,shoreline_proximity_score,shoreline_proximity_category,shoreline_method,shoreline_data_quality,official_shoreline_used
Birin Dola,396779,Marsaghai,Kendrapara,0.3720832959156333,0.0197973959890384,876.9467683255269,0.876946768325527,0.8921753883840119,VERY HIGH,Distance from village centroid to outer boundary of Kendrapara coastal-village belt,PROXY_REFERENCE,False
Gopei,396731,Marsaghai,Kendrapara,1.224479368288056,0.0672962414500678,582.589608077567,0.5825896080775671,0.9297581342768051,VERY HIGH,Distance from village centroid to outer boundary of Kendrapara coastal-village belt,PROXY_REFERENCE,False
Bilabalarampur,396712,Marsaghai,Kendrapara,0.9327458709090548,0.0510397091208615,223.9776611188604,0.2239776611188604,0.9755447618734148,VERY HIGH,Distance from village centroid to outer boundary of Kendrapara coastal-village belt,PROXY_REFERENCE,False
Mandia,396795,Marsaghai,Kendrapara,1.5831383335414808,0.0872821227978903,511.4985036775633,0.5114985036775633,0.9388348589933118,VERY HIGH,Distance from village centroid to outer boundary of Kendrapara coastal-village belt,PROXY_REFERENCE,False
Arimula,396722,Marsaghai,Kendrapara,0.4716998259928129,0.0253484189475682,1363.861154558342,1.363861154558342,0.8300074437214188,VERY HIGH,Distance from village centroid to outer boundary of Kendrapara coastal-village belt,PROXY_REFERENCE,False
Gajipithi,396776,Marsaghai,Kendrapara,0.8707817450709021,0.0475868254993749,414.28937451170253,0.41428937451170256,0.9512462642291236,VERY HIGH,Distance from village centroid to outer boundary of Kendrapara coastal-village belt,PROXY_REFERENCE,False
Agar Bindha,396728,Marsaghai,Kendrapara,1.194395038171726,0.0656198248248516,390.8800964463136,0.3908800964463136,0.9542350991136704,VERY HIGH,Distance from village centroid to outer boundary of Kendrapara coastal-village belt,PROXY_REFERENCE,False
Talagan,396710,Marsaghai,Kendrapara,1.3490659846646378,0.0742386953510031,1273.999753725316,1.273999753725316,0.8414807103823456,VERY HIGH,Distance from village centroid to outer boundary of Kendrapara coastal-village belt,PROXY_REFERENCE,False
Karandia Patna,396715,Marsaghai,Kendrapara,3.061975239035037,0.1696887033920526,1096.112064561995,1.096112064561995,0.8641929413797148,VERY HIGH,Distance from village centroid to outer boundary of Kendrapara coastal-village belt,PROXY_REFERENCE,False
Jalopoka,396702,Marsaghai,Kendrapara,1.265269555953587,0.0695692303610314,313.11876221336814,0.31311876221336815,0.9641634611834075,VERY HIGH,Distance from village centroid to outer boundary of Kendrapara coastal-village belt,PROXY_REFERENCE,False
Karilo Patana,396709,Marsaghai,Kendrapara,2.0796979213702764,0.1149523665835367,752.1806239869197,0.7521806239869198,0.9081052006391358,VERY HIGH,Distance from village centroid to outer boundary of Kendrapara coastal-village belt,PROXY_REFERENCE,False
Akhuadakhini,396796,Marsaghai,Kendrapara,0.8995165594088712,0.0491880418233683,389.8895379304572,0.3898895379304572,0.9543615710125093,VERY HIGH,Distance from village centroid to outer boundary of Kendrapara coastal-village belt,PROXY_REFERENCE,False
Pokshyot,396701,Marsaghai,Kendrapara,0.8557873757125123,0.0467512805502323,378.7201306976331,0.3787201306976331,0.9557876514701776,VERY HIGH,Distance from village centroid to outer boundary of Kendrapara coastal-village belt,PROXY_REFERENCE,False
Hantapada,396708,Marsaghai,Kendrapara,1.4437622137825994,0.0795155398818529,432.9625194265895,0.4329625194265895,0.9488621263343148,VERY HIGH,Distance from village centroid to outer boundary of Kendrapara coastal-village belt,PROXY_REFERENCE,False
Abhaypur,396778,Marsaghai,Kendrapara,0.4801072619069617,0.0258169141837067,362.28440812297436,0.36228440812297436,0.9578861211814886,VERY HIGH,Distance from village centroid to outer boundary of Kendrapara coastal-village belt,PROXY_REFERENCE,False
Orisbindha,396777,Marsaghai,Kendrapara,0.9537117084813648,0.0522080076514219,461.84600742345395,0.46184600742345394,0.9451743587632141,VERY HIGH,Distance from village centroid to outer boundary of Kendrapara coastal-village belt,PROXY_REFERENCE,False
Raichand,396732,Marsaghai,Kendrapara,0.5501136500722914,0.0297179441397633,377.40363412199247,0.37740363412199246,0.9559557382808717,VERY HIGH,Distance from village centroid to outer boundary of Kendrapara coastal-village belt,PROXY_REFERENCE,False
Gaudagan,396714,Marsaghai,Kendrapara,2.2717954337378137,0.1256567918491277,668.0391117173017,0.6680391117173017,0.9188481670137284,VERY HIGH,Distance from village centroid to outer boundary of Kendrapara coastal-village belt,PROXY_REFERENCE,False
Jokia,396780,Marsaghai,Kendrapara,0.8502344510698604,0.0464418498547999,962.445880963712,0.9624458809637121,0.8812590871748502,VERY HIGH,Distance from village centroid to outer boundary of Kendrapara coastal-village belt,PROXY_REFERENCE,False
Dalaanta,396725,Marsaghai,Kendrapara,1.451925774147114,0.0799704454178283,550.0782661006361,0.5500782661006361,0.9339090966761006,VERY HIGH,Distance from village centroid to outer boundary of Kendrapara coastal-village belt,PROXY_REFERENCE,False
Raghunatha Pur,396723,Marsaghai,Kendrapara,2.420588702800677,0.1339481351834391,968.6848013051963,0.9686848013051963,0.880462518279968,VERY HIGH,Distance from village centroid to outer boundary of Kendrapara coastal-village belt,PROXY_REFERENCE,False
Jamapada,396724,Marsaghai,Kendrapara,1.5874141415978713,0.0875203875584567,516.7498347426623,0.5167498347426623,0.9381643828926036,VERY HIGH,Distance from village centroid to outer boundary of Kendrapara coastal-village belt,PROXY_REFERENCE,False
Naranpur,396707,Marsaghai,Kendrapara,0.7660018805903448,0.0417480813384151,459.74776288293936,0.45974776288293934,0.9454422570923074,VERY HIGH,Distance from village centroid to outer boundary of Kendrapara coastal-village belt,PROXY_REFERENCE,False
Dihabalarampur,396713,Marsaghai,Kendrapara,2.2155994065915703,0.122525329263297,1251.2049057812526,1.2512049057812527,0.844391096449479,VERY HIGH,Distance from village centroid to outer boundary of Kendrapara coastal-village belt,PROXY_REFERENCE,False
Aitpur,396711,Marsaghai,Kendrapara,3.213781464491789,0.1781479404494496,752.7396767963681,0.7527396767963681,0.9080338222508525,VERY HIGH,Distance from village centroid to outer boundary of Kendrapara coastal-village belt,PROXY_REFERENCE,False
Odang,396781,Marsaghai,Kendrapara,1.252999017805447,0.0688854679480959,800.5351109560601,0.8005351109560601,0.9019314272714123,VERY HIGH,Distance from village centroid to outer boundary of Kendrapara coastal-village belt,PROXY_REFERENCE,False
Surtipur,396490,Marsaghai,Kendrapara,0.603658225147477,0.0327016574383173,167.89304476689074,0.16789304476689074,0.9827054977735549,VERY HIGH,Distance from village centroid to outer boundary of Kendrapara coastal-village belt,PROXY_REFERENCE,False
Gobindpur,395658,Rajkanika,Kendrapara,0.0714443057558381,0.0030446147456718,3136.5309134001595,3.1365309134001595,0.6036776440920493,HIGH,Distance from village centroid to outer boundary of Kendrapara coastal-village belt,PROXY_REFERENCE,False
Laxmiprasad,395975,Rajnagar,Kendrapara,0.2341560058559193,0.0121115475346094,1266.4736450508917,1.2664736450508918,0.8424416240887904,VERY HIGH,Distance from village centroid to outer boundary of Kendrapara coastal-village belt,PROXY_REFERENCE,False
Padmanavpatna,396054,Rajnagar,Kendrapara,0.0168068166567163,0.0,34.311845726592146,0.03431184572659215,0.9997607929644622,VERY HIGH,Distance from village centroid to outer boundary of Kendrapara coastal-village belt,PROXY_REFERENCE,False
Ratanpur,396893,Marsaghai,Kendrapara,0.4537958020021572,0.0243507366538244,285.8804368194427,0.2858804368194427,0.9676411787322614,VERY HIGH,Distance from village centroid to outer boundary of Kendrapara coastal-village belt,PROXY_REFERENCE,False
Khamaganbindha,396940,Marsaghai,Kendrapara,0.3154012310148906,0.0166388494771581,913.7513833335902,0.9137513833335902,0.8874762722070352,VERY HIGH,Distance from village centroid to outer boundary of Kendrapara coastal-village belt,PROXY_REFERENCE,False
Potari,396892,Marsaghai,Kendrapara,0.8444148698592335,0.0461175600116967,444.4031841988155,0.44440318419881547,0.9474014124294211,VERY HIGH,Distance from village centroid to outer boundary of Kendrapara coastal-village belt,PROXY_REFERENCE,False
Raipur,396958,Mahakalapada,Kendrapara,1.0252349104856378,0.0561935604114476,970.3567123733502,0.9703567123733502,0.8802490530842281,VERY HIGH,Distance from village centroid to outer boundary of Kendrapara coastal-village belt,PROXY_REFERENCE,False
Samjori,396954,Mahakalapada,Kendrapara,1.073848576559022,0.0589025041606685,1562.7044701409736,1.5627044701409736,0.8046196536104958,VERY HIGH,Distance from village centroid to outer boundary of Kendrapara coastal-village belt,PROXY_REFERENCE,False
Pailo,396872,Marsaghai,Kendrapara,1.831522693604113,0.1011230715257687,538.7001328853913,0.5387001328853913,0.9353618267167175,VERY HIGH,Distance from village centroid to outer boundary of Kendrapara coastal-village belt,PROXY_REFERENCE,False
Barunei,396075,Rajnagar,Kendrapara,0.3427099665275263,0.0181605991072808,1183.1133971524341,1.1831133971524341,0.8530848406889536,VERY HIGH,Distance from village centroid to outer boundary of Kendrapara coastal-village belt,PROXY_REFERENCE,False
Madhuraganda Khamar,396953,Mahakalapada,Kendrapara,1.082598997598904,0.0593901118704689,2564.9511833149068,2.5649511833149066,0.6766554365641937,HIGH,Distance from village centroid to outer boundary of Kendrapara coastal-village belt,PROXY_REFERENCE,False
Khurusia,396962,Mahakalapada,Kendrapara,1.1287827747246195,0.0619636526968543,600.4524145194007,0.6004524145194007,0.9274774582610762,VERY HIGH,Distance from village centroid to outer boundary of Kendrapara coastal-village belt,PROXY_REFERENCE,False
Nachhipada,396888,Marsaghai,Kendrapara,1.0245586558625877,0.0561558768569667,338.4075987435329,0.3384075987435329,0.9609346492311623,VERY HIGH,Distance from village centroid to outer boundary of Kendrapara coastal-village belt,PROXY_REFERENCE,False
Manikipur,396880,Marsaghai,Kendrapara,1.02103865002615,0.0559597283543328,477.0137668730694,0.4770137668730694,0.9432377792396254,VERY HIGH,Distance from village centroid to outer boundary of Kendrapara coastal-village belt,PROXY_REFERENCE,False
Gopalapur,396948,Mahakalapada,Kendrapara,1.1594789598138209,0.0636741642759809,3156.772867160801,3.156772867160801,0.601093204821338,HIGH,Distance from village centroid to outer boundary of Kendrapara coastal-village belt,PROXY_REFERENCE,False
Mantei,396874,Marsaghai,Kendrapara,0.3872415570648415,0.0206420736302437,451.1379896566492,0.4511379896566492,0.9465415302307141,VERY HIGH,Distance from village centroid to outer boundary of Kendrapara coastal-village belt,PROXY_REFERENCE,False
Antei,396873,Marsaghai,Kendrapara,1.0703087391333528,0.0587052505642611,512.4852062984814,0.5124852062984815,0.9387088794049692,VERY HIGH,Distance from village centroid to outer boundary of Kendrapara coastal-village belt,PROXY_REFERENCE,False
Beruhan,396942,Marsaghai,Kendrapara,2.7092648975621927,0.1500343026444083,1709.0706021752642,1.7090706021752642,0.7859320118934675,VERY HIGH,Distance from village centroid to outer boundary of Kendrapara coastal-village belt,PROXY_REFERENCE,False
Khamagan,396882,Marsaghai,Kendrapara,1.10177917265501,0.06045890629648,427.33836857312633,0.42733836857312635,0.9495802030823387,VERY HIGH,Distance from village centroid to outer boundary of Kendrapara coastal-village belt,PROXY_REFERENCE,False
Naladiapalanda,396956,Mahakalapada,Kendrapara,2.5940851298860377,0.1436160351718001,590.6048982849018,0.5906048982849018,0.9287347631623891,VERY HIGH,Distance from village centroid to outer boundary of Kendrapara coastal-village belt,PROXY_REFERENCE,False
Badaghai,396955,Mahakalapada,Kendrapara,0.5937546428625099,0.0321497910704268,1192.4849154467493,1.1924849154467492,0.8518883099492625,VERY HIGH,Distance from village centroid to outer boundary of Kendrapara coastal-village belt,PROXY_REFERENCE,False
Batira,396887,Marsaghai,Kendrapara,1.3430152221489406,0.0739015231807295,550.446888771289,0.550446888771289,0.9338620319057047,VERY HIGH,Distance from village centroid to outer boundary of Kendrapara coastal-village belt,PROXY_REFERENCE,False
Nuagan,396945,Mahakalapada,Kendrapara,1.5405715784304503,0.0849101365953155,665.1105304708974,0.6651105304708974,0.9192220805435277,VERY HIGH,Distance from village centroid to outer boundary of Kendrapara coastal-village belt,PROXY_REFERENCE,False
Dhaniapada,396944,Mahakalapada,Kendrapara,1.0152903544434082,0.0556394108254297,1042.6032873752868,1.0426032873752868,0.8710248009286659,VERY HIGH,Distance from village centroid to outer boundary of Kendrapara coastal-village belt,PROXY_REFERENCE,False
Madhusudanpur,396891,Marsaghai,Kendrapara,0.9256093380517454,0.0506420335774096,1408.6009442020875,1.4086009442020875,0.8242951853749205,VERY HIGH,Distance from village centroid to outer boundary of Kendrapara coastal-village belt,PROXY_REFERENCE,False
Sereinpur,396951,Mahakalapada,Kendrapara,1.6936380310466563,0.0934395984426111,3004.28992907371,3.00428992907371,0.6205618242029295,HIGH,Distance from village centroid to outer boundary of Kendrapara coastal-village belt,PROXY_REFERENCE,False
Ramachandrapur,396884,Marsaghai,Kendrapara,0.8578820649665836,0.0468680048341572,540.9252344337759,0.5409252344337759,0.9350777316194276,VERY HIGH,Distance from village centroid to outer boundary of Kendrapara coastal-village belt,PROXY_REFERENCE,False
Baripal,396886,Marsaghai,Kendrapara,0.5926832845503909,0.0320900907919411,335.58484939177805,0.3355848493917781,0.9612950504237703,VERY HIGH,Distance from village centroid to outer boundary of Kendrapara coastal-village belt,PROXY_REFERENCE,False
Balighai,396885,Marsaghai,Kendrapara,0.5546603511933474,0.0299713041221779,537.6465265611359,0.537646526561136,0.9354963483934526,VERY HIGH,Distance from village centroid to outer boundary of Kendrapara coastal-village belt,PROXY_REFERENCE,False
Mangarajpur,396890,Marsaghai,Kendrapara,1.2231388235197076,0.0672215410486357,1049.5827331495673,1.0495827331495673,0.8701336836995611,VERY HIGH,Distance from village centroid to outer boundary of Kendrapara coastal-village belt,PROXY_REFERENCE,False
Ameipal,396952,Mahakalapada,Kendrapara,1.5597175209323326,0.0859770234494179,2197.4269971099475,2.1974269971099476,0.723579955362925,HIGH,Distance from village centroid to outer boundary of Kendrapara coastal-village belt,PROXY_REFERENCE,False
Tikhiri,396946,Mahakalapada,Kendrapara,4.270206057649,0.237016053663469,1272.6543118864356,1.2726543118864355,0.841652492847911,VERY HIGH,Distance from village centroid to outer boundary of Kendrapara coastal-village belt,PROXY_REFERENCE,False
Balisuan,396947,Mahakalapada,Kendrapara,1.285527649640121,0.0706980906321418,2395.6213969280607,2.395621396928061,0.6982750171053871,HIGH,Distance from village centroid to outer boundary of Kendrapara coastal-village belt,PROXY_REFERENCE,False
Mahanangala,396957,Mahakalapada,Kendrapara,1.5344111312833502,0.0845668523680706,1224.833638665123,1.224833638665123,0.8477581102841742,VERY HIGH,Distance from village centroid to outer boundary of Kendrapara coastal-village belt,PROXY_REFERENCE,False
Alifa,396943,Marsaghai,Kendrapara,0.949425020035082,0.0519691365929445,865.5864444338581,0.8655864444338581,0.8936258445771643,VERY HIGH,Distance from village centroid to outer boundary of Kendrapara coastal-village belt,PROXY_REFERENCE,False
Kalagarh,396959,Mahakalapada,Kendrapara,7.248385909892048,0.4029718917319465,2987.111431258652,2.987111431258652,0.6227551294979642,HIGH,Distance from village centroid to outer boundary of Kendrapara coastal-village belt,PROXY_REFERENCE,False
Potari,396889,Marsaghai,Kendrapara,0.559374349875622,0.0302339865795122,731.2971961534586,0.7312971961534586,0.9107715416276625,VERY HIGH,Distance from village centroid to outer boundary of Kendrapara coastal-village belt,PROXY_REFERENCE,False
Bauda,396950,Mahakalapada,Kendrapara,1.9708163010825643,0.1088850565345846,3876.3500936974424,3.876350093697442,0.509219482325896,HIGH,Distance from village centroid to outer boundary of Kendrapara coastal-village belt,PROXY_REFERENCE,False
Ramachandrapur,396974,Mahakalapada,Kendrapara,0.6620050099307332,0.0359529686578239,520.5274914843055,0.5205274914843055,0.9376820616428954,VERY HIGH,Distance from village centroid to outer boundary of Kendrapara coastal-village belt,PROXY_REFERENCE,False
Jadupur,396933,Mahakalapada,Kendrapara,2.958958646226915,0.1639482156301886,4525.37814853507,4.52537814853507,0.426353292008973,MODERATE,Distance from village centroid to outer boundary of Kendrapara coastal-village belt,PROXY_REFERENCE,False
Tekarapanga,396969,Mahakalapada,Kendrapara,2.1581902321274757,0.1193262653606141,2087.895429393391,2.087895429393391,0.737564657054105,HIGH,Distance from village centroid to outer boundary of Kendrapara coastal-village belt,PROXY_REFERENCE,False
Gokha Khati,397104,Mahakalapada,Kendrapara,1.3000173845105514,0.071505515372458,3066.9911346204285,3.0669911346204284,0.6125562996447735,HIGH,Distance from village centroid to outer boundary of Kendrapara coastal-village belt,PROXY_REFERENCE,False
Naladiasasan,396967,Mahakalapada,Kendrapara,1.7739592100665995,0.0979154089175438,3312.4177964993182,3.3124177964993184,0.5812208707360937,HIGH,Distance from village centroid to outer boundary of Kendrapara coastal-village belt,PROXY_REFERENCE,False
Rajendra Nagar,397117,Mahakalapada,Kendrapara,2.8799047597674203,0.1595430236569521,2873.5009457435294,2.873500945743529,0.6372606166560647,HIGH,Distance from village centroid to outer boundary of Kendrapara coastal-village belt,PROXY_REFERENCE,False
Masakani,396932,Mahakalapada,Kendrapara,1.3996987231044646,0.077060149715203,3941.4095297431722,3.941409529743172,0.5009128651171438,HIGH,Distance from village centroid to outer boundary of Kendrapara coastal-village belt,PROXY_REFERENCE,False
Raula,396929,Mahakalapada,Kendrapara,1.2675726392616404,0.0696975671773059,3691.1670714609004,3.6911670714609004,0.5328631622095881,HIGH,Distance from village centroid to outer boundary of Kendrapara coastal-village belt,PROXY_REFERENCE,False
Tentuli Kandha,397118,Mahakalapada,Kendrapara,1.5659380077944198,0.0863236533245795,3089.353077586728,3.089353077586728,0.609701185743472,HIGH,Distance from village centroid to outer boundary of Kendrapara coastal-village belt,PROXY_REFERENCE,False
Chhanda,396976,Mahakalapada,Kendrapara,0.8323102517146802,0.0454430433107777,736.5137282895518,0.7365137282895518,0.9101055085624324,VERY HIGH,Distance from village centroid to outer boundary of Kendrapara coastal-village belt,PROXY_REFERENCE,False
Dekani,396964,Mahakalapada,Kendrapara,0.7418676332651523,0.0404032266151559,969.8304058166106,0.9698304058166105,0.8803162505173294,VERY HIGH,Distance from village centroid to outer boundary of Kendrapara coastal-village belt,PROXY_REFERENCE,False
Patalipanka,396970,Mahakalapada,Kendrapara,1.4702380650808884,0.0809908779436139,586.9152127151364,0.5869152127151364,0.9292058524848843,VERY HIGH,Distance from village centroid to outer boundary of Kendrapara coastal-village belt,PROXY_REFERENCE,False
Kodakan,396973,Mahakalapada,Kendrapara,0.7330960095095304,0.0399144374070464,451.3699010641246,0.45136990106412456,0.946511920393843,VERY HIGH,Distance from village centroid to outer boundary of Kendrapara coastal-village belt,PROXY_REFERENCE,False
Chheda Kani,397107,Mahakalapada,Kendrapara,1.0078801102986372,0.0552264830177249,3733.705824835504,3.733705824835504,0.5274319263689949,HIGH,Distance from village centroid to outer boundary of Kendrapara coastal-village belt,PROXY_REFERENCE,False
Khurusiapat,396963,Mahakalapada,Kendrapara,0.6272629453863061,0.0340170048397364,306.2116787439816,0.30621167874398164,0.9650453393842693,VERY HIGH,Distance from village centroid to outer boundary of Kendrapara coastal-village belt,PROXY_REFERENCE,False
Koratapanga,396965,Mahakalapada,Kendrapara,1.88240134230159,0.1039582289720264,1984.7892514098132,1.9847892514098133,0.750728981930285,VERY HIGH,Distance from village centroid to outer boundary of Kendrapara coastal-village belt,PROXY_REFERENCE,False
Akhadasali,397121,Mahakalapada,Kendrapara,2.535422407603296,0.1403471186782316,803.1994460289385,0.8031994460289384,0.9015912519961349,VERY HIGH,Distance from village centroid to outer boundary of Kendrapara coastal-village belt,PROXY_REFERENCE,False
Naladia,396971,Mahakalapada,Kendrapara,0.7866833060702311,0.0429005313139867,381.955948485695,0.381955948485695,0.9553745107890348,VERY HIGH,Distance from village centroid to outer boundary of Kendrapara coastal-village belt,PROXY_REFERENCE,False
Dasarajapur,397120,Mahakalapada,Kendrapara,1.2687402307346385,0.0697626299441757,718.3943095285376,0.7183943095285377,0.9124189481622935,VERY HIGH,Distance from village centroid to outer boundary of Kendrapara coastal-village belt,PROXY_REFERENCE,False
Bandhakud,396961,Mahakalapada,Kendrapara,1.5959797977383512,0.0879976994448859,1220.5493318866324,1.2205493318866325,0.8483051192743654,VERY HIGH,Distance from village centroid to outer boundary of Kendrapara coastal-village belt,PROXY_REFERENCE,False
Gatanai Nuasahi,396966,Mahakalapada,Kendrapara,1.2239405420480267,0.0672662159429884,2367.4857025316674,2.3674857025316673,0.7018673083617852,HIGH,Distance from village centroid to outer boundary of Kendrapara coastal-village belt,PROXY_REFERENCE,False
Purusottampur,396979,Mahakalapada,Kendrapara,1.1086553941690886,0.0608420762730192,1849.4553646339627,1.8494553646339627,0.768008055668788,VERY HIGH,Distance from village centroid to outer boundary of Kendrapara coastal-village belt,PROXY_REFERENCE,False
Nuagan,396931,Mahakalapada,Kendrapara,2.115503308993527,0.1169475829254604,4427.413740379624,4.427413740379624,0.4388611292742278,MODERATE,Distance from village centroid to outer boundary of Kendrapara coastal-village belt,PROXY_REFERENCE,False
Gararomita,396983,Mahakalapada,Kendrapara,6.02097913677729,0.3345759822203802,1031.49766278285,1.03149766278285,0.8724427377870277,VERY HIGH,Distance from village centroid to outer boundary of Kendrapara coastal-village belt,PROXY_REFERENCE,False
Narayanpur,396968,Mahakalapada,Kendrapara,1.7882774044011458,0.0987132747477848,3034.188036831043,3.034188036831043,0.6167445126567362,HIGH,Distance from village centroid to outer boundary of Kendrapara coastal-village belt,PROXY_REFERENCE,False
Harishpur,396048,Rajnagar,Kendrapara,0.6070625081145322,0.0328913574097258,1236.3835958250027,1.2363835958250027,0.846283442215469,VERY HIGH,Distance from village centroid to outer boundary of Kendrapara coastal-village belt,PROXY_REFERENCE,False
Subala,396928,Mahakalapada,Kendrapara,2.412921699912543,0.1335208997735912,3398.196208853284,3.398196208853284,0.5702689092758368,HIGH,Distance from village centroid to outer boundary of Kendrapara coastal-village belt,PROXY_REFERENCE,False
Sathiabati,397103,Mahakalapada,Kendrapara,0.6833705799123937,0.0371435418428001,2865.317765184908,2.865317765184908,0.6383054235677446,HIGH,Distance from village centroid to outer boundary of Kendrapara coastal-village belt,PROXY_REFERENCE,False
Nalitajori Pal,397119,Mahakalapada,Kendrapara,1.051033700115392,0.0576311699469945,1630.4803372729996,1.6304803372729997,0.7959662096448693,VERY HIGH,Distance from village centroid to outer boundary of Kendrapara coastal-village belt,PROXY_REFERENCE,False
Nunimatia Kandha,397105,Mahakalapada,Kendrapara,1.2453194408260055,0.0684575318606649,3595.994626451306,3.595994626451306,0.54501452898381,HIGH,Distance from village centroid to outer boundary of Kendrapara coastal-village belt,PROXY_REFERENCE,False
Anantapur,396977,Mahakalapada,Kendrapara,0.727562627803696,0.0396060957205452,1199.9118301954277,1.1999118301954277,0.8509400610616461,VERY HIGH,Distance from village centroid to outer boundary of Kendrapara coastal-village belt,PROXY_REFERENCE,False
Guptagiri,397116,Mahakalapada,Kendrapara,0.8064990408484606,0.0440047416153178,3999.4710912014393,3.9994710912014395,0.4934997180797601,MODERATE,Distance from village centroid to outer boundary of Kendrapara coastal-village belt,PROXY_REFERENCE,False
Belar,396930,Mahakalapada,Kendrapara,3.032479098190032,0.1680450629752282,4728.751801482272,4.728751801482272,0.40038708037150106,MODERATE,Distance from village centroid to outer boundary of Kendrapara coastal-village belt,PROXY_REFERENCE,False
Madhusudanpur,396981,Mahakalapada,Kendrapara,0.5561597297783074,0.0300548553655528,2015.3001170381099,2.0153001170381097,0.7468334350751942,HIGH,Distance from village centroid to outer boundary of Kendrapara coastal-village belt,PROXY_REFERENCE,False
Taradeipur,396978,Mahakalapada,Kendrapara,1.1183465032175788,0.0613821028005454,2189.840154409893,2.1898401544098927,0.7245486234295844,HIGH,Distance from village centroid to outer boundary of Kendrapara coastal-village belt,PROXY_REFERENCE,False
Karanjia,396049,Rajnagar,Kendrapara,0.2851981083225317,0.0149558132646471,787.5806700378766,0.7875806700378767,0.9035854161222395,VERY HIGH,Distance from village centroid to outer boundary of Kendrapara coastal-village belt,PROXY_REFERENCE,False
Bahargadabadadandua,397122,Mahakalapada,Kendrapara,0.7599752155856941,0.0414122519757755,1908.8762878511038,1.9088762878511039,0.7604213489071662,VERY HIGH,Distance from village centroid to outer boundary of Kendrapara coastal-village belt,PROXY_REFERENCE,False
Thantapalanda,396960,Mahakalapada,Kendrapara,0.6585118664458339,0.0357583170305579,2222.9435232387855,2.2229435232387855,0.720322072603222,HIGH,Distance from village centroid to outer boundary of Kendrapara coastal-village belt,PROXY_REFERENCE,False
Srirampur,396982,Mahakalapada,Kendrapara,0.5523817190391583,0.0298443298198995,1944.9343986297333,1.9449343986297334,0.7558175444213984,VERY HIGH,Distance from village centroid to outer boundary of Kendrapara coastal-village belt,PROXY_REFERENCE,False
Nandanpur,396980,Mahakalapada,Kendrapara,1.1726013816690255,0.0644053969833771,3033.3673121978927,3.0333673121978926,0.6168493006133453,HIGH,Distance from village centroid to outer boundary of Kendrapara coastal-village belt,PROXY_REFERENCE,False
Paunsiapal,396975,Mahakalapada,Kendrapara,0.2510714741628098,0.0130541436364118,194.36086109833704,0.19436086109833703,0.9793261567896837,VERY HIGH,Distance from village centroid to outer boundary of Kendrapara coastal-village belt,PROXY_REFERENCE,False
Raghunathpur,396972,Mahakalapada,Kendrapara,1.427310267418363,0.0785987730369365,893.6171285494308,0.8936171285494309,0.8900469607564707,VERY HIGH,Distance from village centroid to outer boundary of Kendrapara coastal-village belt,PROXY_REFERENCE,False
Saralikud,397136,Mahakalapada,Kendrapara,3.585033511761813,0.1988355576170063,626.9768832906914,0.6269768832906913,0.9240908840430989,VERY HIGH,Distance from village centroid to outer boundary of Kendrapara coastal-village belt,PROXY_REFERENCE,False
Jogidhankud,397135,Mahakalapada,Kendrapara,4.010416095866146,0.2225395401658104,1005.770114753434,1.005770114753434,0.8757275632664544,VERY HIGH,Distance from village centroid to outer boundary of Kendrapara coastal-village belt,PROXY_REFERENCE,False
Kansardia,397132,Mahakalapada,Kendrapara,14.239749468095482,0.7925580336397977,1229.2700941327178,1.2292700941327177,0.84719167535063,VERY HIGH,Distance from village centroid to outer boundary of Kendrapara coastal-village belt,PROXY_REFERENCE,False
Palli Garh,397123,Mahakalapada,Kendrapara,3.060225395216017,0.1695911952455061,2331.622195649227,2.331622195649227,0.7064462663353295,HIGH,Distance from village centroid to outer boundary of Kendrapara coastal-village belt,PROXY_REFERENCE,False
Batighar,396060,Mahakalapada,Kendrapara,4.249961473949693,0.2358879462217255,2274.2604966766094,2.2742604966766096,0.7137700567763392,HIGH,Distance from village centroid to outer boundary of Kendrapara coastal-village belt,PROXY_REFERENCE,False
Barakoli Khala,397137,Mahakalapada,Kendrapara,5.867141350260309,0.3260035386291052,3219.8790579287756,3.2198790579287757,0.5930359728182264,HIGH,Distance from village centroid to outer boundary of Kendrapara coastal-village belt,PROXY_REFERENCE,False
Banabiharipur,397126,Mahakalapada,Kendrapara,2.2004106421240626,0.121678951857805,975.0244686045311,0.9750244686045311,0.879653086279214,VERY HIGH,Distance from village centroid to outer boundary of Kendrapara coastal-village belt,PROXY_REFERENCE,False
Nipania,397134,Mahakalapada,Kendrapara,2.887659223128824,0.159975132706694,1851.865777514312,1.851865777514312,0.7677003005093668,VERY HIGH,Distance from village centroid to outer boundary of Kendrapara coastal-village belt,PROXY_REFERENCE,False
Baraja Bahakuda,397125,Mahakalapada,Kendrapara,4.698978093287538,0.2609089097181924,2387.4124890052635,2.3874124890052637,0.6993231088190724,HIGH,Distance from village centroid to outer boundary of Kendrapara coastal-village belt,PROXY_REFERENCE,False
Ramanagar,397128,Mahakalapada,Kendrapara,4.451638227216666,0.2471261642837214,3973.6528886563706,3.9736528886563707,0.4967961180886561,MODERATE,Distance from village centroid to outer boundary of Kendrapara coastal-village belt,PROXY_REFERENCE,False
Bahakuda Pitapat,397124,Mahakalapada,Kendrapara,3.902871684560672,0.216546744635232,617.3825134323934,0.6173825134323934,0.9253158678827382,VERY HIGH,Distance from village centroid to outer boundary of Kendrapara coastal-village belt,PROXY_REFERENCE,False
Badatubi,397127,Mahakalapada,Kendrapara,5.783025475974436,0.3213162728813832,1799.9188476004074,1.7999188476004073,0.7743327475176898,VERY HIGH,Distance from village centroid to outer boundary of Kendrapara coastal-village belt,PROXY_REFERENCE,False
Sanatubi,397133,Mahakalapada,Kendrapara,7.538529289136132,0.4191398164548965,4337.284997751885,4.337284997751885,0.4503685294304255,MODERATE,Distance from village centroid to outer boundary of Kendrapara coastal-village belt,PROXY_REFERENCE,False
Kentia,397114,Mahakalapada,Kendrapara,1.702909444263271,0.0939562378756808,4509.6933976276305,4.509693397627631,0.4283558796384008,MODERATE,Distance from village centroid to outer boundary of Kendrapara coastal-village belt,PROXY_REFERENCE,False
Hetamundia,397138,Mahakalapada,Kendrapara,17.962423475313685,1.0,1492.2185329072106,1.4922185329072106,0.8136191121792643,VERY HIGH,Distance from village centroid to outer boundary of Kendrapara coastal-village belt,PROXY_REFERENCE,False
Kasoti,396910,Marsaghai,Kendrapara,1.0162026723804178,0.0556902487517247,4067.6732404353843,4.067673240435385,0.4847918475396227,MODERATE,Distance from village centroid to outer boundary of Kendrapara coastal-village belt,PROXY_REFERENCE,False
Badapaldia,396913,Marsaghai,Kendrapara,1.27563395656405,0.0701467753296778,6402.109982006713,6.402109982006713,0.1867371211406803,LOW,Distance from village centroid to outer boundary of Kendrapara coastal-village belt,PROXY_REFERENCE,False
Kharinasi,396059,Mahakalapada,Kendrapara,17.82085941584214,0.9921114965194994,3037.517977854869,3.037517977854869,0.6163193545690886,HIGH,Distance from village centroid to outer boundary of Kendrapara coastal-village belt,PROXY_REFERENCE,False
Bhitara Kharinasi,397130,Mahakalapada,Kendrapara,6.44504319298606,0.3582064912340786,1531.7023650735098,1.5317023650735098,0.8085779206216012,VERY HIGH,Distance from village centroid to outer boundary of Kendrapara coastal-village belt,PROXY_REFERENCE,False
Bikeikani,396020,Rajnagar,Kendrapara,0.4311371280862292,0.0230881066563761,407.850564028717,0.407850564028717,0.9520683545700892,VERY HIGH,Distance from village centroid to outer boundary of Kendrapara coastal-village belt,PROXY_REFERENCE,False
Baulanga,396782,Marsaghai,Kendrapara,2.2155506286882054,0.1225226111676031,2077.88917182193,2.0778891718219303,0.7388422296306623,HIGH,Distance from village centroid to outer boundary of Kendrapara coastal-village belt,PROXY_REFERENCE,False
Bandha Kata,396720,Marsaghai,Kendrapara,1.2770128041847433,0.0702236101159612,2901.785971607251,2.9017859716072514,0.6336492591517597,HIGH,Distance from village centroid to outer boundary of Kendrapara coastal-village belt,PROXY_REFERENCE,False
Gobind Pur,397052,Mahakalapada,Kendrapara,0.9475227455009796,0.0518631344103344,670.7046885493645,0.6707046885493645,0.9185078331939133,VERY HIGH,Distance from village centroid to outer boundary of Kendrapara coastal-village belt,PROXY_REFERENCE,False
Gohipur,396053,Rajnagar,Kendrapara,0.1746011297902834,0.0087929167403365,68.41403519907064,0.06841403519907063,0.9954067153525827,VERY HIGH,Distance from village centroid to outer boundary of Kendrapara coastal-village belt,PROXY_REFERENCE,False
Talasanga,396788,Marsaghai,Kendrapara,1.205984957991136,0.0662656605205461,1416.0537600354019,1.416053760035402,0.8233436295051286,VERY HIGH,Distance from village centroid to outer boundary of Kendrapara coastal-village belt,PROXY_REFERENCE,False
Sanagan,396935,Mahakalapada,Kendrapara,1.9353173499945304,0.1069069160358066,5152.557344212503,5.152557344212504,0.346276706406178,MODERATE,Distance from village centroid to outer boundary of Kendrapara coastal-village belt,PROXY_REFERENCE,False
Kuhudi,396536,Marsaghai,Kendrapara,1.6378355689109902,0.0903300668395972,670.099895105316,0.670099895105316,0.9185850516257875,VERY HIGH,Distance from village centroid to outer boundary of Kendrapara coastal-village belt,PROXY_REFERENCE,False
Jaudia,396018,Rajnagar,Kendrapara,0.2996217263184887,0.0157595537139339,145.56847194620647,0.14556847194620648,0.985555840353223,VERY HIGH,Distance from village centroid to outer boundary of Kendrapara coastal-village belt,PROXY_REFERENCE,False
Badapal,396912,Marsaghai,Kendrapara,0.9600746310884756,0.0525625746037947,5278.033919322825,5.278033919322825,0.3302561882237879,MODERATE,Distance from village centroid to outer boundary of Kendrapara coastal-village belt,PROXY_REFERENCE,False
Narasingpur,396790,Marsaghai,Kendrapara,1.0441809946457783,0.0572493103764955,769.4840519878329,0.7694840519878329,0.9058959445874578,VERY HIGH,Distance from village centroid to outer boundary of Kendrapara coastal-village belt,PROXY_REFERENCE,False
Manitiri,396894,Marsaghai,Kendrapara,0.4926545799383252,0.0265160998550618,1266.1913868344582,1.266191386834458,0.8424776620734464,VERY HIGH,Distance from village centroid to outer boundary of Kendrapara coastal-village belt,PROXY_REFERENCE,False
Puruso Tamapur,396899,Marsaghai,Kendrapara,0.94568080515579,0.0517604942848806,3488.5761197991424,3.4885761197991423,0.5587294406112047,HIGH,Distance from village centroid to outer boundary of Kendrapara coastal-village belt,PROXY_REFERENCE,False
Baikuntha Pur,396721,Marsaghai,Kendrapara,3.5258311087826004,0.195536568002701,2527.2138884101155,2.5272138884101154,0.681473634850566,HIGH,Distance from village centroid to outer boundary of Kendrapara coastal-village belt,PROXY_REFERENCE,False
Badagan,396937,Mahakalapada,Kendrapara,2.994346693479519,0.1659201761331749,4973.024762750757,4.973024762750757,0.3691989529140266,MODERATE,Distance from village centroid to outer boundary of Kendrapara coastal-village belt,PROXY_REFERENCE,False
Tulasi Pur,396914,Marsaghai,Kendrapara,1.6175265961415914,0.0891983713868471,5211.095724043987,5.211095724043987,0.3388026804564469,MODERATE,Distance from village centroid to outer boundary of Kendrapara coastal-village belt,PROXY_REFERENCE,False
Bhagabanpur,396949,Marsaghai,Kendrapara,2.3179557216436977,0.1282290237642464,3322.7008550785913,3.3227008550785913,0.5799079569368848,HIGH,Distance from village centroid to outer boundary of Kendrapara coastal-village belt,PROXY_REFERENCE,False
Gayaspur,397053,Mahakalapada,Kendrapara,3.822247849957638,0.2120540690066047,2351.6532095770244,2.3516532095770244,0.7038887593061501,HIGH,Distance from village centroid to outer boundary of Kendrapara coastal-village belt,PROXY_REFERENCE,False
Posta,396540,Marsaghai,Kendrapara,1.0816916144354145,0.0593395489290693,2147.6203793138257,2.1476203793138255,0.7299391329648366,HIGH,Distance from village centroid to outer boundary of Kendrapara coastal-village belt,PROXY_REFERENCE,False
Juna,396909,Marsaghai,Kendrapara,2.4827134036229523,0.1374099666715371,3851.0555713458402,3.85105557134584,0.5124490202288267,HIGH,Distance from village centroid to outer boundary of Kendrapara coastal-village belt,PROXY_REFERENCE,False
Narayanpur,396519,Marsaghai,Kendrapara,0.432101625271756,0.0231418522146298,366.3634158817792,0.3663634158817792,0.9573653242286821,VERY HIGH,Distance from village centroid to outer boundary of Kendrapara coastal-village belt,PROXY_REFERENCE,False
Jaripada,396542,Marsaghai,Kendrapara,0.7421724776773249,0.040420213738974,1318.792780062713,1.318792780062713,0.8357616549152067,VERY HIGH,Distance from village centroid to outer boundary of Kendrapara coastal-village belt,PROXY_REFERENCE,False
Hatia,396896,Marsaghai,Kendrapara,2.2314991474812778,0.1234113250578209,613.9593554516218,0.6139593554516218,0.9257529276656016,VERY HIGH,Distance from village centroid to outer boundary of Kendrapara coastal-village belt,PROXY_REFERENCE,False
Manikunda,396897,Marsaghai,Kendrapara,1.76862851662447,0.0976183618144252,1094.3287481307761,1.0943287481307762,0.8644206305183941,VERY HIGH,Distance from village centroid to outer boundary of Kendrapara coastal-village belt,PROXY_REFERENCE,False
Bachharai,396717,Marsaghai,Kendrapara,0.9253948843851584,0.0506300833797282,937.5711519403255,0.9375711519403256,0.8844350269727831,VERY HIGH,Distance from village centroid to outer boundary of Kendrapara coastal-village belt,PROXY_REFERENCE,False
Godhan,396718,Marsaghai,Kendrapara,0.4343724602405923,0.0232683920272219,1527.2681152585187,1.5272681152585188,0.8091440739432381,VERY HIGH,Distance from village centroid to outer boundary of Kendrapara coastal-village belt,PROXY_REFERENCE,False
Baghadia,396016,Rajnagar,Kendrapara,0.1771963859432309,0.0089375345711033,111.5672679129675,0.11156726791296749,0.9898970244105558,VERY HIGH,Distance from village centroid to outer boundary of Kendrapara coastal-village belt,PROXY_REFERENCE,False
Kurutunga,396539,Marsaghai,Kendrapara,2.296141567728192,0.1270134537267028,2616.21731285982,2.61621731285982,0.6701099123514636,HIGH,Distance from village centroid to outer boundary of Kendrapara coastal-village belt,PROXY_REFERENCE,False
Thauri,396541,Marsaghai,Kendrapara,3.144877480712823,0.174308340780651,1784.6092219012262,1.7846092219012262,0.7762874401498697,VERY HIGH,Distance from village centroid to outer boundary of Kendrapara coastal-village belt,PROXY_REFERENCE,False
Podana,396791,Marsaghai,Kendrapara,1.593750921984204,0.0878734977639661,963.0594017681951,0.9630594017681952,0.8811807544566129,VERY HIGH,Distance from village centroid to outer boundary of Kendrapara coastal-village belt,PROXY_REFERENCE,False
Haladia,396941,Marsaghai,Kendrapara,1.503360235159326,0.0828365749017321,1970.4027424664548,1.9704027424664547,0.7525658134496787,VERY HIGH,Distance from village centroid to outer boundary of Kendrapara coastal-village belt,PROXY_REFERENCE,False
Dara Bachha,396898,Marsaghai,Kendrapara,4.488008791298241,0.2491528744700236,2287.8375611460874,2.2878375611460875,0.7120365729925691,HIGH,Distance from village centroid to outer boundary of Kendrapara coastal-village belt,PROXY_REFERENCE,False
Bhusaranga,396879,Marsaghai,Kendrapara,0.8597870647676209,0.0469741588793077,737.7156260714056,0.7377156260714056,0.9099520534234901,VERY HIGH,Distance from village centroid to outer boundary of Kendrapara coastal-village belt,PROXY_REFERENCE,False
Raghabapur,396792,Marsaghai,Kendrapara,0.6606762819700015,0.0358789267351636,480.28231107331555,0.48028231107331554,0.9428204601364865,VERY HIGH,Distance from village centroid to outer boundary of Kendrapara coastal-village belt,PROXY_REFERENCE,False
Athabatia,396938,Marsaghai,Kendrapara,1.7170295288088488,0.0947430642530717,4428.671265453607,4.428671265453607,0.43870057178933597,MODERATE,Distance from village centroid to outer boundary of Kendrapara coastal-village belt,PROXY_REFERENCE,False
Jay Chandrapur,396936,Mahakalapada,Kendrapara,1.1414634876501224,0.0626702716538231,5516.851396911382,5.516851396911382,0.2997646025344577,MODERATE,Distance from village centroid to outer boundary of Kendrapara coastal-village belt,PROXY_REFERENCE,False
Sasanipada,396787,Marsaghai,Kendrapara,0.946470663603353,0.0518045082891128,2333.0239228762684,2.3330239228762686,0.706267297499849,HIGH,Distance from village centroid to outer boundary of Kendrapara coastal-village belt,PROXY_REFERENCE,False
Balikuda,396918,Mahakalapada,Kendrapara,1.1089227382608575,0.0608569737322068,5792.180366496263,5.792180366496263,0.26461132584121694,MODERATE,Distance from village centroid to outer boundary of Kendrapara coastal-village belt,PROXY_REFERENCE,False
Garajanga,396939,Marsaghai,Kendrapara,2.7709059915298604,0.1534691856657133,3584.5649213453416,3.5845649213453417,0.5464738435874201,HIGH,Distance from village centroid to outer boundary of Kendrapara coastal-village belt,PROXY_REFERENCE,False
Aitipur,396919,Mahakalapada,Kendrapara,1.6108691782589248,0.0888273940050554,6322.929958691634,6.322929958691634,0.19684661769082135,LOW,Distance from village centroid to outer boundary of Kendrapara coastal-village belt,PROXY_REFERENCE,False
Kusun Pur,396915,Marsaghai,Kendrapara,0.7793070302677249,0.0424894963552661,5413.488474319782,5.413488474319782,0.3129617078850604,MODERATE,Distance from village centroid to outer boundary of Kendrapara coastal-village belt,PROXY_REFERENCE,False
Pikarali,396789,Marsaghai,Kendrapara,2.6692591220392226,0.1478050242482451,807.4463083039204,0.8074463083039204,0.9010490238213967,VERY HIGH,Distance from village centroid to outer boundary of Kendrapara coastal-village belt,PROXY_REFERENCE,False
Girang,396906,Marsaghai,Kendrapara,3.152791861296813,0.174749361043957,5613.19971637611,5.613199716376109,0.287463103211016,MODERATE,Distance from village centroid to outer boundary of Kendrapara coastal-village belt,PROXY_REFERENCE,False
Mehendinagar,396512,Marsaghai,Kendrapara,2.2893261345839835,0.1266336711160607,607.252352411771,0.607252352411771,0.9266092601249056,VERY HIGH,Distance from village centroid to outer boundary of Kendrapara coastal-village belt,PROXY_REFERENCE,False
Karamakul,396917,Mahakalapada,Kendrapara,0.6798304442932582,0.0369462716298856,6886.282106043212,6.886282106043212,0.1249193012829628,LOW,Distance from village centroid to outer boundary of Kendrapara coastal-village belt,PROXY_REFERENCE,False
Hindulia,396895,Marsaghai,Kendrapara,1.1181302400561055,0.0613700517707264,256.1581698263891,0.2561581698263891,0.9714360393934279,VERY HIGH,Distance from village centroid to outer boundary of Kendrapara coastal-village belt,PROXY_REFERENCE,False
Bagadia,396901,Marsaghai,Kendrapara,1.1458118124216512,0.0629125773295899,3778.446392942143,3.778446392942143,0.5217195686304076,HIGH,Distance from village centroid to outer boundary of Kendrapara coastal-village belt,PROXY_REFERENCE,False
Silipur,396900,Marsaghai,Kendrapara,3.7651094752588974,0.2088700951267673,3555.581794867497,3.5555817948674973,0.550174332736989,HIGH,Distance from village centroid to outer boundary of Kendrapara coastal-village belt,PROXY_REFERENCE,False
Kan Pur,396908,Marsaghai,Kendrapara,1.316859454816978,0.0724440214503922,4762.443317118679,4.762443317118679,0.39608543651191386,MODERATE,Distance from village centroid to outer boundary of Kendrapara coastal-village belt,PROXY_REFERENCE,False
Parakula,396783,Marsaghai,Kendrapara,3.0597360189973,0.1695639252871633,2111.209092955721,2.111209092955721,0.7345880299771383,HIGH,Distance from village centroid to outer boundary of Kendrapara coastal-village belt,PROXY_REFERENCE,False
Gopinathpur,396916,Mahakalapada,Kendrapara,0.8113578759113952,0.0442754949226772,6808.544820764572,6.808544820764572,0.13484459284564,LOW,Distance from village centroid to outer boundary of Kendrapara coastal-village belt,PROXY_REFERENCE,False
Bara Tunga,396719,Marsaghai,Kendrapara,0.9826121105323268,0.0538184511708994,2647.0109199951726,2.6470109199951724,0.6661782658064447,HIGH,Distance from village centroid to outer boundary of Kendrapara coastal-village belt,PROXY_REFERENCE,False
Jaganathpur,396535,Marsaghai,Kendrapara,0.3670418996937421,0.0195164696593511,253.08528323751776,0.2530852832375178,0.9718283774487674,VERY HIGH,Distance from village centroid to outer boundary of Kendrapara coastal-village belt,PROXY_REFERENCE,False
Ramchandrapur,395847,Rajnagar,Kendrapara,1.5828835043959446,0.0872679227204907,3779.958547066202,3.779958547066202,0.5215265007799521,HIGH,Distance from village centroid to outer boundary of Kendrapara coastal-village belt,PROXY_REFERENCE,False
Kuanrpal,396911,Marsaghai,Kendrapara,1.0019295415715477,0.0548948940375145,4582.734110275004,4.5827341102750045,0.4190302340827011,MODERATE,Distance from village centroid to outer boundary of Kendrapara coastal-village belt,PROXY_REFERENCE,False
Badakul,396920,Mahakalapada,Kendrapara,2.4316040423823795,0.1345619530193611,6601.383988707492,6.601383988707492,0.1612943415236825,LOW,Distance from village centroid to outer boundary of Kendrapara coastal-village belt,PROXY_REFERENCE,False
Narayanpur,396786,Marsaghai,Kendrapara,1.4092235247360247,0.0775909089425247,3318.572811624578,3.3185728116245783,0.5804350146379302,HIGH,Distance from village centroid to outer boundary of Kendrapara coastal-village belt,PROXY_REFERENCE,False
Dumuka,396907,Marsaghai,Kendrapara,2.3089235691228462,0.1277257168736195,4638.241459817407,4.638241459817407,0.4119432020863424,MODERATE,Distance from village centroid to outer boundary of Kendrapara coastal-village belt,PROXY_REFERENCE,False
Pentha,396716,Marsaghai,Kendrapara,3.019131239955956,0.1673012680704353,1741.439640299046,1.741439640299046,0.7817992184748346,VERY HIGH,Distance from village centroid to outer boundary of Kendrapara coastal-village belt,PROXY_REFERENCE,False
Jagadispur,396522,Marsaghai,Kendrapara,0.7447261787398628,0.0405625159574551,183.45883598546575,0.18345883598546575,0.980718098603461,VERY HIGH,Distance from village centroid to outer boundary of Kendrapara coastal-village belt,PROXY_REFERENCE,False
Chakarpur,396516,Marsaghai,Kendrapara,0.3165588603770088,0.0167033571162176,227.81948901650654,0.22781948901650653,0.9750542474197509,VERY HIGH,Distance from village centroid to outer boundary of Kendrapara coastal-village belt,PROXY_REFERENCE,False
Barei,396537,Marsaghai,Kendrapara,0.3143344033629785,0.0165794016647923,1139.069841835939,1.139069841835939,0.8587082056727735,VERY HIGH,Distance from village centroid to outer boundary of Kendrapara coastal-village belt,PROXY_REFERENCE,False
Arakhia,396538,Marsaghai,Kendrapara,0.1753002105510068,0.0088318722565509,1231.8095351460497,1.2318095351460496,0.8468674462194841,VERY HIGH,Distance from village centroid to outer boundary of Kendrapara coastal-village belt,PROXY_REFERENCE,False
Angulai,396518,Marsaghai,Kendrapara,4.822364834815277,0.2677845018961974,1103.1528186359944,1.1031528186359945,0.8632939964685944,VERY HIGH,Distance from village centroid to outer boundary of Kendrapara coastal-village belt,PROXY_REFERENCE,False
Manitiri,397051,Mahakalapada,Kendrapara,0.865604901410786,0.0472983515082837,853.8406360236802,0.8538406360236802,0.8951255184169761,VERY HIGH,Distance from village centroid to outer boundary of Kendrapara coastal-village belt,PROXY_REFERENCE,False
Balia,396547,Marsaghai,Kendrapara,0.5691057475328377,0.0307762581460076,957.7834195260665,0.9577834195260665,0.8818543779545899,VERY HIGH,Distance from village centroid to outer boundary of Kendrapara coastal-village belt,PROXY_REFERENCE,False
Nembara,396546,Marsaghai,Kendrapara,1.938769108114132,0.1070992615085344,446.2433684713098,0.4462433684713098,0.9471664625547491,VERY HIGH,Distance from village centroid to outer boundary of Kendrapara coastal-village belt,PROXY_REFERENCE,False
Panchanpur,396515,Marsaghai,Kendrapara,0.1075512052624669,0.0050566325098656,144.6843255569992,0.1446843255569992,0.985668725832379,VERY HIGH,Distance from village centroid to outer boundary of Kendrapara coastal-village belt,PROXY_REFERENCE,False
Anko,396785,Marsaghai,Kendrapara,0.2373064591570075,0.0122871031235319,2539.3210422359625,2.5393210422359624,0.6799278253810819,HIGH,Distance from village centroid to outer boundary of Kendrapara coastal-village belt,PROXY_REFERENCE,False
Niladripur,396523,Marsaghai,Kendrapara,0.335083543490473,0.0177356249655661,213.79191668395487,0.21379191668395486,0.9768452508593239,VERY HIGH,Distance from village centroid to outer boundary of Kendrapara coastal-village belt,PROXY_REFERENCE,False
Jaganathpur,397094,Mahakalapada,Kendrapara,0.4418134743194395,0.0236830344560881,7051.5080325978,7.0515080325978,0.10382369074177011,LOW,Distance from village centroid to outer boundary of Kendrapara coastal-village belt,PROXY_REFERENCE,False
Narendrapur,396543,Marsaghai,Kendrapara,1.775609631442655,0.0980073768564253,494.27752236372874,0.49427752236372874,0.9410335884694256,VERY HIGH,Distance from village centroid to outer boundary of Kendrapara coastal-village belt,PROXY_REFERENCE,False
Kulapada,396534,Marsaghai,Kendrapara,1.3001864964865624,0.0715149389536716,419.55199649569647,0.41955199649569647,0.9505743465336693,VERY HIGH,Distance from village centroid to outer boundary of Kendrapara coastal-village belt,PROXY_REFERENCE,False
Garajanga Palli,396784,Marsaghai,Kendrapara,0.619629756376453,0.0335916536715351,3402.0794826686656,3.4020794826686656,0.5697731031167046,HIGH,Distance from village centroid to outer boundary of Kendrapara coastal-village belt,PROXY_REFERENCE,False
Nuagan,396520,Marsaghai,Kendrapara,0.1658923780313712,0.0083076310059669,103.52567555857878,0.10352567555857878,0.9909237537137392,VERY HIGH,Distance from village centroid to outer boundary of Kendrapara coastal-village belt,PROXY_REFERENCE,False
Chadeiguan,397091,Mahakalapada,Kendrapara,2.08788708754862,0.1154086989756807,5137.515542390434,5.137515542390434,0.3481972039920781,MODERATE,Distance from village centroid to outer boundary of Kendrapara coastal-village belt,PROXY_REFERENCE,False
Gaudabadpur,397092,Mahakalapada,Kendrapara,0.6850501812817184,0.0372371358051182,6079.505204501933,6.079505204501933,0.22792644830550934,LOW,Distance from village centroid to outer boundary of Kendrapara coastal-village belt,PROXY_REFERENCE,False
Goja Bandha,397102,Mahakalapada,Kendrapara,1.162738761272912,0.0638558131722599,4765.521113827258,4.765521113827258,0.39569247154543985,MODERATE,Distance from village centroid to outer boundary of Kendrapara coastal-village belt,PROXY_REFERENCE,False
Jalakana,397089,Mahakalapada,Kendrapara,0.8192230107348967,0.0447137710194592,3560.1056927254485,3.5601056927254486,0.5495967333896618,HIGH,Distance from village centroid to outer boundary of Kendrapara coastal-village belt,PROXY_REFERENCE,False
Maha Kala Para,397088,Mahakalapada,Kendrapara,1.8704261925913068,0.103290926759009,5644.34414101001,5.64434414101001,0.2834866652130167,MODERATE,Distance from village centroid to outer boundary of Kendrapara coastal-village belt,PROXY_REFERENCE,False
Samantsingharpur,396927,Mahakalapada,Kendrapara,3.9909153214787647,0.2214528806902234,5580.512805322613,5.580512805322613,0.29163648180696744,MODERATE,Distance from village centroid to outer boundary of Kendrapara coastal-village belt,PROXY_REFERENCE,False
Teragan,396926,Mahakalapada,Kendrapara,2.371655284199741,0.1312213735718602,6234.184049254513,6.234184049254513,0.20817746135227855,LOW,Distance from village centroid to outer boundary of Kendrapara coastal-village belt,PROXY_REFERENCE,False
Nantar,397082,Mahakalapada,Kendrapara,3.3120687533045823,0.1836248928820303,6885.1637373552985,6.885163737355298,0.12506209164748772,LOW,Distance from village centroid to outer boundary of Kendrapara coastal-village belt,PROXY_REFERENCE,False
Aitipur,397044,Mahakalapada,Kendrapara,0.8908952266116044,0.0487076274157025,1802.064634442073,1.802064634442073,0.7740587791129718,VERY HIGH,Distance from village centroid to outer boundary of Kendrapara coastal-village belt,PROXY_REFERENCE,False
Balia,396986,Mahakalapada,Kendrapara,1.837159680242045,0.1014371864845998,387.8114244527044,0.3878114244527044,0.9546268990606023,VERY HIGH,Distance from village centroid to outer boundary of Kendrapara coastal-village belt,PROXY_REFERENCE,False
Janra,397064,Mahakalapada,Kendrapara,0.9227151456985824,0.05048075785152,6224.2748090113255,6.224274809011326,0.20944264701223203,LOW,Distance from village centroid to outer boundary of Kendrapara coastal-village belt,PROXY_REFERENCE,False
Itakandia,396989,Mahakalapada,Kendrapara,0.7718539022454806,0.0420741788900594,848.9164396167115,0.8489164396167115,0.895754226827308,VERY HIGH,Distance from village centroid to outer boundary of Kendrapara coastal-village belt,PROXY_REFERENCE,False
Bada Rahama,396990,Mahakalapada,Kendrapara,1.0816686019131554,0.0593382665812572,279.4182833117572,0.2794182833117572,0.9684662494490565,VERY HIGH,Distance from village centroid to outer boundary of Kendrapara coastal-village belt,PROXY_REFERENCE,False
Mangalapur,397086,Mahakalapada,Kendrapara,1.5253019169738509,0.0840592512929577,7100.038572845795,7.100038572845795,0.09762743935571938,LOW,Distance from village centroid to outer boundary of Kendrapara coastal-village belt,PROXY_REFERENCE,False
Gamha,397087,Mahakalapada,Kendrapara,2.0129000885311945,0.1112301298886579,6213.102847444669,6.213102847444669,0.21086905360050734,LOW,Distance from village centroid to outer boundary of Kendrapara coastal-village belt,PROXY_REFERENCE,False
Gopalpur,397090,Mahakalapada,Kendrapara,1.3559824881167628,0.0746241099947951,5323.614807278094,5.323614807278094,0.32443654066315875,MODERATE,Distance from village centroid to outer boundary of Kendrapara coastal-village belt,PROXY_REFERENCE,False
Balana,396904,Marsaghai,Kendrapara,1.2278989436291263,0.0674867935724113,5266.572139619234,5.2665721396192335,0.33171959802743045,MODERATE,Distance from village centroid to outer boundary of Kendrapara coastal-village belt,PROXY_REFERENCE,False
Orata,397046,Mahakalapada,Kendrapara,1.4157611057510069,0.0779552085450033,614.0438594267436,0.6140438594267436,0.925742138420926,VERY HIGH,Distance from village centroid to outer boundary of Kendrapara coastal-village belt,PROXY_REFERENCE,False
Raigada,397065,Mahakalapada,Kendrapara,0.9497034672635708,0.0519846527623682,6150.6261784079215,6.150626178407921,0.21884590992925534,LOW,Distance from village centroid to outer boundary of Kendrapara coastal-village belt,PROXY_REFERENCE,False
Ostara,396934,Mahakalapada,Kendrapara,1.4751516399831917,0.0812646815690766,5841.275557940499,5.8412755579405,0.2583429812796222,MODERATE,Distance from village centroid to outer boundary of Kendrapara coastal-village belt,PROXY_REFERENCE,False
Sarumunhi,397113,Mahakalapada,Kendrapara,0.752864763827239,0.0410160297732342,5704.239606227686,5.704239606227686,0.2758393701803078,MODERATE,Distance from village centroid to outer boundary of Kendrapara coastal-village belt,PROXY_REFERENCE,False
Chhatar,396988,Mahakalapada,Kendrapara,1.1978928152399653,0.0658147346535173,1183.3853525012569,1.183385352501257,0.8530501181472618,VERY HIGH,Distance from village centroid to outer boundary of Kendrapara coastal-village belt,PROXY_REFERENCE,False
Mahula Kandha,397099,Mahakalapada,Kendrapara,1.996326169990404,0.1103065662766605,6137.117689035752,6.137117689035752,0.22057063822545875,LOW,Distance from village centroid to outer boundary of Kendrapara coastal-village belt,PROXY_REFERENCE,False
Bachhuria,397109,Mahakalapada,Kendrapara,0.6965458685412188,0.0378777204937449,5496.065460903602,5.496065460903602,0.3024184960238031,MODERATE,Distance from village centroid to outer boundary of Kendrapara coastal-village belt,PROXY_REFERENCE,False
Jemadeipur,397084,Mahakalapada,Kendrapara,1.4661447893768214,0.0807627846001571,7695.492415419139,7.69549241541914,0.02160146316587619,LOW,Distance from village centroid to outer boundary of Kendrapara coastal-village belt,PROXY_REFERENCE,False
Kiar Banka,397063,Mahakalapada,Kendrapara,2.899898532507418,0.1606571549303599,5475.138804919925,5.475138804919925,0.30509035626854086,MODERATE,Distance from village centroid to outer boundary of Kendrapara coastal-village belt,PROXY_REFERENCE,False
Pareswar Pur,397083,Mahakalapada,Kendrapara,1.2664538124353375,0.0696352217674164,7805.4286465753,7.8054286465753,0.007565095113973186,LOW,Distance from village centroid to outer boundary of Kendrapara coastal-village belt,PROXY_REFERENCE,False
Sahabaj Pur,397062,Mahakalapada,Kendrapara,2.0873100541739404,0.1153765444175145,3900.3186509184643,3.9003186509184644,0.5061592401537818,HIGH,Distance from village centroid to outer boundary of Kendrapara coastal-village belt,PROXY_REFERENCE,False
Maliancha,397030,Mahakalapada,Kendrapara,1.5940390536239704,0.0878895535866914,4712.7867457726425,4.712786745772642,0.402425456578806,MODERATE,Distance from village centroid to outer boundary of Kendrapara coastal-village belt,PROXY_REFERENCE,False
Babakar Pur,397055,Mahakalapada,Kendrapara,1.4955017098738526,0.082398667114279,3118.7579558463244,3.1187579558463243,0.6059468484387229,HIGH,Distance from village centroid to outer boundary of Kendrapara coastal-village belt,PROXY_REFERENCE,False
Ramakani,397060,Mahakalapada,Kendrapara,0.9855673856363888,0.0539831306667493,3292.2881208905637,3.292288120890564,0.5837909746284906,HIGH,Distance from village centroid to outer boundary of Kendrapara coastal-village belt,PROXY_REFERENCE,False
Barakandha,397106,Mahakalapada,Kendrapara,1.2673043856705084,0.0696826190372539,4419.354187702871,4.419354187702871,0.4398901517040027,MODERATE,Distance from village centroid to outer boundary of Kendrapara coastal-village belt,PROXY_REFERENCE,False
Kochila,397115,Mahakalapada,Kendrapara,1.9841416868372943,0.1096275991848703,4776.30891270187,4.77630891270187,0.3943151138365071,MODERATE,Distance from village centroid to outer boundary of Kendrapara coastal-village belt,PROXY_REFERENCE,False
Ghantia Palli,397040,Mahakalapada,Kendrapara,1.0152153536874038,0.0556352314897496,1130.7895049782767,1.1307895049782766,0.8597654172444781,VERY HIGH,Distance from village centroid to outer boundary of Kendrapara coastal-village belt,PROXY_REFERENCE,False
Bandhapara,397101,Mahakalapada,Kendrapara,1.36501987987414,0.0751277088361878,5155.123539414824,5.1551235394148245,0.34594906137074255,MODERATE,Distance from village centroid to outer boundary of Kendrapara coastal-village belt,PROXY_REFERENCE,False
Gokhapada,396925,Mahakalapada,Kendrapara,1.5655059395878157,0.0862995767929772,6171.2225480136985,6.171222548013699,0.21621621977816163,LOW,Distance from village centroid to outer boundary of Kendrapara coastal-village belt,PROXY_REFERENCE,False
Sankhapada,397038,Mahakalapada,Kendrapara,2.303275460266633,0.1274109821412531,2548.174593222376,2.548174593222376,0.6787974273411939,HIGH,Distance from village centroid to outer boundary of Kendrapara coastal-village belt,PROXY_REFERENCE,False
Mulubasanta,396984,Mahakalapada,Kendrapara,0.5016600149219391,0.0270179179399404,292.0837654818715,0.29208376548187154,0.9668491540890927,VERY HIGH,Distance from village centroid to outer boundary of Kendrapara coastal-village belt,PROXY_REFERENCE,False
Bijayanagar,397034,Mahakalapada,Kendrapara,6.525370299901038,0.3626826320345246,4111.652989133579,4.111652989133579,0.479176629216546,MODERATE,Distance from village centroid to outer boundary of Kendrapara coastal-village belt,PROXY_REFERENCE,False
Kalapara,397041,Mahakalapada,Kendrapara,1.0957077728039522,0.0601205841331049,768.1925262489707,0.7681925262489707,0.9060608431875692,VERY HIGH,Distance from village centroid to outer boundary of Kendrapara coastal-village belt,PROXY_REFERENCE,False
Anduli,397042,Mahakalapada,Kendrapara,1.638850545062616,0.0903866252834184,336.64974583665384,0.33664974583665386,0.9611590872542105,VERY HIGH,Distance from village centroid to outer boundary of Kendrapara coastal-village belt,PROXY_REFERENCE,False
Bilipada,397048,Mahakalapada,Kendrapara,1.0888494384964864,0.0597384109017293,1931.7518080577845,1.9317518080577845,0.7575006628183042,VERY HIGH,Distance from village centroid to outer boundary of Kendrapara coastal-village belt,PROXY_REFERENCE,False
Sri Chandan Pur,397037,Mahakalapada,Kendrapara,1.652295378443451,0.0911358240229529,1535.2557678455505,1.5352557678455505,0.8081242315272918,VERY HIGH,Distance from village centroid to outer boundary of Kendrapara coastal-village belt,PROXY_REFERENCE,False
Palaspur,396905,Marsaghai,Kendrapara,1.68429580501502,0.0929190130423245,6165.657617230059,6.1656576172300595,0.21692673546385555,LOW,Distance from village centroid to outer boundary of Kendrapara coastal-village belt,PROXY_REFERENCE,False
Tithi,397085,Mahakalapada,Kendrapara,1.9207607127180752,0.1060957632315683,6873.1419361950675,6.873141936195068,0.12659700351373215,LOW,Distance from village centroid to outer boundary of Kendrapara coastal-village belt,PROXY_REFERENCE,False
Deula Pada,397058,Mahakalapada,Kendrapara,1.9174678313563247,0.1059122709936372,2644.254210558357,2.644254210558357,0.6665302351968846,HIGH,Distance from village centroid to outer boundary of Kendrapara coastal-village belt,PROXY_REFERENCE,False
Rajagada,397054,Mahakalapada,Kendrapara,4.285724213573142,0.2378807860501745,3584.4187017113677,3.5844187017113676,0.5464925125246511,HIGH,Distance from village centroid to outer boundary of Kendrapara coastal-village belt,PROXY_REFERENCE,False
Jagati,397066,Mahakalapada,Kendrapara,1.1672895477104472,0.0641094008044988,5559.387190645951,5.559387190645951,0.2943337445728986,MODERATE,Distance from village centroid to outer boundary of Kendrapara coastal-village belt,PROXY_REFERENCE,False
Ranki,397032,Mahakalapada,Kendrapara,0.7079397044238941,0.0385126296250051,3198.954911691539,3.1989549116915392,0.5957075126251578,HIGH,Distance from village centroid to outer boundary of Kendrapara coastal-village belt,PROXY_REFERENCE,False
Sikhar,397093,Mahakalapada,Kendrapara,0.9590882723109998,0.0525076108320706,5489.893301814039,5.489893301814039,0.30320654101811384,MODERATE,Distance from village centroid to outer boundary of Kendrapara coastal-village belt,PROXY_REFERENCE,False
Dadhipur,397097,Mahakalapada,Kendrapara,1.1038153999390676,0.0605723728506135,6399.054899504565,6.399054899504565,0.1871271860171828,LOW,Distance from village centroid to outer boundary of Kendrapara coastal-village belt,PROXY_REFERENCE,False
Adoi,397110,Mahakalapada,Kendrapara,2.968556973347433,0.1644830719855364,6963.237371878192,6.963237371878192,0.11509385590038035,LOW,Distance from village centroid to outer boundary of Kendrapara coastal-village belt,PROXY_REFERENCE,False
Karanja,396924,Mahakalapada,Kendrapara,4.808547251563191,0.2670145320748807,7114.243797955441,7.1142437979554405,0.09581375367810252,LOW,Distance from village centroid to outer boundary of Kendrapara coastal-village belt,PROXY_REFERENCE,False
Dasi Pur,396902,Marsaghai,Kendrapara,1.9572672226547236,0.1081300488530121,5077.448874370398,5.077448874370398,0.355866357747068,MODERATE,Distance from village centroid to outer boundary of Kendrapara coastal-village belt,PROXY_REFERENCE,False
Adam Pur,396903,Marsaghai,Kendrapara,1.6935896180598728,0.0934369006814974,4288.795948196837,4.288795948196837,0.4565594833942268,MODERATE,Distance from village centroid to outer boundary of Kendrapara coastal-village belt,PROXY_REFERENCE,False
Chandia Palli,397061,Mahakalapada,Kendrapara,1.1441842423100073,0.062821882752602,4551.494034078793,4.551494034078793,0.423018884619908,MODERATE,Distance from village centroid to outer boundary of Kendrapara coastal-village belt,PROXY_REFERENCE,False
Amirabad,397059,Mahakalapada,Kendrapara,1.927638111517644,0.1064789988110629,3770.1089561006575,3.7701089561006573,0.5227840705774531,HIGH,Distance from village centroid to outer boundary of Kendrapara coastal-village belt,PROXY_REFERENCE,False
Badadihi,397026,Mahakalapada,Kendrapara,3.747691936967652,0.2078995217203169,1907.934160064095,1.907934160064095,0.7605416372982754,VERY HIGH,Distance from village centroid to outer boundary of Kendrapara coastal-village belt,PROXY_REFERENCE,False
Kanpur,397031,Mahakalapada,Kendrapara,0.6384849614776124,0.0346423394997127,4038.763612051163,4.038763612051163,0.48848295264643926,MODERATE,Distance from village centroid to outer boundary of Kendrapara coastal-village belt,PROXY_REFERENCE,False
Dia Rajagarh,397056,Mahakalapada,Kendrapara,0.2922998952372233,0.0153515526281794,2617.7827152171903,2.6177827152171904,0.669910045907014,HIGH,Distance from village centroid to outer boundary of Kendrapara coastal-village belt,PROXY_REFERENCE,False
Oliha,397045,Mahakalapada,Kendrapara,1.2741909414137158,0.0700663648774887,1537.5530848571075,1.5375530848571075,0.8078309161501228,VERY HIGH,Distance from village centroid to outer boundary of Kendrapara coastal-village belt,PROXY_REFERENCE,False
Olihanilakanthapur,397057,Mahakalapada,Kendrapara,1.548458365542403,0.0853496192423578,2180.5991571162235,2.1805991571162235,0.725728489592145,HIGH,Distance from village centroid to outer boundary of Kendrapara coastal-village belt,PROXY_REFERENCE,False
Balipal,397039,Mahakalapada,Kendrapara,1.225671648836861,0.0673626799888756,2156.514071390932,2.156514071390932,0.7288036098163557,HIGH,Distance from village centroid to outer boundary of Kendrapara coastal-village belt,PROXY_REFERENCE,False
Arada,397033,Mahakalapada,Kendrapara,1.6652493853755015,0.091857671991649,3353.551417433379,3.353551417433379,0.5759690384996602,HIGH,Distance from village centroid to outer boundary of Kendrapara coastal-village belt,PROXY_REFERENCE,False
Benupal,396922,Mahakalapada,Kendrapara,1.8212609936605848,0.1005512494402581,7301.247680658526,7.301247680658526,0.07193759113231823,LOW,Distance from village centroid to outer boundary of Kendrapara coastal-village belt,PROXY_REFERENCE,False
Ekalapur,397027,Mahakalapada,Kendrapara,1.354765613172606,0.0745563009600151,3704.1131429788193,3.7041131429788194,0.5312102419417133,HIGH,Distance from village centroid to outer boundary of Kendrapara coastal-village belt,PROXY_REFERENCE,False
Nachhi Pada,397049,Mahakalapada,Kendrapara,1.3767898283224076,0.0757835764317207,1743.5432219430277,1.7435432219430276,0.7815306387184464,VERY HIGH,Distance from village centroid to outer boundary of Kendrapara coastal-village belt,PROXY_REFERENCE,False
Basaghar,397043,Mahakalapada,Kendrapara,0.748483157996465,0.0407718695465829,1098.4822010736104,1.0984822010736104,0.86389032860083,VERY HIGH,Distance from village centroid to outer boundary of Kendrapara coastal-village belt,PROXY_REFERENCE,False
Sahoo Pada,396985,Mahakalapada,Kendrapara,0.5794175471092835,0.0313508719791561,262.5448510671793,0.2625448510671793,0.9706206047766219,VERY HIGH,Distance from village centroid to outer boundary of Kendrapara coastal-village belt,PROXY_REFERENCE,False
Batakuli,397096,Mahakalapada,Kendrapara,1.1463072376754804,0.0629401843638453,6039.138379713262,6.039138379713262,0.23308037803242188,LOW,Distance from village centroid to outer boundary of Kendrapara coastal-village belt,PROXY_REFERENCE,False
Potakani,397108,Mahakalapada,Kendrapara,0.535143349106128,0.0288837403756402,4809.183280738604,4.809183280738604,0.39011780122732864,MODERATE,Distance from village centroid to outer boundary of Kendrapara coastal-village belt,PROXY_REFERENCE,False
Niyamatpur,397050,Mahakalapada,Kendrapara,1.4683094144590108,0.080883405982156,952.8788721224405,0.9528788721224405,0.8824805776319966,VERY HIGH,Distance from village centroid to outer boundary of Kendrapara coastal-village belt,PROXY_REFERENCE,False
Dahimachha,396921,Mahakalapada,Kendrapara,0.754117482351384,0.0410858361525843,6153.532791900077,6.153532791900077,0.21847480118438145,LOW,Distance from village centroid to outer boundary of Kendrapara coastal-village belt,PROXY_REFERENCE,False
Rama Chandra Pur,396987,Mahakalapada,Kendrapara,1.242825867285967,0.0683185801830787,650.0690498337761,0.6500690498337761,0.9211425371213806,VERY HIGH,Distance from village centroid to outer boundary of Kendrapara coastal-village belt,PROXY_REFERENCE,False
Jasuapalli,397036,Mahakalapada,Kendrapara,1.0278465188881378,0.0563390894535627,555.619761140231,0.555619761140231,0.9332015732043977,VERY HIGH,Distance from village centroid to outer boundary of Kendrapara coastal-village belt,PROXY_REFERENCE,False
Potia,397035,Mahakalapada,Kendrapara,1.6898357140508842,0.0932277184572032,1409.2614482101985,1.4092614482101986,0.824210853965156,VERY HIGH,Distance from village centroid to outer boundary of Kendrapara coastal-village belt,PROXY_REFERENCE,False
Alailo,397047,Mahakalapada,Kendrapara,4.101366401313663,0.227607647168065,954.6519892934386,0.9546519892934386,0.8822541907079632,VERY HIGH,Distance from village centroid to outer boundary of Kendrapara coastal-village belt,PROXY_REFERENCE,False
Baulapara,397095,Mahakalapada,Kendrapara,0.9506102175066188,0.0520351804349635,6823.993422006439,6.823993422006438,0.13287215618269943,LOW,Distance from village centroid to outer boundary of Kendrapara coastal-village belt,PROXY_REFERENCE,False
Gobardhanpur,396923,Mahakalapada,Kendrapara,0.5944071009642701,0.032186148589601,6821.081923937647,6.821081923937647,0.13324388857743574,LOW,Distance from village centroid to outer boundary of Kendrapara coastal-village belt,PROXY_REFERENCE,False
Kumbharapara,397098,Mahakalapada,Kendrapara,0.9796844264326168,0.0536553091538043,7060.903070348957,7.0609030703489575,0.10262415709985873,LOW,Distance from village centroid to outer boundary of Kendrapara coastal-village belt,PROXY_REFERENCE,False
Marichakani,397100,Mahakalapada,Kendrapara,0.5696877429535269,0.0308086892087991,5711.565103335937,5.711565103335937,0.27490407002954576,MODERATE,Distance from village centroid to outer boundary of Kendrapara coastal-village belt,PROXY_REFERENCE,False
Baradia,395618,Rajkanika,Kendrapara,0.5133703143733733,0.0276704616599014,293.37587927036435,0.29337587927036435,0.9666841804083554,VERY HIGH,Distance from village centroid to outer boundary of Kendrapara coastal-village belt,PROXY_REFERENCE,False
Kusiapal,397069,Mahakalapada,Kendrapara,0.2985935972162256,0.0157022623362221,4605.674784870289,4.605674784870289,0.41610122925333815,MODERATE,Distance from village centroid to outer boundary of Kendrapara coastal-village belt,PROXY_REFERENCE,False
Balisahipatna,395912,Rajnagar,Kendrapara,0.6729396247598929,0.0365622881945746,527.529164487261,0.5275291644872611,0.9367881064998548,VERY HIGH,Distance from village centroid to outer boundary of Kendrapara coastal-village belt,PROXY_REFERENCE,False
Baulakani,397112,Mahakalapada,Kendrapara,3.634598309367043,0.2015975021379442,5932.533210851242,5.932533210851242,0.2466914448358406,LOW,Distance from village centroid to outer boundary of Kendrapara coastal-village belt,PROXY_REFERENCE,False
Petchhela,396058,Mahakalapada,Kendrapara,13.17439243882792,0.733192170123838,5789.665611969792,5.789665611969792,0.26493240306682786,MODERATE,Distance from village centroid to outer boundary of Kendrapara coastal-village belt,PROXY_REFERENCE,False
Tanki Belari,397078,Mahakalapada,Kendrapara,0.9987393946515792,0.0547171265647858,7103.147534594152,7.103147534594152,0.09723049531916028,LOW,Distance from village centroid to outer boundary of Kendrapara coastal-village belt,PROXY_REFERENCE,False
Narasingha Pur,397015,Mahakalapada,Kendrapara,0.7975017222409682,0.0435033758066844,2043.961071052369,2.0439610710523692,0.7431740800560889,HIGH,Distance from village centroid to outer boundary of Kendrapara coastal-village belt,PROXY_REFERENCE,False
Maladhia,397081,Mahakalapada,Kendrapara,1.9609870160231584,0.1083373302989044,7864.6803021383885,7.864680302138389,0.0,LOW,Distance from village centroid to outer boundary of Kendrapara coastal-village belt,PROXY_REFERENCE,False
Babara,396992,Mahakalapada,Kendrapara,0.7586741028128092,0.0413397488794688,1044.7142287683625,1.0447142287683626,0.8707552814989237,VERY HIGH,Distance from village centroid to outer boundary of Kendrapara coastal-village belt,PROXY_REFERENCE,False
Pancha Gachhia,397018,Mahakalapada,Kendrapara,0.6135725322379696,0.0332541214343488,4170.142850655122,4.170142850655122,0.4717087979566674,MODERATE,Distance from village centroid to outer boundary of Kendrapara coastal-village belt,PROXY_REFERENCE,False
Kakat Pur,396993,Mahakalapada,Kendrapara,1.3048774476523275,0.0717763371131771,1888.5795874078785,1.8885795874078786,0.7630127780899226,VERY HIGH,Distance from village centroid to outer boundary of Kendrapara coastal-village belt,PROXY_REFERENCE,False
Jamboo,396057,Mahakalapada,Kendrapara,13.014426258615618,0.7242782284491097,1302.2821734882932,1.3022821734882932,0.8378696856181107,VERY HIGH,Distance from village centroid to outer boundary of Kendrapara coastal-village belt,PROXY_REFERENCE,False
Sugal,397021,Mahakalapada,Kendrapara,1.5611960201126165,0.0860594112106415,4011.1474179143756,4.011147417914375,0.4920089154798035,MODERATE,Distance from village centroid to outer boundary of Kendrapara coastal-village belt,PROXY_REFERENCE,False
Bhitarsubala,397079,Mahakalapada,Kendrapara,1.5214208371217686,0.0838429823329156,6802.762098569397,6.802762098569397,0.13558291556436308,LOW,Distance from village centroid to outer boundary of Kendrapara coastal-village belt,PROXY_REFERENCE,False
Maladhia,397004,Mahakalapada,Kendrapara,2.2162966036073346,0.1225641798098692,2173.310723679793,2.1733107236797933,0.7266590575510393,HIGH,Distance from village centroid to outer boundary of Kendrapara coastal-village belt,PROXY_REFERENCE,False
Badatota Chhapali,397077,Mahakalapada,Kendrapara,5.925474894483451,0.3292541120327783,4933.327260077654,4.933327260077654,0.37426742535847113,MODERATE,Distance from village centroid to outer boundary of Kendrapara coastal-village belt,PROXY_REFERENCE,False
Bara Danga,397067,Mahakalapada,Kendrapara,2.54768289424531,0.1410303209819038,5801.992142873755,5.801992142873755,0.26335858411058743,MODERATE,Distance from village centroid to outer boundary of Kendrapara coastal-village belt,PROXY_REFERENCE,False
Kalatunga,396995,Mahakalapada,Kendrapara,3.836814413011739,0.2128657749140233,2360.4788186363685,2.3604788186363685,0.7027619288178173,HIGH,Distance from village centroid to outer boundary of Kendrapara coastal-village belt,PROXY_REFERENCE,False
Pankapal,397073,Mahakalapada,Kendrapara,1.4148354266133996,0.0779036260803149,6127.114702884061,6.127114702884062,0.22184779311576763,LOW,Distance from village centroid to outer boundary of Kendrapara coastal-village belt,PROXY_REFERENCE,False
Baliganda Ratanpur,396997,Mahakalapada,Kendrapara,1.8246069999361132,0.1007377020063177,545.5289576937669,0.5455289576937669,0.9344899403752969,VERY HIGH,Distance from village centroid to outer boundary of Kendrapara coastal-village belt,PROXY_REFERENCE,False
Radia,397028,Mahakalapada,Kendrapara,1.3760137089810276,0.0757403280242604,4159.817129721816,4.159817129721816,0.47302715877272317,MODERATE,Distance from village centroid to outer boundary of Kendrapara coastal-village belt,PROXY_REFERENCE,False
Kharianta,397023,Mahakalapada,Kendrapara,1.2775045988585652,0.0702510148400884,3843.7691233957667,3.8437691233957665,0.5133793346860595,HIGH,Distance from village centroid to outer boundary of Kendrapara coastal-village belt,PROXY_REFERENCE,False
Bhateni,397075,Mahakalapada,Kendrapara,4.723293468712371,0.2622638576081053,3307.0638159091873,3.307063815909187,0.5819044528574335,HIGH,Distance from village centroid to outer boundary of Kendrapara coastal-village belt,PROXY_REFERENCE,False
Badamatha,397080,Mahakalapada,Kendrapara,1.677650504818102,0.0925487109054117,6731.615623082107,6.731615623082107,0.14466670991526054,LOW,Distance from village centroid to outer boundary of Kendrapara coastal-village belt,PROXY_REFERENCE,False
Bagagahan,397074,Mahakalapada,Kendrapara,1.7910777570701288,0.0988693213591801,4626.075347185054,4.626075347185054,0.41349653926074526,MODERATE,Distance from village centroid to outer boundary of Kendrapara coastal-village belt,PROXY_REFERENCE,False
Kansapal,397076,Mahakalapada,Kendrapara,1.1741403735645883,0.0644911556354667,4623.211377904546,4.623211377904545,0.41386220330514445,MODERATE,Distance from village centroid to outer boundary of Kendrapara coastal-village belt,PROXY_REFERENCE,False
Kansara,397071,Mahakalapada,Kendrapara,1.836928172534672,0.1014242859690156,5704.358960462252,5.704358960462252,0.27582413134641925,MODERATE,Distance from village centroid to outer boundary of Kendrapara coastal-village belt,PROXY_REFERENCE,False
Badadandua,397072,Mahakalapada,Kendrapara,0.9711479936845044,0.0531796257091791,4897.700717529649,4.897700717529649,0.3788161283507562,MODERATE,Distance from village centroid to outer boundary of Kendrapara coastal-village belt,PROXY_REFERENCE,False
Bala Bhadrapur,397068,Mahakalapada,Kendrapara,0.4705448574726914,0.0252840595810393,5472.579547616716,5.472579547616716,0.30541711549131556,MODERATE,Distance from village centroid to outer boundary of Kendrapara coastal-village belt,PROXY_REFERENCE,False
Guludia,397022,Mahakalapada,Kendrapara,1.63338444312425,0.090082032688896,3029.0788652474084,3.0290788652474085,0.6173968382097775,HIGH,Distance from village centroid to outer boundary of Kendrapara coastal-village belt,PROXY_REFERENCE,False
Sana Rahama,396991,Mahakalapada,Kendrapara,2.4350558184435536,0.1347542994918635,935.8293211743822,0.9358293211743822,0.884657419331133,VERY HIGH,Distance from village centroid to outer boundary of Kendrapara coastal-village belt,PROXY_REFERENCE,False
Bahar Subala,397029,Mahakalapada,Kendrapara,1.962940019383346,0.1084461592902584,4516.406718307826,4.516406718307826,0.4274987405594395,MODERATE,Distance from village centroid to outer boundary of Kendrapara coastal-village belt,PROXY_REFERENCE,False
Bhuinpada,397002,Mahakalapada,Kendrapara,2.112080560889156,0.1167568540043275,3368.15189998177,3.36815189998177,0.5741048873947028,HIGH,Distance from village centroid to outer boundary of Kendrapara coastal-village belt,PROXY_REFERENCE,False
Badapal,397020,Mahakalapada,Kendrapara,0.8269187650889558,0.0451426085735226,4932.612983028519,4.932612983028519,0.3743586223682944,MODERATE,Distance from village centroid to outer boundary of Kendrapara coastal-village belt,PROXY_REFERENCE,False
Sankachit,397003,Mahakalapada,Kendrapara,2.129435042753431,0.117723913659862,3555.95635536087,3.55595635536087,0.5501265098410484,HIGH,Distance from village centroid to outer boundary of Kendrapara coastal-village belt,PROXY_REFERENCE,False
Tarapada,397070,Mahakalapada,Kendrapara,1.1413270284207586,0.0626626676114567,4712.8976084829865,4.7128976084829866,0.4024113019203348,MODERATE,Distance from village centroid to outer boundary of Kendrapara coastal-village belt,PROXY_REFERENCE,False
Kandara Patia,396056,Mahakalapada,Kendrapara,1.855803617250717,0.1024760996277532,489.96892903131436,0.48996892903131434,0.9415836983027693,VERY HIGH,Distance from village centroid to outer boundary of Kendrapara coastal-village belt,PROXY_REFERENCE,False
Nalitapatia,395760,Rajnagar,Kendrapara,0.9096056549491652,0.049750245715951,155.20923205730432,0.15520923205730433,0.9843249335284542,VERY HIGH,Distance from village centroid to outer boundary of Kendrapara coastal-village belt,PROXY_REFERENCE,False
Kantilo,397019,Mahakalapada,Kendrapara,1.663458551039203,0.0917578796930414,4501.31186794679,4.501311867946789,0.4294260112428864,MODERATE,Distance from village centroid to outer boundary of Kendrapara coastal-village belt,PROXY_REFERENCE,False
Bada Baincha,397024,Mahakalapada,Kendrapara,1.534703221516413,0.0845831287791084,3312.06000235986,3.31206000235986,0.5812665529481855,HIGH,Distance from village centroid to outer boundary of Kendrapara coastal-village belt,PROXY_REFERENCE,False
Kholanai,397025,Mahakalapada,Kendrapara,0.9373612139964732,0.0512968941023088,2500.7767441525725,2.5007767441525726,0.6848490597049347,HIGH,Distance from village centroid to outer boundary of Kendrapara coastal-village belt,PROXY_REFERENCE,False
Kiabaria,397111,Mahakalapada,Kendrapara,0.9710264178837948,0.0531728510297116,6984.506510456278,6.984506510456278,0.11237826838124043,LOW,Distance from village centroid to outer boundary of Kendrapara coastal-village belt,PROXY_REFERENCE,False
Gogua,396996,Mahakalapada,Kendrapara,2.1370820557418084,0.1181500351542542,898.0020568422293,0.8980020568422293,0.8894871046767086,VERY HIGH,Distance from village centroid to outer boundary of Kendrapara coastal-village belt,PROXY_REFERENCE,False
Panikhia,397000,Mahakalapada,Kendrapara,1.669980916550153,0.0921213314280813,2259.6201591729823,2.2596201591729823,0.715639296456869,HIGH,Distance from village centroid to outer boundary of Kendrapara coastal-village belt,PROXY_REFERENCE,False
Bandha Para,396994,Mahakalapada,Kendrapara,0.6468431695311679,0.0351080915667794,1978.6702449039703,1.9786702449039704,0.7515102405428893,VERY HIGH,Distance from village centroid to outer boundary of Kendrapara coastal-village belt,PROXY_REFERENCE,False
Baligarh,397131,Mahakalapada,Kendrapara,1.629512982375612,0.0898662997429473,450.1067427493281,0.4501067427493281,0.946673197116065,VERY HIGH,Distance from village centroid to outer boundary of Kendrapara coastal-village belt,PROXY_REFERENCE,False
Hariabanka,397129,Mahakalapada,Kendrapara,0.4738630309034821,0.0254689611920514,2449.546049588172,2.449546049588172,0.691390059672808,HIGH,Distance from village centroid to outer boundary of Kendrapara coastal-village belt,PROXY_REFERENCE,False
Suniti Bena Kandha,397017,Mahakalapada,Kendrapara,15.465671696999449,0.86087121853738,2479.7149095903196,2.4797149095903195,0.6875381791940696,HIGH,Distance from village centroid to outer boundary of Kendrapara coastal-village belt,PROXY_REFERENCE,False
Bana Pada,397016,Mahakalapada,Kendrapara,3.35128322316234,0.1858100766293295,612.4417082860135,0.6124417082860135,0.9259466968531149,VERY HIGH,Distance from village centroid to outer boundary of Kendrapara coastal-village belt,PROXY_REFERENCE,False
Khamarsahi,395761,Rajnagar,Kendrapara,0.396762451318068,0.021172615123151,821.4921065203663,0.8214921065203663,0.8992556933490363,VERY HIGH,Distance from village centroid to outer boundary of Kendrapara coastal-village belt,PROXY_REFERENCE,False
Gobardhanpur,396025,Rajnagar,Kendrapara,2.614149998520347,0.1447341281867108,2436.104214081423,2.436104214081423,0.6931062777792651,HIGH,Distance from village centroid to outer boundary of Kendrapara coastal-village belt,PROXY_REFERENCE,False
Koilipur,396042,Rajnagar,Kendrapara,0.8188145176231862,0.0446910081844181,2183.5336409396723,2.183533640939672,0.7253538224368759,HIGH,Distance from village centroid to outer boundary of Kendrapara coastal-village belt,PROXY_REFERENCE,False
Rata Panga,397014,Mahakalapada,Kendrapara,1.2640555231725246,0.0695015797027033,1928.727665379547,1.928727665379547,0.7578867773796895,VERY HIGH,Distance from village centroid to outer boundary of Kendrapara coastal-village belt,PROXY_REFERENCE,False
Bhatapara,395943,Rajnagar,Kendrapara,1.1821059141645882,0.064935026735107,1948.8627112890654,1.9488627112890653,0.7553159878214545,VERY HIGH,Distance from village centroid to outer boundary of Kendrapara coastal-village belt,PROXY_REFERENCE,False
Maliabuda,395949,Rajnagar,Kendrapara,1.279072273490537,0.0703383718065159,1838.229596590826,1.8382295965908262,0.7694413321260729,VERY HIGH,Distance from village centroid to outer boundary of Kendrapara coastal-village belt,PROXY_REFERENCE,False
Jayapur,396024,Rajnagar,Kendrapara,1.7138432195352082,0.0945655106290171,3664.725349255749,3.664725349255749,0.5362391715642336,HIGH,Distance from village centroid to outer boundary of Kendrapara coastal-village belt,PROXY_REFERENCE,False
Tarapada,395997,Rajnagar,Kendrapara,1.487257797685624,0.0819392840601864,3046.3090000333173,3.0463090000333173,0.6151969400424901,HIGH,Distance from village centroid to outer boundary of Kendrapara coastal-village belt,PROXY_REFERENCE,False
Badkota,396005,Rajnagar,Kendrapara,1.0189661147889344,0.0558442385789387,481.54406103417006,0.4815440610341701,0.9426593632291814,VERY HIGH,Distance from village centroid to outer boundary of Kendrapara coastal-village belt,PROXY_REFERENCE,False
Taradeipur,396040,Rajnagar,Kendrapara,0.545385323854439,0.0294544632960682,2336.34998838577,2.33634998838577,0.705842634227649,HIGH,Distance from village centroid to outer boundary of Kendrapara coastal-village belt,PROXY_REFERENCE,False
Doligan,396998,Mahakalapada,Kendrapara,1.193811213383296,0.0655872918225294,853.4264611799987,0.8534264611799987,0.8951783991686866,VERY HIGH,Distance from village centroid to outer boundary of Kendrapara coastal-village belt,PROXY_REFERENCE,False
Isani Palla,396032,Rajnagar,Kendrapara,0.7632464446888736,0.0415945376651113,843.3136597080389,0.843313659708039,0.8964695749894642,VERY HIGH,Distance from village centroid to outer boundary of Kendrapara coastal-village belt,PROXY_REFERENCE,False
Tetelenga,396027,Rajnagar,Kendrapara,1.6177817067147515,0.0892125871464954,524.6594977689709,0.5246594977689709,0.9371544979780836,VERY HIGH,Distance from village centroid to outer boundary of Kendrapara coastal-village belt,PROXY_REFERENCE,False
Balarampur,396009,Rajnagar,Kendrapara,1.7595147181917312,0.0971105052940229,3891.2708028130874,3.8912708028130876,0.5073144455373864,HIGH,Distance from village centroid to outer boundary of Kendrapara coastal-village belt,PROXY_REFERENCE,False
Praharajpur,396043,Rajnagar,Kendrapara,1.8970383792704544,0.104773861961813,3329.278647796105,3.3292786477961047,0.5790681217107617,HIGH,Distance from village centroid to outer boundary of Kendrapara coastal-village belt,PROXY_REFERENCE,False
Arakhadiha,396006,Rajnagar,Kendrapara,0.7832905396271543,0.0427114730883703,1460.4835124555461,1.4604835124555462,0.8176709558936581,VERY HIGH,Distance from village centroid to outer boundary of Kendrapara coastal-village belt,PROXY_REFERENCE,False
Mangalpur,395909,Rajnagar,Kendrapara,0.3619836260373091,0.0192346028529523,79.43096542816248,0.07943096542816248,0.9940001027566133,VERY HIGH,Distance from village centroid to outer boundary of Kendrapara coastal-village belt,PROXY_REFERENCE,False
Garjang,397001,Mahakalapada,Kendrapara,0.6110409410254443,0.0331130512632492,2215.8901047523614,2.2158901047523614,0.7212226344731203,HIGH,Distance from village centroid to outer boundary of Kendrapara coastal-village belt,PROXY_REFERENCE,False
Odiasala,397012,Mahakalapada,Kendrapara,0.4815326243640405,0.0258963409587343,324.4416729239343,0.3244416729239343,0.962717781806546,VERY HIGH,Distance from village centroid to outer boundary of Kendrapara coastal-village belt,PROXY_REFERENCE,False
Basantpur,396037,Rajnagar,Kendrapara,1.0122386022957552,0.0554693552510965,1758.4394521306451,1.7584394521306452,0.7796287273349075,VERY HIGH,Distance from village centroid to outer boundary of Kendrapara coastal-village belt,PROXY_REFERENCE,False
Inkiria,396038,Rajnagar,Kendrapara,0.5817492463927032,0.0314808033895819,1595.4458211443457,1.5954458211443456,0.8004393242653223,VERY HIGH,Distance from village centroid to outer boundary of Kendrapara coastal-village belt,PROXY_REFERENCE,False
Gankalu Para,396030,Rajnagar,Kendrapara,0.8824731301279415,0.0482383152352486,825.6138864262482,0.8256138864262482,0.8987294353612969,VERY HIGH,Distance from village centroid to outer boundary of Kendrapara coastal-village belt,PROXY_REFERENCE,False
Duttapur,396041,Rajnagar,Kendrapara,0.6528396355179628,0.035442238121944,2481.7440714023255,2.4817440714023253,0.6872791011655558,HIGH,Distance from village centroid to outer boundary of Kendrapara coastal-village belt,PROXY_REFERENCE,False
Kani,395950,Rajnagar,Kendrapara,1.5977279012409893,0.088095110614192,2356.5175401482,2.3565175401482,0.7032676944078441,HIGH,Distance from village centroid to outer boundary of Kendrapara coastal-village belt,PROXY_REFERENCE,False
Madhyapara,395939,Rajnagar,Kendrapara,1.416867976244637,0.0780168877012387,1544.6376231118504,1.5446376231118504,0.80692638099028,VERY HIGH,Distance from village centroid to outer boundary of Kendrapara coastal-village belt,PROXY_REFERENCE,False
Bandhapara,395938,Rajnagar,Kendrapara,0.7286313040292633,0.0396656465426705,298.7630822103805,0.2987630822103805,0.9659963565450017,VERY HIGH,Distance from village centroid to outer boundary of Kendrapara coastal-village belt,PROXY_REFERENCE,False
Rajagarh,395948,Rajnagar,Kendrapara,1.6475623878129086,0.090872083259926,839.5668452577906,0.8395668452577907,0.8969479583767496,VERY HIGH,Distance from village centroid to outer boundary of Kendrapara coastal-village belt,PROXY_REFERENCE,False
Kusailo,395941,Rajnagar,Kendrapara,1.3339717997972331,0.0733975882910168,2558.062515830364,2.5580625158303643,0.6775349634606802,HIGH,Distance from village centroid to outer boundary of Kendrapara coastal-village belt,PROXY_REFERENCE,False
Badolara,395942,Rajnagar,Kendrapara,1.1519692802199246,0.0632556955358569,2132.2325930768366,2.1322325930768367,0.7319038049283458,HIGH,Distance from village centroid to outer boundary of Kendrapara coastal-village belt,PROXY_REFERENCE,False
Nanjura,396999,Mahakalapada,Kendrapara,1.507597859274468,0.0830727119036388,1460.9402412674876,1.4609402412674877,0.8176126419635106,VERY HIGH,Distance from village centroid to outer boundary of Kendrapara coastal-village belt,PROXY_REFERENCE,False
Dhaneswarpur,396004,Rajnagar,Kendrapara,0.9185683077391382,0.050249679809549,1114.1684252335328,1.1141684252335329,0.8618875528704107,VERY HIGH,Distance from village centroid to outer boundary of Kendrapara coastal-village belt,PROXY_REFERENCE,False
Baragudidanda,395946,Rajnagar,Kendrapara,1.3246611845137009,0.0728787643653401,1787.3117227174037,1.7873117227174036,0.7759423919731449,VERY HIGH,Distance from village centroid to outer boundary of Kendrapara coastal-village belt,PROXY_REFERENCE,False
Nurugan,395944,Rajnagar,Kendrapara,1.5698535925979875,0.086541845035572,717.9070610451034,0.7179070610451034,0.9124811587636057,VERY HIGH,Distance from village centroid to outer boundary of Kendrapara coastal-village belt,PROXY_REFERENCE,False
Barhapur,396039,Rajnagar,Kendrapara,1.0778854494918828,0.0591274545209513,1467.9413197776437,1.4679413197776436,0.8167187627237427,VERY HIGH,Distance from village centroid to outer boundary of Kendrapara coastal-village belt,PROXY_REFERENCE,False
Sanora,395999,Rajnagar,Kendrapara,0.6266652538838517,0.033983699129834,1675.2791586205,1.6752791586205,0.790246414286124,VERY HIGH,Distance from village centroid to outer boundary of Kendrapara coastal-village belt,PROXY_REFERENCE,False
Kanhua,395994,Rajnagar,Kendrapara,0.5950793713148173,0.0322236101248235,3695.1073598387725,3.6951073598387727,0.5323600765814852,HIGH,Distance from village centroid to outer boundary of Kendrapara coastal-village belt,PROXY_REFERENCE,False
Benudharpur,395951,Rajnagar,Kendrapara,0.6175765694685859,0.0334772420607824,2739.2750307544993,2.7392750307544995,0.6543982274789539,HIGH,Distance from village centroid to outer boundary of Kendrapara coastal-village belt,PROXY_REFERENCE,False
Kiajori,395945,Rajnagar,Kendrapara,2.499645740950644,0.1383535027812045,2214.5106641340185,2.2145106641340186,0.72139875781318,HIGH,Distance from village centroid to outer boundary of Kendrapara coastal-village belt,PROXY_REFERENCE,False
Bhopal,397005,Mahakalapada,Kendrapara,3.1267386150874583,0.1732975721918427,2928.994954424397,2.9289949544243967,0.6301752879857221,HIGH,Distance from village centroid to outer boundary of Kendrapara coastal-village belt,PROXY_REFERENCE,False
Mundatala Sahara Kani,397013,Mahakalapada,Kendrapara,1.3547826531110552,0.0745572504920804,1069.1546226255743,1.0691546226255744,0.867634796469507,VERY HIGH,Distance from village centroid to outer boundary of Kendrapara coastal-village belt,PROXY_REFERENCE,False
Santhapada,395933,Rajnagar,Kendrapara,1.2815550513244809,0.0704767219051037,441.91423963843033,0.44191423963843035,0.9477191943066324,VERY HIGH,Distance from village centroid to outer boundary of Kendrapara coastal-village belt,PROXY_REFERENCE,False
Tangataila,395932,Rajnagar,Kendrapara,0.7292328955394349,0.0396991695762677,234.21102084106985,0.23421102084106984,0.9742381934932015,VERY HIGH,Distance from village centroid to outer boundary of Kendrapara coastal-village belt,PROXY_REFERENCE,False
Badpalli,396033,Rajnagar,Kendrapara,0.9861349087468284,0.0540147552757685,265.15937375111577,0.26515937375111576,0.970286789415791,VERY HIGH,Distance from village centroid to outer boundary of Kendrapara coastal-village belt,PROXY_REFERENCE,False
Badmaricha Palli,396035,Rajnagar,Kendrapara,1.3268067799806476,0.0729983253426951,1435.7075835468884,1.4357075835468884,0.8208342811535145,VERY HIGH,Distance from village centroid to outer boundary of Kendrapara coastal-village belt,PROXY_REFERENCE,False
Katakana,395931,Rajnagar,Kendrapara,0.6705371607555484,0.0364284134969233,349.1979584072078,0.3491979584072078,0.9595569645674357,VERY HIGH,Distance from village centroid to outer boundary of Kendrapara coastal-village belt,PROXY_REFERENCE,False
Barunipalla,396036,Rajnagar,Kendrapara,0.5495449961055032,0.0296862565150021,923.1787436920451,0.9231787436920451,0.8862726116998705,VERY HIGH,Distance from village centroid to outer boundary of Kendrapara coastal-village belt,PROXY_REFERENCE,False
Sasana,397007,Mahakalapada,Kendrapara,2.0296422180166167,0.1121630668728738,2126.0447373606553,2.1260447373606555,0.7326938540265455,HIGH,Distance from village centroid to outer boundary of Kendrapara coastal-village belt,PROXY_REFERENCE,False
Tantiapal,396055,Mahakalapada,Kendrapara,0.6497380036102894,0.0352694030521512,3079.957725754594,3.079957725754594,0.6109007594864142,HIGH,Distance from village centroid to outer boundary of Kendrapara coastal-village belt,PROXY_REFERENCE,False
Bilakalupara,396029,Rajnagar,Kendrapara,0.709306131733075,0.0385887723029175,290.0744196528688,0.2900744196528688,0.9671057020651587,VERY HIGH,Distance from village centroid to outer boundary of Kendrapara coastal-village belt,PROXY_REFERENCE,False
Kankdia,396028,Rajnagar,Kendrapara,0.8549256500844821,0.0467032618254138,1279.4097547478339,1.2794097547478338,0.8407899757199452,VERY HIGH,Distance from village centroid to outer boundary of Kendrapara coastal-village belt,PROXY_REFERENCE,False
Badpal,396034,Rajnagar,Kendrapara,0.8108706967412741,0.0442483473924815,483.32276000627326,0.4833227600062733,0.942432263635504,VERY HIGH,Distance from village centroid to outer boundary of Kendrapara coastal-village belt,PROXY_REFERENCE,False
Mangarajpur,396007,Rajnagar,Kendrapara,1.779416354310447,0.0982195023542669,2483.3767927515105,2.4833767927515105,0.6870706396097761,HIGH,Distance from village centroid to outer boundary of Kendrapara coastal-village belt,PROXY_REFERENCE,False
Rajnagar,395998,Rajnagar,Kendrapara,2.743002774502563,0.1519143091987719,1722.8001426660967,1.7228001426660966,0.784179060373426,VERY HIGH,Distance from village centroid to outer boundary of Kendrapara coastal-village belt,PROXY_REFERENCE,False
Chakibanka,395936,Rajnagar,Kendrapara,1.3651324081710472,0.0751339793533312,367.19632684433896,0.36719632684433895,0.9572589803536738,VERY HIGH,Distance from village centroid to outer boundary of Kendrapara coastal-village belt,PROXY_REFERENCE,False
Guludia,395996,Rajnagar,Kendrapara,1.110767740999017,0.0609597845061832,1869.5286861359527,1.8695286861359528,0.7654451469201163,VERY HIGH,Distance from village centroid to outer boundary of Kendrapara coastal-village belt,PROXY_REFERENCE,False
Baghua,395993,Rajnagar,Kendrapara,0.9459068667025764,0.0517730913190805,4328.057597203315,4.328057597203315,0.45154665959643125,MODERATE,Distance from village centroid to outer boundary of Kendrapara coastal-village belt,PROXY_REFERENCE,False
Garjanpur,396001,Rajnagar,Kendrapara,1.2541462799356722,0.0689493978844166,244.40308282175857,0.24440308282175857,0.9729368978997084,VERY HIGH,Distance from village centroid to outer boundary of Kendrapara coastal-village belt,PROXY_REFERENCE,False
Firikidandi,395937,Rajnagar,Kendrapara,1.1680446294070528,0.0641514769120502,44.432162131539485,0.044432162131539485,0.9984686576568603,VERY HIGH,Distance from village centroid to outer boundary of Kendrapara coastal-village belt,PROXY_REFERENCE,False
Sanabadagopalpur,396000,Rajnagar,Kendrapara,1.1197479504041958,0.0614601969230976,907.530035605895,0.9075300356058951,0.8882705974769342,VERY HIGH,Distance from village centroid to outer boundary of Kendrapara coastal-village belt,PROXY_REFERENCE,False
Mahinsasur,395995,Rajnagar,Kendrapara,3.2262587232210227,0.1788432221422753,3370.1418184280983,3.3701418184280985,0.5738508198556196,HIGH,Distance from village centroid to outer boundary of Kendrapara coastal-village belt,PROXY_REFERENCE,False
Jharpada,395908,Rajnagar,Kendrapara,0.940493180629823,0.0514714195417475,653.7558715203304,0.6537558715203304,0.9206718134519408,VERY HIGH,Distance from village centroid to outer boundary of Kendrapara coastal-village belt,PROXY_REFERENCE,False
Khandeipara,395940,Rajnagar,Kendrapara,1.1892226989314203,0.0653316018376627,1334.648527837117,1.334648527837117,0.8337372348567863,VERY HIGH,Distance from village centroid to outer boundary of Kendrapara coastal-village belt,PROXY_REFERENCE,False
Baghataila,395952,Rajnagar,Kendrapara,0.8619623640886126,0.047095375071672,1104.2714373201693,1.1042714373201692,0.8631511741852063,VERY HIGH,Distance from village centroid to outer boundary of Kendrapara coastal-village belt,PROXY_REFERENCE,False
Govindpur,395934,Rajnagar,Kendrapara,1.3067947555783324,0.0718831770152253,993.3308985004243,0.9933308985004242,0.8773157695908684,VERY HIGH,Distance from village centroid to outer boundary of Kendrapara coastal-village belt,PROXY_REFERENCE,False
Dhandia,395947,Rajnagar,Kendrapara,1.3373334041849505,0.0735849100449391,1329.865859165568,1.329865859165568,0.8343478733791203,VERY HIGH,Distance from village centroid to outer boundary of Kendrapara coastal-village belt,PROXY_REFERENCE,False
Kshirkot,396026,Rajnagar,Kendrapara,0.8243895798409536,0.0450016724721832,1365.067445104812,1.365067445104812,0.8298534277258756,VERY HIGH,Distance from village centroid to outer boundary of Kendrapara coastal-village belt,PROXY_REFERENCE,False
Jagannathapur,396002,Rajnagar,Kendrapara,0.8276221750144201,0.0451818053277409,376.4600789230265,0.3764600789230265,0.956076208920175,VERY HIGH,Distance from village centroid to outer boundary of Kendrapara coastal-village belt,PROXY_REFERENCE,False
Sukdevpur,396008,Rajnagar,Kendrapara,0.5825729588219252,0.0315267038701778,3269.387944676942,3.269387944676942,0.5867148087312919,HIGH,Distance from village centroid to outer boundary of Kendrapara coastal-village belt,PROXY_REFERENCE,False
Tamulia,397008,Mahakalapada,Kendrapara,0.5811216158767759,0.0314458293606664,1960.0222664085618,1.9600222664085618,0.7538911652556323,VERY HIGH,Distance from village centroid to outer boundary of Kendrapara coastal-village belt,PROXY_REFERENCE,False
Tamulia,396003,Rajnagar,Kendrapara,0.6661958502887887,0.0361864986856724,446.1315278485303,0.44613152784853033,0.9471807420705008,VERY HIGH,Distance from village centroid to outer boundary of Kendrapara coastal-village belt,PROXY_REFERENCE,False
Dakhinadandi,395935,Rajnagar,Kendrapara,0.9800062967930936,0.053673245030102,192.82482373436392,0.1928248237343639,0.9795222739892225,VERY HIGH,Distance from village centroid to outer boundary of Kendrapara coastal-village belt,PROXY_REFERENCE,False
Singar Pur,397006,Mahakalapada,Kendrapara,0.7404794975645099,0.0403258742607038,2885.704884336006,2.8857048843360062,0.6357024499628341,HIGH,Distance from village centroid to outer boundary of Kendrapara coastal-village belt,PROXY_REFERENCE,False
Keradasahi,396031,Rajnagar,Kendrapara,0.7405884470933163,0.0403319453548812,348.1905391583377,0.3481905391583377,0.9596855892001978,VERY HIGH,Distance from village centroid to outer boundary of Kendrapara coastal-village belt,PROXY_REFERENCE,False
Padini,395911,Rajnagar,Kendrapara,0.5983805197249428,0.0324075630350476,612.029562313883,0.6120295623138831,0.9259993185638566,VERY HIGH,Distance from village centroid to outer boundary of Kendrapara coastal-village belt,PROXY_REFERENCE,False
Chandrasekhar,395964,Rajnagar,Kendrapara,0.6660352392186237,0.0361775488082054,3381.918071190089,3.381918071190089,0.5723472589612613,HIGH,Distance from village centroid to outer boundary of Kendrapara coastal-village belt,PROXY_REFERENCE,False
Junapangara,395970,Rajnagar,Kendrapara,0.5600500491742165,0.0302716391891409,2469.375169468598,2.469375169468598,0.6888583299431285,HIGH,Distance from village centroid to outer boundary of Kendrapara coastal-village belt,PROXY_REFERENCE,False
Bindhanaukana,396044,Rajnagar,Kendrapara,0.5456841960648504,0.0294711176254287,2620.8940849120204,2.6208940849120204,0.6695127944301997,HIGH,Distance from village centroid to outer boundary of Kendrapara coastal-village belt,PROXY_REFERENCE,False
Gopalpur,395885,Rajnagar,Kendrapara,0.406000740248863,0.0216874087413652,1403.1990687317607,1.4031990687317606,0.8249848825882473,VERY HIGH,Distance from village centroid to outer boundary of Kendrapara coastal-village belt,PROXY_REFERENCE,False
Baro,397010,Mahakalapada,Kendrapara,1.255016300596774,0.0689978788409449,443.5257512223439,0.4435257512223439,0.9475134407577448,VERY HIGH,Distance from village centroid to outer boundary of Kendrapara coastal-village belt,PROXY_REFERENCE,False
Khandiora,395981,Rajnagar,Kendrapara,0.478288694406378,0.0257155764846365,406.35605529928455,0.40635605529928454,0.9522591695030961,VERY HIGH,Distance from village centroid to outer boundary of Kendrapara coastal-village belt,PROXY_REFERENCE,False
Junapanga,396019,Rajnagar,Kendrapara,0.2878603506970046,0.0151041638298638,245.2730567785802,0.24527305677858022,0.9728258219193414,VERY HIGH,Distance from village centroid to outer boundary of Kendrapara coastal-village belt,PROXY_REFERENCE,False
Chakradharpur,396010,Rajnagar,Kendrapara,1.4035647036463093,0.0772755772825795,3517.0109644302484,3.5170109644302485,0.555098954641807,HIGH,Distance from village centroid to outer boundary of Kendrapara coastal-village belt,PROXY_REFERENCE,False
Nathapur,395961,Rajnagar,Kendrapara,0.7272869761192367,0.0395907353297767,4072.982183484521,4.0729821834845215,0.4841140156927365,MODERATE,Distance from village centroid to outer boundary of Kendrapara coastal-village belt,PROXY_REFERENCE,False
Nodhabasanta,395962,Rajnagar,Kendrapara,0.9778881500834772,0.0535552136049409,3447.163025096447,3.4471630250964473,0.5640169553213427,HIGH,Distance from village centroid to outer boundary of Kendrapara coastal-village belt,PROXY_REFERENCE,False
Badanaukana,396023,Rajnagar,Kendrapara,1.006315586821792,0.0551393016459947,2932.094171502091,2.932094171502091,0.6297795881230128,HIGH,Distance from village centroid to outer boundary of Kendrapara coastal-village belt,PROXY_REFERENCE,False
Manapara,395956,Rajnagar,Kendrapara,0.9531999059199296,0.0521794880094854,3138.705298881759,3.138705298881759,0.6034000242884097,HIGH,Distance from village centroid to outer boundary of Kendrapara coastal-village belt,PROXY_REFERENCE,False
Bandhapur,396051,Rajnagar,Kendrapara,0.853557630265557,0.0466270304066253,1117.056733020644,1.117056733020644,0.8615187813496781,VERY HIGH,Distance from village centroid to outer boundary of Kendrapara coastal-village belt,PROXY_REFERENCE,False
Endulapur,395986,Rajnagar,Kendrapara,1.0424746076785745,0.0571542238158238,1338.3691910611299,1.33836919106113,0.8332621903890963,VERY HIGH,Distance from village centroid to outer boundary of Kendrapara coastal-village belt,PROXY_REFERENCE,False
Sendhakani,395968,Rajnagar,Kendrapara,1.41376182888857,0.0778438010129878,2792.959880602949,2.792959880602949,0.6475438874369198,HIGH,Distance from village centroid to outer boundary of Kendrapara coastal-village belt,PROXY_REFERENCE,False
Hatiagadi,395954,Rajnagar,Kendrapara,0.6303847265554346,0.0341909627052424,2000.6295843275295,2.0006295843275295,0.7487065300001119,HIGH,Distance from village centroid to outer boundary of Kendrapara coastal-village belt,PROXY_REFERENCE,False
Kanafulia,395977,Rajnagar,Kendrapara,0.545116319121184,0.0294394732994372,559.7424829146238,0.5597424829146238,0.9326751949613707,VERY HIGH,Distance from village centroid to outer boundary of Kendrapara coastal-village belt,PROXY_REFERENCE,False
Jhinkiria,395958,Rajnagar,Kendrapara,0.830476339743593,0.0453408505577523,3730.6681126967737,3.730668112696774,0.5278197734433082,HIGH,Distance from village centroid to outer boundary of Kendrapara coastal-village belt,PROXY_REFERENCE,False
Badhi,395972,Rajnagar,Kendrapara,0.5524055062169001,0.0298456553345471,1799.3401168344383,1.7993401168344383,0.7744066383355637,VERY HIGH,Distance from village centroid to outer boundary of Kendrapara coastal-village belt,PROXY_REFERENCE,False
Prasanpur,396013,Rajnagar,Kendrapara,0.7126439916686204,0.0387747709230282,930.5056972237311,0.9305056972237311,0.8853371255968054,VERY HIGH,Distance from village centroid to outer boundary of Kendrapara coastal-village belt,PROXY_REFERENCE,False
Brahmansahi,396022,Rajnagar,Kendrapara,2.098569235879496,0.1160039500909843,2235.8065960280323,2.2358065960280324,0.7186797493941262,HIGH,Distance from village centroid to outer boundary of Kendrapara coastal-village belt,PROXY_REFERENCE,False
Kandhamara,396012,Rajnagar,Kendrapara,0.9328356658763184,0.0510447128478981,1888.453444178769,1.8884534441787688,0.7630288837247294,VERY HIGH,Distance from village centroid to outer boundary of Kendrapara coastal-village belt,PROXY_REFERENCE,False
Penth,396021,Rajnagar,Kendrapara,1.2282146246445642,0.0675043845541782,1277.1614559048164,1.2771614559048163,0.841077032586634,VERY HIGH,Distance from village centroid to outer boundary of Kendrapara coastal-village belt,PROXY_REFERENCE,False
Gokhani,395971,Rajnagar,Kendrapara,0.7959461672435151,0.043416694193729,1527.9832663913267,1.5279832663913266,0.8090527653327166,VERY HIGH,Distance from village centroid to outer boundary of Kendrapara coastal-village belt,PROXY_REFERENCE,False
Chinchiri,395982,Rajnagar,Kendrapara,1.2689621571174377,0.069774996550853,476.60193532242135,0.47660193532242134,0.9432903608058615,VERY HIGH,Distance from village centroid to outer boundary of Kendrapara coastal-village belt,PROXY_REFERENCE,False
Paripangara,395963,Rajnagar,Kendrapara,1.2389701307136345,0.0681037234497788,2482.146930229874,2.482146930229874,0.6872276652129407,HIGH,Distance from village centroid to outer boundary of Kendrapara coastal-village belt,PROXY_REFERENCE,False
Narangarh,395884,Rajnagar,Kendrapara,0.3855497515792627,0.0205477996068006,852.8455464686446,0.8528455464686445,0.8952525688269474,VERY HIGH,Distance from village centroid to outer boundary of Kendrapara coastal-village belt,PROXY_REFERENCE,False
Kanakapur,395978,Rajnagar,Kendrapara,0.6691933008210139,0.0363535283614556,328.17691564241454,0.3281769156424145,0.9622408758674539,VERY HIGH,Distance from village centroid to outer boundary of Kendrapara coastal-village belt,PROXY_REFERENCE,False
Bahargarh,395898,Rajnagar,Kendrapara,0.9449297620064964,0.0517186432209925,3389.174895347729,3.389174895347729,0.5714207267917175,HIGH,Distance from village centroid to outer boundary of Kendrapara coastal-village belt,PROXY_REFERENCE,False
Velsari,396047,Rajnagar,Kendrapara,0.9723172101726282,0.0532447790282521,1507.0432362025538,1.5070432362025539,0.8117263331606883,VERY HIGH,Distance from village centroid to outer boundary of Kendrapara coastal-village belt,PROXY_REFERENCE,False
Joginatha,396074,Rajnagar,Kendrapara,0.3388810240391062,0.0179472354452094,1528.332653897625,1.528332653897625,0.8090081564573753,VERY HIGH,Distance from village centroid to outer boundary of Kendrapara coastal-village belt,PROXY_REFERENCE,False
Badkuji,395985,Rajnagar,Kendrapara,0.522853434432035,0.0281988982268381,1221.2438318904315,1.2212438318904315,0.8482164473455313,VERY HIGH,Distance from village centroid to outer boundary of Kendrapara coastal-village belt,PROXY_REFERENCE,False
Gahmasikhar,395983,Rajnagar,Kendrapara,0.6230227398616563,0.0337807239915882,636.6149065728473,0.6366149065728473,0.9228603266494314,VERY HIGH,Distance from village centroid to outer boundary of Kendrapara coastal-village belt,PROXY_REFERENCE,False
Pokharia,395957,Rajnagar,Kendrapara,1.1627090694870517,0.0638541586297371,3635.744689244466,3.635744689244466,0.5399393458018571,HIGH,Distance from village centroid to outer boundary of Kendrapara coastal-village belt,PROXY_REFERENCE,False
Mahulia,395953,Rajnagar,Kendrapara,1.1462520704084065,0.0629371102277973,1922.8918118006955,1.9228918118006955,0.7586318837733534,VERY HIGH,Distance from village centroid to outer boundary of Kendrapara coastal-village belt,PROXY_REFERENCE,False
Guhalkani,395959,Rajnagar,Kendrapara,0.553026177336944,0.0298802415586847,3206.410923582536,3.2064109235825358,0.5947555486911501,HIGH,Distance from village centroid to outer boundary of Kendrapara coastal-village belt,PROXY_REFERENCE,False
Sundripal,396073,Rajnagar,Kendrapara,0.5470841335321716,0.0295491276205127,1744.1943395633202,1.7441943395633202,0.7814475057379232,VERY HIGH,Distance from village centroid to outer boundary of Kendrapara coastal-village belt,PROXY_REFERENCE,False
Kathapangara,395973,Rajnagar,Kendrapara,1.2393548816135789,0.0681251632758523,1622.066531729453,1.622066531729453,0.7970404621463818,VERY HIGH,Distance from village centroid to outer boundary of Kendrapara coastal-village belt,PROXY_REFERENCE,False
Krishnapriyapur,395882,Rajnagar,Kendrapara,0.8998088573460731,0.0492043298084937,340.06435430005223,0.3400643543000522,0.9607231190511772,VERY HIGH,Distance from village centroid to outer boundary of Kendrapara coastal-village belt,PROXY_REFERENCE,False
Lunia,396011,Rajnagar,Kendrapara,0.3548203703503679,0.0188354382088393,2183.2184604414056,2.1832184604414056,0.7253940638516481,HIGH,Distance from village centroid to outer boundary of Kendrapara coastal-village belt,PROXY_REFERENCE,False
Tiara,395992,Rajnagar,Kendrapara,0.4372679578938161,0.02342974048954,4249.764830091157,4.249764830091157,0.461542873614603,MODERATE,Distance from village centroid to outer boundary of Kendrapara coastal-village belt,PROXY_REFERENCE,False
Dhagua,395991,Rajnagar,Kendrapara,0.6073361593332621,0.032906606326714,4068.3817880844767,4.068381788084476,0.4847013820444863,MODERATE,Distance from village centroid to outer boundary of Kendrapara coastal-village belt,PROXY_REFERENCE,False
Bhadia,395901,Rajnagar,Kendrapara,0.5380485839343916,0.0290456314314631,2351.22541111576,2.35122541111576,0.7039433794854231,HIGH,Distance from village centroid to outer boundary of Kendrapara coastal-village belt,PROXY_REFERENCE,False
Khamarsahi,395955,Rajnagar,Kendrapara,0.566193651528448,0.030613984758596,2868.3201107293726,2.8683201107293725,0.6379220920069124,HIGH,Distance from village centroid to outer boundary of Kendrapara coastal-village belt,PROXY_REFERENCE,False
Kathuaganda,395979,Rajnagar,Kendrapara,0.672530923786317,0.0365395137766569,559.4826561871973,0.5594826561871973,0.9327083689526703,VERY HIGH,Distance from village centroid to outer boundary of Kendrapara coastal-village belt,PROXY_REFERENCE,False
Hatina,395988,Rajnagar,Kendrapara,2.345431191979353,0.1297600645113138,2521.8556583785507,2.5218556583785507,0.6821577595293806,HIGH,Distance from village centroid to outer boundary of Kendrapara coastal-village belt,PROXY_REFERENCE,False
Kaitha,395984,Rajnagar,Kendrapara,2.0477552673488035,0.1131723968767803,578.3006496046451,0.5783006496046451,0.930305737183073,VERY HIGH,Distance from village centroid to outer boundary of Kendrapara coastal-village belt,PROXY_REFERENCE,False
Dera,395987,Rajnagar,Kendrapara,0.7644396796586616,0.0416610293879919,2007.5074594527543,2.0075074594527544,0.7478283810435995,HIGH,Distance from village centroid to outer boundary of Kendrapara coastal-village belt,PROXY_REFERENCE,False
Mugakani,395989,Rajnagar,Kendrapara,0.3283064995032984,0.0173579815490104,3368.6039331218253,3.3686039331218254,0.5740471729955576,HIGH,Distance from village centroid to outer boundary of Kendrapara coastal-village belt,PROXY_REFERENCE,False
Pachimaveda,395960,Rajnagar,Kendrapara,0.7530586032510083,0.041026831264621,4099.9498706843,4.099949870684299,0.4806708525147394,MODERATE,Distance from village centroid to outer boundary of Kendrapara coastal-village belt,PROXY_REFERENCE,False
Kurunti,395990,Rajnagar,Kendrapara,2.948515647524384,0.1633662908682165,3657.699228735347,3.6576992287353467,0.5371362481018248,HIGH,Distance from village centroid to outer boundary of Kendrapara coastal-village belt,PROXY_REFERENCE,False
Chardia,395902,Rajnagar,Kendrapara,0.8776899551529131,0.0479717780041237,1451.3818263745534,1.4513818263745535,0.8188330351679988,VERY HIGH,Distance from village centroid to outer boundary of Kendrapara coastal-village belt,PROXY_REFERENCE,False
Nuagan,395980,Rajnagar,Kendrapara,0.6845799676065873,0.0372109336587069,692.6922399471845,0.6926922399471844,0.9157005206206675,VERY HIGH,Distance from village centroid to outer boundary of Kendrapara coastal-village belt,PROXY_REFERENCE,False
Maliparida,395965,Rajnagar,Kendrapara,0.6420341557851705,0.0348401144982022,3932.763359839627,3.932763359839627,0.502016785287311,HIGH,Distance from village centroid to outer boundary of Kendrapara coastal-village belt,PROXY_REFERENCE,False
Dhobeigarh,395974,Rajnagar,Kendrapara,0.7359444924617407,0.0400731660262068,1871.4109095906256,1.8714109095906255,0.7652048295935365,VERY HIGH,Distance from village centroid to outer boundary of Kendrapara coastal-village belt,PROXY_REFERENCE,False
Nachhipara,395976,Rajnagar,Kendrapara,0.6774051014484699,0.0368111220336962,1097.076383821862,1.097076383821862,0.8640698196398782,VERY HIGH,Distance from village centroid to outer boundary of Kendrapara coastal-village belt,PROXY_REFERENCE,False
Gadadharpur,395890,Rajnagar,Kendrapara,0.8719552352366295,0.0476522169644914,1923.9159560241187,1.9239159560241188,0.7585011237399503,VERY HIGH,Distance from village centroid to outer boundary of Kendrapara coastal-village belt,PROXY_REFERENCE,False
Laxminarayanpur,395897,Rajnagar,Kendrapara,1.183512883306574,0.0650134285626255,4408.651153272325,4.408651153272325,0.44125668691227204,MODERATE,Distance from village centroid to outer boundary of Kendrapara coastal-village belt,PROXY_REFERENCE,False
Paunsiapal,397011,Mahakalapada,Kendrapara,0.6097211568675541,0.0330395077242896,230.10057323989784,0.23010057323989785,0.974763004602163,VERY HIGH,Distance from village centroid to outer boundary of Kendrapara coastal-village belt,PROXY_REFERENCE,False
Ambaora,395891,Rajnagar,Kendrapara,0.8649604337620088,0.0472624392484246,3005.4547685042535,3.0054547685042534,0.6204131005765461,HIGH,Distance from village centroid to outer boundary of Kendrapara coastal-village belt,PROXY_REFERENCE,False
Kanhupur,396050,Rajnagar,Kendrapara,2.7453555891371173,0.1520454172392091,406.53927293556063,0.40653927293556064,0.9522357767585083,VERY HIGH,Distance from village centroid to outer boundary of Kendrapara coastal-village belt,PROXY_REFERENCE,False
Nuapokhari,395969,Rajnagar,Kendrapara,0.433526173099955,0.0232212335953478,2138.712948103834,2.138712948103834,0.731076410289569,HIGH,Distance from village centroid to outer boundary of Kendrapara coastal-village belt,PROXY_REFERENCE,False
Chittakolha,396014,Rajnagar,Kendrapara,0.7208500030931807,0.0392320419982243,615.3823670152289,0.6153823670152289,0.9255712413021631,VERY HIGH,Distance from village centroid to outer boundary of Kendrapara coastal-village belt,PROXY_REFERENCE,False
Sankuji,396015,Rajnagar,Kendrapara,0.6517557908500085,0.0353818420548392,503.33679377080654,0.5033367937708065,0.9398769245887875,VERY HIGH,Distance from village centroid to outer boundary of Kendrapara coastal-village belt,PROXY_REFERENCE,False
Bhatasahi,395967,Rajnagar,Kendrapara,0.4942041626112592,0.0266024486667191,2931.469350319456,2.9314693503194564,0.6298593636437293,HIGH,Distance from village centroid to outer boundary of Kendrapara coastal-village belt,PROXY_REFERENCE,False
Ogalasendha,395966,Rajnagar,Kendrapara,0.3930610507213861,0.0209663585944907,3623.969683471067,3.623969683471067,0.5414427474840007,HIGH,Distance from village centroid to outer boundary of Kendrapara coastal-village belt,PROXY_REFERENCE,False
Chakulidiha,397009,Mahakalapada,Kendrapara,0.9814243595060228,0.0537522650348142,1163.5177823070153,1.1635177823070153,0.8555867571116017,VERY HIGH,Distance from village centroid to outer boundary of Kendrapara coastal-village belt,PROXY_REFERENCE,False
Kadalichua,396046,Rajnagar,Kendrapara,0.8456872571975208,0.0461884624143552,2223.4312438985357,2.2234312438985357,0.7202598017156832,HIGH,Distance from village centroid to outer boundary of Kendrapara coastal-village belt,PROXY_REFERENCE,False
Akarapara,396045,Rajnagar,Kendrapara,0.7914001554842478,0.0431633726252514,2454.843705046631,2.4548437050466307,0.6907136689957301,HIGH,Distance from village centroid to outer boundary of Kendrapara coastal-village belt,PROXY_REFERENCE,False
Charapada,395648,Rajkanika,Kendrapara,4.931389795974996,0.2738597994595791,388.99056524463793,0.38899056524463793,0.9544763494741144,VERY HIGH,Distance from village centroid to outer boundary of Kendrapara coastal-village belt,PROXY_REFERENCE,False
Kharakhara,396105,Rajkanika,Kendrapara,0.8765568017147858,0.0479086342593485,175.0769326024152,0.17507693260241522,0.9817882779212591,VERY HIGH,Distance from village centroid to outer boundary of Kendrapara coastal-village belt,PROXY_REFERENCE,False
Ujanga,395652,Rajkanika,Kendrapara,6.012884913672211,0.3341249404278891,1097.0032289348128,1.0970032289348128,0.8640791598629204,VERY HIGH,Distance from village centroid to outer boundary of Kendrapara coastal-village belt,PROXY_REFERENCE,False
Mirzapur,395709,Rajkanika,Kendrapara,1.7495060576641128,0.096552783555172,509.3095332261187,0.5093095332261187,0.9391143409674352,VERY HIGH,Distance from village centroid to outer boundary of Kendrapara coastal-village belt,PROXY_REFERENCE,False
Namatara,395649,Rajkanika,Kendrapara,4.157413854952798,0.2307308306565577,939.4851333510709,0.9394851333510709,0.8841906548741293,VERY HIGH,Distance from village centroid to outer boundary of Kendrapara coastal-village belt,PROXY_REFERENCE,False
Deulatara,395650,Rajkanika,Kendrapara,3.466263557469012,0.1922172308940009,1328.1020793142864,1.3281020793142864,0.8345730681387984,VERY HIGH,Distance from village centroid to outer boundary of Kendrapara coastal-village belt,PROXY_REFERENCE,False
Muradpur,395651,Rajkanika,Kendrapara,1.2475602092073437,0.0685823962453199,1169.122632159971,1.169122632159971,0.8548711446644187,VERY HIGH,Distance from village centroid to outer boundary of Kendrapara coastal-village belt,PROXY_REFERENCE,False
Habalaganda,395711,Rajkanika,Kendrapara,0.6105499804312464,0.0330856930173033,251.89693011466568,0.2518969301146657,0.9719801032413706,VERY HIGH,Distance from village centroid to outer boundary of Kendrapara coastal-village belt,PROXY_REFERENCE,False
Gopinathapur,395643,Rajkanika,Kendrapara,0.2382846040539793,0.012341609185685,2042.8029010935138,2.0428029010935136,0.7433219521419171,HIGH,Distance from village centroid to outer boundary of Kendrapara coastal-village belt,PROXY_REFERENCE,False
Parinuapada,395712,Rajkanika,Kendrapara,2.630075939111531,0.1456215839311475,786.9512704052302,0.7869512704052302,0.9036657762073784,VERY HIGH,Distance from village centroid to outer boundary of Kendrapara coastal-village belt,PROXY_REFERENCE,False
Bharigada,395705,Rajkanika,Kendrapara,0.7650303759278183,0.0416939452961154,666.950666233562,0.6669506662335619,0.9189871368624628,VERY HIGH,Distance from village centroid to outer boundary of Kendrapara coastal-village belt,PROXY_REFERENCE,False
Dakhinaveda,395907,Rajnagar,Kendrapara,0.5446295173952226,0.0294123468019074,520.6253527171563,0.5206253527171563,0.9376695669787809,VERY HIGH,Distance from village centroid to outer boundary of Kendrapara coastal-village belt,PROXY_REFERENCE,False
Abdulpur,395647,Rajkanika,Kendrapara,1.0315449326364,0.0565451795433384,599.4987954073191,0.5994987954073191,0.9275992138342638,VERY HIGH,Distance from village centroid to outer boundary of Kendrapara coastal-village belt,PROXY_REFERENCE,False
Mahamadpur,395592,Rajkanika,Kendrapara,0.4636140331999343,0.0248978469250694,524.7659553512156,0.5247659553512155,0.9371409057547503,VERY HIGH,Distance from village centroid to outer boundary of Kendrapara coastal-village belt,PROXY_REFERENCE,False
Hatasahi,395642,Rajkanika,Kendrapara,13.309403766156205,0.7407155297216903,2872.015747800513,2.8720157478005133,0.6374502428124179,HIGH,Distance from village centroid to outer boundary of Kendrapara coastal-village belt,PROXY_REFERENCE,False
Sihopada,395641,Rajkanika,Kendrapara,3.2028350191148944,0.1775379616682738,2924.5120598162002,2.9245120598162004,0.6307476521462613,HIGH,Distance from village centroid to outer boundary of Kendrapara coastal-village belt,PROXY_REFERENCE,False
Kanapur Kaema,395603,Rajkanika,Kendrapara,1.7052014429961553,0.0940839570160414,312.42937415675414,0.31242937415675415,0.9642514804323071,VERY HIGH,Distance from village centroid to outer boundary of Kendrapara coastal-village belt,PROXY_REFERENCE,False
Padhanpada,395594,Rajkanika,Kendrapara,2.2957321440889507,0.1269906390390257,817.9814090358158,0.8179814090358157,0.8997039299448684,VERY HIGH,Distance from village centroid to outer boundary of Kendrapara coastal-village belt,PROXY_REFERENCE,False
Batarapada,395598,Rajkanika,Kendrapara,2.1256317346362845,0.1175119784452918,656.6528933479101,0.6566528933479101,0.9203019293455033,VERY HIGH,Distance from village centroid to outer boundary of Kendrapara coastal-village belt,PROXY_REFERENCE,False
Bhamanda,395600,Rajkanika,Kendrapara,5.752733070934868,0.3196282615070315,1661.98667408493,1.66198667408493,0.7919435636544743,VERY HIGH,Distance from village centroid to outer boundary of Kendrapara coastal-village belt,PROXY_REFERENCE,False
Kanapur Barha,395602,Rajkanika,Kendrapara,1.9807119789886487,0.1094364824395457,628.7295363163026,0.6287295363163027,0.9238671099271769,VERY HIGH,Distance from village centroid to outer boundary of Kendrapara coastal-village belt,PROXY_REFERENCE,False
Ahamadpur,395646,Rajkanika,Kendrapara,0.8445638525038298,0.0461258619077769,496.02821108428384,0.49602821108428385,0.9408100651507927,VERY HIGH,Distance from village centroid to outer boundary of Kendrapara coastal-village belt,PROXY_REFERENCE,False
Fazilpur,395593,Rajkanika,Kendrapara,0.8869866310159391,0.0484898251707303,293.1803660269487,0.2931803660269487,0.9667091430236345,VERY HIGH,Distance from village centroid to outer boundary of Kendrapara coastal-village belt,PROXY_REFERENCE,False
Sanahalapada,395596,Rajkanika,Kendrapara,1.618471484396133,0.0892510242587163,382.6200501498852,0.38262005014988515,0.9552897200400304,VERY HIGH,Distance from village centroid to outer boundary of Kendrapara coastal-village belt,PROXY_REFERENCE,False
Agapada,395640,Rajkanika,Kendrapara,3.484604904375432,0.1932392825323084,3283.3402211621046,3.2833402211621046,0.5849334188669308,HIGH,Distance from village centroid to outer boundary of Kendrapara coastal-village belt,PROXY_REFERENCE,False
Gahamapal,395599,Rajkanika,Kendrapara,0.3649126609982299,0.0193978201453215,177.39135859137266,0.17739135859137267,0.9814927781149781,VERY HIGH,Distance from village centroid to outer boundary of Kendrapara coastal-village belt,PROXY_REFERENCE,False
Damodarpur,395645,Rajkanika,Kendrapara,0.4704813936525116,0.0252805231285792,110.71993803240352,0.11071993803240351,0.9900052092549869,VERY HIGH,Distance from village centroid to outer boundary of Kendrapara coastal-village belt,PROXY_REFERENCE,False
Kothasahi,395653,Rajkanika,Kendrapara,1.274328292006864,0.070074018590134,1884.8960515834424,1.8848960515834423,0.7634830822291533,VERY HIGH,Distance from village centroid to outer boundary of Kendrapara coastal-village belt,PROXY_REFERENCE,False
Panasaganda,395644,Rajkanika,Kendrapara,1.2672482967102054,0.0696794935408517,203.85493768296672,0.20385493768296672,0.9781139781307162,VERY HIGH,Distance from village centroid to outer boundary of Kendrapara coastal-village belt,PROXY_REFERENCE,False
Badahalapada,395595,Rajkanika,Kendrapara,1.606493321002603,0.0885835541114727,1007.4386146091326,1.0074386146091325,0.8755145336053242,VERY HIGH,Distance from village centroid to outer boundary of Kendrapara coastal-village belt,PROXY_REFERENCE,False
Domanda Barha,395601,Rajkanika,Kendrapara,3.333705520045174,0.184830578211888,1641.2627485861938,1.6412627485861937,0.7945895398055693,VERY HIGH,Distance from village centroid to outer boundary of Kendrapara coastal-village belt,PROXY_REFERENCE,False
Sikdarpur,395597,Rajkanika,Kendrapara,1.021130782268835,0.055964862323504,455.37870739063817,0.4553787073906382,0.9460000865747646,VERY HIGH,Distance from village centroid to outer boundary of Kendrapara coastal-village belt,PROXY_REFERENCE,False
Nuadia,395745,Rajkanika,Kendrapara,0.6679970387236499,0.0362868679551783,366.8970387341506,0.36689703873415064,0.9572971926702503,VERY HIGH,Distance from village centroid to outer boundary of Kendrapara coastal-village belt,PROXY_REFERENCE,False
Balabhadraprasad,395917,Rajnagar,Kendrapara,0.6162513802488958,0.0334033973306237,914.2745173513277,0.9142745173513277,0.8874094798353465,VERY HIGH,Distance from village centroid to outer boundary of Kendrapara coastal-village belt,PROXY_REFERENCE,False
Parimakundapur,395713,Rajkanika,Kendrapara,0.8578703534884609,0.046867352224757,506.6996110508911,0.5066996110508911,0.9394475689474473,VERY HIGH,Distance from village centroid to outer boundary of Kendrapara coastal-village belt,PROXY_REFERENCE,False
Tentulikoli,395726,Rajkanika,Kendrapara,3.023102482831413,0.1675225612670411,2502.539771749398,2.502539771749398,0.6846239609911218,HIGH,Distance from village centroid to outer boundary of Kendrapara coastal-village belt,PROXY_REFERENCE,False
Manikhandi,395919,Rajnagar,Kendrapara,0.5170898426529295,0.0278777283340038,1652.0354033073593,1.6520354033073592,0.7932141156622079,VERY HIGH,Distance from village centroid to outer boundary of Kendrapara coastal-village belt,PROXY_REFERENCE,False
Deulasahi,395655,Rajkanika,Kendrapara,3.336056424108974,0.1849615797878447,2282.2319486121514,2.2822319486121514,0.7127522828168482,HIGH,Distance from village centroid to outer boundary of Kendrapara coastal-village belt,PROXY_REFERENCE,False
Belpal,395925,Rajnagar,Kendrapara,3.2821203209215275,0.1819560490104207,530.7073285402297,0.5307073285402297,0.9363823268955546,VERY HIGH,Distance from village centroid to outer boundary of Kendrapara coastal-village belt,PROXY_REFERENCE,False
Badaraja,395722,Rajkanika,Kendrapara,0.9570129669826434,0.0523919666963559,2831.7873110179466,2.831787311017947,0.6425865035236908,HIGH,Distance from village centroid to outer boundary of Kendrapara coastal-village belt,PROXY_REFERENCE,False
Barunadia,395706,Rajkanika,Kendrapara,2.108370370027078,0.116550107647674,773.196527776415,0.773196527776415,0.9054219454699304,VERY HIGH,Distance from village centroid to outer boundary of Kendrapara coastal-village belt,PROXY_REFERENCE,False
Bartani,395676,Rajkanika,Kendrapara,2.1447784923263846,0.1185789107248724,2234.7095366922526,2.2347095366922525,0.7188198190367713,HIGH,Distance from village centroid to outer boundary of Kendrapara coastal-village belt,PROXY_REFERENCE,False
Keshanagar,395704,Rajkanika,Kendrapara,1.0252634728211452,0.056195152016576,925.7187411420504,0.9257187411420503,0.8859483115243576,VERY HIGH,Distance from village centroid to outer boundary of Kendrapara coastal-village belt,PROXY_REFERENCE,False
Balikana,395924,Rajnagar,Kendrapara,2.262766762544804,0.1251536789517141,2163.937390065789,2.163937390065789,0.7278558200659608,HIGH,Distance from village centroid to outer boundary of Kendrapara coastal-village belt,PROXY_REFERENCE,False
Nahulia,395698,Rajkanika,Kendrapara,0.8474101120846912,0.0462844666319834,4018.7125070828415,4.018712507082841,0.49104302484668527,MODERATE,Distance from village centroid to outer boundary of Kendrapara coastal-village belt,PROXY_REFERENCE,False
Keradagarh,395914,Rajnagar,Kendrapara,2.4173075799211827,0.1337652981741624,768.5960822925229,0.7685960822925229,0.9060093182162536,VERY HIGH,Distance from village centroid to outer boundary of Kendrapara coastal-village belt,PROXY_REFERENCE,False
Bandhapatana,395927,Rajnagar,Kendrapara,0.7949988131825132,0.0433639039174726,1541.8923838629908,1.5418923838629908,0.8072768858973728,VERY HIGH,Distance from village centroid to outer boundary of Kendrapara coastal-village belt,PROXY_REFERENCE,False
Koranda,395721,Rajkanika,Kendrapara,1.15621689553698,0.0634923892866402,2513.4768279428054,2.5134768279428052,0.6832275465013713,HIGH,Distance from village centroid to outer boundary of Kendrapara coastal-village belt,PROXY_REFERENCE,False
Pandurkoli,395747,Rajkanika,Kendrapara,1.051231614137712,0.0576421984909606,622.8202204332042,0.6228202204332042,0.9246215957941002,VERY HIGH,Distance from village centroid to outer boundary of Kendrapara coastal-village belt,PROXY_REFERENCE,False
Meghapur,395725,Rajkanika,Kendrapara,1.6227372928131565,0.0894887318002381,2987.54155126001,2.98754155126001,0.6227002129105748,HIGH,Distance from village centroid to outer boundary of Kendrapara coastal-village belt,PROXY_REFERENCE,False
Patarapur,395758,Rajkanika,Kendrapara,5.716033555849721,0.3175832208832844,1205.0111215968732,1.2050111215968733,0.850288996984209,VERY HIGH,Distance from village centroid to outer boundary of Kendrapara coastal-village belt,PROXY_REFERENCE,False
Chhadesh,395657,Rajkanika,Kendrapara,2.3670933599361783,0.1309671652963612,2381.846054510832,2.3818460545108318,0.7000338164945945,HIGH,Distance from village centroid to outer boundary of Kendrapara coastal-village belt,PROXY_REFERENCE,False
Baruna,395708,Rajkanika,Kendrapara,1.9658837815397103,0.1086101972396005,1187.9075192876492,1.1879075192876491,0.8524727398185857,VERY HIGH,Distance from village centroid to outer boundary of Kendrapara coastal-village belt,PROXY_REFERENCE,False
Sisua,395695,Rajkanika,Kendrapara,2.069118418673361,0.1143628352847161,2857.5338233741873,2.857533823374187,0.6392992567290312,HIGH,Distance from village centroid to outer boundary of Kendrapara coastal-village belt,PROXY_REFERENCE,False
Banidihapatna,395707,Rajkanika,Kendrapara,1.052922571128101,0.0577364252329307,879.3273906702626,0.8793273906702627,0.8918714368016093,VERY HIGH,Distance from village centroid to outer boundary of Kendrapara coastal-village belt,PROXY_REFERENCE,False
Chalunia,395697,Rajkanika,Kendrapara,0.6271065174408038,0.0340082880623485,3497.3710306178054,3.4973710306178054,0.5576065295932795,HIGH,Distance from village centroid to outer boundary of Kendrapara coastal-village belt,PROXY_REFERENCE,False
Jaganathpursasan,395922,Rajnagar,Kendrapara,0.7522379141960361,0.0409810992582719,2196.5427619274287,2.1965427619274287,0.7236928521789769,HIGH,Distance from village centroid to outer boundary of Kendrapara coastal-village belt,PROXY_REFERENCE,False
Ostia,395928,Rajnagar,Kendrapara,1.1462667912636826,0.0629379305314712,1030.1859425776013,1.0301859425776012,0.8726102147633472,VERY HIGH,Distance from village centroid to outer boundary of Kendrapara coastal-village belt,PROXY_REFERENCE,False
Nagada,395929,Rajnagar,Kendrapara,1.4770943158794465,0.0813729350737182,374.7931253895838,0.3747931253895838,0.9562890411509578,VERY HIGH,Distance from village centroid to outer boundary of Kendrapara coastal-village belt,PROXY_REFERENCE,False
Bhagabanpur,395923,Rajnagar,Kendrapara,1.1338297163520397,0.0622448880382425,1668.0263415287513,1.6680263415287513,0.7911724348440627,VERY HIGH,Distance from village centroid to outer boundary of Kendrapara coastal-village belt,PROXY_REFERENCE,False
Maneidiha,395702,Rajkanika,Kendrapara,1.3404839570301037,0.0737604711808465,2586.4823362079114,2.5864823362079115,0.6739063957483526,HIGH,Distance from village centroid to outer boundary of Kendrapara coastal-village belt,PROXY_REFERENCE,False
Chandanpur,395915,Rajnagar,Kendrapara,0.9273810146746052,0.0507407583332405,624.8132640394757,0.6248132640394757,0.9243671292428376,VERY HIGH,Distance from village centroid to outer boundary of Kendrapara coastal-village belt,PROXY_REFERENCE,False
Nethuria,395858,Rajnagar,Kendrapara,0.4224182769634925,0.0226022581459249,4553.934579864453,4.553934579864452,0.42270728217060827,MODERATE,Distance from village centroid to outer boundary of Kendrapara coastal-village belt,PROXY_REFERENCE,False
Rajpur,395916,Rajnagar,Kendrapara,4.987604176843408,0.276992284786646,785.9999207711719,0.7859999207711719,0.9037872420195975,VERY HIGH,Distance from village centroid to outer boundary of Kendrapara coastal-village belt,PROXY_REFERENCE,False
Sanolara,395921,Rajnagar,Kendrapara,1.090244902160812,0.0598161715989998,2692.0007517945155,2.6920007517945157,0.6604340827369726,HIGH,Distance from village centroid to outer boundary of Kendrapara coastal-village belt,PROXY_REFERENCE,False
Madhupur,395918,Rajnagar,Kendrapara,0.6027844924351536,0.0326529696317658,1157.37664684552,1.15737664684552,0.8563708410909014,VERY HIGH,Distance from village centroid to outer boundary of Kendrapara coastal-village belt,PROXY_REFERENCE,False
Naladia,395930,Rajnagar,Kendrapara,0.5031841041853546,0.0271028461590373,264.1177752972221,0.26411777529722213,0.9704197779593076,VERY HIGH,Distance from village centroid to outer boundary of Kendrapara coastal-village belt,PROXY_REFERENCE,False
Jayakunda,395759,Rajkanika,Kendrapara,1.010114083913627,0.055350968771404,348.4895382521978,0.3484895382521978,0.9596474137844638,VERY HIGH,Distance from village centroid to outer boundary of Kendrapara coastal-village belt,PROXY_REFERENCE,False
Achhutapur,395661,Rajkanika,Kendrapara,1.3558804466458343,0.0746184238446411,2240.0245948169863,2.2400245948169863,0.7181412064331607,HIGH,Distance from village centroid to outer boundary of Kendrapara coastal-village belt,PROXY_REFERENCE,False
Makundapur,395662,Rajkanika,Kendrapara,0.9065354111072492,0.0495791597120362,2457.4777606996554,2.457477760699655,0.6903773597169216,HIGH,Distance from village centroid to outer boundary of Kendrapara coastal-village belt,PROXY_REFERENCE,False
Pandiapali,395675,Rajkanika,Kendrapara,0.4212630607443096,0.0225378849766348,3217.339243974481,3.217339243974481,0.5933602495654908,HIGH,Distance from village centroid to outer boundary of Kendrapara coastal-village belt,PROXY_REFERENCE,False
Singidi,395748,Rajkanika,Kendrapara,1.016299314946624,0.0556956340537761,557.3080433330131,0.5573080433330131,0.9329860177866418,VERY HIGH,Distance from village centroid to outer boundary of Kendrapara coastal-village belt,PROXY_REFERENCE,False
Gangadharprasaddia,395746,Rajkanika,Kendrapara,1.47099194538263,0.0810328871047412,424.84106171210493,0.42484106171210495,0.9498990526360409,VERY HIGH,Distance from village centroid to outer boundary of Kendrapara coastal-village belt,PROXY_REFERENCE,False
Bansaria,395718,Rajkanika,Kendrapara,1.0879948406698643,0.0596907893659038,2390.388240792033,2.3903882407920327,0.6989431726790853,HIGH,Distance from village centroid to outer boundary of Kendrapara coastal-village belt,PROXY_REFERENCE,False
Khandeita,395743,Rajkanika,Kendrapara,1.3488924150521713,0.0742290233728388,1400.1336818359384,1.4001336818359384,0.8253762631025577,VERY HIGH,Distance from village centroid to outer boundary of Kendrapara coastal-village belt,PROXY_REFERENCE,False
Mahadeiadia,395744,Rajkanika,Kendrapara,0.8830097774687352,0.0482682193255344,952.4058399759508,0.9524058399759509,0.8825409731289013,VERY HIGH,Distance from village centroid to outer boundary of Kendrapara coastal-village belt,PROXY_REFERENCE,False
Kothasahi,395701,Rajkanika,Kendrapara,1.3567500774668393,0.0746668830777533,3890.261133441489,3.890261133441489,0.507443357459884,HIGH,Distance from village centroid to outer boundary of Kendrapara coastal-village belt,PROXY_REFERENCE,False
Gobanga,395719,Rajkanika,Kendrapara,1.5232427588205046,0.0839445069410352,516.0978757912528,0.5160978757912528,0.938247623292065,VERY HIGH,Distance from village centroid to outer boundary of Kendrapara coastal-village belt,PROXY_REFERENCE,False
Ayatan,395723,Rajkanika,Kendrapara,1.2458392564717031,0.06848649802302,1641.6637324003182,1.6416637324003183,0.7945383432497232,VERY HIGH,Distance from village centroid to outer boundary of Kendrapara coastal-village belt,PROXY_REFERENCE,False
Rautabartani,395724,Rajkanika,Kendrapara,1.3130244019560764,0.0722303172944499,1829.1244289979484,1.8291244289979485,0.7706038559106689,VERY HIGH,Distance from village centroid to outer boundary of Kendrapara coastal-village belt,PROXY_REFERENCE,False
Dalikaenda,395717,Rajkanika,Kendrapara,2.667409842324076,0.1477019751443708,838.615255483535,0.838615255483535,0.8970694548494357,VERY HIGH,Distance from village centroid to outer boundary of Kendrapara coastal-village belt,PROXY_REFERENCE,False
Siko,395720,Rajkanika,Kendrapara,1.7688058685793824,0.0976282445595148,1416.7563989165335,1.4167563989165335,0.8232539184259019,VERY HIGH,Distance from village centroid to outer boundary of Kendrapara coastal-village belt,PROXY_REFERENCE,False
Badajoramuhan,395714,Rajkanika,Kendrapara,0.1580651648858426,0.0078714680535083,204.2029491545329,0.20420294915453288,0.9780695449438603,VERY HIGH,Distance from village centroid to outer boundary of Kendrapara coastal-village belt,PROXY_REFERENCE,False
Jharkata,395715,Rajkanika,Kendrapara,0.4916569299857773,0.0264605068948685,782.3804202555905,0.7823804202555905,0.904249370299478,VERY HIGH,Distance from village centroid to outer boundary of Kendrapara coastal-village belt,PROXY_REFERENCE,False
Mangalapur,395716,Rajkanika,Kendrapara,1.1204960734008955,0.0615018852646537,1355.9303310898363,1.3559303310898363,0.8310200303453907,VERY HIGH,Distance from village centroid to outer boundary of Kendrapara coastal-village belt,PROXY_REFERENCE,False
Nandimahara,395699,Rajkanika,Kendrapara,0.5915129191782306,0.0320248734525528,3637.6456295179096,3.6376456295179094,0.5396966387612196,HIGH,Distance from village centroid to outer boundary of Kendrapara coastal-village belt,PROXY_REFERENCE,False
Dasabhagaria,395703,Rajkanika,Kendrapara,1.7208872888844071,0.0949580337438915,2235.287416845968,2.235287416845968,0.7187460368228265,HIGH,Distance from village centroid to outer boundary of Kendrapara coastal-village belt,PROXY_REFERENCE,False
Joral,395696,Rajkanika,Kendrapara,0.9910642909429392,0.0542894397455124,3546.8894032053927,3.546889403205393,0.5512841543793854,HIGH,Distance from village centroid to outer boundary of Kendrapara coastal-village belt,PROXY_REFERENCE,False
Giria,395700,Rajkanika,Kendrapara,0.9223267733529888,0.0504591162243204,3301.27242497116,3.30127242497116,0.5826438823783813,HIGH,Distance from village centroid to outer boundary of Kendrapara coastal-village belt,PROXY_REFERENCE,False
Baradia,395920,Rajnagar,Kendrapara,1.061145745075559,0.0581946526710773,1279.9658247896684,1.2799658247896684,0.8407189781635642,VERY HIGH,Distance from village centroid to outer boundary of Kendrapara coastal-village belt,PROXY_REFERENCE,False
Matia,395910,Rajnagar,Kendrapara,0.7318226029325742,0.0398434782084199,32.43831834003294,0.03243831834003294,1.0,VERY HIGH,Distance from village centroid to outer boundary of Kendrapara coastal-village belt,PROXY_REFERENCE,False
Pancheswar,395913,Rajnagar,Kendrapara,0.4882495790195313,0.0262706359625368,260.296330270959,0.260296330270959,0.9709076899817103,VERY HIGH,Distance from village centroid to outer boundary of Kendrapara coastal-village belt,PROXY_REFERENCE,False
Belpaldia,395926,Rajnagar,Kendrapara,0.5989929561623224,0.0324416903904363,422.5760771378627,0.42257607713786266,0.950188239892886,VERY HIGH,Distance from village centroid to outer boundary of Kendrapara coastal-village belt,PROXY_REFERENCE,False
Sangrampur,395728,Rajkanika,Kendrapara,1.2058603983337053,0.0662587195689031,3794.2493174309284,3.7942493174309284,0.5197018929097805,HIGH,Distance from village centroid to outer boundary of Kendrapara coastal-village belt,PROXY_REFERENCE,False
Anantapur,395683,Rajkanika,Kendrapara,0.7980768369133122,0.0435354234472467,1638.1050060638443,1.6381050060638442,0.7949927120426992,VERY HIGH,Distance from village centroid to outer boundary of Kendrapara coastal-village belt,PROXY_REFERENCE,False
Bektakolha,395887,Rajnagar,Kendrapara,1.0775213508513577,0.0591071655196062,1988.7213535565409,1.988721353556541,0.7502269414985847,VERY HIGH,Distance from village centroid to outer boundary of Kendrapara coastal-village belt,PROXY_REFERENCE,False
Khunta,395732,Rajkanika,Kendrapara,2.4636790946868574,0.1363493004766581,3096.6058449488096,3.0966058449488094,0.6087751715348859,HIGH,Distance from village centroid to outer boundary of Kendrapara coastal-village belt,PROXY_REFERENCE,False
Khuntakana,395854,Rajnagar,Kendrapara,0.3454076583343743,0.0183109250536197,4179.315751204605,4.179315751204604,0.4705376262068087,MODERATE,Distance from village centroid to outer boundary of Kendrapara coastal-village belt,PROXY_REFERENCE,False
Chakamanpur,395841,Rajnagar,Kendrapara,2.174002608944752,0.120207392887076,3190.577391461274,3.1905773914612743,0.5967771323135681,HIGH,Distance from village centroid to outer boundary of Kendrapara coastal-village belt,PROXY_REFERENCE,False
Jaganathpur,395857,Rajnagar,Kendrapara,1.0691432530247251,0.0586403051165344,5221.099475364302,5.221099475364301,0.33752542787142614,MODERATE,Distance from village centroid to outer boundary of Kendrapara coastal-village belt,PROXY_REFERENCE,False
Amanapari,395861,Rajnagar,Kendrapara,0.3335397711025448,0.0176495999257309,5504.793779655455,5.504793779655455,0.30130408730534053,MODERATE,Distance from village centroid to outer boundary of Kendrapara coastal-village belt,PROXY_REFERENCE,False
Paramanandpur,395804,Rajnagar,Kendrapara,2.272802250450636,0.1257128956170824,1101.0413650835862,1.1010413650835862,0.8635635812894893,VERY HIGH,Distance from village centroid to outer boundary of Kendrapara coastal-village belt,PROXY_REFERENCE,False
Jayanagar,395691,Rajkanika,Kendrapara,3.042608937303898,0.1686095372592022,2616.949147690341,2.616949147690341,0.6700164736104192,HIGH,Distance from village centroid to outer boundary of Kendrapara coastal-village belt,PROXY_REFERENCE,False
Banabiharipur,395874,Rajnagar,Kendrapara,2.5260859083446032,0.1398268523961482,1106.252853182084,1.1062528531820839,0.8628981922336765,VERY HIGH,Distance from village centroid to outer boundary of Kendrapara coastal-village belt,PROXY_REFERENCE,False
Kantapada,395694,Rajkanika,Kendrapara,0.5938449338828926,0.0321548224394848,1971.2106988517355,1.9712106988517355,0.752462655709283,VERY HIGH,Distance from village centroid to outer boundary of Kendrapara coastal-village belt,PROXY_REFERENCE,False
Hansua,395855,Rajnagar,Kendrapara,0.5780293113719575,0.0312735140502684,4171.340663228569,4.171340663228569,0.4715558644063603,MODERATE,Distance from village centroid to outer boundary of Kendrapara coastal-village belt,PROXY_REFERENCE,False
Kusunpur,395690,Rajkanika,Kendrapara,1.316600162228872,0.0724295726525025,1764.2951148408301,1.7642951148408301,0.7788810917635989,VERY HIGH,Distance from village centroid to outer boundary of Kendrapara coastal-village belt,PROXY_REFERENCE,False
Sankarnathpeta,395871,Rajnagar,Kendrapara,0.3943347541657626,0.0210373343357318,1823.5433840449032,1.8235433840449031,0.7713164290110137,VERY HIGH,Distance from village centroid to outer boundary of Kendrapara coastal-village belt,PROXY_REFERENCE,False
Madhupur,395862,Rajnagar,Kendrapara,0.4388299578459866,0.0235167812405981,5720.857952996101,5.7208579529961,0.273717583493585,MODERATE,Distance from village centroid to outer boundary of Kendrapara coastal-village belt,PROXY_REFERENCE,False
Chandibaunsamula,395900,Rajnagar,Kendrapara,1.1111090638315329,0.0609788043503606,2732.76062690566,2.73276062690566,0.6552299693815042,HIGH,Distance from village centroid to outer boundary of Kendrapara coastal-village belt,PROXY_REFERENCE,False
Hansina,395856,Rajnagar,Kendrapara,0.520615386978887,0.0280741854629516,3989.332093596765,3.989332093596765,0.4947942385536739,MODERATE,Distance from village centroid to outer boundary of Kendrapara coastal-village belt,PROXY_REFERENCE,False
Rajbijaya Nagar,395822,Rajnagar,Kendrapara,1.1839599835878778,0.0650383427402661,455.4961917639137,0.4554961917639137,0.9459850864798341,VERY HIGH,Distance from village centroid to outer boundary of Kendrapara coastal-village belt,PROXY_REFERENCE,False
Baruna,395859,Rajnagar,Kendrapara,0.5306388697686832,0.028632733156266,5132.118697834502,5.132118697834502,0.34888625887152325,MODERATE,Distance from village centroid to outer boundary of Kendrapara coastal-village belt,PROXY_REFERENCE,False
Adabhutia,395837,Rajnagar,Kendrapara,1.1010099263912063,0.0604160408838038,548.0852742284754,0.5480852742284754,0.9341635566220884,VERY HIGH,Distance from village centroid to outer boundary of Kendrapara coastal-village belt,PROXY_REFERENCE,False
Baunsakani,395864,Rajnagar,Kendrapara,0.9240441107005744,0.0505548129830471,5225.973160635944,5.225973160635943,0.3369031685896363,MODERATE,Distance from village centroid to outer boundary of Kendrapara coastal-village belt,PROXY_REFERENCE,False
Rajrajeswaripur,395873,Rajnagar,Kendrapara,0.999804435561199,0.0547764748128777,207.99226654911564,0.20799226654911565,0.9775857348927381,VERY HIGH,Distance from village centroid to outer boundary of Kendrapara coastal-village belt,PROXY_REFERENCE,False
Dholamara,395852,Rajnagar,Kendrapara,1.112090090295925,0.0610334709847289,3015.06542397106,3.0150654239710604,0.6191860374333633,HIGH,Distance from village centroid to outer boundary of Kendrapara coastal-village belt,PROXY_REFERENCE,False
Bhitargarh,395899,Rajnagar,Kendrapara,1.8592926586120555,0.1026705226686386,4011.2708573228615,4.011270857322861,0.49199315506168295,MODERATE,Distance from village centroid to outer boundary of Kendrapara coastal-village belt,PROXY_REFERENCE,False
Badhinakolha,395894,Rajnagar,Kendrapara,0.702941992278647,0.0382341375430494,4467.781901555497,4.4677819015554965,0.43370702892092194,MODERATE,Distance from village centroid to outer boundary of Kendrapara coastal-village belt,PROXY_REFERENCE,False
Dhamara,395756,Rajkanika,Kendrapara,0.7358140914481297,0.0400658995713342,2284.361604683889,2.284361604683889,0.7124803739462919,HIGH,Distance from village centroid to outer boundary of Kendrapara coastal-village belt,PROXY_REFERENCE,False
Purusottampur,395835,Rajnagar,Kendrapara,0.9499222573124894,0.051996844600246,1442.266901447807,1.442266901447807,0.8199968047432495,VERY HIGH,Distance from village centroid to outer boundary of Kendrapara coastal-village belt,PROXY_REFERENCE,False
Garadapur,395749,Rajkanika,Kendrapara,1.20297140551915,0.0660977335816558,1582.598457712408,1.582598457712408,0.8020796417451083,VERY HIGH,Distance from village centroid to outer boundary of Kendrapara coastal-village belt,PROXY_REFERENCE,False
Bishnupara,395896,Rajnagar,Kendrapara,0.4556818587517969,0.0244558351180073,4653.291070921455,4.653291070921455,0.41002170743191535,MODERATE,Distance from village centroid to outer boundary of Kendrapara coastal-village belt,PROXY_REFERENCE,False
Hariharpur,395886,Rajnagar,Kendrapara,0.4039836331446355,0.0215750076384889,1454.07030723305,1.45407030723305,0.8184897770224948,VERY HIGH,Distance from village centroid to outer boundary of Kendrapara coastal-village belt,PROXY_REFERENCE,False
Padmanav Pur,395868,Rajnagar,Kendrapara,1.236892203405897,0.0679879332071105,3736.815551096592,3.736815551096592,0.5270348847214665,HIGH,Distance from village centroid to outer boundary of Kendrapara coastal-village belt,PROXY_REFERENCE,False
Kuhudi,395620,Rajkanika,Kendrapara,0.4663884395107219,0.0250524477038311,1551.6380153333525,1.5516380153333524,0.8060325893740374,VERY HIGH,Distance from village centroid to outer boundary of Kendrapara coastal-village belt,PROXY_REFERENCE,False
Koilipur,395736,Rajkanika,Kendrapara,1.0960511840110156,0.0601397203496861,4494.48215005333,4.49448215005333,0.4302980116110551,MODERATE,Distance from village centroid to outer boundary of Kendrapara coastal-village belt,PROXY_REFERENCE,False
Madhupur,395815,Rajnagar,Kendrapara,1.2864746062331247,0.0707508587599256,2935.150077620937,2.935150077620937,0.6293894180893026,HIGH,Distance from village centroid to outer boundary of Kendrapara coastal-village belt,PROXY_REFERENCE,False
Balarampur,395845,Rajnagar,Kendrapara,4.1368024109278,0.2295822803215623,5309.686713056461,5.30968671305646,0.3262148429998901,MODERATE,Distance from village centroid to outer boundary of Kendrapara coastal-village belt,PROXY_REFERENCE,False
Badapal,395869,Rajnagar,Kendrapara,2.035481468610387,0.1124884527709924,2674.708306260015,2.674708306260015,0.6626419365763039,HIGH,Distance from village centroid to outer boundary of Kendrapara coastal-village belt,PROXY_REFERENCE,False
Katanabania,395752,Rajkanika,Kendrapara,0.8137642685772103,0.0444095885407226,646.1133121157584,0.6461133121157584,0.9216475952804876,VERY HIGH,Distance from village centroid to outer boundary of Kendrapara coastal-village belt,PROXY_REFERENCE,False
Loknathprasad,395850,Rajnagar,Kendrapara,1.182107883597619,0.0649351364796239,3117.643885818936,3.1176438858189357,0.6060890899616092,HIGH,Distance from village centroid to outer boundary of Kendrapara coastal-village belt,PROXY_REFERENCE,False
Jaganathprasad_ Dia,395733,Rajkanika,Kendrapara,0.5809281875715908,0.0314350507784162,2238.368358020012,2.2383683580200118,0.7183526703792952,HIGH,Distance from village centroid to outer boundary of Kendrapara coastal-village belt,PROXY_REFERENCE,False
Biradia,395757,Rajkanika,Kendrapara,1.2755173528720958,0.0701402777155711,1952.8964603278944,1.9528964603278944,0.7548009693826507,VERY HIGH,Distance from village centroid to outer boundary of Kendrapara coastal-village belt,PROXY_REFERENCE,False
Gothakolha,395849,Rajnagar,Kendrapara,1.0906014423580144,0.0598360394142989,3090.7639464010135,3.0907639464010135,0.609521049734242,HIGH,Distance from village centroid to outer boundary of Kendrapara coastal-village belt,PROXY_REFERENCE,False
Handiagarh,395865,Rajnagar,Kendrapara,2.043407433168998,0.1129301185387045,3870.8812502056157,3.8708812502056156,0.5099177298395886,HIGH,Distance from village centroid to outer boundary of Kendrapara coastal-village belt,PROXY_REFERENCE,False
Madarangapata,395750,Rajkanika,Kendrapara,0.675878865784463,0.0367260742087572,2155.491235008278,2.155491235008278,0.7289342028680987,HIGH,Distance from village centroid to outer boundary of Kendrapara coastal-village belt,PROXY_REFERENCE,False
Singadapal,395872,Rajnagar,Kendrapara,1.6721805145423911,0.0922439016375133,1008.2207022873124,1.0082207022873124,0.8754146787132259,VERY HIGH,Distance from village centroid to outer boundary of Kendrapara coastal-village belt,PROXY_REFERENCE,False
Bimisnagar,395870,Rajnagar,Kendrapara,0.909075221266392,0.0497206878750106,2033.9702708721554,2.0339702708721554,0.7444496790736985,HIGH,Distance from village centroid to outer boundary of Kendrapara coastal-village belt,PROXY_REFERENCE,False
Raulia,395692,Rajkanika,Kendrapara,1.0461908090645724,0.0573613051023956,2178.7088300843093,2.178708830084309,0.7259698415620948,HIGH,Distance from village centroid to outer boundary of Kendrapara coastal-village belt,PROXY_REFERENCE,False
Junus Nagar,395836,Rajnagar,Kendrapara,2.0413434017933345,0.1128151026317605,1929.0452336274361,1.9290452336274362,0.7578462311033428,VERY HIGH,Distance from village centroid to outer boundary of Kendrapara coastal-village belt,PROXY_REFERENCE,False
Kandira,395860,Rajnagar,Kendrapara,0.6631072702774075,0.0360143909186266,4752.996466243737,4.7529964662437365,0.39729158551682,MODERATE,Distance from village centroid to outer boundary of Kendrapara coastal-village belt,PROXY_REFERENCE,False
Silapokhari,395892,Rajnagar,Kendrapara,1.572491628074379,0.0866888466976809,2844.990697108032,2.844990697108032,0.6409007300098749,HIGH,Distance from village centroid to outer boundary of Kendrapara coastal-village belt,PROXY_REFERENCE,False
Charipokharia,395893,Rajnagar,Kendrapara,1.0960439057892633,0.0601393147786828,3826.293328628097,3.826293328628097,0.5156105980719227,HIGH,Distance from village centroid to outer boundary of Kendrapara coastal-village belt,PROXY_REFERENCE,False
Jharkata,395904,Rajnagar,Kendrapara,0.3991691415379687,0.0213067253220747,1963.9729155216662,1.9639729155216663,0.7533867567961801,VERY HIGH,Distance from village centroid to outer boundary of Kendrapara coastal-village belt,PROXY_REFERENCE,False
Sribantapur,395839,Rajnagar,Kendrapara,0.8356943717356616,0.0456316197239125,2378.8130839022374,2.3788130839022372,0.7004210581828453,HIGH,Distance from village centroid to outer boundary of Kendrapara coastal-village belt,PROXY_REFERENCE,False
Panchu Palli,395817,Rajnagar,Kendrapara,0.6137584652591775,0.033264482350039,3788.2413164335694,3.7882413164335693,0.5204689786318237,HIGH,Distance from village centroid to outer boundary of Kendrapara coastal-village belt,PROXY_REFERENCE,False
Khulari,395741,Rajkanika,Kendrapara,1.0009243370075145,0.0548388801048003,2962.6342856824836,2.9626342856824834,0.6258803068899296,HIGH,Distance from village centroid to outer boundary of Kendrapara coastal-village belt,PROXY_REFERENCE,False
Ajagar Patia,395824,Rajnagar,Kendrapara,2.048287408318409,0.1132020498544253,854.9247175046082,0.8549247175046082,0.8949871057526112,VERY HIGH,Distance from village centroid to outer boundary of Kendrapara coastal-village belt,PROXY_REFERENCE,False
Padmanavpur,395816,Rajnagar,Kendrapara,1.022089136516893,0.0560182655732383,4346.580935235323,4.346580935235322,0.44918164864933274,MODERATE,Distance from village centroid to outer boundary of Kendrapara coastal-village belt,PROXY_REFERENCE,False
Trailokyapur,395729,Rajkanika,Kendrapara,0.8696928964523613,0.0475261505925577,2719.94732856532,2.7199473285653197,0.6568659375202373,HIGH,Distance from village centroid to outer boundary of Kendrapara coastal-village belt,PROXY_REFERENCE,False
Badapanka,395693,Rajkanika,Kendrapara,0.7699502681135598,0.0419681009453373,1659.8903593862847,1.6598903593862846,0.7922112155864475,VERY HIGH,Distance from village centroid to outer boundary of Kendrapara coastal-village belt,PROXY_REFERENCE,False
Balarampur,395866,Rajnagar,Kendrapara,0.5708354800778833,0.030872645613652,4334.766010877287,4.334766010877287,0.450690147031083,MODERATE,Distance from village centroid to outer boundary of Kendrapara coastal-village belt,PROXY_REFERENCE,False
Bajapur,395753,Rajkanika,Kendrapara,0.927820008819146,0.0507652208052129,632.5018284511592,0.6325018284511592,0.9233854736163147,VERY HIGH,Distance from village centroid to outer boundary of Kendrapara coastal-village belt,PROXY_REFERENCE,False
Sana Gokhani,395821,Rajnagar,Kendrapara,1.2640685301108254,0.069502304500215,775.3872853200692,0.7753872853200692,0.9051422353245868,VERY HIGH,Distance from village centroid to outer boundary of Kendrapara coastal-village belt,PROXY_REFERENCE,False
Balunga Patia,395825,Rajnagar,Kendrapara,1.09040236992789,0.0598249463193158,501.22425870103086,0.5012242587010308,0.9401466474949676,VERY HIGH,Distance from village centroid to outer boundary of Kendrapara coastal-village belt,PROXY_REFERENCE,False
Nuagan Baragan,395863,Rajnagar,Kendrapara,0.6237098337047606,0.0338190115498357,5014.175130275211,5.014175130275211,0.3639449825170985,MODERATE,Distance from village centroid to outer boundary of Kendrapara coastal-village belt,PROXY_REFERENCE,False
Sila Pokhari,395818,Rajnagar,Kendrapara,0.8087692399390131,0.0441312459942831,2620.4637497149147,2.6204637497149146,0.6695677384932146,HIGH,Distance from village centroid to outer boundary of Kendrapara coastal-village belt,PROXY_REFERENCE,False
Rajendranarayanpur,395805,Rajnagar,Kendrapara,2.101555025912589,0.1161703299981162,290.9049359893703,0.2909049359893703,0.96699966392969,VERY HIGH,Distance from village centroid to outer boundary of Kendrapara coastal-village belt,PROXY_REFERENCE,False
Jaduchandrapur,395903,Rajnagar,Kendrapara,0.6147863598255329,0.0333217606584921,1961.1644516865802,1.96116445168658,0.7537453340516959,VERY HIGH,Distance from village centroid to outer boundary of Kendrapara coastal-village belt,PROXY_REFERENCE,False
Brahmanikholha,395895,Rajnagar,Kendrapara,0.5305307063502185,0.0286267058672336,4681.5586274388415,4.681558627438841,0.4064125803676776,MODERATE,Distance from village centroid to outer boundary of Kendrapara coastal-village belt,PROXY_REFERENCE,False
Kusunpur,395853,Rajnagar,Kendrapara,0.4171742309396269,0.0223100393760931,3514.9361238751803,3.5149361238751804,0.5553638648117636,HIGH,Distance from village centroid to outer boundary of Kendrapara coastal-village belt,PROXY_REFERENCE,False
Nalajodi,395867,Rajnagar,Kendrapara,0.739809315225853,0.0402885290776764,3644.1920569991594,3.6441920569991595,0.5388608081657411,HIGH,Distance from village centroid to outer boundary of Kendrapara coastal-village belt,PROXY_REFERENCE,False
Gupti,395838,Rajnagar,Kendrapara,2.533855264562164,0.1402597913341263,468.8339772749766,0.46883397727497655,0.9442821532024082,VERY HIGH,Distance from village centroid to outer boundary of Kendrapara coastal-village belt,PROXY_REFERENCE,False
Daenigiri,395754,Rajkanika,Kendrapara,0.6935398538649883,0.0377102135903374,1427.5841925850725,1.4275841925850725,0.8218714542871614,VERY HIGH,Distance from village centroid to outer boundary of Kendrapara coastal-village belt,PROXY_REFERENCE,False
Daruora,395846,Rajnagar,Kendrapara,0.8719784827077834,0.0476535124045755,4627.052482977963,4.627052482977963,0.4133717811397717,MODERATE,Distance from village centroid to outer boundary of Kendrapara coastal-village belt,PROXY_REFERENCE,False
Jhadamala,395755,Rajkanika,Kendrapara,1.1267929611443062,0.0618527724959583,2553.273362906838,2.553273362906838,0.6781464298752053,HIGH,Distance from village centroid to outer boundary of Kendrapara coastal-village belt,PROXY_REFERENCE,False
Ghadiamal,395844,Rajnagar,Kendrapara,2.3102835477043477,0.1278015002031851,5086.2481130769775,5.086248113076977,0.3547428941558278,MODERATE,Distance from village centroid to outer boundary of Kendrapara coastal-village belt,PROXY_REFERENCE,False
Bandhamala,395751,Rajkanika,Kendrapara,1.7533057459589314,0.096764517059074,2793.9329787708753,2.7939329787708753,0.6474196448292553,HIGH,Distance from village centroid to outer boundary of Kendrapara coastal-village belt,PROXY_REFERENCE,False
Nuagan,395843,Rajnagar,Kendrapara,0.8356957047365481,0.0456316940039393,4336.745597665186,4.336745597665186,0.4504373986108995,MODERATE,Distance from village centroid to outer boundary of Kendrapara coastal-village belt,PROXY_REFERENCE,False
Dibakarpur,395842,Rajnagar,Kendrapara,6.628092738304739,0.3684067283616434,3396.023124981981,3.396023124981981,0.5705463628933065,HIGH,Distance from village centroid to outer boundary of Kendrapara coastal-village belt,PROXY_REFERENCE,False
Ghusuria,395738,Rajkanika,Kendrapara,0.7446407194092763,0.040557753829064,3657.6766633629622,3.6576766633629623,0.5371391291890577,HIGH,Distance from village centroid to outer boundary of Kendrapara coastal-village belt,PROXY_REFERENCE,False
Charipokharia,395739,Rajkanika,Kendrapara,0.8816950128876628,0.0481949554970419,2892.212746630126,2.892212746630126,0.6348715432687378,HIGH,Distance from village centroid to outer boundary of Kendrapara coastal-village belt,PROXY_REFERENCE,False
Biswanathpur,395742,Rajkanika,Kendrapara,0.985874763957874,0.0540002589899121,2530.112128432086,2.530112128432086,0.6811035952082815,HIGH,Distance from village centroid to outer boundary of Kendrapara coastal-village belt,PROXY_REFERENCE,False
Iswarpur,395813,Rajnagar,Kendrapara,2.721598465797584,0.1507215773405075,793.8752078345981,0.7938752078345981,0.9027817461373563,VERY HIGH,Distance from village centroid to outer boundary of Kendrapara coastal-village belt,PROXY_REFERENCE,False
Righa Garh,395812,Rajnagar,Kendrapara,0.6934190012023069,0.0377034792069512,740.8468581604917,0.7408468581604917,0.9095522659685616,VERY HIGH,Distance from village centroid to outer boundary of Kendrapara coastal-village belt,PROXY_REFERENCE,False
Kujipur,395730,Rajkanika,Kendrapara,1.1566416996934177,0.0635160610369354,2725.396640900277,2.725396640900277,0.6561701836931428,HIGH,Distance from village centroid to outer boundary of Kendrapara coastal-village belt,PROXY_REFERENCE,False
Subhadraprasad Dia,395734,Rajkanika,Kendrapara,0.8550509106901605,0.0467102418366367,4151.482662989777,4.151482662989777,0.4740912815040278,MODERATE,Distance from village centroid to outer boundary of Kendrapara coastal-village belt,PROXY_REFERENCE,False
Gharabhanjakola,395737,Rajkanika,Kendrapara,1.0779641854907052,0.0591318419989811,4192.633969085391,4.192633969085391,0.4688371912728093,MODERATE,Distance from village centroid to outer boundary of Kendrapara coastal-village belt,PROXY_REFERENCE,False
Nuakhunta,395819,Rajnagar,Kendrapara,0.734433082417417,0.0399889443428246,1849.3257849055767,1.8493257849055766,0.7680246000667591,VERY HIGH,Distance from village centroid to outer boundary of Kendrapara coastal-village belt,PROXY_REFERENCE,False
Balabhadrapur,395823,Rajnagar,Kendrapara,2.308366545107685,0.127694677315283,1587.771900389255,1.587771900389255,0.801419110228392,VERY HIGH,Distance from village centroid to outer boundary of Kendrapara coastal-village belt,PROXY_REFERENCE,False
Gumura,395826,Rajnagar,Kendrapara,1.642243638999811,0.0905757017582889,684.7624691763383,0.6847624691763383,0.9167129728389787,VERY HIGH,Distance from village centroid to outer boundary of Kendrapara coastal-village belt,PROXY_REFERENCE,False
Gajarajpur,395740,Rajkanika,Kendrapara,0.5582149325170626,0.0301693793062926,3701.1384530551386,3.7011384530551386,0.5315900425058219,HIGH,Distance from village centroid to outer boundary of Kendrapara coastal-village belt,PROXY_REFERENCE,False
Gobindakana,395735,Rajkanika,Kendrapara,0.7287702889981172,0.0396733913291271,4065.3246981093616,4.065324698109362,0.48509170322984274,MODERATE,Distance from village centroid to outer boundary of Kendrapara coastal-village belt,PROXY_REFERENCE,False
Dighi,395814,Rajnagar,Kendrapara,1.595066168260499,0.0879467884344018,2272.7564023641307,2.2727564023641307,0.7139620955713086,HIGH,Distance from village centroid to outer boundary of Kendrapara coastal-village belt,PROXY_REFERENCE,False
Tarapada,395731,Rajkanika,Kendrapara,2.691825661690575,0.1490625201638545,3952.5126529402987,3.9525126529402987,0.49949524763033815,MODERATE,Distance from village centroid to outer boundary of Kendrapara coastal-village belt,PROXY_REFERENCE,False
Kantipokhari,395727,Rajkanika,Kendrapara,1.0657994616361577,0.0584539759726454,3595.40631894213,3.59540631894213,0.5450896425349991,HIGH,Distance from village centroid to outer boundary of Kendrapara coastal-village belt,PROXY_REFERENCE,False
Iswarpur,395682,Rajkanika,Kendrapara,0.7621795459770248,0.0415350858930077,1312.5798575926995,1.3125798575926995,0.8365549044704255,VERY HIGH,Distance from village centroid to outer boundary of Kendrapara coastal-village belt,PROXY_REFERENCE,False
Arjunpur,395840,Rajnagar,Kendrapara,0.8714228380925744,0.0476225497118033,2305.0377437019924,2.3050377437019924,0.7098404990470135,HIGH,Distance from village centroid to outer boundary of Kendrapara coastal-village belt,PROXY_REFERENCE,False
Taneipada,395679,Rajkanika,Kendrapara,1.4173827751763055,0.0780455743126526,1056.683430736759,1.056683430736759,0.8692270853587692,VERY HIGH,Distance from village centroid to outer boundary of Kendrapara coastal-village belt,PROXY_REFERENCE,False
Pitanda,395820,Rajnagar,Kendrapara,1.0357125798017066,0.056777417155708,1576.0277011271749,1.5760277011271748,0.8029185786164186,VERY HIGH,Distance from village centroid to outer boundary of Kendrapara coastal-village belt,PROXY_REFERENCE,False
Nuagaon Satagan,395905,Rajnagar,Kendrapara,0.53891099576667,0.0290936883942681,1623.6204153297635,1.6236204153297635,0.7968420663864545,VERY HIGH,Distance from village centroid to outer boundary of Kendrapara coastal-village belt,PROXY_REFERENCE,False
Baliora,395883,Rajnagar,Kendrapara,0.6337245267748223,0.0343770694455631,922.1844029242194,0.9221844029242194,0.8863995665066656,VERY HIGH,Distance from village centroid to outer boundary of Kendrapara coastal-village belt,PROXY_REFERENCE,False
Gopinathpur,395906,Rajnagar,Kendrapara,0.4229652851612607,0.022632739583714,1067.2854002174427,1.0672854002174426,0.8678734538567531,VERY HIGH,Distance from village centroid to outer boundary of Kendrapara coastal-village belt,PROXY_REFERENCE,False
Kendukolha,395888,Rajnagar,Kendrapara,0.542383730807718,0.0292872027831633,2736.6684055978344,2.7366684055978343,0.6547310345043315,HIGH,Distance from village centroid to outer boundary of Kendrapara coastal-village belt,PROXY_REFERENCE,False
Bedhuakolha,395851,Rajnagar,Kendrapara,0.7797228367357225,0.0425126667191442,2387.4724898303307,2.387472489830331,0.699315448071972,HIGH,Distance from village centroid to outer boundary of Kendrapara coastal-village belt,PROXY_REFERENCE,False
Balabhadraprasad Dia,395689,Rajkanika,Kendrapara,1.4430697517732962,0.0794769531883737,1702.7054812004699,1.7027054812004698,0.7867446937523734,VERY HIGH,Distance from village centroid to outer boundary of Kendrapara coastal-village belt,PROXY_REFERENCE,False
Bhitarkanika,395806,Rajnagar,Kendrapara,1.7995393650106315,0.0993408352726583,115.16644749338185,0.11516644749338185,0.9894374906540836,VERY HIGH,Distance from village centroid to outer boundary of Kendrapara coastal-village belt,PROXY_REFERENCE,False
Hansina Dia,395848,Rajnagar,Kendrapara,0.1571747108501979,0.0078218484693736,3399.3993198491257,3.3993993198491257,0.5701152992369323,HIGH,Distance from village centroid to outer boundary of Kendrapara coastal-village belt,PROXY_REFERENCE,False
Debendranarayanpur,395875,Rajnagar,Kendrapara,0.2215188226472815,0.0114073542238411,137.8600610157659,0.1378600610157659,0.986540029930918,VERY HIGH,Distance from village centroid to outer boundary of Kendrapara coastal-village belt,PROXY_REFERENCE,False
Sangopalpur,395889,Rajnagar,Kendrapara,0.0808933105660448,0.0035711502774363,1990.285761014906,1.990285761014906,0.7500272020802162,VERY HIGH,Distance from village centroid to outer boundary of Kendrapara coastal-village belt,PROXY_REFERENCE,False
Matia,395611,Rajkanika,Kendrapara,1.719646786172103,0.0948889080773903,596.9503480743377,0.5969503480743378,0.9279245928685497,VERY HIGH,Distance from village centroid to outer boundary of Kendrapara coastal-village belt,PROXY_REFERENCE,False
Porala,395669,Rajkanika,Kendrapara,0.5009625548373023,0.026979052734141,3442.460156223541,3.4424601562235413,0.5646174052158472,HIGH,Distance from village centroid to outer boundary of Kendrapara coastal-village belt,PROXY_REFERENCE,False
Satagharia,395659,Rajkanika,Kendrapara,0.1580477520906583,0.0078704977444064,3216.698690299787,3.2166986902997867,0.5934420337693012,HIGH,Distance from village centroid to outer boundary of Kendrapara coastal-village belt,PROXY_REFERENCE,False
Ektala,395612,Rajkanika,Kendrapara,0.4443316232087452,0.0238233555683243,1012.762489766768,1.012762489766768,0.8748347952662063,VERY HIGH,Distance from village centroid to outer boundary of Kendrapara coastal-village belt,PROXY_REFERENCE,False
Mahurigan,395613,Rajkanika,Kendrapara,0.7753311442537422,0.0422679444248082,212.93711505088203,0.21293711505088203,0.9769543896774097,VERY HIGH,Distance from village centroid to outer boundary of Kendrapara coastal-village belt,PROXY_REFERENCE,False
Deuli,395617,Rajkanika,Kendrapara,0.7243444679659556,0.0394267672583947,308.1729567449028,0.3081729567449028,0.9647949285817203,VERY HIGH,Distance from village centroid to outer boundary of Kendrapara coastal-village belt,PROXY_REFERENCE,False
Baranga,395622,Rajkanika,Kendrapara,1.5626353556739945,0.0861396166217319,1455.2299181322294,1.4552299181322295,0.8183417209612064,VERY HIGH,Distance from village centroid to outer boundary of Kendrapara coastal-village belt,PROXY_REFERENCE,False
Taras,395624,Rajkanika,Kendrapara,1.059349694785471,0.0580945697191091,1259.8653544696253,1.2598653544696254,0.8432853532017235,VERY HIGH,Distance from village centroid to outer boundary of Kendrapara coastal-village belt,PROXY_REFERENCE,False
Ostia,395614,Rajkanika,Kendrapara,0.3039605389334496,0.0160013293351059,212.43689236275378,0.2124368923627538,0.9770182567909593,VERY HIGH,Distance from village centroid to outer boundary of Kendrapara coastal-village belt,PROXY_REFERENCE,False
Saradaprasad,395762,Rajnagar,Kendrapara,0.7872687047127501,0.0429331520176188,322.8822994069212,0.3228822994069212,0.962916878504559,VERY HIGH,Distance from village centroid to outer boundary of Kendrapara coastal-village belt,PROXY_REFERENCE,False
Langalabhanja,395610,Rajkanika,Kendrapara,1.254340156044638,0.0689602014200462,1518.9554296815224,1.5189554296815224,0.8102054157141118,VERY HIGH,Distance from village centroid to outer boundary of Kendrapara coastal-village belt,PROXY_REFERENCE,False
Endulapur,395684,Rajkanika,Kendrapara,1.0988990250895263,0.0602984132011316,1217.349625360005,1.217349625360005,0.8487136493648869,VERY HIGH,Distance from village centroid to outer boundary of Kendrapara coastal-village belt,PROXY_REFERENCE,False
Gokarneswar,395663,Rajkanika,Kendrapara,0.883445022815561,0.0482924728998252,3525.918667443122,3.525918667443122,0.5539616426139995,HIGH,Distance from village centroid to outer boundary of Kendrapara coastal-village belt,PROXY_REFERENCE,False
Kantapada,395664,Rajkanika,Kendrapara,0.7690995879054695,0.04192069771455,2509.345466721284,2.509345466721284,0.6837550278062221,HIGH,Distance from village centroid to outer boundary of Kendrapara coastal-village belt,PROXY_REFERENCE,False
Badagara,395665,Rajkanika,Kendrapara,0.8201786818725877,0.044767024755782,2415.5206040835405,2.4155206040835404,0.6957343388172746,HIGH,Distance from village centroid to outer boundary of Kendrapara coastal-village belt,PROXY_REFERENCE,False
Kalikapur,395668,Rajkanika,Kendrapara,0.4859930507222124,0.0261448933736785,3482.521051864694,3.482521051864694,0.5595025357156426,HIGH,Distance from village centroid to outer boundary of Kendrapara coastal-village belt,PROXY_REFERENCE,False
Burudia,395623,Rajkanika,Kendrapara,0.6168214701151566,0.0334351649693237,972.2872254764179,0.9722872254764179,0.8800025702626987,VERY HIGH,Distance from village centroid to outer boundary of Kendrapara coastal-village belt,PROXY_REFERENCE,False
Bajarpur,395685,Rajkanika,Kendrapara,1.909872966571995,0.1054890554012844,925.1999175209022,0.9251999175209022,0.8860145535559778,VERY HIGH,Distance from village centroid to outer boundary of Kendrapara coastal-village belt,PROXY_REFERENCE,False
Cherantapada,395667,Rajkanika,Kendrapara,0.6294596110915113,0.0341394116506579,3675.3040716550827,3.675304071655083,0.5348885081882531,HIGH,Distance from village centroid to outer boundary of Kendrapara coastal-village belt,PROXY_REFERENCE,False
Panki,395607,Rajkanika,Kendrapara,5.957467685347753,0.3310368755606545,858.4604581342494,0.8584604581342494,0.894535671714062,VERY HIGH,Distance from village centroid to outer boundary of Kendrapara coastal-village belt,PROXY_REFERENCE,False
Gunthala,395604,Rajkanika,Kendrapara,1.6416864260288635,0.0905446516705963,293.7385487091545,0.2937385487091545,0.9666378757309028,VERY HIGH,Distance from village centroid to outer boundary of Kendrapara coastal-village belt,PROXY_REFERENCE,False
Upulei,395680,Rajkanika,Kendrapara,1.0291392967838848,0.0564111280978923,279.0273211381542,0.2790273211381542,0.9685161664682717,VERY HIGH,Distance from village centroid to outer boundary of Kendrapara coastal-village belt,PROXY_REFERENCE,False
Olaver,395656,Rajkanika,Kendrapara,0.6730092415844074,0.0365661675165193,3260.037451748359,3.2600374517483592,0.5879086550077381,HIGH,Distance from village centroid to outer boundary of Kendrapara coastal-village belt,PROXY_REFERENCE,False
Hariharpursasan,395672,Rajkanika,Kendrapara,0.7135299186491924,0.0388241382419353,1277.8498774951076,1.2778498774951077,0.8409891367336055,VERY HIGH,Distance from village centroid to outer boundary of Kendrapara coastal-village belt,PROXY_REFERENCE,False
Rajendranarayanpur,395802,Rajnagar,Kendrapara,0.695081262351091,0.0377961069043105,251.95604474856546,0.2519560447485655,0.9719725556408212,VERY HIGH,Distance from village centroid to outer boundary of Kendrapara coastal-village belt,PROXY_REFERENCE,False
Ganja,395660,Rajkanika,Kendrapara,2.493290355072776,0.1379993558048841,3410.8586434220147,3.4108586434220145,0.5686522030255801,HIGH,Distance from village centroid to outer boundary of Kendrapara coastal-village belt,PROXY_REFERENCE,False
Baghuasuni,395621,Rajkanika,Kendrapara,0.4234770019219769,0.0226612544444987,1842.7376897914514,1.8427376897914514,0.7688657506757104,VERY HIGH,Distance from village centroid to outer boundary of Kendrapara coastal-village belt,PROXY_REFERENCE,False
Bangarakuan,395616,Rajkanika,Kendrapara,3.314876906135764,0.1837813741489935,867.4072894711453,0.8674072894711453,0.8933933638850389,VERY HIGH,Distance from village centroid to outer boundary of Kendrapara coastal-village belt,PROXY_REFERENCE,False
Gualigan,395615,Rajkanika,Kendrapara,1.6017149070950607,0.0883172821856631,305.3116981087375,0.30531169810873754,0.9651602465381987,VERY HIGH,Distance from village centroid to outer boundary of Kendrapara coastal-village belt,PROXY_REFERENCE,False
Gobindapur,395633,Rajkanika,Kendrapara,2.138620444601057,0.1182357602028001,3117.3850050130427,3.1173850050130425,0.606122143180142,HIGH,Distance from village centroid to outer boundary of Kendrapara coastal-village belt,PROXY_REFERENCE,False
Sialia,395625,Rajkanika,Kendrapara,0.7565540662959342,0.0412216121468505,2297.231912911128,2.297231912911128,0.7108371269355558,HIGH,Distance from village centroid to outer boundary of Kendrapara coastal-village belt,PROXY_REFERENCE,False
Badataila,395628,Rajkanika,Kendrapara,1.1614666240399794,0.0637849247064507,1127.4324470356473,1.1274324470356474,0.8601940375488014,VERY HIGH,Distance from village centroid to outer boundary of Kendrapara coastal-village belt,PROXY_REFERENCE,False
Jagulaipada,395630,Rajkanika,Kendrapara,1.4673051325922566,0.0808274434657456,1674.668518769264,1.674668518769264,0.7903243791718488,VERY HIGH,Distance from village centroid to outer boundary of Kendrapara coastal-village belt,PROXY_REFERENCE,False
Barada,395627,Rajkanika,Kendrapara,1.2439035611405538,0.0683786335027883,926.8245887749731,0.9268245887749731,0.8858071198151114,VERY HIGH,Distance from village centroid to outer boundary of Kendrapara coastal-village belt,PROXY_REFERENCE,False
Arasa,395626,Rajkanika,Kendrapara,0.994237666961205,0.0544662726779564,1667.2312718011829,1.6672312718011828,0.7912739472499886,VERY HIGH,Distance from village centroid to outer boundary of Kendrapara coastal-village belt,PROXY_REFERENCE,False
Sikudi,395619,Rajkanika,Kendrapara,0.8678525633736806,0.0474236000302848,844.1413596141015,0.8441413596141015,0.896363896448406,VERY HIGH,Distance from village centroid to outer boundary of Kendrapara coastal-village belt,PROXY_REFERENCE,False
Bahadiha,395609,Rajkanika,Kendrapara,1.9527992817062791,0.1078810776956856,582.8102656253612,0.5828102656253612,0.9297299613030575,VERY HIGH,Distance from village centroid to outer boundary of Kendrapara coastal-village belt,PROXY_REFERENCE,False
Manapur,395605,Rajkanika,Kendrapara,1.8816628684629624,0.1039170783193253,795.2136044438583,0.7952136044438584,0.9026108631881281,VERY HIGH,Distance from village centroid to outer boundary of Kendrapara coastal-village belt,PROXY_REFERENCE,False
Malisahada,395673,Rajkanika,Kendrapara,0.7899763028396727,0.043084029982886,1905.002655085775,1.9050026550857748,0.7609159241224548,VERY HIGH,Distance from village centroid to outer boundary of Kendrapara coastal-village belt,PROXY_REFERENCE,False
Kalisipada,395674,Rajkanika,Kendrapara,0.6363870353406224,0.0345254348440024,2472.378460167591,2.472378460167591,0.6884748777074589,HIGH,Distance from village centroid to outer boundary of Kendrapara coastal-village belt,PROXY_REFERENCE,False
Pimpudi,395670,Rajkanika,Kendrapara,0.6908889986841927,0.0375624975641223,2899.6992929298226,2.8996992929298226,0.6339156807819578,HIGH,Distance from village centroid to outer boundary of Kendrapara coastal-village belt,PROXY_REFERENCE,False
Gangadharpur,395666,Rajkanika,Kendrapara,0.7721353727150659,0.0420898635263101,2947.5965762122955,2.9475965762122955,0.6278002819751344,HIGH,Distance from village centroid to outer boundary of Kendrapara coastal-village belt,PROXY_REFERENCE,False
Balibhanda,395654,Rajkanika,Kendrapara,1.335735849844791,0.0734958880642211,2942.350490573421,2.9423504905734212,0.6284700883536561,HIGH,Distance from village centroid to outer boundary of Kendrapara coastal-village belt,PROXY_REFERENCE,False
Madhupara,395677,Rajkanika,Kendrapara,0.523555545965269,0.0282380226295593,1050.9456681158215,1.0509456681158216,0.8699596677576286,VERY HIGH,Distance from village centroid to outer boundary of Kendrapara coastal-village belt,PROXY_REFERENCE,False
Patuli,395636,Rajkanika,Kendrapara,0.8267673046460734,0.0451341686048237,3819.0437292621027,3.819043729262103,0.5165362077991233,HIGH,Distance from village centroid to outer boundary of Kendrapara coastal-village belt,PROXY_REFERENCE,False
Mantapara,395678,Rajkanika,Kendrapara,2.580317807202647,0.1428488660660926,767.1062431135555,0.7671062431135555,0.9061995369533724,VERY HIGH,Distance from village centroid to outer boundary of Kendrapara coastal-village belt,PROXY_REFERENCE,False
Pratappur,395637,Rajkanika,Kendrapara,0.2710339060689518,0.014166528475888,4111.4508074353325,4.111450807435332,0.4792024432425509,MODERATE,Distance from village centroid to outer boundary of Kendrapara coastal-village belt,PROXY_REFERENCE,False
Akhulipada,395671,Rajkanika,Kendrapara,0.872727257719999,0.0476952370789881,2282.207496132117,2.282207496132117,0.7127554048450089,HIGH,Distance from village centroid to outer boundary of Kendrapara coastal-village belt,PROXY_REFERENCE,False
Balarampur,395635,Rajkanika,Kendrapara,1.5443305888706909,0.0851196033699458,4141.3565688497065,4.141356568849707,0.4753841544976122,MODERATE,Distance from village centroid to outer boundary of Kendrapara coastal-village belt,PROXY_REFERENCE,False
Baghabuda,395629,Rajkanika,Kendrapara,0.6511389266032398,0.0353474679645807,1992.0567481706155,1.9920567481706155,0.7498010871109171,HIGH,Distance from village centroid to outer boundary of Kendrapara coastal-village belt,PROXY_REFERENCE,False
Govindpur,395803,Rajnagar,Kendrapara,1.6559546093612347,0.0913397306920513,557.4144884304985,0.5574144884304986,0.9329724271573296,VERY HIGH,Distance from village centroid to outer boundary of Kendrapara coastal-village belt,PROXY_REFERENCE,False
Safalanga,395634,Rajkanika,Kendrapara,0.8617854071857242,0.0470855143404275,3887.8749230847925,3.8878749230847927,0.5077480225049161,HIGH,Distance from village centroid to outer boundary of Kendrapara coastal-village belt,PROXY_REFERENCE,False
Pegarapada,395639,Rajkanika,Kendrapara,3.2801124584752337,0.1818441630560685,3630.3899054517115,3.6303899054517115,0.5406230304739894,HIGH,Distance from village centroid to outer boundary of Kendrapara coastal-village belt,PROXY_REFERENCE,False
Nahuni,395638,Rajkanika,Kendrapara,2.767781481415814,0.1532950757327153,3778.57105386923,3.7785710538692303,0.5217036522520135,HIGH,Distance from village centroid to outer boundary of Kendrapara coastal-village belt,PROXY_REFERENCE,False
Achinta,395631,Rajkanika,Kendrapara,0.6082076110337205,0.0329551670263563,2328.2866343118226,2.3282866343118225,0.7068721420097921,HIGH,Distance from village centroid to outer boundary of Kendrapara coastal-village belt,PROXY_REFERENCE,False
Domanda Kaema,395606,Rajkanika,Kendrapara,2.4917999623146128,0.1379163052869492,1819.7844963784796,1.8197844963784797,0.7717963538746988,VERY HIGH,Distance from village centroid to outer boundary of Kendrapara coastal-village belt,PROXY_REFERENCE,False
Nuagan,395608,Rajkanika,Kendrapara,4.423605130309795,0.2455640504015357,2566.727537412287,2.566727537412287,0.6764286363579366,HIGH,Distance from village centroid to outer boundary of Kendrapara coastal-village belt,PROXY_REFERENCE,False
Upulei Dia,395681,Rajkanika,Kendrapara,1.465689505266646,0.08073741438754,550.7305812529798,0.5507305812529798,0.9338258107978434,VERY HIGH,Distance from village centroid to outer boundary of Kendrapara coastal-village belt,PROXY_REFERENCE,False
Sanataila,395632,Rajkanika,Kendrapara,0.3195736209863586,0.0168713513772505,2898.301135906879,2.898301135906879,0.634094193783195,HIGH,Distance from village centroid to outer boundary of Kendrapara coastal-village belt,PROXY_REFERENCE,False
Nuagan,395686,Rajkanika,Kendrapara,1.223037602864992,0.0672159006375737,343.7135004756291,0.3437135004756291,0.9602572056916149,VERY HIGH,Distance from village centroid to outer boundary of Kendrapara coastal-village belt,PROXY_REFERENCE,False
Durgaprasad,395801,Rajnagar,Kendrapara,0.8669190202947458,0.0473715793560058,295.92767019996757,0.2959276701999676,0.9663583744724711,VERY HIGH,Distance from village centroid to outer boundary of Kendrapara coastal-village belt,PROXY_REFERENCE,False
Ragadapatia,395800,Rajnagar,Kendrapara,0.4195705439613364,0.0224435713169169,562.8892592032634,0.5628892592032634,0.9322734228640391,VERY HIGH,Distance from village centroid to outer boundary of Kendrapara coastal-village belt,PROXY_REFERENCE,False
Bankual,395799,Rajnagar,Kendrapara,1.7399098767582393,0.0960180467953046,443.807192364677,0.44380719236467703,0.947477507094955,VERY HIGH,Distance from village centroid to outer boundary of Kendrapara coastal-village belt,PROXY_REFERENCE,False
Dangamal,395766,Rajnagar,Kendrapara,1.8967658790368371,0.1047586771822203,1156.8555591910383,1.1568555591910383,0.8564373721883267,VERY HIGH,Distance from village centroid to outer boundary of Kendrapara coastal-village belt,PROXY_REFERENCE,False
Trilochanpur,395765,Rajnagar,Kendrapara,0.6811929161164512,0.0370221938926369,343.6605416507649,0.34366054165076493,0.9602639673347018,VERY HIGH,Distance from village centroid to outer boundary of Kendrapara coastal-village belt,PROXY_REFERENCE,False
Kamalpur,395764,Rajnagar,Kendrapara,0.5491669397231713,0.0296651897336525,557.3798779821337,0.5573798779821337,0.9329768461280964,VERY HIGH,Distance from village centroid to outer boundary of Kendrapara coastal-village belt,PROXY_REFERENCE,False
Badhadia,395763,Rajnagar,Kendrapara,0.5071291710364662,0.0273226807251127,916.2172343958849,0.916217234395885,0.8871614388467539,VERY HIGH,Distance from village centroid to outer boundary of Kendrapara coastal-village belt,PROXY_REFERENCE,False
Laxmiprasad Dia,395687,Rajkanika,Kendrapara,0.5718269206112199,0.0309278925607029,243.7598402065706,0.2437598402065706,0.9730190254203491,VERY HIGH,Distance from village centroid to outer boundary of Kendrapara coastal-village belt,PROXY_REFERENCE,False
Asoka Dia,395688,Rajkanika,Kendrapara,0.3276645348431169,0.0173222087654726,374.9115947474777,0.3749115947474777,0.956273915295789,VERY HIGH,Distance from village centroid to outer boundary of Kendrapara coastal-village belt,PROXY_REFERENCE,False
Kanhupur,396072,Rajnagar,Kendrapara,0.8486498289132881,0.0463535485059684,266.8963977779157,0.2668963977779157,0.9700650107692179,VERY HIGH,Distance from village centroid to outer boundary of Kendrapara coastal-village belt,PROXY_REFERENCE,False
Banipal,396067,Rajnagar,Kendrapara,1.54627176303935,0.085227773192448,826.1342809132664,0.8261342809132664,0.8986629927656654,VERY HIGH,Distance from village centroid to outer boundary of Kendrapara coastal-village belt,PROXY_REFERENCE,False
Rangani,395797,Rajnagar,Kendrapara,1.9244312428558688,0.1063002995374312,907.5572091492782,0.9075572091492782,0.8882671280305816,VERY HIGH,Distance from village centroid to outer boundary of Kendrapara coastal-village belt,PROXY_REFERENCE,False
Narayanpur,395796,Rajnagar,Kendrapara,1.0720733899749566,0.0588035838160612,402.44826962256064,0.40244826962256064,0.9527581052720379,VERY HIGH,Distance from village centroid to outer boundary of Kendrapara coastal-village belt,PROXY_REFERENCE,False
Udyan,395784,Rajnagar,Kendrapara,1.4845818857902793,0.0817901717757638,1362.521946598178,1.362521946598178,0.8301784302617905,VERY HIGH,Distance from village centroid to outer boundary of Kendrapara coastal-village belt,PROXY_REFERENCE,False
Paramanandapur,395880,Rajnagar,Kendrapara,0.1646383334908147,0.0082377507357923,99.02016449036775,0.09902016449036775,0.9914990054842452,VERY HIGH,Distance from village centroid to outer boundary of Kendrapara coastal-village belt,PROXY_REFERENCE,False
Mohanpur,395879,Rajnagar,Kendrapara,0.2085054322102837,0.0106821971738202,235.05556178074562,0.23505556178074563,0.9741303647333875,VERY HIGH,Distance from village centroid to outer boundary of Kendrapara coastal-village belt,PROXY_REFERENCE,False
Govindapur,395878,Rajnagar,Kendrapara,0.9933689748054146,0.0544178657509439,337.57028536147345,0.33757028536147343,0.9610415551954815,VERY HIGH,Distance from village centroid to outer boundary of Kendrapara coastal-village belt,PROXY_REFERENCE,False
Dalei Sahi,395785,Rajnagar,Kendrapara,1.4762649646063737,0.0813267203746723,2235.0076177242568,2.2350076177242566,0.7187817608367538,HIGH,Distance from village centroid to outer boundary of Kendrapara coastal-village belt,PROXY_REFERENCE,False
Ananta Keshari,395782,Rajnagar,Kendrapara,1.1624788562253383,0.0638413302457316,1406.57111113756,1.4065711111375598,0.8245543491071861,VERY HIGH,Distance from village centroid to outer boundary of Kendrapara coastal-village belt,PROXY_REFERENCE,False
Ahirajpur,396063,Rajnagar,Kendrapara,1.283482714869862,0.0705841388627958,496.05492569921967,0.49605492569921966,0.940806654299214,VERY HIGH,Distance from village centroid to outer boundary of Kendrapara coastal-village belt,PROXY_REFERENCE,False
Sir Rajendrapur,396065,Rajnagar,Kendrapara,1.8385151237350887,0.1015127171012861,849.5837704868787,0.8495837704868787,0.895669023781801,VERY HIGH,Distance from village centroid to outer boundary of Kendrapara coastal-village belt,PROXY_REFERENCE,False
Rabindrapalli,396070,Rajnagar,Kendrapara,1.7781246725078697,0.098147524788539,704.8618039245856,0.7048618039245856,0.9141467427876313,VERY HIGH,Distance from village centroid to outer boundary of Kendrapara coastal-village belt,PROXY_REFERENCE,False
Krishnanagar,395770,Rajnagar,Kendrapara,1.4914728234583905,0.0821741617940052,717.631877890764,0.717631877890764,0.9125162934229929,VERY HIGH,Distance from village centroid to outer boundary of Kendrapara coastal-village belt,PROXY_REFERENCE,False
Khas Munda,395783,Rajnagar,Kendrapara,1.0495118601081157,0.0575463670652533,710.3014113482747,0.7103014113482746,0.9134522280580123,VERY HIGH,Distance from village centroid to outer boundary of Kendrapara coastal-village belt,PROXY_REFERENCE,False
Sailendra Sarai,395781,Rajnagar,Kendrapara,1.1009095985212365,0.0604104502222022,223.94065108065067,0.22394065108065067,0.9755494872174844,VERY HIGH,Distance from village centroid to outer boundary of Kendrapara coastal-village belt,PROXY_REFERENCE,False
Bhanja Prasad,395778,Rajnagar,Kendrapara,0.7484898267995393,0.0407722411583922,381.29574760426203,0.38129574760426205,0.9554588034963846,VERY HIGH,Distance from village centroid to outer boundary of Kendrapara coastal-village belt,PROXY_REFERENCE,False
Dantiapada,396071,Rajnagar,Kendrapara,2.683686774650805,0.1486089895221062,1102.8261230893297,1.1028261230893297,0.8633357080943767,VERY HIGH,Distance from village centroid to outer boundary of Kendrapara coastal-village belt,PROXY_REFERENCE,False
Keruapal,395786,Rajnagar,Kendrapara,1.6470729620220432,0.0908448105392291,779.1344801953517,0.7791344801953517,0.9046638033656363,VERY HIGH,Distance from village centroid to outer boundary of Kendrapara coastal-village belt,PROXY_REFERENCE,False
Bagapatia Uttar,395827,Rajnagar,Kendrapara,1.4827383934246472,0.0816874451656563,521.6487934891827,0.5216487934891827,0.9375388967601969,VERY HIGH,Distance from village centroid to outer boundary of Kendrapara coastal-village belt,PROXY_REFERENCE,False
Sourendrapur,395793,Rajnagar,Kendrapara,1.630752937136093,0.0899353948754281,1716.2535124636913,1.7162535124636913,0.7850149168518069,VERY HIGH,Distance from village centroid to outer boundary of Kendrapara coastal-village belt,PROXY_REFERENCE,False
Pravati,396064,Rajnagar,Kendrapara,2.0943800709948257,0.1157705134270706,545.0620027655201,0.5450620027655201,0.9345495599490041,VERY HIGH,Distance from village centroid to outer boundary of Kendrapara coastal-village belt,PROXY_REFERENCE,False
Harina Pokhari,395795,Rajnagar,Kendrapara,1.266393188598171,0.0696318435699256,1582.6933115913507,1.5826933115913506,0.8020675310520092,VERY HIGH,Distance from village centroid to outer boundary of Kendrapara coastal-village belt,PROXY_REFERENCE,False
Magarkanda,395833,Rajnagar,Kendrapara,2.56286447419204,0.1418762980377776,490.91813650361763,0.49091813650361765,0.9414625059961135,VERY HIGH,Distance from village centroid to outer boundary of Kendrapara coastal-village belt,PROXY_REFERENCE,False
Satavaya,396069,Rajnagar,Kendrapara,1.6801726195558258,0.0926892530102442,261.4917952808045,0.2614917952808045,0.9707550561621324,VERY HIGH,Distance from village centroid to outer boundary of Kendrapara coastal-village belt,PROXY_REFERENCE,False
Manjulapalli,396066,Rajnagar,Kendrapara,1.4637201970173324,0.080627676823946,2052.3899016664545,2.0523899016664546,0.7420979091931966,HIGH,Distance from village centroid to outer boundary of Kendrapara coastal-village belt,PROXY_REFERENCE,False
Barahipur,396068,Rajnagar,Kendrapara,1.0180480292999163,0.0557930792620715,276.51187138148936,0.27651187138148936,0.9688373324590401,VERY HIGH,Distance from village centroid to outer boundary of Kendrapara coastal-village belt,PROXY_REFERENCE,False
Bagapatia,395834,Rajnagar,Kendrapara,1.3595338901266905,0.0748220080151016,483.4980161364152,0.4834980161364152,0.9424098873950222,VERY HIGH,Distance from village centroid to outer boundary of Kendrapara coastal-village belt,PROXY_REFERENCE,False
Amarabati,395790,Rajnagar,Kendrapara,1.667911407625093,0.0920060102906457,1806.7590237704435,1.8067590237704434,0.7734594118643499,VERY HIGH,Distance from village centroid to outer boundary of Kendrapara coastal-village belt,PROXY_REFERENCE,False
Sailendranarayanpur,395811,Rajnagar,Kendrapara,2.058705473456397,0.1137825852205902,558.8757368785674,0.5588757368785674,0.9327858588093276,VERY HIGH,Distance from village centroid to outer boundary of Kendrapara coastal-village belt,PROXY_REFERENCE,False
Gopaljew Patana,395808,Rajnagar,Kendrapara,1.2236739755838522,0.067251361816254,632.892652874304,0.632892652874304,0.9233355741847148,VERY HIGH,Distance from village centroid to outer boundary of Kendrapara coastal-village belt,PROXY_REFERENCE,False
Rajpatana,395779,Rajnagar,Kendrapara,0.9052654590404244,0.0495083930122354,485.6099396441918,0.4856099396441918,0.9421402425714652,VERY HIGH,Distance from village centroid to outer boundary of Kendrapara coastal-village belt,PROXY_REFERENCE,False
Kanak Nagar,395771,Rajnagar,Kendrapara,1.1770314521627323,0.0646522578507394,610.735961441403,0.610735961441403,0.9261644821115554,VERY HIGH,Distance from village centroid to outer boundary of Kendrapara coastal-village belt,PROXY_REFERENCE,False
Sailendranarayanpur Purbajungal Block,395810,Rajnagar,Kendrapara,0.7826056786212326,0.0426733099525501,210.1992270969001,0.21019922709690012,0.9773039559905605,VERY HIGH,Distance from village centroid to outer boundary of Kendrapara coastal-village belt,PROXY_REFERENCE,False
Talchua,396062,Rajnagar,Kendrapara,0.6103647499435061,0.0330753712495277,897.2333892418042,0.8972333892418042,0.8895852461286727,VERY HIGH,Distance from village centroid to outer boundary of Kendrapara coastal-village belt,PROXY_REFERENCE,False
Sailendranagar,395772,Rajnagar,Kendrapara,1.3374298925262298,0.073590286752974,599.8640411928819,0.599864041192882,0.9275525802156501,VERY HIGH,Distance from village centroid to outer boundary of Kendrapara coastal-village belt,PROXY_REFERENCE,False
Baghua,395769,Rajnagar,Kendrapara,1.1298814172982727,0.0620248733611842,698.7105000872964,0.6987105000872964,0.9149321250383348,VERY HIGH,Distance from village centroid to outer boundary of Kendrapara coastal-village belt,PROXY_REFERENCE,False
Rajendranagar,395774,Rajnagar,Kendrapara,1.6293448382759808,0.0898569300955938,527.9895518700733,0.5279895518700733,0.9367293254530275,VERY HIGH,Distance from village centroid to outer boundary of Kendrapara coastal-village belt,PROXY_REFERENCE,False
Rajeswarinagar,395773,Rajnagar,Kendrapara,1.1300818309214404,0.0620360411926931,482.49440573607234,0.48249440573607233,0.9425380257240497,VERY HIGH,Distance from village centroid to outer boundary of Kendrapara coastal-village belt,PROXY_REFERENCE,False
Tikayat Nagar,395775,Rajnagar,Kendrapara,1.3139314944502287,0.0722808640386163,601.8171966962299,0.6018171966962299,0.9273032064721692,VERY HIGH,Distance from village centroid to outer boundary of Kendrapara coastal-village belt,PROXY_REFERENCE,False
Birabhanjapur,395776,Rajnagar,Kendrapara,0.7711014378958091,0.0420322486313236,610.0604057303947,0.6100604057303947,0.9262507352830491,VERY HIGH,Distance from village centroid to outer boundary of Kendrapara coastal-village belt,PROXY_REFERENCE,False
Chanra Kolha,395792,Rajnagar,Kendrapara,1.8940205040691045,0.1046056941435233,423.3649366230528,0.4233649366230528,0.9500875203943284,VERY HIGH,Distance from village centroid to outer boundary of Kendrapara coastal-village belt,PROXY_REFERENCE,False
Garta,395791,Rajnagar,Kendrapara,1.2308944284698675,0.0676537137121713,570.2707431696508,0.5702707431696508,0.9313309744588881,VERY HIGH,Distance from village centroid to outer boundary of Kendrapara coastal-village belt,PROXY_REFERENCE,False
Habelichintamanipur,395829,Rajnagar,Kendrapara,0.216924321230325,0.0111513306218469,153.92498452741387,0.15392498452741388,0.9844889028660394,VERY HIGH,Distance from village centroid to outer boundary of Kendrapara coastal-village belt,PROXY_REFERENCE,False
Baunsagarh,395832,Rajnagar,Kendrapara,2.000292306780066,0.1105275749421804,549.0635536449462,0.5490635536449462,0.9340386524862746,VERY HIGH,Distance from village centroid to outer boundary of Kendrapara coastal-village belt,PROXY_REFERENCE,False
Sanagahiramatha,395830,Rajnagar,Kendrapara,0.3456700940793979,0.0183255490005152,142.3967204448532,0.14239672044485321,0.9859608012198451,VERY HIGH,Distance from village centroid to outer boundary of Kendrapara coastal-village belt,PROXY_REFERENCE,False
Gopaljewpatna J Block,395809,Rajnagar,Kendrapara,0.7728702394388222,0.0421308131764522,261.3861794943166,0.2613861794943166,0.9707685409072037,VERY HIGH,Distance from village centroid to outer boundary of Kendrapara coastal-village belt,PROXY_REFERENCE,False
Pata Paria,395807,Rajnagar,Kendrapara,6.099043342313607,0.338926025298931,887.2198519772686,0.8872198519772686,0.8908637481572426,VERY HIGH,Distance from village centroid to outer boundary of Kendrapara coastal-village belt,PROXY_REFERENCE,False
Giria Pahi,395787,Rajnagar,Kendrapara,1.1720716573141206,0.064375878668962,2161.683142443235,2.161683142443235,0.7281436364571316,HIGH,Distance from village centroid to outer boundary of Kendrapara coastal-village belt,PROXY_REFERENCE,False
Vekta,395798,Rajnagar,Kendrapara,2.5058625268625048,0.1386999264249338,554.4395882073425,0.5544395882073425,0.9333522545719205,VERY HIGH,Distance from village centroid to outer boundary of Kendrapara coastal-village belt,PROXY_REFERENCE,False
Sikar Pahi,395794,Rajnagar,Kendrapara,1.8050764651953888,0.0996493841673593,625.7749670473688,0.6257749670473688,0.9242443415391529,VERY HIGH,Distance from village centroid to outer boundary of Kendrapara coastal-village belt,PROXY_REFERENCE,False
Baghamari,395789,Rajnagar,Kendrapara,2.2306249228329995,0.1233626098386726,1542.4295755888,1.5424295755888,0.8072082986745929,VERY HIGH,Distance from village centroid to outer boundary of Kendrapara coastal-village belt,PROXY_REFERENCE,False
Radhamalipur,395788,Rajnagar,Kendrapara,1.3396475191635486,0.0737138615890746,2066.715058200726,2.0667150582007263,0.7402689109875864,HIGH,Distance from village centroid to outer boundary of Kendrapara coastal-village belt,PROXY_REFERENCE,False
Jyoti Prasad,395777,Rajnagar,Kendrapara,0.7444215286639263,0.0405455396628127,575.7872915866718,0.5757872915866719,0.930626636106162,VERY HIGH,Distance from village centroid to outer boundary of Kendrapara coastal-village belt,PROXY_REFERENCE,False
Sahebnagar,395881,Rajnagar,Kendrapara,0.3702722445936739,0.0196964771208598,230.81327700908804,0.23081327700908805,0.9746720084645737,VERY HIGH,Distance from village centroid to outer boundary of Kendrapara coastal-village belt,PROXY_REFERENCE,False
Suravi,395780,Rajnagar,Kendrapara,0.6959890855923763,0.0378466943685672,361.3046733480455,0.3613046733480455,0.958011211133632,VERY HIGH,Distance from village centroid to outer boundary of Kendrapara coastal-village belt,PROXY_REFERENCE,False
Sadanandapur,395876,Rajnagar,Kendrapara,0.7173088690939805,0.0390347161516649,303.1599680967654,0.3031599680967654,0.965434973751227,VERY HIGH,Distance from village centroid to outer boundary of Kendrapara coastal-village belt,PROXY_REFERENCE,False
Tentuliakolha,395877,Rajnagar,Kendrapara,1.2208583483284603,0.0670944640451187,520.5358331928164,0.5205358331928164,0.9376809965955529,VERY HIGH,Distance from village centroid to outer boundary of Kendrapara coastal-village belt,PROXY_REFERENCE,False
Badagahiramatha,395831,Rajnagar,Kendrapara,0.7535290173428487,0.0410530445790358,176.62287050726113,0.17662287050726114,0.9815908966467729,VERY HIGH,Distance from village centroid to outer boundary of Kendrapara coastal-village belt,PROXY_REFERENCE,False
Kaduanasi,395828,Rajnagar,Kendrapara,1.0278664869454484,0.0563402021518718,400.79188038652956,0.4007918803865296,0.9529695886811891,VERY HIGH,Distance from village centroid to outer boundary of Kendrapara coastal-village belt,PROXY_REFERENCE,False
Pinchapatia,395767,Rajnagar,Kendrapara,0.8943549842601679,0.0489004186534945,852.5664489422726,0.8525664489422726,0.8952882032630322,VERY HIGH,Distance from village centroid to outer boundary of Kendrapara coastal-village belt,PROXY_REFERENCE,False
Subarnpur,395768,Rajnagar,Kendrapara,1.0972637737996254,0.0602072905988268,384.1848851357673,0.38418488513576726,0.9550899260360761,VERY HIGH,Distance from village centroid to outer boundary of Kendrapara coastal-village belt,PROXY_REFERENCE,False
Hukitola,396061,Mahakalapada,Kendrapara,3.69698985064474,0.2050742030206414,1443.009027274554,1.443009027274554,0.8199020520749482,VERY HIGH,Distance from village centroid to outer boundary of Kendrapara coastal-village belt,PROXY_REFERENCE,False
Talapatta,396052,Rajnagar,Kendrapara,0.2016297490181238,0.0102990571946854,313.68752561186494,0.3136875256118649,0.9640908429727248,VERY HIGH,Distance from village centroid to outer boundary of Kendrapara coastal-village belt,PROXY_REFERENCE,False
