village,vlcode,block,district,nccr_total_coast_km,nccr_high_erosion_km,nccr_moderate_erosion_km,nccr_low_erosion_km,nccr_stable_km,nccr_low_accretion_km,nccr_moderate_accretion_km,nccr_high_accretion_km,erosion_baseline_score,coastal_hazard_baseline,erosion_data_source,erosion_resolution,village_erosion_rate_available
Birin Dola,396779,Marsaghai,Kendrapara,135.82,31.02,8.72,9.22,54.26,11.26,5.02,16.32,0.2938079811515241,0.2938079811515241,NCCR National Assessment of Shoreline Changes 1990-2016,District coastline baseline,False
Gopei,396731,Marsaghai,Kendrapara,135.82,31.02,8.72,9.22,54.26,11.26,5.02,16.32,0.2938079811515241,0.2938079811515241,NCCR National Assessment of Shoreline Changes 1990-2016,District coastline baseline,False
Bilabalarampur,396712,Marsaghai,Kendrapara,135.82,31.02,8.72,9.22,54.26,11.26,5.02,16.32,0.2938079811515241,0.2938079811515241,NCCR National Assessment of Shoreline Changes 1990-2016,District coastline baseline,False
Mandia,396795,Marsaghai,Kendrapara,135.82,31.02,8.72,9.22,54.26,11.26,5.02,16.32,0.2938079811515241,0.2938079811515241,NCCR National Assessment of Shoreline Changes 1990-2016,District coastline baseline,False
Arimula,396722,Marsaghai,Kendrapara,135.82,31.02,8.72,9.22,54.26,11.26,5.02,16.32,0.2938079811515241,0.2938079811515241,NCCR National Assessment of Shoreline Changes 1990-2016,District coastline baseline,False
Gajipithi,396776,Marsaghai,Kendrapara,135.82,31.02,8.72,9.22,54.26,11.26,5.02,16.32,0.2938079811515241,0.2938079811515241,NCCR National Assessment of Shoreline Changes 1990-2016,District coastline baseline,False
Agar Bindha,396728,Marsaghai,Kendrapara,135.82,31.02,8.72,9.22,54.26,11.26,5.02,16.32,0.2938079811515241,0.2938079811515241,NCCR National Assessment of Shoreline Changes 1990-2016,District coastline baseline,False
Talagan,396710,Marsaghai,Kendrapara,135.82,31.02,8.72,9.22,54.26,11.26,5.02,16.32,0.2938079811515241,0.2938079811515241,NCCR National Assessment of Shoreline Changes 1990-2016,District coastline baseline,False
Karandia Patna,396715,Marsaghai,Kendrapara,135.82,31.02,8.72,9.22,54.26,11.26,5.02,16.32,0.2938079811515241,0.2938079811515241,NCCR National Assessment of Shoreline Changes 1990-2016,District coastline baseline,False
Jalopoka,396702,Marsaghai,Kendrapara,135.82,31.02,8.72,9.22,54.26,11.26,5.02,16.32,0.2938079811515241,0.2938079811515241,NCCR National Assessment of Shoreline Changes 1990-2016,District coastline baseline,False
Karilo Patana,396709,Marsaghai,Kendrapara,135.82,31.02,8.72,9.22,54.26,11.26,5.02,16.32,0.2938079811515241,0.2938079811515241,NCCR National Assessment of Shoreline Changes 1990-2016,District coastline baseline,False
Akhuadakhini,396796,Marsaghai,Kendrapara,135.82,31.02,8.72,9.22,54.26,11.26,5.02,16.32,0.2938079811515241,0.2938079811515241,NCCR National Assessment of Shoreline Changes 1990-2016,District coastline baseline,False
Pokshyot,396701,Marsaghai,Kendrapara,135.82,31.02,8.72,9.22,54.26,11.26,5.02,16.32,0.2938079811515241,0.2938079811515241,NCCR National Assessment of Shoreline Changes 1990-2016,District coastline baseline,False
Hantapada,396708,Marsaghai,Kendrapara,135.82,31.02,8.72,9.22,54.26,11.26,5.02,16.32,0.2938079811515241,0.2938079811515241,NCCR National Assessment of Shoreline Changes 1990-2016,District coastline baseline,False
Abhaypur,396778,Marsaghai,Kendrapara,135.82,31.02,8.72,9.22,54.26,11.26,5.02,16.32,0.2938079811515241,0.2938079811515241,NCCR National Assessment of Shoreline Changes 1990-2016,District coastline baseline,False
Orisbindha,396777,Marsaghai,Kendrapara,135.82,31.02,8.72,9.22,54.26,11.26,5.02,16.32,0.2938079811515241,0.2938079811515241,NCCR National Assessment of Shoreline Changes 1990-2016,District coastline baseline,False
Raichand,396732,Marsaghai,Kendrapara,135.82,31.02,8.72,9.22,54.26,11.26,5.02,16.32,0.2938079811515241,0.2938079811515241,NCCR National Assessment of Shoreline Changes 1990-2016,District coastline baseline,False
Gaudagan,396714,Marsaghai,Kendrapara,135.82,31.02,8.72,9.22,54.26,11.26,5.02,16.32,0.2938079811515241,0.2938079811515241,NCCR National Assessment of Shoreline Changes 1990-2016,District coastline baseline,False
Jokia,396780,Marsaghai,Kendrapara,135.82,31.02,8.72,9.22,54.26,11.26,5.02,16.32,0.2938079811515241,0.2938079811515241,NCCR National Assessment of Shoreline Changes 1990-2016,District coastline baseline,False
Dalaanta,396725,Marsaghai,Kendrapara,135.82,31.02,8.72,9.22,54.26,11.26,5.02,16.32,0.2938079811515241,0.2938079811515241,NCCR National Assessment of Shoreline Changes 1990-2016,District coastline baseline,False
Raghunatha Pur,396723,Marsaghai,Kendrapara,135.82,31.02,8.72,9.22,54.26,11.26,5.02,16.32,0.2938079811515241,0.2938079811515241,NCCR National Assessment of Shoreline Changes 1990-2016,District coastline baseline,False
Jamapada,396724,Marsaghai,Kendrapara,135.82,31.02,8.72,9.22,54.26,11.26,5.02,16.32,0.2938079811515241,0.2938079811515241,NCCR National Assessment of Shoreline Changes 1990-2016,District coastline baseline,False
Naranpur,396707,Marsaghai,Kendrapara,135.82,31.02,8.72,9.22,54.26,11.26,5.02,16.32,0.2938079811515241,0.2938079811515241,NCCR National Assessment of Shoreline Changes 1990-2016,District coastline baseline,False
Dihabalarampur,396713,Marsaghai,Kendrapara,135.82,31.02,8.72,9.22,54.26,11.26,5.02,16.32,0.2938079811515241,0.2938079811515241,NCCR National Assessment of Shoreline Changes 1990-2016,District coastline baseline,False
Aitpur,396711,Marsaghai,Kendrapara,135.82,31.02,8.72,9.22,54.26,11.26,5.02,16.32,0.2938079811515241,0.2938079811515241,NCCR National Assessment of Shoreline Changes 1990-2016,District coastline baseline,False
Odang,396781,Marsaghai,Kendrapara,135.82,31.02,8.72,9.22,54.26,11.26,5.02,16.32,0.2938079811515241,0.2938079811515241,NCCR National Assessment of Shoreline Changes 1990-2016,District coastline baseline,False
Surtipur,396490,Marsaghai,Kendrapara,135.82,31.02,8.72,9.22,54.26,11.26,5.02,16.32,0.2938079811515241,0.2938079811515241,NCCR National Assessment of Shoreline Changes 1990-2016,District coastline baseline,False
Gobindpur,395658,Rajkanika,Kendrapara,135.82,31.02,8.72,9.22,54.26,11.26,5.02,16.32,0.2938079811515241,0.2938079811515241,NCCR National Assessment of Shoreline Changes 1990-2016,District coastline baseline,False
Laxmiprasad,395975,Rajnagar,Kendrapara,135.82,31.02,8.72,9.22,54.26,11.26,5.02,16.32,0.2938079811515241,0.2938079811515241,NCCR National Assessment of Shoreline Changes 1990-2016,District coastline baseline,False
Padmanavpatna,396054,Rajnagar,Kendrapara,135.82,31.02,8.72,9.22,54.26,11.26,5.02,16.32,0.2938079811515241,0.2938079811515241,NCCR National Assessment of Shoreline Changes 1990-2016,District coastline baseline,False
Ratanpur,396893,Marsaghai,Kendrapara,135.82,31.02,8.72,9.22,54.26,11.26,5.02,16.32,0.2938079811515241,0.2938079811515241,NCCR National Assessment of Shoreline Changes 1990-2016,District coastline baseline,False
Khamaganbindha,396940,Marsaghai,Kendrapara,135.82,31.02,8.72,9.22,54.26,11.26,5.02,16.32,0.2938079811515241,0.2938079811515241,NCCR National Assessment of Shoreline Changes 1990-2016,District coastline baseline,False
Potari,396892,Marsaghai,Kendrapara,135.82,31.02,8.72,9.22,54.26,11.26,5.02,16.32,0.2938079811515241,0.2938079811515241,NCCR National Assessment of Shoreline Changes 1990-2016,District coastline baseline,False
Raipur,396958,Mahakalapada,Kendrapara,135.82,31.02,8.72,9.22,54.26,11.26,5.02,16.32,0.2938079811515241,0.2938079811515241,NCCR National Assessment of Shoreline Changes 1990-2016,District coastline baseline,False
Samjori,396954,Mahakalapada,Kendrapara,135.82,31.02,8.72,9.22,54.26,11.26,5.02,16.32,0.2938079811515241,0.2938079811515241,NCCR National Assessment of Shoreline Changes 1990-2016,District coastline baseline,False
Pailo,396872,Marsaghai,Kendrapara,135.82,31.02,8.72,9.22,54.26,11.26,5.02,16.32,0.2938079811515241,0.2938079811515241,NCCR National Assessment of Shoreline Changes 1990-2016,District coastline baseline,False
Barunei,396075,Rajnagar,Kendrapara,135.82,31.02,8.72,9.22,54.26,11.26,5.02,16.32,0.2938079811515241,0.2938079811515241,NCCR National Assessment of Shoreline Changes 1990-2016,District coastline baseline,False
Madhuraganda Khamar,396953,Mahakalapada,Kendrapara,135.82,31.02,8.72,9.22,54.26,11.26,5.02,16.32,0.2938079811515241,0.2938079811515241,NCCR National Assessment of Shoreline Changes 1990-2016,District coastline baseline,False
Khurusia,396962,Mahakalapada,Kendrapara,135.82,31.02,8.72,9.22,54.26,11.26,5.02,16.32,0.2938079811515241,0.2938079811515241,NCCR National Assessment of Shoreline Changes 1990-2016,District coastline baseline,False
Nachhipada,396888,Marsaghai,Kendrapara,135.82,31.02,8.72,9.22,54.26,11.26,5.02,16.32,0.2938079811515241,0.2938079811515241,NCCR National Assessment of Shoreline Changes 1990-2016,District coastline baseline,False
Manikipur,396880,Marsaghai,Kendrapara,135.82,31.02,8.72,9.22,54.26,11.26,5.02,16.32,0.2938079811515241,0.2938079811515241,NCCR National Assessment of Shoreline Changes 1990-2016,District coastline baseline,False
Gopalapur,396948,Mahakalapada,Kendrapara,135.82,31.02,8.72,9.22,54.26,11.26,5.02,16.32,0.2938079811515241,0.2938079811515241,NCCR National Assessment of Shoreline Changes 1990-2016,District coastline baseline,False
Mantei,396874,Marsaghai,Kendrapara,135.82,31.02,8.72,9.22,54.26,11.26,5.02,16.32,0.2938079811515241,0.2938079811515241,NCCR National Assessment of Shoreline Changes 1990-2016,District coastline baseline,False
Antei,396873,Marsaghai,Kendrapara,135.82,31.02,8.72,9.22,54.26,11.26,5.02,16.32,0.2938079811515241,0.2938079811515241,NCCR National Assessment of Shoreline Changes 1990-2016,District coastline baseline,False
Beruhan,396942,Marsaghai,Kendrapara,135.82,31.02,8.72,9.22,54.26,11.26,5.02,16.32,0.2938079811515241,0.2938079811515241,NCCR National Assessment of Shoreline Changes 1990-2016,District coastline baseline,False
Khamagan,396882,Marsaghai,Kendrapara,135.82,31.02,8.72,9.22,54.26,11.26,5.02,16.32,0.2938079811515241,0.2938079811515241,NCCR National Assessment of Shoreline Changes 1990-2016,District coastline baseline,False
Naladiapalanda,396956,Mahakalapada,Kendrapara,135.82,31.02,8.72,9.22,54.26,11.26,5.02,16.32,0.2938079811515241,0.2938079811515241,NCCR National Assessment of Shoreline Changes 1990-2016,District coastline baseline,False
Badaghai,396955,Mahakalapada,Kendrapara,135.82,31.02,8.72,9.22,54.26,11.26,5.02,16.32,0.2938079811515241,0.2938079811515241,NCCR National Assessment of Shoreline Changes 1990-2016,District coastline baseline,False
Batira,396887,Marsaghai,Kendrapara,135.82,31.02,8.72,9.22,54.26,11.26,5.02,16.32,0.2938079811515241,0.2938079811515241,NCCR National Assessment of Shoreline Changes 1990-2016,District coastline baseline,False
Nuagan,396945,Mahakalapada,Kendrapara,135.82,31.02,8.72,9.22,54.26,11.26,5.02,16.32,0.2938079811515241,0.2938079811515241,NCCR National Assessment of Shoreline Changes 1990-2016,District coastline baseline,False
Dhaniapada,396944,Mahakalapada,Kendrapara,135.82,31.02,8.72,9.22,54.26,11.26,5.02,16.32,0.2938079811515241,0.2938079811515241,NCCR National Assessment of Shoreline Changes 1990-2016,District coastline baseline,False
Madhusudanpur,396891,Marsaghai,Kendrapara,135.82,31.02,8.72,9.22,54.26,11.26,5.02,16.32,0.2938079811515241,0.2938079811515241,NCCR National Assessment of Shoreline Changes 1990-2016,District coastline baseline,False
Sereinpur,396951,Mahakalapada,Kendrapara,135.82,31.02,8.72,9.22,54.26,11.26,5.02,16.32,0.2938079811515241,0.2938079811515241,NCCR National Assessment of Shoreline Changes 1990-2016,District coastline baseline,False
Ramachandrapur,396884,Marsaghai,Kendrapara,135.82,31.02,8.72,9.22,54.26,11.26,5.02,16.32,0.2938079811515241,0.2938079811515241,NCCR National Assessment of Shoreline Changes 1990-2016,District coastline baseline,False
Baripal,396886,Marsaghai,Kendrapara,135.82,31.02,8.72,9.22,54.26,11.26,5.02,16.32,0.2938079811515241,0.2938079811515241,NCCR National Assessment of Shoreline Changes 1990-2016,District coastline baseline,False
Balighai,396885,Marsaghai,Kendrapara,135.82,31.02,8.72,9.22,54.26,11.26,5.02,16.32,0.2938079811515241,0.2938079811515241,NCCR National Assessment of Shoreline Changes 1990-2016,District coastline baseline,False
Mangarajpur,396890,Marsaghai,Kendrapara,135.82,31.02,8.72,9.22,54.26,11.26,5.02,16.32,0.2938079811515241,0.2938079811515241,NCCR National Assessment of Shoreline Changes 1990-2016,District coastline baseline,False
Ameipal,396952,Mahakalapada,Kendrapara,135.82,31.02,8.72,9.22,54.26,11.26,5.02,16.32,0.2938079811515241,0.2938079811515241,NCCR National Assessment of Shoreline Changes 1990-2016,District coastline baseline,False
Tikhiri,396946,Mahakalapada,Kendrapara,135.82,31.02,8.72,9.22,54.26,11.26,5.02,16.32,0.2938079811515241,0.2938079811515241,NCCR National Assessment of Shoreline Changes 1990-2016,District coastline baseline,False
Balisuan,396947,Mahakalapada,Kendrapara,135.82,31.02,8.72,9.22,54.26,11.26,5.02,16.32,0.2938079811515241,0.2938079811515241,NCCR National Assessment of Shoreline Changes 1990-2016,District coastline baseline,False
Mahanangala,396957,Mahakalapada,Kendrapara,135.82,31.02,8.72,9.22,54.26,11.26,5.02,16.32,0.2938079811515241,0.2938079811515241,NCCR National Assessment of Shoreline Changes 1990-2016,District coastline baseline,False
Alifa,396943,Marsaghai,Kendrapara,135.82,31.02,8.72,9.22,54.26,11.26,5.02,16.32,0.2938079811515241,0.2938079811515241,NCCR National Assessment of Shoreline Changes 1990-2016,District coastline baseline,False
Kalagarh,396959,Mahakalapada,Kendrapara,135.82,31.02,8.72,9.22,54.26,11.26,5.02,16.32,0.2938079811515241,0.2938079811515241,NCCR National Assessment of Shoreline Changes 1990-2016,District coastline baseline,False
Potari,396889,Marsaghai,Kendrapara,135.82,31.02,8.72,9.22,54.26,11.26,5.02,16.32,0.2938079811515241,0.2938079811515241,NCCR National Assessment of Shoreline Changes 1990-2016,District coastline baseline,False
Bauda,396950,Mahakalapada,Kendrapara,135.82,31.02,8.72,9.22,54.26,11.26,5.02,16.32,0.2938079811515241,0.2938079811515241,NCCR National Assessment of Shoreline Changes 1990-2016,District coastline baseline,False
Ramachandrapur,396974,Mahakalapada,Kendrapara,135.82,31.02,8.72,9.22,54.26,11.26,5.02,16.32,0.2938079811515241,0.2938079811515241,NCCR National Assessment of Shoreline Changes 1990-2016,District coastline baseline,False
Jadupur,396933,Mahakalapada,Kendrapara,135.82,31.02,8.72,9.22,54.26,11.26,5.02,16.32,0.2938079811515241,0.2938079811515241,NCCR National Assessment of Shoreline Changes 1990-2016,District coastline baseline,False
Tekarapanga,396969,Mahakalapada,Kendrapara,135.82,31.02,8.72,9.22,54.26,11.26,5.02,16.32,0.2938079811515241,0.2938079811515241,NCCR National Assessment of Shoreline Changes 1990-2016,District coastline baseline,False
Gokha Khati,397104,Mahakalapada,Kendrapara,135.82,31.02,8.72,9.22,54.26,11.26,5.02,16.32,0.2938079811515241,0.2938079811515241,NCCR National Assessment of Shoreline Changes 1990-2016,District coastline baseline,False
Naladiasasan,396967,Mahakalapada,Kendrapara,135.82,31.02,8.72,9.22,54.26,11.26,5.02,16.32,0.2938079811515241,0.2938079811515241,NCCR National Assessment of Shoreline Changes 1990-2016,District coastline baseline,False
Rajendra Nagar,397117,Mahakalapada,Kendrapara,135.82,31.02,8.72,9.22,54.26,11.26,5.02,16.32,0.2938079811515241,0.2938079811515241,NCCR National Assessment of Shoreline Changes 1990-2016,District coastline baseline,False
Masakani,396932,Mahakalapada,Kendrapara,135.82,31.02,8.72,9.22,54.26,11.26,5.02,16.32,0.2938079811515241,0.2938079811515241,NCCR National Assessment of Shoreline Changes 1990-2016,District coastline baseline,False
Raula,396929,Mahakalapada,Kendrapara,135.82,31.02,8.72,9.22,54.26,11.26,5.02,16.32,0.2938079811515241,0.2938079811515241,NCCR National Assessment of Shoreline Changes 1990-2016,District coastline baseline,False
Tentuli Kandha,397118,Mahakalapada,Kendrapara,135.82,31.02,8.72,9.22,54.26,11.26,5.02,16.32,0.2938079811515241,0.2938079811515241,NCCR National Assessment of Shoreline Changes 1990-2016,District coastline baseline,False
Chhanda,396976,Mahakalapada,Kendrapara,135.82,31.02,8.72,9.22,54.26,11.26,5.02,16.32,0.2938079811515241,0.2938079811515241,NCCR National Assessment of Shoreline Changes 1990-2016,District coastline baseline,False
Dekani,396964,Mahakalapada,Kendrapara,135.82,31.02,8.72,9.22,54.26,11.26,5.02,16.32,0.2938079811515241,0.2938079811515241,NCCR National Assessment of Shoreline Changes 1990-2016,District coastline baseline,False
Patalipanka,396970,Mahakalapada,Kendrapara,135.82,31.02,8.72,9.22,54.26,11.26,5.02,16.32,0.2938079811515241,0.2938079811515241,NCCR National Assessment of Shoreline Changes 1990-2016,District coastline baseline,False
Kodakan,396973,Mahakalapada,Kendrapara,135.82,31.02,8.72,9.22,54.26,11.26,5.02,16.32,0.2938079811515241,0.2938079811515241,NCCR National Assessment of Shoreline Changes 1990-2016,District coastline baseline,False
Chheda Kani,397107,Mahakalapada,Kendrapara,135.82,31.02,8.72,9.22,54.26,11.26,5.02,16.32,0.2938079811515241,0.2938079811515241,NCCR National Assessment of Shoreline Changes 1990-2016,District coastline baseline,False
Khurusiapat,396963,Mahakalapada,Kendrapara,135.82,31.02,8.72,9.22,54.26,11.26,5.02,16.32,0.2938079811515241,0.2938079811515241,NCCR National Assessment of Shoreline Changes 1990-2016,District coastline baseline,False
Koratapanga,396965,Mahakalapada,Kendrapara,135.82,31.02,8.72,9.22,54.26,11.26,5.02,16.32,0.2938079811515241,0.2938079811515241,NCCR National Assessment of Shoreline Changes 1990-2016,District coastline baseline,False
Akhadasali,397121,Mahakalapada,Kendrapara,135.82,31.02,8.72,9.22,54.26,11.26,5.02,16.32,0.2938079811515241,0.2938079811515241,NCCR National Assessment of Shoreline Changes 1990-2016,District coastline baseline,False
Naladia,396971,Mahakalapada,Kendrapara,135.82,31.02,8.72,9.22,54.26,11.26,5.02,16.32,0.2938079811515241,0.2938079811515241,NCCR National Assessment of Shoreline Changes 1990-2016,District coastline baseline,False
Dasarajapur,397120,Mahakalapada,Kendrapara,135.82,31.02,8.72,9.22,54.26,11.26,5.02,16.32,0.2938079811515241,0.2938079811515241,NCCR National Assessment of Shoreline Changes 1990-2016,District coastline baseline,False
Bandhakud,396961,Mahakalapada,Kendrapara,135.82,31.02,8.72,9.22,54.26,11.26,5.02,16.32,0.2938079811515241,0.2938079811515241,NCCR National Assessment of Shoreline Changes 1990-2016,District coastline baseline,False
Gatanai Nuasahi,396966,Mahakalapada,Kendrapara,135.82,31.02,8.72,9.22,54.26,11.26,5.02,16.32,0.2938079811515241,0.2938079811515241,NCCR National Assessment of Shoreline Changes 1990-2016,District coastline baseline,False
Purusottampur,396979,Mahakalapada,Kendrapara,135.82,31.02,8.72,9.22,54.26,11.26,5.02,16.32,0.2938079811515241,0.2938079811515241,NCCR National Assessment of Shoreline Changes 1990-2016,District coastline baseline,False
Nuagan,396931,Mahakalapada,Kendrapara,135.82,31.02,8.72,9.22,54.26,11.26,5.02,16.32,0.2938079811515241,0.2938079811515241,NCCR National Assessment of Shoreline Changes 1990-2016,District coastline baseline,False
Gararomita,396983,Mahakalapada,Kendrapara,135.82,31.02,8.72,9.22,54.26,11.26,5.02,16.32,0.2938079811515241,0.2938079811515241,NCCR National Assessment of Shoreline Changes 1990-2016,District coastline baseline,False
Narayanpur,396968,Mahakalapada,Kendrapara,135.82,31.02,8.72,9.22,54.26,11.26,5.02,16.32,0.2938079811515241,0.2938079811515241,NCCR National Assessment of Shoreline Changes 1990-2016,District coastline baseline,False
Harishpur,396048,Rajnagar,Kendrapara,135.82,31.02,8.72,9.22,54.26,11.26,5.02,16.32,0.2938079811515241,0.2938079811515241,NCCR National Assessment of Shoreline Changes 1990-2016,District coastline baseline,False
Subala,396928,Mahakalapada,Kendrapara,135.82,31.02,8.72,9.22,54.26,11.26,5.02,16.32,0.2938079811515241,0.2938079811515241,NCCR National Assessment of Shoreline Changes 1990-2016,District coastline baseline,False
Sathiabati,397103,Mahakalapada,Kendrapara,135.82,31.02,8.72,9.22,54.26,11.26,5.02,16.32,0.2938079811515241,0.2938079811515241,NCCR National Assessment of Shoreline Changes 1990-2016,District coastline baseline,False
Nalitajori Pal,397119,Mahakalapada,Kendrapara,135.82,31.02,8.72,9.22,54.26,11.26,5.02,16.32,0.2938079811515241,0.2938079811515241,NCCR National Assessment of Shoreline Changes 1990-2016,District coastline baseline,False
Nunimatia Kandha,397105,Mahakalapada,Kendrapara,135.82,31.02,8.72,9.22,54.26,11.26,5.02,16.32,0.2938079811515241,0.2938079811515241,NCCR National Assessment of Shoreline Changes 1990-2016,District coastline baseline,False
Anantapur,396977,Mahakalapada,Kendrapara,135.82,31.02,8.72,9.22,54.26,11.26,5.02,16.32,0.2938079811515241,0.2938079811515241,NCCR National Assessment of Shoreline Changes 1990-2016,District coastline baseline,False
Guptagiri,397116,Mahakalapada,Kendrapara,135.82,31.02,8.72,9.22,54.26,11.26,5.02,16.32,0.2938079811515241,0.2938079811515241,NCCR National Assessment of Shoreline Changes 1990-2016,District coastline baseline,False
Belar,396930,Mahakalapada,Kendrapara,135.82,31.02,8.72,9.22,54.26,11.26,5.02,16.32,0.2938079811515241,0.2938079811515241,NCCR National Assessment of Shoreline Changes 1990-2016,District coastline baseline,False
Madhusudanpur,396981,Mahakalapada,Kendrapara,135.82,31.02,8.72,9.22,54.26,11.26,5.02,16.32,0.2938079811515241,0.2938079811515241,NCCR National Assessment of Shoreline Changes 1990-2016,District coastline baseline,False
Taradeipur,396978,Mahakalapada,Kendrapara,135.82,31.02,8.72,9.22,54.26,11.26,5.02,16.32,0.2938079811515241,0.2938079811515241,NCCR National Assessment of Shoreline Changes 1990-2016,District coastline baseline,False
Karanjia,396049,Rajnagar,Kendrapara,135.82,31.02,8.72,9.22,54.26,11.26,5.02,16.32,0.2938079811515241,0.2938079811515241,NCCR National Assessment of Shoreline Changes 1990-2016,District coastline baseline,False
Bahargadabadadandua,397122,Mahakalapada,Kendrapara,135.82,31.02,8.72,9.22,54.26,11.26,5.02,16.32,0.2938079811515241,0.2938079811515241,NCCR National Assessment of Shoreline Changes 1990-2016,District coastline baseline,False
Thantapalanda,396960,Mahakalapada,Kendrapara,135.82,31.02,8.72,9.22,54.26,11.26,5.02,16.32,0.2938079811515241,0.2938079811515241,NCCR National Assessment of Shoreline Changes 1990-2016,District coastline baseline,False
Srirampur,396982,Mahakalapada,Kendrapara,135.82,31.02,8.72,9.22,54.26,11.26,5.02,16.32,0.2938079811515241,0.2938079811515241,NCCR National Assessment of Shoreline Changes 1990-2016,District coastline baseline,False
Nandanpur,396980,Mahakalapada,Kendrapara,135.82,31.02,8.72,9.22,54.26,11.26,5.02,16.32,0.2938079811515241,0.2938079811515241,NCCR National Assessment of Shoreline Changes 1990-2016,District coastline baseline,False
Paunsiapal,396975,Mahakalapada,Kendrapara,135.82,31.02,8.72,9.22,54.26,11.26,5.02,16.32,0.2938079811515241,0.2938079811515241,NCCR National Assessment of Shoreline Changes 1990-2016,District coastline baseline,False
Raghunathpur,396972,Mahakalapada,Kendrapara,135.82,31.02,8.72,9.22,54.26,11.26,5.02,16.32,0.2938079811515241,0.2938079811515241,NCCR National Assessment of Shoreline Changes 1990-2016,District coastline baseline,False
Saralikud,397136,Mahakalapada,Kendrapara,135.82,31.02,8.72,9.22,54.26,11.26,5.02,16.32,0.2938079811515241,0.2938079811515241,NCCR National Assessment of Shoreline Changes 1990-2016,District coastline baseline,False
Jogidhankud,397135,Mahakalapada,Kendrapara,135.82,31.02,8.72,9.22,54.26,11.26,5.02,16.32,0.2938079811515241,0.2938079811515241,NCCR National Assessment of Shoreline Changes 1990-2016,District coastline baseline,False
Kansardia,397132,Mahakalapada,Kendrapara,135.82,31.02,8.72,9.22,54.26,11.26,5.02,16.32,0.2938079811515241,0.2938079811515241,NCCR National Assessment of Shoreline Changes 1990-2016,District coastline baseline,False
Palli Garh,397123,Mahakalapada,Kendrapara,135.82,31.02,8.72,9.22,54.26,11.26,5.02,16.32,0.2938079811515241,0.2938079811515241,NCCR National Assessment of Shoreline Changes 1990-2016,District coastline baseline,False
Batighar,396060,Mahakalapada,Kendrapara,135.82,31.02,8.72,9.22,54.26,11.26,5.02,16.32,0.2938079811515241,0.2938079811515241,NCCR National Assessment of Shoreline Changes 1990-2016,District coastline baseline,False
Barakoli Khala,397137,Mahakalapada,Kendrapara,135.82,31.02,8.72,9.22,54.26,11.26,5.02,16.32,0.2938079811515241,0.2938079811515241,NCCR National Assessment of Shoreline Changes 1990-2016,District coastline baseline,False
Banabiharipur,397126,Mahakalapada,Kendrapara,135.82,31.02,8.72,9.22,54.26,11.26,5.02,16.32,0.2938079811515241,0.2938079811515241,NCCR National Assessment of Shoreline Changes 1990-2016,District coastline baseline,False
Nipania,397134,Mahakalapada,Kendrapara,135.82,31.02,8.72,9.22,54.26,11.26,5.02,16.32,0.2938079811515241,0.2938079811515241,NCCR National Assessment of Shoreline Changes 1990-2016,District coastline baseline,False
Baraja Bahakuda,397125,Mahakalapada,Kendrapara,135.82,31.02,8.72,9.22,54.26,11.26,5.02,16.32,0.2938079811515241,0.2938079811515241,NCCR National Assessment of Shoreline Changes 1990-2016,District coastline baseline,False
Ramanagar,397128,Mahakalapada,Kendrapara,135.82,31.02,8.72,9.22,54.26,11.26,5.02,16.32,0.2938079811515241,0.2938079811515241,NCCR National Assessment of Shoreline Changes 1990-2016,District coastline baseline,False
Bahakuda Pitapat,397124,Mahakalapada,Kendrapara,135.82,31.02,8.72,9.22,54.26,11.26,5.02,16.32,0.2938079811515241,0.2938079811515241,NCCR National Assessment of Shoreline Changes 1990-2016,District coastline baseline,False
Badatubi,397127,Mahakalapada,Kendrapara,135.82,31.02,8.72,9.22,54.26,11.26,5.02,16.32,0.2938079811515241,0.2938079811515241,NCCR National Assessment of Shoreline Changes 1990-2016,District coastline baseline,False
Sanatubi,397133,Mahakalapada,Kendrapara,135.82,31.02,8.72,9.22,54.26,11.26,5.02,16.32,0.2938079811515241,0.2938079811515241,NCCR National Assessment of Shoreline Changes 1990-2016,District coastline baseline,False
Kentia,397114,Mahakalapada,Kendrapara,135.82,31.02,8.72,9.22,54.26,11.26,5.02,16.32,0.2938079811515241,0.2938079811515241,NCCR National Assessment of Shoreline Changes 1990-2016,District coastline baseline,False
Hetamundia,397138,Mahakalapada,Kendrapara,135.82,31.02,8.72,9.22,54.26,11.26,5.02,16.32,0.2938079811515241,0.2938079811515241,NCCR National Assessment of Shoreline Changes 1990-2016,District coastline baseline,False
Kasoti,396910,Marsaghai,Kendrapara,135.82,31.02,8.72,9.22,54.26,11.26,5.02,16.32,0.2938079811515241,0.2938079811515241,NCCR National Assessment of Shoreline Changes 1990-2016,District coastline baseline,False
Badapaldia,396913,Marsaghai,Kendrapara,135.82,31.02,8.72,9.22,54.26,11.26,5.02,16.32,0.2938079811515241,0.2938079811515241,NCCR National Assessment of Shoreline Changes 1990-2016,District coastline baseline,False
Kharinasi,396059,Mahakalapada,Kendrapara,135.82,31.02,8.72,9.22,54.26,11.26,5.02,16.32,0.2938079811515241,0.2938079811515241,NCCR National Assessment of Shoreline Changes 1990-2016,District coastline baseline,False
Bhitara Kharinasi,397130,Mahakalapada,Kendrapara,135.82,31.02,8.72,9.22,54.26,11.26,5.02,16.32,0.2938079811515241,0.2938079811515241,NCCR National Assessment of Shoreline Changes 1990-2016,District coastline baseline,False
Bikeikani,396020,Rajnagar,Kendrapara,135.82,31.02,8.72,9.22,54.26,11.26,5.02,16.32,0.2938079811515241,0.2938079811515241,NCCR National Assessment of Shoreline Changes 1990-2016,District coastline baseline,False
Baulanga,396782,Marsaghai,Kendrapara,135.82,31.02,8.72,9.22,54.26,11.26,5.02,16.32,0.2938079811515241,0.2938079811515241,NCCR National Assessment of Shoreline Changes 1990-2016,District coastline baseline,False
Bandha Kata,396720,Marsaghai,Kendrapara,135.82,31.02,8.72,9.22,54.26,11.26,5.02,16.32,0.2938079811515241,0.2938079811515241,NCCR National Assessment of Shoreline Changes 1990-2016,District coastline baseline,False
Gobind Pur,397052,Mahakalapada,Kendrapara,135.82,31.02,8.72,9.22,54.26,11.26,5.02,16.32,0.2938079811515241,0.2938079811515241,NCCR National Assessment of Shoreline Changes 1990-2016,District coastline baseline,False
Gohipur,396053,Rajnagar,Kendrapara,135.82,31.02,8.72,9.22,54.26,11.26,5.02,16.32,0.2938079811515241,0.2938079811515241,NCCR National Assessment of Shoreline Changes 1990-2016,District coastline baseline,False
Talasanga,396788,Marsaghai,Kendrapara,135.82,31.02,8.72,9.22,54.26,11.26,5.02,16.32,0.2938079811515241,0.2938079811515241,NCCR National Assessment of Shoreline Changes 1990-2016,District coastline baseline,False
Sanagan,396935,Mahakalapada,Kendrapara,135.82,31.02,8.72,9.22,54.26,11.26,5.02,16.32,0.2938079811515241,0.2938079811515241,NCCR National Assessment of Shoreline Changes 1990-2016,District coastline baseline,False
Kuhudi,396536,Marsaghai,Kendrapara,135.82,31.02,8.72,9.22,54.26,11.26,5.02,16.32,0.2938079811515241,0.2938079811515241,NCCR National Assessment of Shoreline Changes 1990-2016,District coastline baseline,False
Jaudia,396018,Rajnagar,Kendrapara,135.82,31.02,8.72,9.22,54.26,11.26,5.02,16.32,0.2938079811515241,0.2938079811515241,NCCR National Assessment of Shoreline Changes 1990-2016,District coastline baseline,False
Badapal,396912,Marsaghai,Kendrapara,135.82,31.02,8.72,9.22,54.26,11.26,5.02,16.32,0.2938079811515241,0.2938079811515241,NCCR National Assessment of Shoreline Changes 1990-2016,District coastline baseline,False
Narasingpur,396790,Marsaghai,Kendrapara,135.82,31.02,8.72,9.22,54.26,11.26,5.02,16.32,0.2938079811515241,0.2938079811515241,NCCR National Assessment of Shoreline Changes 1990-2016,District coastline baseline,False
Manitiri,396894,Marsaghai,Kendrapara,135.82,31.02,8.72,9.22,54.26,11.26,5.02,16.32,0.2938079811515241,0.2938079811515241,NCCR National Assessment of Shoreline Changes 1990-2016,District coastline baseline,False
Puruso Tamapur,396899,Marsaghai,Kendrapara,135.82,31.02,8.72,9.22,54.26,11.26,5.02,16.32,0.2938079811515241,0.2938079811515241,NCCR National Assessment of Shoreline Changes 1990-2016,District coastline baseline,False
Baikuntha Pur,396721,Marsaghai,Kendrapara,135.82,31.02,8.72,9.22,54.26,11.26,5.02,16.32,0.2938079811515241,0.2938079811515241,NCCR National Assessment of Shoreline Changes 1990-2016,District coastline baseline,False
Badagan,396937,Mahakalapada,Kendrapara,135.82,31.02,8.72,9.22,54.26,11.26,5.02,16.32,0.2938079811515241,0.2938079811515241,NCCR National Assessment of Shoreline Changes 1990-2016,District coastline baseline,False
Tulasi Pur,396914,Marsaghai,Kendrapara,135.82,31.02,8.72,9.22,54.26,11.26,5.02,16.32,0.2938079811515241,0.2938079811515241,NCCR National Assessment of Shoreline Changes 1990-2016,District coastline baseline,False
Bhagabanpur,396949,Marsaghai,Kendrapara,135.82,31.02,8.72,9.22,54.26,11.26,5.02,16.32,0.2938079811515241,0.2938079811515241,NCCR National Assessment of Shoreline Changes 1990-2016,District coastline baseline,False
Gayaspur,397053,Mahakalapada,Kendrapara,135.82,31.02,8.72,9.22,54.26,11.26,5.02,16.32,0.2938079811515241,0.2938079811515241,NCCR National Assessment of Shoreline Changes 1990-2016,District coastline baseline,False
Posta,396540,Marsaghai,Kendrapara,135.82,31.02,8.72,9.22,54.26,11.26,5.02,16.32,0.2938079811515241,0.2938079811515241,NCCR National Assessment of Shoreline Changes 1990-2016,District coastline baseline,False
Juna,396909,Marsaghai,Kendrapara,135.82,31.02,8.72,9.22,54.26,11.26,5.02,16.32,0.2938079811515241,0.2938079811515241,NCCR National Assessment of Shoreline Changes 1990-2016,District coastline baseline,False
Narayanpur,396519,Marsaghai,Kendrapara,135.82,31.02,8.72,9.22,54.26,11.26,5.02,16.32,0.2938079811515241,0.2938079811515241,NCCR National Assessment of Shoreline Changes 1990-2016,District coastline baseline,False
Jaripada,396542,Marsaghai,Kendrapara,135.82,31.02,8.72,9.22,54.26,11.26,5.02,16.32,0.2938079811515241,0.2938079811515241,NCCR National Assessment of Shoreline Changes 1990-2016,District coastline baseline,False
Hatia,396896,Marsaghai,Kendrapara,135.82,31.02,8.72,9.22,54.26,11.26,5.02,16.32,0.2938079811515241,0.2938079811515241,NCCR National Assessment of Shoreline Changes 1990-2016,District coastline baseline,False
Manikunda,396897,Marsaghai,Kendrapara,135.82,31.02,8.72,9.22,54.26,11.26,5.02,16.32,0.2938079811515241,0.2938079811515241,NCCR National Assessment of Shoreline Changes 1990-2016,District coastline baseline,False
Bachharai,396717,Marsaghai,Kendrapara,135.82,31.02,8.72,9.22,54.26,11.26,5.02,16.32,0.2938079811515241,0.2938079811515241,NCCR National Assessment of Shoreline Changes 1990-2016,District coastline baseline,False
Godhan,396718,Marsaghai,Kendrapara,135.82,31.02,8.72,9.22,54.26,11.26,5.02,16.32,0.2938079811515241,0.2938079811515241,NCCR National Assessment of Shoreline Changes 1990-2016,District coastline baseline,False
Baghadia,396016,Rajnagar,Kendrapara,135.82,31.02,8.72,9.22,54.26,11.26,5.02,16.32,0.2938079811515241,0.2938079811515241,NCCR National Assessment of Shoreline Changes 1990-2016,District coastline baseline,False
Kurutunga,396539,Marsaghai,Kendrapara,135.82,31.02,8.72,9.22,54.26,11.26,5.02,16.32,0.2938079811515241,0.2938079811515241,NCCR National Assessment of Shoreline Changes 1990-2016,District coastline baseline,False
Thauri,396541,Marsaghai,Kendrapara,135.82,31.02,8.72,9.22,54.26,11.26,5.02,16.32,0.2938079811515241,0.2938079811515241,NCCR National Assessment of Shoreline Changes 1990-2016,District coastline baseline,False
Podana,396791,Marsaghai,Kendrapara,135.82,31.02,8.72,9.22,54.26,11.26,5.02,16.32,0.2938079811515241,0.2938079811515241,NCCR National Assessment of Shoreline Changes 1990-2016,District coastline baseline,False
Haladia,396941,Marsaghai,Kendrapara,135.82,31.02,8.72,9.22,54.26,11.26,5.02,16.32,0.2938079811515241,0.2938079811515241,NCCR National Assessment of Shoreline Changes 1990-2016,District coastline baseline,False
Dara Bachha,396898,Marsaghai,Kendrapara,135.82,31.02,8.72,9.22,54.26,11.26,5.02,16.32,0.2938079811515241,0.2938079811515241,NCCR National Assessment of Shoreline Changes 1990-2016,District coastline baseline,False
Bhusaranga,396879,Marsaghai,Kendrapara,135.82,31.02,8.72,9.22,54.26,11.26,5.02,16.32,0.2938079811515241,0.2938079811515241,NCCR National Assessment of Shoreline Changes 1990-2016,District coastline baseline,False
Raghabapur,396792,Marsaghai,Kendrapara,135.82,31.02,8.72,9.22,54.26,11.26,5.02,16.32,0.2938079811515241,0.2938079811515241,NCCR National Assessment of Shoreline Changes 1990-2016,District coastline baseline,False
Athabatia,396938,Marsaghai,Kendrapara,135.82,31.02,8.72,9.22,54.26,11.26,5.02,16.32,0.2938079811515241,0.2938079811515241,NCCR National Assessment of Shoreline Changes 1990-2016,District coastline baseline,False
Jay Chandrapur,396936,Mahakalapada,Kendrapara,135.82,31.02,8.72,9.22,54.26,11.26,5.02,16.32,0.2938079811515241,0.2938079811515241,NCCR National Assessment of Shoreline Changes 1990-2016,District coastline baseline,False
Sasanipada,396787,Marsaghai,Kendrapara,135.82,31.02,8.72,9.22,54.26,11.26,5.02,16.32,0.2938079811515241,0.2938079811515241,NCCR National Assessment of Shoreline Changes 1990-2016,District coastline baseline,False
Balikuda,396918,Mahakalapada,Kendrapara,135.82,31.02,8.72,9.22,54.26,11.26,5.02,16.32,0.2938079811515241,0.2938079811515241,NCCR National Assessment of Shoreline Changes 1990-2016,District coastline baseline,False
Garajanga,396939,Marsaghai,Kendrapara,135.82,31.02,8.72,9.22,54.26,11.26,5.02,16.32,0.2938079811515241,0.2938079811515241,NCCR National Assessment of Shoreline Changes 1990-2016,District coastline baseline,False
Aitipur,396919,Mahakalapada,Kendrapara,135.82,31.02,8.72,9.22,54.26,11.26,5.02,16.32,0.2938079811515241,0.2938079811515241,NCCR National Assessment of Shoreline Changes 1990-2016,District coastline baseline,False
Kusun Pur,396915,Marsaghai,Kendrapara,135.82,31.02,8.72,9.22,54.26,11.26,5.02,16.32,0.2938079811515241,0.2938079811515241,NCCR National Assessment of Shoreline Changes 1990-2016,District coastline baseline,False
Pikarali,396789,Marsaghai,Kendrapara,135.82,31.02,8.72,9.22,54.26,11.26,5.02,16.32,0.2938079811515241,0.2938079811515241,NCCR National Assessment of Shoreline Changes 1990-2016,District coastline baseline,False
Girang,396906,Marsaghai,Kendrapara,135.82,31.02,8.72,9.22,54.26,11.26,5.02,16.32,0.2938079811515241,0.2938079811515241,NCCR National Assessment of Shoreline Changes 1990-2016,District coastline baseline,False
Mehendinagar,396512,Marsaghai,Kendrapara,135.82,31.02,8.72,9.22,54.26,11.26,5.02,16.32,0.2938079811515241,0.2938079811515241,NCCR National Assessment of Shoreline Changes 1990-2016,District coastline baseline,False
Karamakul,396917,Mahakalapada,Kendrapara,135.82,31.02,8.72,9.22,54.26,11.26,5.02,16.32,0.2938079811515241,0.2938079811515241,NCCR National Assessment of Shoreline Changes 1990-2016,District coastline baseline,False
Hindulia,396895,Marsaghai,Kendrapara,135.82,31.02,8.72,9.22,54.26,11.26,5.02,16.32,0.2938079811515241,0.2938079811515241,NCCR National Assessment of Shoreline Changes 1990-2016,District coastline baseline,False
Bagadia,396901,Marsaghai,Kendrapara,135.82,31.02,8.72,9.22,54.26,11.26,5.02,16.32,0.2938079811515241,0.2938079811515241,NCCR National Assessment of Shoreline Changes 1990-2016,District coastline baseline,False
Silipur,396900,Marsaghai,Kendrapara,135.82,31.02,8.72,9.22,54.26,11.26,5.02,16.32,0.2938079811515241,0.2938079811515241,NCCR National Assessment of Shoreline Changes 1990-2016,District coastline baseline,False
Kan Pur,396908,Marsaghai,Kendrapara,135.82,31.02,8.72,9.22,54.26,11.26,5.02,16.32,0.2938079811515241,0.2938079811515241,NCCR National Assessment of Shoreline Changes 1990-2016,District coastline baseline,False
Parakula,396783,Marsaghai,Kendrapara,135.82,31.02,8.72,9.22,54.26,11.26,5.02,16.32,0.2938079811515241,0.2938079811515241,NCCR National Assessment of Shoreline Changes 1990-2016,District coastline baseline,False
Gopinathpur,396916,Mahakalapada,Kendrapara,135.82,31.02,8.72,9.22,54.26,11.26,5.02,16.32,0.2938079811515241,0.2938079811515241,NCCR National Assessment of Shoreline Changes 1990-2016,District coastline baseline,False
Bara Tunga,396719,Marsaghai,Kendrapara,135.82,31.02,8.72,9.22,54.26,11.26,5.02,16.32,0.2938079811515241,0.2938079811515241,NCCR National Assessment of Shoreline Changes 1990-2016,District coastline baseline,False
Jaganathpur,396535,Marsaghai,Kendrapara,135.82,31.02,8.72,9.22,54.26,11.26,5.02,16.32,0.2938079811515241,0.2938079811515241,NCCR National Assessment of Shoreline Changes 1990-2016,District coastline baseline,False
Ramchandrapur,395847,Rajnagar,Kendrapara,135.82,31.02,8.72,9.22,54.26,11.26,5.02,16.32,0.2938079811515241,0.2938079811515241,NCCR National Assessment of Shoreline Changes 1990-2016,District coastline baseline,False
Kuanrpal,396911,Marsaghai,Kendrapara,135.82,31.02,8.72,9.22,54.26,11.26,5.02,16.32,0.2938079811515241,0.2938079811515241,NCCR National Assessment of Shoreline Changes 1990-2016,District coastline baseline,False
Badakul,396920,Mahakalapada,Kendrapara,135.82,31.02,8.72,9.22,54.26,11.26,5.02,16.32,0.2938079811515241,0.2938079811515241,NCCR National Assessment of Shoreline Changes 1990-2016,District coastline baseline,False
Narayanpur,396786,Marsaghai,Kendrapara,135.82,31.02,8.72,9.22,54.26,11.26,5.02,16.32,0.2938079811515241,0.2938079811515241,NCCR National Assessment of Shoreline Changes 1990-2016,District coastline baseline,False
Dumuka,396907,Marsaghai,Kendrapara,135.82,31.02,8.72,9.22,54.26,11.26,5.02,16.32,0.2938079811515241,0.2938079811515241,NCCR National Assessment of Shoreline Changes 1990-2016,District coastline baseline,False
Pentha,396716,Marsaghai,Kendrapara,135.82,31.02,8.72,9.22,54.26,11.26,5.02,16.32,0.2938079811515241,0.2938079811515241,NCCR National Assessment of Shoreline Changes 1990-2016,District coastline baseline,False
Jagadispur,396522,Marsaghai,Kendrapara,135.82,31.02,8.72,9.22,54.26,11.26,5.02,16.32,0.2938079811515241,0.2938079811515241,NCCR National Assessment of Shoreline Changes 1990-2016,District coastline baseline,False
Chakarpur,396516,Marsaghai,Kendrapara,135.82,31.02,8.72,9.22,54.26,11.26,5.02,16.32,0.2938079811515241,0.2938079811515241,NCCR National Assessment of Shoreline Changes 1990-2016,District coastline baseline,False
Barei,396537,Marsaghai,Kendrapara,135.82,31.02,8.72,9.22,54.26,11.26,5.02,16.32,0.2938079811515241,0.2938079811515241,NCCR National Assessment of Shoreline Changes 1990-2016,District coastline baseline,False
Arakhia,396538,Marsaghai,Kendrapara,135.82,31.02,8.72,9.22,54.26,11.26,5.02,16.32,0.2938079811515241,0.2938079811515241,NCCR National Assessment of Shoreline Changes 1990-2016,District coastline baseline,False
Angulai,396518,Marsaghai,Kendrapara,135.82,31.02,8.72,9.22,54.26,11.26,5.02,16.32,0.2938079811515241,0.2938079811515241,NCCR National Assessment of Shoreline Changes 1990-2016,District coastline baseline,False
Manitiri,397051,Mahakalapada,Kendrapara,135.82,31.02,8.72,9.22,54.26,11.26,5.02,16.32,0.2938079811515241,0.2938079811515241,NCCR National Assessment of Shoreline Changes 1990-2016,District coastline baseline,False
Balia,396547,Marsaghai,Kendrapara,135.82,31.02,8.72,9.22,54.26,11.26,5.02,16.32,0.2938079811515241,0.2938079811515241,NCCR National Assessment of Shoreline Changes 1990-2016,District coastline baseline,False
Nembara,396546,Marsaghai,Kendrapara,135.82,31.02,8.72,9.22,54.26,11.26,5.02,16.32,0.2938079811515241,0.2938079811515241,NCCR National Assessment of Shoreline Changes 1990-2016,District coastline baseline,False
Panchanpur,396515,Marsaghai,Kendrapara,135.82,31.02,8.72,9.22,54.26,11.26,5.02,16.32,0.2938079811515241,0.2938079811515241,NCCR National Assessment of Shoreline Changes 1990-2016,District coastline baseline,False
Anko,396785,Marsaghai,Kendrapara,135.82,31.02,8.72,9.22,54.26,11.26,5.02,16.32,0.2938079811515241,0.2938079811515241,NCCR National Assessment of Shoreline Changes 1990-2016,District coastline baseline,False
Niladripur,396523,Marsaghai,Kendrapara,135.82,31.02,8.72,9.22,54.26,11.26,5.02,16.32,0.2938079811515241,0.2938079811515241,NCCR National Assessment of Shoreline Changes 1990-2016,District coastline baseline,False
Jaganathpur,397094,Mahakalapada,Kendrapara,135.82,31.02,8.72,9.22,54.26,11.26,5.02,16.32,0.2938079811515241,0.2938079811515241,NCCR National Assessment of Shoreline Changes 1990-2016,District coastline baseline,False
Narendrapur,396543,Marsaghai,Kendrapara,135.82,31.02,8.72,9.22,54.26,11.26,5.02,16.32,0.2938079811515241,0.2938079811515241,NCCR National Assessment of Shoreline Changes 1990-2016,District coastline baseline,False
Kulapada,396534,Marsaghai,Kendrapara,135.82,31.02,8.72,9.22,54.26,11.26,5.02,16.32,0.2938079811515241,0.2938079811515241,NCCR National Assessment of Shoreline Changes 1990-2016,District coastline baseline,False
Garajanga Palli,396784,Marsaghai,Kendrapara,135.82,31.02,8.72,9.22,54.26,11.26,5.02,16.32,0.2938079811515241,0.2938079811515241,NCCR National Assessment of Shoreline Changes 1990-2016,District coastline baseline,False
Nuagan,396520,Marsaghai,Kendrapara,135.82,31.02,8.72,9.22,54.26,11.26,5.02,16.32,0.2938079811515241,0.2938079811515241,NCCR National Assessment of Shoreline Changes 1990-2016,District coastline baseline,False
Chadeiguan,397091,Mahakalapada,Kendrapara,135.82,31.02,8.72,9.22,54.26,11.26,5.02,16.32,0.2938079811515241,0.2938079811515241,NCCR National Assessment of Shoreline Changes 1990-2016,District coastline baseline,False
Gaudabadpur,397092,Mahakalapada,Kendrapara,135.82,31.02,8.72,9.22,54.26,11.26,5.02,16.32,0.2938079811515241,0.2938079811515241,NCCR National Assessment of Shoreline Changes 1990-2016,District coastline baseline,False
Goja Bandha,397102,Mahakalapada,Kendrapara,135.82,31.02,8.72,9.22,54.26,11.26,5.02,16.32,0.2938079811515241,0.2938079811515241,NCCR National Assessment of Shoreline Changes 1990-2016,District coastline baseline,False
Jalakana,397089,Mahakalapada,Kendrapara,135.82,31.02,8.72,9.22,54.26,11.26,5.02,16.32,0.2938079811515241,0.2938079811515241,NCCR National Assessment of Shoreline Changes 1990-2016,District coastline baseline,False
Maha Kala Para,397088,Mahakalapada,Kendrapara,135.82,31.02,8.72,9.22,54.26,11.26,5.02,16.32,0.2938079811515241,0.2938079811515241,NCCR National Assessment of Shoreline Changes 1990-2016,District coastline baseline,False
Samantsingharpur,396927,Mahakalapada,Kendrapara,135.82,31.02,8.72,9.22,54.26,11.26,5.02,16.32,0.2938079811515241,0.2938079811515241,NCCR National Assessment of Shoreline Changes 1990-2016,District coastline baseline,False
Teragan,396926,Mahakalapada,Kendrapara,135.82,31.02,8.72,9.22,54.26,11.26,5.02,16.32,0.2938079811515241,0.2938079811515241,NCCR National Assessment of Shoreline Changes 1990-2016,District coastline baseline,False
Nantar,397082,Mahakalapada,Kendrapara,135.82,31.02,8.72,9.22,54.26,11.26,5.02,16.32,0.2938079811515241,0.2938079811515241,NCCR National Assessment of Shoreline Changes 1990-2016,District coastline baseline,False
Aitipur,397044,Mahakalapada,Kendrapara,135.82,31.02,8.72,9.22,54.26,11.26,5.02,16.32,0.2938079811515241,0.2938079811515241,NCCR National Assessment of Shoreline Changes 1990-2016,District coastline baseline,False
Balia,396986,Mahakalapada,Kendrapara,135.82,31.02,8.72,9.22,54.26,11.26,5.02,16.32,0.2938079811515241,0.2938079811515241,NCCR National Assessment of Shoreline Changes 1990-2016,District coastline baseline,False
Janra,397064,Mahakalapada,Kendrapara,135.82,31.02,8.72,9.22,54.26,11.26,5.02,16.32,0.2938079811515241,0.2938079811515241,NCCR National Assessment of Shoreline Changes 1990-2016,District coastline baseline,False
Itakandia,396989,Mahakalapada,Kendrapara,135.82,31.02,8.72,9.22,54.26,11.26,5.02,16.32,0.2938079811515241,0.2938079811515241,NCCR National Assessment of Shoreline Changes 1990-2016,District coastline baseline,False
Bada Rahama,396990,Mahakalapada,Kendrapara,135.82,31.02,8.72,9.22,54.26,11.26,5.02,16.32,0.2938079811515241,0.2938079811515241,NCCR National Assessment of Shoreline Changes 1990-2016,District coastline baseline,False
Mangalapur,397086,Mahakalapada,Kendrapara,135.82,31.02,8.72,9.22,54.26,11.26,5.02,16.32,0.2938079811515241,0.2938079811515241,NCCR National Assessment of Shoreline Changes 1990-2016,District coastline baseline,False
Gamha,397087,Mahakalapada,Kendrapara,135.82,31.02,8.72,9.22,54.26,11.26,5.02,16.32,0.2938079811515241,0.2938079811515241,NCCR National Assessment of Shoreline Changes 1990-2016,District coastline baseline,False
Gopalpur,397090,Mahakalapada,Kendrapara,135.82,31.02,8.72,9.22,54.26,11.26,5.02,16.32,0.2938079811515241,0.2938079811515241,NCCR National Assessment of Shoreline Changes 1990-2016,District coastline baseline,False
Balana,396904,Marsaghai,Kendrapara,135.82,31.02,8.72,9.22,54.26,11.26,5.02,16.32,0.2938079811515241,0.2938079811515241,NCCR National Assessment of Shoreline Changes 1990-2016,District coastline baseline,False
Orata,397046,Mahakalapada,Kendrapara,135.82,31.02,8.72,9.22,54.26,11.26,5.02,16.32,0.2938079811515241,0.2938079811515241,NCCR National Assessment of Shoreline Changes 1990-2016,District coastline baseline,False
Raigada,397065,Mahakalapada,Kendrapara,135.82,31.02,8.72,9.22,54.26,11.26,5.02,16.32,0.2938079811515241,0.2938079811515241,NCCR National Assessment of Shoreline Changes 1990-2016,District coastline baseline,False
Ostara,396934,Mahakalapada,Kendrapara,135.82,31.02,8.72,9.22,54.26,11.26,5.02,16.32,0.2938079811515241,0.2938079811515241,NCCR National Assessment of Shoreline Changes 1990-2016,District coastline baseline,False
Sarumunhi,397113,Mahakalapada,Kendrapara,135.82,31.02,8.72,9.22,54.26,11.26,5.02,16.32,0.2938079811515241,0.2938079811515241,NCCR National Assessment of Shoreline Changes 1990-2016,District coastline baseline,False
Chhatar,396988,Mahakalapada,Kendrapara,135.82,31.02,8.72,9.22,54.26,11.26,5.02,16.32,0.2938079811515241,0.2938079811515241,NCCR National Assessment of Shoreline Changes 1990-2016,District coastline baseline,False
Mahula Kandha,397099,Mahakalapada,Kendrapara,135.82,31.02,8.72,9.22,54.26,11.26,5.02,16.32,0.2938079811515241,0.2938079811515241,NCCR National Assessment of Shoreline Changes 1990-2016,District coastline baseline,False
Bachhuria,397109,Mahakalapada,Kendrapara,135.82,31.02,8.72,9.22,54.26,11.26,5.02,16.32,0.2938079811515241,0.2938079811515241,NCCR National Assessment of Shoreline Changes 1990-2016,District coastline baseline,False
Jemadeipur,397084,Mahakalapada,Kendrapara,135.82,31.02,8.72,9.22,54.26,11.26,5.02,16.32,0.2938079811515241,0.2938079811515241,NCCR National Assessment of Shoreline Changes 1990-2016,District coastline baseline,False
Kiar Banka,397063,Mahakalapada,Kendrapara,135.82,31.02,8.72,9.22,54.26,11.26,5.02,16.32,0.2938079811515241,0.2938079811515241,NCCR National Assessment of Shoreline Changes 1990-2016,District coastline baseline,False
Pareswar Pur,397083,Mahakalapada,Kendrapara,135.82,31.02,8.72,9.22,54.26,11.26,5.02,16.32,0.2938079811515241,0.2938079811515241,NCCR National Assessment of Shoreline Changes 1990-2016,District coastline baseline,False
Sahabaj Pur,397062,Mahakalapada,Kendrapara,135.82,31.02,8.72,9.22,54.26,11.26,5.02,16.32,0.2938079811515241,0.2938079811515241,NCCR National Assessment of Shoreline Changes 1990-2016,District coastline baseline,False
Maliancha,397030,Mahakalapada,Kendrapara,135.82,31.02,8.72,9.22,54.26,11.26,5.02,16.32,0.2938079811515241,0.2938079811515241,NCCR National Assessment of Shoreline Changes 1990-2016,District coastline baseline,False
Babakar Pur,397055,Mahakalapada,Kendrapara,135.82,31.02,8.72,9.22,54.26,11.26,5.02,16.32,0.2938079811515241,0.2938079811515241,NCCR National Assessment of Shoreline Changes 1990-2016,District coastline baseline,False
Ramakani,397060,Mahakalapada,Kendrapara,135.82,31.02,8.72,9.22,54.26,11.26,5.02,16.32,0.2938079811515241,0.2938079811515241,NCCR National Assessment of Shoreline Changes 1990-2016,District coastline baseline,False
Barakandha,397106,Mahakalapada,Kendrapara,135.82,31.02,8.72,9.22,54.26,11.26,5.02,16.32,0.2938079811515241,0.2938079811515241,NCCR National Assessment of Shoreline Changes 1990-2016,District coastline baseline,False
Kochila,397115,Mahakalapada,Kendrapara,135.82,31.02,8.72,9.22,54.26,11.26,5.02,16.32,0.2938079811515241,0.2938079811515241,NCCR National Assessment of Shoreline Changes 1990-2016,District coastline baseline,False
Ghantia Palli,397040,Mahakalapada,Kendrapara,135.82,31.02,8.72,9.22,54.26,11.26,5.02,16.32,0.2938079811515241,0.2938079811515241,NCCR National Assessment of Shoreline Changes 1990-2016,District coastline baseline,False
Bandhapara,397101,Mahakalapada,Kendrapara,135.82,31.02,8.72,9.22,54.26,11.26,5.02,16.32,0.2938079811515241,0.2938079811515241,NCCR National Assessment of Shoreline Changes 1990-2016,District coastline baseline,False
Gokhapada,396925,Mahakalapada,Kendrapara,135.82,31.02,8.72,9.22,54.26,11.26,5.02,16.32,0.2938079811515241,0.2938079811515241,NCCR National Assessment of Shoreline Changes 1990-2016,District coastline baseline,False
Sankhapada,397038,Mahakalapada,Kendrapara,135.82,31.02,8.72,9.22,54.26,11.26,5.02,16.32,0.2938079811515241,0.2938079811515241,NCCR National Assessment of Shoreline Changes 1990-2016,District coastline baseline,False
Mulubasanta,396984,Mahakalapada,Kendrapara,135.82,31.02,8.72,9.22,54.26,11.26,5.02,16.32,0.2938079811515241,0.2938079811515241,NCCR National Assessment of Shoreline Changes 1990-2016,District coastline baseline,False
Bijayanagar,397034,Mahakalapada,Kendrapara,135.82,31.02,8.72,9.22,54.26,11.26,5.02,16.32,0.2938079811515241,0.2938079811515241,NCCR National Assessment of Shoreline Changes 1990-2016,District coastline baseline,False
Kalapara,397041,Mahakalapada,Kendrapara,135.82,31.02,8.72,9.22,54.26,11.26,5.02,16.32,0.2938079811515241,0.2938079811515241,NCCR National Assessment of Shoreline Changes 1990-2016,District coastline baseline,False
Anduli,397042,Mahakalapada,Kendrapara,135.82,31.02,8.72,9.22,54.26,11.26,5.02,16.32,0.2938079811515241,0.2938079811515241,NCCR National Assessment of Shoreline Changes 1990-2016,District coastline baseline,False
Bilipada,397048,Mahakalapada,Kendrapara,135.82,31.02,8.72,9.22,54.26,11.26,5.02,16.32,0.2938079811515241,0.2938079811515241,NCCR National Assessment of Shoreline Changes 1990-2016,District coastline baseline,False
Sri Chandan Pur,397037,Mahakalapada,Kendrapara,135.82,31.02,8.72,9.22,54.26,11.26,5.02,16.32,0.2938079811515241,0.2938079811515241,NCCR National Assessment of Shoreline Changes 1990-2016,District coastline baseline,False
Palaspur,396905,Marsaghai,Kendrapara,135.82,31.02,8.72,9.22,54.26,11.26,5.02,16.32,0.2938079811515241,0.2938079811515241,NCCR National Assessment of Shoreline Changes 1990-2016,District coastline baseline,False
Tithi,397085,Mahakalapada,Kendrapara,135.82,31.02,8.72,9.22,54.26,11.26,5.02,16.32,0.2938079811515241,0.2938079811515241,NCCR National Assessment of Shoreline Changes 1990-2016,District coastline baseline,False
Deula Pada,397058,Mahakalapada,Kendrapara,135.82,31.02,8.72,9.22,54.26,11.26,5.02,16.32,0.2938079811515241,0.2938079811515241,NCCR National Assessment of Shoreline Changes 1990-2016,District coastline baseline,False
Rajagada,397054,Mahakalapada,Kendrapara,135.82,31.02,8.72,9.22,54.26,11.26,5.02,16.32,0.2938079811515241,0.2938079811515241,NCCR National Assessment of Shoreline Changes 1990-2016,District coastline baseline,False
Jagati,397066,Mahakalapada,Kendrapara,135.82,31.02,8.72,9.22,54.26,11.26,5.02,16.32,0.2938079811515241,0.2938079811515241,NCCR National Assessment of Shoreline Changes 1990-2016,District coastline baseline,False
Ranki,397032,Mahakalapada,Kendrapara,135.82,31.02,8.72,9.22,54.26,11.26,5.02,16.32,0.2938079811515241,0.2938079811515241,NCCR National Assessment of Shoreline Changes 1990-2016,District coastline baseline,False
Sikhar,397093,Mahakalapada,Kendrapara,135.82,31.02,8.72,9.22,54.26,11.26,5.02,16.32,0.2938079811515241,0.2938079811515241,NCCR National Assessment of Shoreline Changes 1990-2016,District coastline baseline,False
Dadhipur,397097,Mahakalapada,Kendrapara,135.82,31.02,8.72,9.22,54.26,11.26,5.02,16.32,0.2938079811515241,0.2938079811515241,NCCR National Assessment of Shoreline Changes 1990-2016,District coastline baseline,False
Adoi,397110,Mahakalapada,Kendrapara,135.82,31.02,8.72,9.22,54.26,11.26,5.02,16.32,0.2938079811515241,0.2938079811515241,NCCR National Assessment of Shoreline Changes 1990-2016,District coastline baseline,False
Karanja,396924,Mahakalapada,Kendrapara,135.82,31.02,8.72,9.22,54.26,11.26,5.02,16.32,0.2938079811515241,0.2938079811515241,NCCR National Assessment of Shoreline Changes 1990-2016,District coastline baseline,False
Dasi Pur,396902,Marsaghai,Kendrapara,135.82,31.02,8.72,9.22,54.26,11.26,5.02,16.32,0.2938079811515241,0.2938079811515241,NCCR National Assessment of Shoreline Changes 1990-2016,District coastline baseline,False
Adam Pur,396903,Marsaghai,Kendrapara,135.82,31.02,8.72,9.22,54.26,11.26,5.02,16.32,0.2938079811515241,0.2938079811515241,NCCR National Assessment of Shoreline Changes 1990-2016,District coastline baseline,False
Chandia Palli,397061,Mahakalapada,Kendrapara,135.82,31.02,8.72,9.22,54.26,11.26,5.02,16.32,0.2938079811515241,0.2938079811515241,NCCR National Assessment of Shoreline Changes 1990-2016,District coastline baseline,False
Amirabad,397059,Mahakalapada,Kendrapara,135.82,31.02,8.72,9.22,54.26,11.26,5.02,16.32,0.2938079811515241,0.2938079811515241,NCCR National Assessment of Shoreline Changes 1990-2016,District coastline baseline,False
Badadihi,397026,Mahakalapada,Kendrapara,135.82,31.02,8.72,9.22,54.26,11.26,5.02,16.32,0.2938079811515241,0.2938079811515241,NCCR National Assessment of Shoreline Changes 1990-2016,District coastline baseline,False
Kanpur,397031,Mahakalapada,Kendrapara,135.82,31.02,8.72,9.22,54.26,11.26,5.02,16.32,0.2938079811515241,0.2938079811515241,NCCR National Assessment of Shoreline Changes 1990-2016,District coastline baseline,False
Dia Rajagarh,397056,Mahakalapada,Kendrapara,135.82,31.02,8.72,9.22,54.26,11.26,5.02,16.32,0.2938079811515241,0.2938079811515241,NCCR National Assessment of Shoreline Changes 1990-2016,District coastline baseline,False
Oliha,397045,Mahakalapada,Kendrapara,135.82,31.02,8.72,9.22,54.26,11.26,5.02,16.32,0.2938079811515241,0.2938079811515241,NCCR National Assessment of Shoreline Changes 1990-2016,District coastline baseline,False
Olihanilakanthapur,397057,Mahakalapada,Kendrapara,135.82,31.02,8.72,9.22,54.26,11.26,5.02,16.32,0.2938079811515241,0.2938079811515241,NCCR National Assessment of Shoreline Changes 1990-2016,District coastline baseline,False
Balipal,397039,Mahakalapada,Kendrapara,135.82,31.02,8.72,9.22,54.26,11.26,5.02,16.32,0.2938079811515241,0.2938079811515241,NCCR National Assessment of Shoreline Changes 1990-2016,District coastline baseline,False
Arada,397033,Mahakalapada,Kendrapara,135.82,31.02,8.72,9.22,54.26,11.26,5.02,16.32,0.2938079811515241,0.2938079811515241,NCCR National Assessment of Shoreline Changes 1990-2016,District coastline baseline,False
Benupal,396922,Mahakalapada,Kendrapara,135.82,31.02,8.72,9.22,54.26,11.26,5.02,16.32,0.2938079811515241,0.2938079811515241,NCCR National Assessment of Shoreline Changes 1990-2016,District coastline baseline,False
Ekalapur,397027,Mahakalapada,Kendrapara,135.82,31.02,8.72,9.22,54.26,11.26,5.02,16.32,0.2938079811515241,0.2938079811515241,NCCR National Assessment of Shoreline Changes 1990-2016,District coastline baseline,False
Nachhi Pada,397049,Mahakalapada,Kendrapara,135.82,31.02,8.72,9.22,54.26,11.26,5.02,16.32,0.2938079811515241,0.2938079811515241,NCCR National Assessment of Shoreline Changes 1990-2016,District coastline baseline,False
Basaghar,397043,Mahakalapada,Kendrapara,135.82,31.02,8.72,9.22,54.26,11.26,5.02,16.32,0.2938079811515241,0.2938079811515241,NCCR National Assessment of Shoreline Changes 1990-2016,District coastline baseline,False
Sahoo Pada,396985,Mahakalapada,Kendrapara,135.82,31.02,8.72,9.22,54.26,11.26,5.02,16.32,0.2938079811515241,0.2938079811515241,NCCR National Assessment of Shoreline Changes 1990-2016,District coastline baseline,False
Batakuli,397096,Mahakalapada,Kendrapara,135.82,31.02,8.72,9.22,54.26,11.26,5.02,16.32,0.2938079811515241,0.2938079811515241,NCCR National Assessment of Shoreline Changes 1990-2016,District coastline baseline,False
Potakani,397108,Mahakalapada,Kendrapara,135.82,31.02,8.72,9.22,54.26,11.26,5.02,16.32,0.2938079811515241,0.2938079811515241,NCCR National Assessment of Shoreline Changes 1990-2016,District coastline baseline,False
Niyamatpur,397050,Mahakalapada,Kendrapara,135.82,31.02,8.72,9.22,54.26,11.26,5.02,16.32,0.2938079811515241,0.2938079811515241,NCCR National Assessment of Shoreline Changes 1990-2016,District coastline baseline,False
Dahimachha,396921,Mahakalapada,Kendrapara,135.82,31.02,8.72,9.22,54.26,11.26,5.02,16.32,0.2938079811515241,0.2938079811515241,NCCR National Assessment of Shoreline Changes 1990-2016,District coastline baseline,False
Rama Chandra Pur,396987,Mahakalapada,Kendrapara,135.82,31.02,8.72,9.22,54.26,11.26,5.02,16.32,0.2938079811515241,0.2938079811515241,NCCR National Assessment of Shoreline Changes 1990-2016,District coastline baseline,False
Jasuapalli,397036,Mahakalapada,Kendrapara,135.82,31.02,8.72,9.22,54.26,11.26,5.02,16.32,0.2938079811515241,0.2938079811515241,NCCR National Assessment of Shoreline Changes 1990-2016,District coastline baseline,False
Potia,397035,Mahakalapada,Kendrapara,135.82,31.02,8.72,9.22,54.26,11.26,5.02,16.32,0.2938079811515241,0.2938079811515241,NCCR National Assessment of Shoreline Changes 1990-2016,District coastline baseline,False
Alailo,397047,Mahakalapada,Kendrapara,135.82,31.02,8.72,9.22,54.26,11.26,5.02,16.32,0.2938079811515241,0.2938079811515241,NCCR National Assessment of Shoreline Changes 1990-2016,District coastline baseline,False
Baulapara,397095,Mahakalapada,Kendrapara,135.82,31.02,8.72,9.22,54.26,11.26,5.02,16.32,0.2938079811515241,0.2938079811515241,NCCR National Assessment of Shoreline Changes 1990-2016,District coastline baseline,False
Gobardhanpur,396923,Mahakalapada,Kendrapara,135.82,31.02,8.72,9.22,54.26,11.26,5.02,16.32,0.2938079811515241,0.2938079811515241,NCCR National Assessment of Shoreline Changes 1990-2016,District coastline baseline,False
Kumbharapara,397098,Mahakalapada,Kendrapara,135.82,31.02,8.72,9.22,54.26,11.26,5.02,16.32,0.2938079811515241,0.2938079811515241,NCCR National Assessment of Shoreline Changes 1990-2016,District coastline baseline,False
Marichakani,397100,Mahakalapada,Kendrapara,135.82,31.02,8.72,9.22,54.26,11.26,5.02,16.32,0.2938079811515241,0.2938079811515241,NCCR National Assessment of Shoreline Changes 1990-2016,District coastline baseline,False
Baradia,395618,Rajkanika,Kendrapara,135.82,31.02,8.72,9.22,54.26,11.26,5.02,16.32,0.2938079811515241,0.2938079811515241,NCCR National Assessment of Shoreline Changes 1990-2016,District coastline baseline,False
Kusiapal,397069,Mahakalapada,Kendrapara,135.82,31.02,8.72,9.22,54.26,11.26,5.02,16.32,0.2938079811515241,0.2938079811515241,NCCR National Assessment of Shoreline Changes 1990-2016,District coastline baseline,False
Balisahipatna,395912,Rajnagar,Kendrapara,135.82,31.02,8.72,9.22,54.26,11.26,5.02,16.32,0.2938079811515241,0.2938079811515241,NCCR National Assessment of Shoreline Changes 1990-2016,District coastline baseline,False
Baulakani,397112,Mahakalapada,Kendrapara,135.82,31.02,8.72,9.22,54.26,11.26,5.02,16.32,0.2938079811515241,0.2938079811515241,NCCR National Assessment of Shoreline Changes 1990-2016,District coastline baseline,False
Petchhela,396058,Mahakalapada,Kendrapara,135.82,31.02,8.72,9.22,54.26,11.26,5.02,16.32,0.2938079811515241,0.2938079811515241,NCCR National Assessment of Shoreline Changes 1990-2016,District coastline baseline,False
Tanki Belari,397078,Mahakalapada,Kendrapara,135.82,31.02,8.72,9.22,54.26,11.26,5.02,16.32,0.2938079811515241,0.2938079811515241,NCCR National Assessment of Shoreline Changes 1990-2016,District coastline baseline,False
Narasingha Pur,397015,Mahakalapada,Kendrapara,135.82,31.02,8.72,9.22,54.26,11.26,5.02,16.32,0.2938079811515241,0.2938079811515241,NCCR National Assessment of Shoreline Changes 1990-2016,District coastline baseline,False
Maladhia,397081,Mahakalapada,Kendrapara,135.82,31.02,8.72,9.22,54.26,11.26,5.02,16.32,0.2938079811515241,0.2938079811515241,NCCR National Assessment of Shoreline Changes 1990-2016,District coastline baseline,False
Babara,396992,Mahakalapada,Kendrapara,135.82,31.02,8.72,9.22,54.26,11.26,5.02,16.32,0.2938079811515241,0.2938079811515241,NCCR National Assessment of Shoreline Changes 1990-2016,District coastline baseline,False
Pancha Gachhia,397018,Mahakalapada,Kendrapara,135.82,31.02,8.72,9.22,54.26,11.26,5.02,16.32,0.2938079811515241,0.2938079811515241,NCCR National Assessment of Shoreline Changes 1990-2016,District coastline baseline,False
Kakat Pur,396993,Mahakalapada,Kendrapara,135.82,31.02,8.72,9.22,54.26,11.26,5.02,16.32,0.2938079811515241,0.2938079811515241,NCCR National Assessment of Shoreline Changes 1990-2016,District coastline baseline,False
Jamboo,396057,Mahakalapada,Kendrapara,135.82,31.02,8.72,9.22,54.26,11.26,5.02,16.32,0.2938079811515241,0.2938079811515241,NCCR National Assessment of Shoreline Changes 1990-2016,District coastline baseline,False
Sugal,397021,Mahakalapada,Kendrapara,135.82,31.02,8.72,9.22,54.26,11.26,5.02,16.32,0.2938079811515241,0.2938079811515241,NCCR National Assessment of Shoreline Changes 1990-2016,District coastline baseline,False
Bhitarsubala,397079,Mahakalapada,Kendrapara,135.82,31.02,8.72,9.22,54.26,11.26,5.02,16.32,0.2938079811515241,0.2938079811515241,NCCR National Assessment of Shoreline Changes 1990-2016,District coastline baseline,False
Maladhia,397004,Mahakalapada,Kendrapara,135.82,31.02,8.72,9.22,54.26,11.26,5.02,16.32,0.2938079811515241,0.2938079811515241,NCCR National Assessment of Shoreline Changes 1990-2016,District coastline baseline,False
Badatota Chhapali,397077,Mahakalapada,Kendrapara,135.82,31.02,8.72,9.22,54.26,11.26,5.02,16.32,0.2938079811515241,0.2938079811515241,NCCR National Assessment of Shoreline Changes 1990-2016,District coastline baseline,False
Bara Danga,397067,Mahakalapada,Kendrapara,135.82,31.02,8.72,9.22,54.26,11.26,5.02,16.32,0.2938079811515241,0.2938079811515241,NCCR National Assessment of Shoreline Changes 1990-2016,District coastline baseline,False
Kalatunga,396995,Mahakalapada,Kendrapara,135.82,31.02,8.72,9.22,54.26,11.26,5.02,16.32,0.2938079811515241,0.2938079811515241,NCCR National Assessment of Shoreline Changes 1990-2016,District coastline baseline,False
Pankapal,397073,Mahakalapada,Kendrapara,135.82,31.02,8.72,9.22,54.26,11.26,5.02,16.32,0.2938079811515241,0.2938079811515241,NCCR National Assessment of Shoreline Changes 1990-2016,District coastline baseline,False
Baliganda Ratanpur,396997,Mahakalapada,Kendrapara,135.82,31.02,8.72,9.22,54.26,11.26,5.02,16.32,0.2938079811515241,0.2938079811515241,NCCR National Assessment of Shoreline Changes 1990-2016,District coastline baseline,False
Radia,397028,Mahakalapada,Kendrapara,135.82,31.02,8.72,9.22,54.26,11.26,5.02,16.32,0.2938079811515241,0.2938079811515241,NCCR National Assessment of Shoreline Changes 1990-2016,District coastline baseline,False
Kharianta,397023,Mahakalapada,Kendrapara,135.82,31.02,8.72,9.22,54.26,11.26,5.02,16.32,0.2938079811515241,0.2938079811515241,NCCR National Assessment of Shoreline Changes 1990-2016,District coastline baseline,False
Bhateni,397075,Mahakalapada,Kendrapara,135.82,31.02,8.72,9.22,54.26,11.26,5.02,16.32,0.2938079811515241,0.2938079811515241,NCCR National Assessment of Shoreline Changes 1990-2016,District coastline baseline,False
Badamatha,397080,Mahakalapada,Kendrapara,135.82,31.02,8.72,9.22,54.26,11.26,5.02,16.32,0.2938079811515241,0.2938079811515241,NCCR National Assessment of Shoreline Changes 1990-2016,District coastline baseline,False
Bagagahan,397074,Mahakalapada,Kendrapara,135.82,31.02,8.72,9.22,54.26,11.26,5.02,16.32,0.2938079811515241,0.2938079811515241,NCCR National Assessment of Shoreline Changes 1990-2016,District coastline baseline,False
Kansapal,397076,Mahakalapada,Kendrapara,135.82,31.02,8.72,9.22,54.26,11.26,5.02,16.32,0.2938079811515241,0.2938079811515241,NCCR National Assessment of Shoreline Changes 1990-2016,District coastline baseline,False
Kansara,397071,Mahakalapada,Kendrapara,135.82,31.02,8.72,9.22,54.26,11.26,5.02,16.32,0.2938079811515241,0.2938079811515241,NCCR National Assessment of Shoreline Changes 1990-2016,District coastline baseline,False
Badadandua,397072,Mahakalapada,Kendrapara,135.82,31.02,8.72,9.22,54.26,11.26,5.02,16.32,0.2938079811515241,0.2938079811515241,NCCR National Assessment of Shoreline Changes 1990-2016,District coastline baseline,False
Bala Bhadrapur,397068,Mahakalapada,Kendrapara,135.82,31.02,8.72,9.22,54.26,11.26,5.02,16.32,0.2938079811515241,0.2938079811515241,NCCR National Assessment of Shoreline Changes 1990-2016,District coastline baseline,False
Guludia,397022,Mahakalapada,Kendrapara,135.82,31.02,8.72,9.22,54.26,11.26,5.02,16.32,0.2938079811515241,0.2938079811515241,NCCR National Assessment of Shoreline Changes 1990-2016,District coastline baseline,False
Sana Rahama,396991,Mahakalapada,Kendrapara,135.82,31.02,8.72,9.22,54.26,11.26,5.02,16.32,0.2938079811515241,0.2938079811515241,NCCR National Assessment of Shoreline Changes 1990-2016,District coastline baseline,False
Bahar Subala,397029,Mahakalapada,Kendrapara,135.82,31.02,8.72,9.22,54.26,11.26,5.02,16.32,0.2938079811515241,0.2938079811515241,NCCR National Assessment of Shoreline Changes 1990-2016,District coastline baseline,False
Bhuinpada,397002,Mahakalapada,Kendrapara,135.82,31.02,8.72,9.22,54.26,11.26,5.02,16.32,0.2938079811515241,0.2938079811515241,NCCR National Assessment of Shoreline Changes 1990-2016,District coastline baseline,False
Badapal,397020,Mahakalapada,Kendrapara,135.82,31.02,8.72,9.22,54.26,11.26,5.02,16.32,0.2938079811515241,0.2938079811515241,NCCR National Assessment of Shoreline Changes 1990-2016,District coastline baseline,False
Sankachit,397003,Mahakalapada,Kendrapara,135.82,31.02,8.72,9.22,54.26,11.26,5.02,16.32,0.2938079811515241,0.2938079811515241,NCCR National Assessment of Shoreline Changes 1990-2016,District coastline baseline,False
Tarapada,397070,Mahakalapada,Kendrapara,135.82,31.02,8.72,9.22,54.26,11.26,5.02,16.32,0.2938079811515241,0.2938079811515241,NCCR National Assessment of Shoreline Changes 1990-2016,District coastline baseline,False
Kandara Patia,396056,Mahakalapada,Kendrapara,135.82,31.02,8.72,9.22,54.26,11.26,5.02,16.32,0.2938079811515241,0.2938079811515241,NCCR National Assessment of Shoreline Changes 1990-2016,District coastline baseline,False
Nalitapatia,395760,Rajnagar,Kendrapara,135.82,31.02,8.72,9.22,54.26,11.26,5.02,16.32,0.2938079811515241,0.2938079811515241,NCCR National Assessment of Shoreline Changes 1990-2016,District coastline baseline,False
Kantilo,397019,Mahakalapada,Kendrapara,135.82,31.02,8.72,9.22,54.26,11.26,5.02,16.32,0.2938079811515241,0.2938079811515241,NCCR National Assessment of Shoreline Changes 1990-2016,District coastline baseline,False
Bada Baincha,397024,Mahakalapada,Kendrapara,135.82,31.02,8.72,9.22,54.26,11.26,5.02,16.32,0.2938079811515241,0.2938079811515241,NCCR National Assessment of Shoreline Changes 1990-2016,District coastline baseline,False
Kholanai,397025,Mahakalapada,Kendrapara,135.82,31.02,8.72,9.22,54.26,11.26,5.02,16.32,0.2938079811515241,0.2938079811515241,NCCR National Assessment of Shoreline Changes 1990-2016,District coastline baseline,False
Kiabaria,397111,Mahakalapada,Kendrapara,135.82,31.02,8.72,9.22,54.26,11.26,5.02,16.32,0.2938079811515241,0.2938079811515241,NCCR National Assessment of Shoreline Changes 1990-2016,District coastline baseline,False
Gogua,396996,Mahakalapada,Kendrapara,135.82,31.02,8.72,9.22,54.26,11.26,5.02,16.32,0.2938079811515241,0.2938079811515241,NCCR National Assessment of Shoreline Changes 1990-2016,District coastline baseline,False
Panikhia,397000,Mahakalapada,Kendrapara,135.82,31.02,8.72,9.22,54.26,11.26,5.02,16.32,0.2938079811515241,0.2938079811515241,NCCR National Assessment of Shoreline Changes 1990-2016,District coastline baseline,False
Bandha Para,396994,Mahakalapada,Kendrapara,135.82,31.02,8.72,9.22,54.26,11.26,5.02,16.32,0.2938079811515241,0.2938079811515241,NCCR National Assessment of Shoreline Changes 1990-2016,District coastline baseline,False
Baligarh,397131,Mahakalapada,Kendrapara,135.82,31.02,8.72,9.22,54.26,11.26,5.02,16.32,0.2938079811515241,0.2938079811515241,NCCR National Assessment of Shoreline Changes 1990-2016,District coastline baseline,False
Hariabanka,397129,Mahakalapada,Kendrapara,135.82,31.02,8.72,9.22,54.26,11.26,5.02,16.32,0.2938079811515241,0.2938079811515241,NCCR National Assessment of Shoreline Changes 1990-2016,District coastline baseline,False
Suniti Bena Kandha,397017,Mahakalapada,Kendrapara,135.82,31.02,8.72,9.22,54.26,11.26,5.02,16.32,0.2938079811515241,0.2938079811515241,NCCR National Assessment of Shoreline Changes 1990-2016,District coastline baseline,False
Bana Pada,397016,Mahakalapada,Kendrapara,135.82,31.02,8.72,9.22,54.26,11.26,5.02,16.32,0.2938079811515241,0.2938079811515241,NCCR National Assessment of Shoreline Changes 1990-2016,District coastline baseline,False
Khamarsahi,395761,Rajnagar,Kendrapara,135.82,31.02,8.72,9.22,54.26,11.26,5.02,16.32,0.2938079811515241,0.2938079811515241,NCCR National Assessment of Shoreline Changes 1990-2016,District coastline baseline,False
Gobardhanpur,396025,Rajnagar,Kendrapara,135.82,31.02,8.72,9.22,54.26,11.26,5.02,16.32,0.2938079811515241,0.2938079811515241,NCCR National Assessment of Shoreline Changes 1990-2016,District coastline baseline,False
Koilipur,396042,Rajnagar,Kendrapara,135.82,31.02,8.72,9.22,54.26,11.26,5.02,16.32,0.2938079811515241,0.2938079811515241,NCCR National Assessment of Shoreline Changes 1990-2016,District coastline baseline,False
Rata Panga,397014,Mahakalapada,Kendrapara,135.82,31.02,8.72,9.22,54.26,11.26,5.02,16.32,0.2938079811515241,0.2938079811515241,NCCR National Assessment of Shoreline Changes 1990-2016,District coastline baseline,False
Bhatapara,395943,Rajnagar,Kendrapara,135.82,31.02,8.72,9.22,54.26,11.26,5.02,16.32,0.2938079811515241,0.2938079811515241,NCCR National Assessment of Shoreline Changes 1990-2016,District coastline baseline,False
Maliabuda,395949,Rajnagar,Kendrapara,135.82,31.02,8.72,9.22,54.26,11.26,5.02,16.32,0.2938079811515241,0.2938079811515241,NCCR National Assessment of Shoreline Changes 1990-2016,District coastline baseline,False
Jayapur,396024,Rajnagar,Kendrapara,135.82,31.02,8.72,9.22,54.26,11.26,5.02,16.32,0.2938079811515241,0.2938079811515241,NCCR National Assessment of Shoreline Changes 1990-2016,District coastline baseline,False
Tarapada,395997,Rajnagar,Kendrapara,135.82,31.02,8.72,9.22,54.26,11.26,5.02,16.32,0.2938079811515241,0.2938079811515241,NCCR National Assessment of Shoreline Changes 1990-2016,District coastline baseline,False
Badkota,396005,Rajnagar,Kendrapara,135.82,31.02,8.72,9.22,54.26,11.26,5.02,16.32,0.2938079811515241,0.2938079811515241,NCCR National Assessment of Shoreline Changes 1990-2016,District coastline baseline,False
Taradeipur,396040,Rajnagar,Kendrapara,135.82,31.02,8.72,9.22,54.26,11.26,5.02,16.32,0.2938079811515241,0.2938079811515241,NCCR National Assessment of Shoreline Changes 1990-2016,District coastline baseline,False
Doligan,396998,Mahakalapada,Kendrapara,135.82,31.02,8.72,9.22,54.26,11.26,5.02,16.32,0.2938079811515241,0.2938079811515241,NCCR National Assessment of Shoreline Changes 1990-2016,District coastline baseline,False
Isani Palla,396032,Rajnagar,Kendrapara,135.82,31.02,8.72,9.22,54.26,11.26,5.02,16.32,0.2938079811515241,0.2938079811515241,NCCR National Assessment of Shoreline Changes 1990-2016,District coastline baseline,False
Tetelenga,396027,Rajnagar,Kendrapara,135.82,31.02,8.72,9.22,54.26,11.26,5.02,16.32,0.2938079811515241,0.2938079811515241,NCCR National Assessment of Shoreline Changes 1990-2016,District coastline baseline,False
Balarampur,396009,Rajnagar,Kendrapara,135.82,31.02,8.72,9.22,54.26,11.26,5.02,16.32,0.2938079811515241,0.2938079811515241,NCCR National Assessment of Shoreline Changes 1990-2016,District coastline baseline,False
Praharajpur,396043,Rajnagar,Kendrapara,135.82,31.02,8.72,9.22,54.26,11.26,5.02,16.32,0.2938079811515241,0.2938079811515241,NCCR National Assessment of Shoreline Changes 1990-2016,District coastline baseline,False
Arakhadiha,396006,Rajnagar,Kendrapara,135.82,31.02,8.72,9.22,54.26,11.26,5.02,16.32,0.2938079811515241,0.2938079811515241,NCCR National Assessment of Shoreline Changes 1990-2016,District coastline baseline,False
Mangalpur,395909,Rajnagar,Kendrapara,135.82,31.02,8.72,9.22,54.26,11.26,5.02,16.32,0.2938079811515241,0.2938079811515241,NCCR National Assessment of Shoreline Changes 1990-2016,District coastline baseline,False
Garjang,397001,Mahakalapada,Kendrapara,135.82,31.02,8.72,9.22,54.26,11.26,5.02,16.32,0.2938079811515241,0.2938079811515241,NCCR National Assessment of Shoreline Changes 1990-2016,District coastline baseline,False
Odiasala,397012,Mahakalapada,Kendrapara,135.82,31.02,8.72,9.22,54.26,11.26,5.02,16.32,0.2938079811515241,0.2938079811515241,NCCR National Assessment of Shoreline Changes 1990-2016,District coastline baseline,False
Basantpur,396037,Rajnagar,Kendrapara,135.82,31.02,8.72,9.22,54.26,11.26,5.02,16.32,0.2938079811515241,0.2938079811515241,NCCR National Assessment of Shoreline Changes 1990-2016,District coastline baseline,False
Inkiria,396038,Rajnagar,Kendrapara,135.82,31.02,8.72,9.22,54.26,11.26,5.02,16.32,0.2938079811515241,0.2938079811515241,NCCR National Assessment of Shoreline Changes 1990-2016,District coastline baseline,False
Gankalu Para,396030,Rajnagar,Kendrapara,135.82,31.02,8.72,9.22,54.26,11.26,5.02,16.32,0.2938079811515241,0.2938079811515241,NCCR National Assessment of Shoreline Changes 1990-2016,District coastline baseline,False
Duttapur,396041,Rajnagar,Kendrapara,135.82,31.02,8.72,9.22,54.26,11.26,5.02,16.32,0.2938079811515241,0.2938079811515241,NCCR National Assessment of Shoreline Changes 1990-2016,District coastline baseline,False
Kani,395950,Rajnagar,Kendrapara,135.82,31.02,8.72,9.22,54.26,11.26,5.02,16.32,0.2938079811515241,0.2938079811515241,NCCR National Assessment of Shoreline Changes 1990-2016,District coastline baseline,False
Madhyapara,395939,Rajnagar,Kendrapara,135.82,31.02,8.72,9.22,54.26,11.26,5.02,16.32,0.2938079811515241,0.2938079811515241,NCCR National Assessment of Shoreline Changes 1990-2016,District coastline baseline,False
Bandhapara,395938,Rajnagar,Kendrapara,135.82,31.02,8.72,9.22,54.26,11.26,5.02,16.32,0.2938079811515241,0.2938079811515241,NCCR National Assessment of Shoreline Changes 1990-2016,District coastline baseline,False
Rajagarh,395948,Rajnagar,Kendrapara,135.82,31.02,8.72,9.22,54.26,11.26,5.02,16.32,0.2938079811515241,0.2938079811515241,NCCR National Assessment of Shoreline Changes 1990-2016,District coastline baseline,False
Kusailo,395941,Rajnagar,Kendrapara,135.82,31.02,8.72,9.22,54.26,11.26,5.02,16.32,0.2938079811515241,0.2938079811515241,NCCR National Assessment of Shoreline Changes 1990-2016,District coastline baseline,False
Badolara,395942,Rajnagar,Kendrapara,135.82,31.02,8.72,9.22,54.26,11.26,5.02,16.32,0.2938079811515241,0.2938079811515241,NCCR National Assessment of Shoreline Changes 1990-2016,District coastline baseline,False
Nanjura,396999,Mahakalapada,Kendrapara,135.82,31.02,8.72,9.22,54.26,11.26,5.02,16.32,0.2938079811515241,0.2938079811515241,NCCR National Assessment of Shoreline Changes 1990-2016,District coastline baseline,False
Dhaneswarpur,396004,Rajnagar,Kendrapara,135.82,31.02,8.72,9.22,54.26,11.26,5.02,16.32,0.2938079811515241,0.2938079811515241,NCCR National Assessment of Shoreline Changes 1990-2016,District coastline baseline,False
Baragudidanda,395946,Rajnagar,Kendrapara,135.82,31.02,8.72,9.22,54.26,11.26,5.02,16.32,0.2938079811515241,0.2938079811515241,NCCR National Assessment of Shoreline Changes 1990-2016,District coastline baseline,False
Nurugan,395944,Rajnagar,Kendrapara,135.82,31.02,8.72,9.22,54.26,11.26,5.02,16.32,0.2938079811515241,0.2938079811515241,NCCR National Assessment of Shoreline Changes 1990-2016,District coastline baseline,False
Barhapur,396039,Rajnagar,Kendrapara,135.82,31.02,8.72,9.22,54.26,11.26,5.02,16.32,0.2938079811515241,0.2938079811515241,NCCR National Assessment of Shoreline Changes 1990-2016,District coastline baseline,False
Sanora,395999,Rajnagar,Kendrapara,135.82,31.02,8.72,9.22,54.26,11.26,5.02,16.32,0.2938079811515241,0.2938079811515241,NCCR National Assessment of Shoreline Changes 1990-2016,District coastline baseline,False
Kanhua,395994,Rajnagar,Kendrapara,135.82,31.02,8.72,9.22,54.26,11.26,5.02,16.32,0.2938079811515241,0.2938079811515241,NCCR National Assessment of Shoreline Changes 1990-2016,District coastline baseline,False
Benudharpur,395951,Rajnagar,Kendrapara,135.82,31.02,8.72,9.22,54.26,11.26,5.02,16.32,0.2938079811515241,0.2938079811515241,NCCR National Assessment of Shoreline Changes 1990-2016,District coastline baseline,False
Kiajori,395945,Rajnagar,Kendrapara,135.82,31.02,8.72,9.22,54.26,11.26,5.02,16.32,0.2938079811515241,0.2938079811515241,NCCR National Assessment of Shoreline Changes 1990-2016,District coastline baseline,False
Bhopal,397005,Mahakalapada,Kendrapara,135.82,31.02,8.72,9.22,54.26,11.26,5.02,16.32,0.2938079811515241,0.2938079811515241,NCCR National Assessment of Shoreline Changes 1990-2016,District coastline baseline,False
Mundatala Sahara Kani,397013,Mahakalapada,Kendrapara,135.82,31.02,8.72,9.22,54.26,11.26,5.02,16.32,0.2938079811515241,0.2938079811515241,NCCR National Assessment of Shoreline Changes 1990-2016,District coastline baseline,False
Santhapada,395933,Rajnagar,Kendrapara,135.82,31.02,8.72,9.22,54.26,11.26,5.02,16.32,0.2938079811515241,0.2938079811515241,NCCR National Assessment of Shoreline Changes 1990-2016,District coastline baseline,False
Tangataila,395932,Rajnagar,Kendrapara,135.82,31.02,8.72,9.22,54.26,11.26,5.02,16.32,0.2938079811515241,0.2938079811515241,NCCR National Assessment of Shoreline Changes 1990-2016,District coastline baseline,False
Badpalli,396033,Rajnagar,Kendrapara,135.82,31.02,8.72,9.22,54.26,11.26,5.02,16.32,0.2938079811515241,0.2938079811515241,NCCR National Assessment of Shoreline Changes 1990-2016,District coastline baseline,False
Badmaricha Palli,396035,Rajnagar,Kendrapara,135.82,31.02,8.72,9.22,54.26,11.26,5.02,16.32,0.2938079811515241,0.2938079811515241,NCCR National Assessment of Shoreline Changes 1990-2016,District coastline baseline,False
Katakana,395931,Rajnagar,Kendrapara,135.82,31.02,8.72,9.22,54.26,11.26,5.02,16.32,0.2938079811515241,0.2938079811515241,NCCR National Assessment of Shoreline Changes 1990-2016,District coastline baseline,False
Barunipalla,396036,Rajnagar,Kendrapara,135.82,31.02,8.72,9.22,54.26,11.26,5.02,16.32,0.2938079811515241,0.2938079811515241,NCCR National Assessment of Shoreline Changes 1990-2016,District coastline baseline,False
Sasana,397007,Mahakalapada,Kendrapara,135.82,31.02,8.72,9.22,54.26,11.26,5.02,16.32,0.2938079811515241,0.2938079811515241,NCCR National Assessment of Shoreline Changes 1990-2016,District coastline baseline,False
Tantiapal,396055,Mahakalapada,Kendrapara,135.82,31.02,8.72,9.22,54.26,11.26,5.02,16.32,0.2938079811515241,0.2938079811515241,NCCR National Assessment of Shoreline Changes 1990-2016,District coastline baseline,False
Bilakalupara,396029,Rajnagar,Kendrapara,135.82,31.02,8.72,9.22,54.26,11.26,5.02,16.32,0.2938079811515241,0.2938079811515241,NCCR National Assessment of Shoreline Changes 1990-2016,District coastline baseline,False
Kankdia,396028,Rajnagar,Kendrapara,135.82,31.02,8.72,9.22,54.26,11.26,5.02,16.32,0.2938079811515241,0.2938079811515241,NCCR National Assessment of Shoreline Changes 1990-2016,District coastline baseline,False
Badpal,396034,Rajnagar,Kendrapara,135.82,31.02,8.72,9.22,54.26,11.26,5.02,16.32,0.2938079811515241,0.2938079811515241,NCCR National Assessment of Shoreline Changes 1990-2016,District coastline baseline,False
Mangarajpur,396007,Rajnagar,Kendrapara,135.82,31.02,8.72,9.22,54.26,11.26,5.02,16.32,0.2938079811515241,0.2938079811515241,NCCR National Assessment of Shoreline Changes 1990-2016,District coastline baseline,False
Rajnagar,395998,Rajnagar,Kendrapara,135.82,31.02,8.72,9.22,54.26,11.26,5.02,16.32,0.2938079811515241,0.2938079811515241,NCCR National Assessment of Shoreline Changes 1990-2016,District coastline baseline,False
Chakibanka,395936,Rajnagar,Kendrapara,135.82,31.02,8.72,9.22,54.26,11.26,5.02,16.32,0.2938079811515241,0.2938079811515241,NCCR National Assessment of Shoreline Changes 1990-2016,District coastline baseline,False
Guludia,395996,Rajnagar,Kendrapara,135.82,31.02,8.72,9.22,54.26,11.26,5.02,16.32,0.2938079811515241,0.2938079811515241,NCCR National Assessment of Shoreline Changes 1990-2016,District coastline baseline,False
Baghua,395993,Rajnagar,Kendrapara,135.82,31.02,8.72,9.22,54.26,11.26,5.02,16.32,0.2938079811515241,0.2938079811515241,NCCR National Assessment of Shoreline Changes 1990-2016,District coastline baseline,False
Garjanpur,396001,Rajnagar,Kendrapara,135.82,31.02,8.72,9.22,54.26,11.26,5.02,16.32,0.2938079811515241,0.2938079811515241,NCCR National Assessment of Shoreline Changes 1990-2016,District coastline baseline,False
Firikidandi,395937,Rajnagar,Kendrapara,135.82,31.02,8.72,9.22,54.26,11.26,5.02,16.32,0.2938079811515241,0.2938079811515241,NCCR National Assessment of Shoreline Changes 1990-2016,District coastline baseline,False
Sanabadagopalpur,396000,Rajnagar,Kendrapara,135.82,31.02,8.72,9.22,54.26,11.26,5.02,16.32,0.2938079811515241,0.2938079811515241,NCCR National Assessment of Shoreline Changes 1990-2016,District coastline baseline,False
Mahinsasur,395995,Rajnagar,Kendrapara,135.82,31.02,8.72,9.22,54.26,11.26,5.02,16.32,0.2938079811515241,0.2938079811515241,NCCR National Assessment of Shoreline Changes 1990-2016,District coastline baseline,False
Jharpada,395908,Rajnagar,Kendrapara,135.82,31.02,8.72,9.22,54.26,11.26,5.02,16.32,0.2938079811515241,0.2938079811515241,NCCR National Assessment of Shoreline Changes 1990-2016,District coastline baseline,False
Khandeipara,395940,Rajnagar,Kendrapara,135.82,31.02,8.72,9.22,54.26,11.26,5.02,16.32,0.2938079811515241,0.2938079811515241,NCCR National Assessment of Shoreline Changes 1990-2016,District coastline baseline,False
Baghataila,395952,Rajnagar,Kendrapara,135.82,31.02,8.72,9.22,54.26,11.26,5.02,16.32,0.2938079811515241,0.2938079811515241,NCCR National Assessment of Shoreline Changes 1990-2016,District coastline baseline,False
Govindpur,395934,Rajnagar,Kendrapara,135.82,31.02,8.72,9.22,54.26,11.26,5.02,16.32,0.2938079811515241,0.2938079811515241,NCCR National Assessment of Shoreline Changes 1990-2016,District coastline baseline,False
Dhandia,395947,Rajnagar,Kendrapara,135.82,31.02,8.72,9.22,54.26,11.26,5.02,16.32,0.2938079811515241,0.2938079811515241,NCCR National Assessment of Shoreline Changes 1990-2016,District coastline baseline,False
Kshirkot,396026,Rajnagar,Kendrapara,135.82,31.02,8.72,9.22,54.26,11.26,5.02,16.32,0.2938079811515241,0.2938079811515241,NCCR National Assessment of Shoreline Changes 1990-2016,District coastline baseline,False
Jagannathapur,396002,Rajnagar,Kendrapara,135.82,31.02,8.72,9.22,54.26,11.26,5.02,16.32,0.2938079811515241,0.2938079811515241,NCCR National Assessment of Shoreline Changes 1990-2016,District coastline baseline,False
Sukdevpur,396008,Rajnagar,Kendrapara,135.82,31.02,8.72,9.22,54.26,11.26,5.02,16.32,0.2938079811515241,0.2938079811515241,NCCR National Assessment of Shoreline Changes 1990-2016,District coastline baseline,False
Tamulia,397008,Mahakalapada,Kendrapara,135.82,31.02,8.72,9.22,54.26,11.26,5.02,16.32,0.2938079811515241,0.2938079811515241,NCCR National Assessment of Shoreline Changes 1990-2016,District coastline baseline,False
Tamulia,396003,Rajnagar,Kendrapara,135.82,31.02,8.72,9.22,54.26,11.26,5.02,16.32,0.2938079811515241,0.2938079811515241,NCCR National Assessment of Shoreline Changes 1990-2016,District coastline baseline,False
Dakhinadandi,395935,Rajnagar,Kendrapara,135.82,31.02,8.72,9.22,54.26,11.26,5.02,16.32,0.2938079811515241,0.2938079811515241,NCCR National Assessment of Shoreline Changes 1990-2016,District coastline baseline,False
Singar Pur,397006,Mahakalapada,Kendrapara,135.82,31.02,8.72,9.22,54.26,11.26,5.02,16.32,0.2938079811515241,0.2938079811515241,NCCR National Assessment of Shoreline Changes 1990-2016,District coastline baseline,False
Keradasahi,396031,Rajnagar,Kendrapara,135.82,31.02,8.72,9.22,54.26,11.26,5.02,16.32,0.2938079811515241,0.2938079811515241,NCCR National Assessment of Shoreline Changes 1990-2016,District coastline baseline,False
Padini,395911,Rajnagar,Kendrapara,135.82,31.02,8.72,9.22,54.26,11.26,5.02,16.32,0.2938079811515241,0.2938079811515241,NCCR National Assessment of Shoreline Changes 1990-2016,District coastline baseline,False
Chandrasekhar,395964,Rajnagar,Kendrapara,135.82,31.02,8.72,9.22,54.26,11.26,5.02,16.32,0.2938079811515241,0.2938079811515241,NCCR National Assessment of Shoreline Changes 1990-2016,District coastline baseline,False
Junapangara,395970,Rajnagar,Kendrapara,135.82,31.02,8.72,9.22,54.26,11.26,5.02,16.32,0.2938079811515241,0.2938079811515241,NCCR National Assessment of Shoreline Changes 1990-2016,District coastline baseline,False
Bindhanaukana,396044,Rajnagar,Kendrapara,135.82,31.02,8.72,9.22,54.26,11.26,5.02,16.32,0.2938079811515241,0.2938079811515241,NCCR National Assessment of Shoreline Changes 1990-2016,District coastline baseline,False
Gopalpur,395885,Rajnagar,Kendrapara,135.82,31.02,8.72,9.22,54.26,11.26,5.02,16.32,0.2938079811515241,0.2938079811515241,NCCR National Assessment of Shoreline Changes 1990-2016,District coastline baseline,False
Baro,397010,Mahakalapada,Kendrapara,135.82,31.02,8.72,9.22,54.26,11.26,5.02,16.32,0.2938079811515241,0.2938079811515241,NCCR National Assessment of Shoreline Changes 1990-2016,District coastline baseline,False
Khandiora,395981,Rajnagar,Kendrapara,135.82,31.02,8.72,9.22,54.26,11.26,5.02,16.32,0.2938079811515241,0.2938079811515241,NCCR National Assessment of Shoreline Changes 1990-2016,District coastline baseline,False
Junapanga,396019,Rajnagar,Kendrapara,135.82,31.02,8.72,9.22,54.26,11.26,5.02,16.32,0.2938079811515241,0.2938079811515241,NCCR National Assessment of Shoreline Changes 1990-2016,District coastline baseline,False
Chakradharpur,396010,Rajnagar,Kendrapara,135.82,31.02,8.72,9.22,54.26,11.26,5.02,16.32,0.2938079811515241,0.2938079811515241,NCCR National Assessment of Shoreline Changes 1990-2016,District coastline baseline,False
Nathapur,395961,Rajnagar,Kendrapara,135.82,31.02,8.72,9.22,54.26,11.26,5.02,16.32,0.2938079811515241,0.2938079811515241,NCCR National Assessment of Shoreline Changes 1990-2016,District coastline baseline,False
Nodhabasanta,395962,Rajnagar,Kendrapara,135.82,31.02,8.72,9.22,54.26,11.26,5.02,16.32,0.2938079811515241,0.2938079811515241,NCCR National Assessment of Shoreline Changes 1990-2016,District coastline baseline,False
Badanaukana,396023,Rajnagar,Kendrapara,135.82,31.02,8.72,9.22,54.26,11.26,5.02,16.32,0.2938079811515241,0.2938079811515241,NCCR National Assessment of Shoreline Changes 1990-2016,District coastline baseline,False
Manapara,395956,Rajnagar,Kendrapara,135.82,31.02,8.72,9.22,54.26,11.26,5.02,16.32,0.2938079811515241,0.2938079811515241,NCCR National Assessment of Shoreline Changes 1990-2016,District coastline baseline,False
Bandhapur,396051,Rajnagar,Kendrapara,135.82,31.02,8.72,9.22,54.26,11.26,5.02,16.32,0.2938079811515241,0.2938079811515241,NCCR National Assessment of Shoreline Changes 1990-2016,District coastline baseline,False
Endulapur,395986,Rajnagar,Kendrapara,135.82,31.02,8.72,9.22,54.26,11.26,5.02,16.32,0.2938079811515241,0.2938079811515241,NCCR National Assessment of Shoreline Changes 1990-2016,District coastline baseline,False
Sendhakani,395968,Rajnagar,Kendrapara,135.82,31.02,8.72,9.22,54.26,11.26,5.02,16.32,0.2938079811515241,0.2938079811515241,NCCR National Assessment of Shoreline Changes 1990-2016,District coastline baseline,False
Hatiagadi,395954,Rajnagar,Kendrapara,135.82,31.02,8.72,9.22,54.26,11.26,5.02,16.32,0.2938079811515241,0.2938079811515241,NCCR National Assessment of Shoreline Changes 1990-2016,District coastline baseline,False
Kanafulia,395977,Rajnagar,Kendrapara,135.82,31.02,8.72,9.22,54.26,11.26,5.02,16.32,0.2938079811515241,0.2938079811515241,NCCR National Assessment of Shoreline Changes 1990-2016,District coastline baseline,False
Jhinkiria,395958,Rajnagar,Kendrapara,135.82,31.02,8.72,9.22,54.26,11.26,5.02,16.32,0.2938079811515241,0.2938079811515241,NCCR National Assessment of Shoreline Changes 1990-2016,District coastline baseline,False
Badhi,395972,Rajnagar,Kendrapara,135.82,31.02,8.72,9.22,54.26,11.26,5.02,16.32,0.2938079811515241,0.2938079811515241,NCCR National Assessment of Shoreline Changes 1990-2016,District coastline baseline,False
Prasanpur,396013,Rajnagar,Kendrapara,135.82,31.02,8.72,9.22,54.26,11.26,5.02,16.32,0.2938079811515241,0.2938079811515241,NCCR National Assessment of Shoreline Changes 1990-2016,District coastline baseline,False
Brahmansahi,396022,Rajnagar,Kendrapara,135.82,31.02,8.72,9.22,54.26,11.26,5.02,16.32,0.2938079811515241,0.2938079811515241,NCCR National Assessment of Shoreline Changes 1990-2016,District coastline baseline,False
Kandhamara,396012,Rajnagar,Kendrapara,135.82,31.02,8.72,9.22,54.26,11.26,5.02,16.32,0.2938079811515241,0.2938079811515241,NCCR National Assessment of Shoreline Changes 1990-2016,District coastline baseline,False
Penth,396021,Rajnagar,Kendrapara,135.82,31.02,8.72,9.22,54.26,11.26,5.02,16.32,0.2938079811515241,0.2938079811515241,NCCR National Assessment of Shoreline Changes 1990-2016,District coastline baseline,False
Gokhani,395971,Rajnagar,Kendrapara,135.82,31.02,8.72,9.22,54.26,11.26,5.02,16.32,0.2938079811515241,0.2938079811515241,NCCR National Assessment of Shoreline Changes 1990-2016,District coastline baseline,False
Chinchiri,395982,Rajnagar,Kendrapara,135.82,31.02,8.72,9.22,54.26,11.26,5.02,16.32,0.2938079811515241,0.2938079811515241,NCCR National Assessment of Shoreline Changes 1990-2016,District coastline baseline,False
Paripangara,395963,Rajnagar,Kendrapara,135.82,31.02,8.72,9.22,54.26,11.26,5.02,16.32,0.2938079811515241,0.2938079811515241,NCCR National Assessment of Shoreline Changes 1990-2016,District coastline baseline,False
Narangarh,395884,Rajnagar,Kendrapara,135.82,31.02,8.72,9.22,54.26,11.26,5.02,16.32,0.2938079811515241,0.2938079811515241,NCCR National Assessment of Shoreline Changes 1990-2016,District coastline baseline,False
Kanakapur,395978,Rajnagar,Kendrapara,135.82,31.02,8.72,9.22,54.26,11.26,5.02,16.32,0.2938079811515241,0.2938079811515241,NCCR National Assessment of Shoreline Changes 1990-2016,District coastline baseline,False
Bahargarh,395898,Rajnagar,Kendrapara,135.82,31.02,8.72,9.22,54.26,11.26,5.02,16.32,0.2938079811515241,0.2938079811515241,NCCR National Assessment of Shoreline Changes 1990-2016,District coastline baseline,False
Velsari,396047,Rajnagar,Kendrapara,135.82,31.02,8.72,9.22,54.26,11.26,5.02,16.32,0.2938079811515241,0.2938079811515241,NCCR National Assessment of Shoreline Changes 1990-2016,District coastline baseline,False
Joginatha,396074,Rajnagar,Kendrapara,135.82,31.02,8.72,9.22,54.26,11.26,5.02,16.32,0.2938079811515241,0.2938079811515241,NCCR National Assessment of Shoreline Changes 1990-2016,District coastline baseline,False
Badkuji,395985,Rajnagar,Kendrapara,135.82,31.02,8.72,9.22,54.26,11.26,5.02,16.32,0.2938079811515241,0.2938079811515241,NCCR National Assessment of Shoreline Changes 1990-2016,District coastline baseline,False
Gahmasikhar,395983,Rajnagar,Kendrapara,135.82,31.02,8.72,9.22,54.26,11.26,5.02,16.32,0.2938079811515241,0.2938079811515241,NCCR National Assessment of Shoreline Changes 1990-2016,District coastline baseline,False
Pokharia,395957,Rajnagar,Kendrapara,135.82,31.02,8.72,9.22,54.26,11.26,5.02,16.32,0.2938079811515241,0.2938079811515241,NCCR National Assessment of Shoreline Changes 1990-2016,District coastline baseline,False
Mahulia,395953,Rajnagar,Kendrapara,135.82,31.02,8.72,9.22,54.26,11.26,5.02,16.32,0.2938079811515241,0.2938079811515241,NCCR National Assessment of Shoreline Changes 1990-2016,District coastline baseline,False
Guhalkani,395959,Rajnagar,Kendrapara,135.82,31.02,8.72,9.22,54.26,11.26,5.02,16.32,0.2938079811515241,0.2938079811515241,NCCR National Assessment of Shoreline Changes 1990-2016,District coastline baseline,False
Sundripal,396073,Rajnagar,Kendrapara,135.82,31.02,8.72,9.22,54.26,11.26,5.02,16.32,0.2938079811515241,0.2938079811515241,NCCR National Assessment of Shoreline Changes 1990-2016,District coastline baseline,False
Kathapangara,395973,Rajnagar,Kendrapara,135.82,31.02,8.72,9.22,54.26,11.26,5.02,16.32,0.2938079811515241,0.2938079811515241,NCCR National Assessment of Shoreline Changes 1990-2016,District coastline baseline,False
Krishnapriyapur,395882,Rajnagar,Kendrapara,135.82,31.02,8.72,9.22,54.26,11.26,5.02,16.32,0.2938079811515241,0.2938079811515241,NCCR National Assessment of Shoreline Changes 1990-2016,District coastline baseline,False
Lunia,396011,Rajnagar,Kendrapara,135.82,31.02,8.72,9.22,54.26,11.26,5.02,16.32,0.2938079811515241,0.2938079811515241,NCCR National Assessment of Shoreline Changes 1990-2016,District coastline baseline,False
Tiara,395992,Rajnagar,Kendrapara,135.82,31.02,8.72,9.22,54.26,11.26,5.02,16.32,0.2938079811515241,0.2938079811515241,NCCR National Assessment of Shoreline Changes 1990-2016,District coastline baseline,False
Dhagua,395991,Rajnagar,Kendrapara,135.82,31.02,8.72,9.22,54.26,11.26,5.02,16.32,0.2938079811515241,0.2938079811515241,NCCR National Assessment of Shoreline Changes 1990-2016,District coastline baseline,False
Bhadia,395901,Rajnagar,Kendrapara,135.82,31.02,8.72,9.22,54.26,11.26,5.02,16.32,0.2938079811515241,0.2938079811515241,NCCR National Assessment of Shoreline Changes 1990-2016,District coastline baseline,False
Khamarsahi,395955,Rajnagar,Kendrapara,135.82,31.02,8.72,9.22,54.26,11.26,5.02,16.32,0.2938079811515241,0.2938079811515241,NCCR National Assessment of Shoreline Changes 1990-2016,District coastline baseline,False
Kathuaganda,395979,Rajnagar,Kendrapara,135.82,31.02,8.72,9.22,54.26,11.26,5.02,16.32,0.2938079811515241,0.2938079811515241,NCCR National Assessment of Shoreline Changes 1990-2016,District coastline baseline,False
Hatina,395988,Rajnagar,Kendrapara,135.82,31.02,8.72,9.22,54.26,11.26,5.02,16.32,0.2938079811515241,0.2938079811515241,NCCR National Assessment of Shoreline Changes 1990-2016,District coastline baseline,False
Kaitha,395984,Rajnagar,Kendrapara,135.82,31.02,8.72,9.22,54.26,11.26,5.02,16.32,0.2938079811515241,0.2938079811515241,NCCR National Assessment of Shoreline Changes 1990-2016,District coastline baseline,False
Dera,395987,Rajnagar,Kendrapara,135.82,31.02,8.72,9.22,54.26,11.26,5.02,16.32,0.2938079811515241,0.2938079811515241,NCCR National Assessment of Shoreline Changes 1990-2016,District coastline baseline,False
Mugakani,395989,Rajnagar,Kendrapara,135.82,31.02,8.72,9.22,54.26,11.26,5.02,16.32,0.2938079811515241,0.2938079811515241,NCCR National Assessment of Shoreline Changes 1990-2016,District coastline baseline,False
Pachimaveda,395960,Rajnagar,Kendrapara,135.82,31.02,8.72,9.22,54.26,11.26,5.02,16.32,0.2938079811515241,0.2938079811515241,NCCR National Assessment of Shoreline Changes 1990-2016,District coastline baseline,False
Kurunti,395990,Rajnagar,Kendrapara,135.82,31.02,8.72,9.22,54.26,11.26,5.02,16.32,0.2938079811515241,0.2938079811515241,NCCR National Assessment of Shoreline Changes 1990-2016,District coastline baseline,False
Chardia,395902,Rajnagar,Kendrapara,135.82,31.02,8.72,9.22,54.26,11.26,5.02,16.32,0.2938079811515241,0.2938079811515241,NCCR National Assessment of Shoreline Changes 1990-2016,District coastline baseline,False
Nuagan,395980,Rajnagar,Kendrapara,135.82,31.02,8.72,9.22,54.26,11.26,5.02,16.32,0.2938079811515241,0.2938079811515241,NCCR National Assessment of Shoreline Changes 1990-2016,District coastline baseline,False
Maliparida,395965,Rajnagar,Kendrapara,135.82,31.02,8.72,9.22,54.26,11.26,5.02,16.32,0.2938079811515241,0.2938079811515241,NCCR National Assessment of Shoreline Changes 1990-2016,District coastline baseline,False
Dhobeigarh,395974,Rajnagar,Kendrapara,135.82,31.02,8.72,9.22,54.26,11.26,5.02,16.32,0.2938079811515241,0.2938079811515241,NCCR National Assessment of Shoreline Changes 1990-2016,District coastline baseline,False
Nachhipara,395976,Rajnagar,Kendrapara,135.82,31.02,8.72,9.22,54.26,11.26,5.02,16.32,0.2938079811515241,0.2938079811515241,NCCR National Assessment of Shoreline Changes 1990-2016,District coastline baseline,False
Gadadharpur,395890,Rajnagar,Kendrapara,135.82,31.02,8.72,9.22,54.26,11.26,5.02,16.32,0.2938079811515241,0.2938079811515241,NCCR National Assessment of Shoreline Changes 1990-2016,District coastline baseline,False
Laxminarayanpur,395897,Rajnagar,Kendrapara,135.82,31.02,8.72,9.22,54.26,11.26,5.02,16.32,0.2938079811515241,0.2938079811515241,NCCR National Assessment of Shoreline Changes 1990-2016,District coastline baseline,False
Paunsiapal,397011,Mahakalapada,Kendrapara,135.82,31.02,8.72,9.22,54.26,11.26,5.02,16.32,0.2938079811515241,0.2938079811515241,NCCR National Assessment of Shoreline Changes 1990-2016,District coastline baseline,False
Ambaora,395891,Rajnagar,Kendrapara,135.82,31.02,8.72,9.22,54.26,11.26,5.02,16.32,0.2938079811515241,0.2938079811515241,NCCR National Assessment of Shoreline Changes 1990-2016,District coastline baseline,False
Kanhupur,396050,Rajnagar,Kendrapara,135.82,31.02,8.72,9.22,54.26,11.26,5.02,16.32,0.2938079811515241,0.2938079811515241,NCCR National Assessment of Shoreline Changes 1990-2016,District coastline baseline,False
Nuapokhari,395969,Rajnagar,Kendrapara,135.82,31.02,8.72,9.22,54.26,11.26,5.02,16.32,0.2938079811515241,0.2938079811515241,NCCR National Assessment of Shoreline Changes 1990-2016,District coastline baseline,False
Chittakolha,396014,Rajnagar,Kendrapara,135.82,31.02,8.72,9.22,54.26,11.26,5.02,16.32,0.2938079811515241,0.2938079811515241,NCCR National Assessment of Shoreline Changes 1990-2016,District coastline baseline,False
Sankuji,396015,Rajnagar,Kendrapara,135.82,31.02,8.72,9.22,54.26,11.26,5.02,16.32,0.2938079811515241,0.2938079811515241,NCCR National Assessment of Shoreline Changes 1990-2016,District coastline baseline,False
Bhatasahi,395967,Rajnagar,Kendrapara,135.82,31.02,8.72,9.22,54.26,11.26,5.02,16.32,0.2938079811515241,0.2938079811515241,NCCR National Assessment of Shoreline Changes 1990-2016,District coastline baseline,False
Ogalasendha,395966,Rajnagar,Kendrapara,135.82,31.02,8.72,9.22,54.26,11.26,5.02,16.32,0.2938079811515241,0.2938079811515241,NCCR National Assessment of Shoreline Changes 1990-2016,District coastline baseline,False
Chakulidiha,397009,Mahakalapada,Kendrapara,135.82,31.02,8.72,9.22,54.26,11.26,5.02,16.32,0.2938079811515241,0.2938079811515241,NCCR National Assessment of Shoreline Changes 1990-2016,District coastline baseline,False
Kadalichua,396046,Rajnagar,Kendrapara,135.82,31.02,8.72,9.22,54.26,11.26,5.02,16.32,0.2938079811515241,0.2938079811515241,NCCR National Assessment of Shoreline Changes 1990-2016,District coastline baseline,False
Akarapara,396045,Rajnagar,Kendrapara,135.82,31.02,8.72,9.22,54.26,11.26,5.02,16.32,0.2938079811515241,0.2938079811515241,NCCR National Assessment of Shoreline Changes 1990-2016,District coastline baseline,False
Charapada,395648,Rajkanika,Kendrapara,135.82,31.02,8.72,9.22,54.26,11.26,5.02,16.32,0.2938079811515241,0.2938079811515241,NCCR National Assessment of Shoreline Changes 1990-2016,District coastline baseline,False
Kharakhara,396105,Rajkanika,Kendrapara,135.82,31.02,8.72,9.22,54.26,11.26,5.02,16.32,0.2938079811515241,0.2938079811515241,NCCR National Assessment of Shoreline Changes 1990-2016,District coastline baseline,False
Ujanga,395652,Rajkanika,Kendrapara,135.82,31.02,8.72,9.22,54.26,11.26,5.02,16.32,0.2938079811515241,0.2938079811515241,NCCR National Assessment of Shoreline Changes 1990-2016,District coastline baseline,False
Mirzapur,395709,Rajkanika,Kendrapara,135.82,31.02,8.72,9.22,54.26,11.26,5.02,16.32,0.2938079811515241,0.2938079811515241,NCCR National Assessment of Shoreline Changes 1990-2016,District coastline baseline,False
Namatara,395649,Rajkanika,Kendrapara,135.82,31.02,8.72,9.22,54.26,11.26,5.02,16.32,0.2938079811515241,0.2938079811515241,NCCR National Assessment of Shoreline Changes 1990-2016,District coastline baseline,False
Deulatara,395650,Rajkanika,Kendrapara,135.82,31.02,8.72,9.22,54.26,11.26,5.02,16.32,0.2938079811515241,0.2938079811515241,NCCR National Assessment of Shoreline Changes 1990-2016,District coastline baseline,False
Muradpur,395651,Rajkanika,Kendrapara,135.82,31.02,8.72,9.22,54.26,11.26,5.02,16.32,0.2938079811515241,0.2938079811515241,NCCR National Assessment of Shoreline Changes 1990-2016,District coastline baseline,False
Habalaganda,395711,Rajkanika,Kendrapara,135.82,31.02,8.72,9.22,54.26,11.26,5.02,16.32,0.2938079811515241,0.2938079811515241,NCCR National Assessment of Shoreline Changes 1990-2016,District coastline baseline,False
Gopinathapur,395643,Rajkanika,Kendrapara,135.82,31.02,8.72,9.22,54.26,11.26,5.02,16.32,0.2938079811515241,0.2938079811515241,NCCR National Assessment of Shoreline Changes 1990-2016,District coastline baseline,False
Parinuapada,395712,Rajkanika,Kendrapara,135.82,31.02,8.72,9.22,54.26,11.26,5.02,16.32,0.2938079811515241,0.2938079811515241,NCCR National Assessment of Shoreline Changes 1990-2016,District coastline baseline,False
Bharigada,395705,Rajkanika,Kendrapara,135.82,31.02,8.72,9.22,54.26,11.26,5.02,16.32,0.2938079811515241,0.2938079811515241,NCCR National Assessment of Shoreline Changes 1990-2016,District coastline baseline,False
Dakhinaveda,395907,Rajnagar,Kendrapara,135.82,31.02,8.72,9.22,54.26,11.26,5.02,16.32,0.2938079811515241,0.2938079811515241,NCCR National Assessment of Shoreline Changes 1990-2016,District coastline baseline,False
Abdulpur,395647,Rajkanika,Kendrapara,135.82,31.02,8.72,9.22,54.26,11.26,5.02,16.32,0.2938079811515241,0.2938079811515241,NCCR National Assessment of Shoreline Changes 1990-2016,District coastline baseline,False
Mahamadpur,395592,Rajkanika,Kendrapara,135.82,31.02,8.72,9.22,54.26,11.26,5.02,16.32,0.2938079811515241,0.2938079811515241,NCCR National Assessment of Shoreline Changes 1990-2016,District coastline baseline,False
Hatasahi,395642,Rajkanika,Kendrapara,135.82,31.02,8.72,9.22,54.26,11.26,5.02,16.32,0.2938079811515241,0.2938079811515241,NCCR National Assessment of Shoreline Changes 1990-2016,District coastline baseline,False
Sihopada,395641,Rajkanika,Kendrapara,135.82,31.02,8.72,9.22,54.26,11.26,5.02,16.32,0.2938079811515241,0.2938079811515241,NCCR National Assessment of Shoreline Changes 1990-2016,District coastline baseline,False
Kanapur Kaema,395603,Rajkanika,Kendrapara,135.82,31.02,8.72,9.22,54.26,11.26,5.02,16.32,0.2938079811515241,0.2938079811515241,NCCR National Assessment of Shoreline Changes 1990-2016,District coastline baseline,False
Padhanpada,395594,Rajkanika,Kendrapara,135.82,31.02,8.72,9.22,54.26,11.26,5.02,16.32,0.2938079811515241,0.2938079811515241,NCCR National Assessment of Shoreline Changes 1990-2016,District coastline baseline,False
Batarapada,395598,Rajkanika,Kendrapara,135.82,31.02,8.72,9.22,54.26,11.26,5.02,16.32,0.2938079811515241,0.2938079811515241,NCCR National Assessment of Shoreline Changes 1990-2016,District coastline baseline,False
Bhamanda,395600,Rajkanika,Kendrapara,135.82,31.02,8.72,9.22,54.26,11.26,5.02,16.32,0.2938079811515241,0.2938079811515241,NCCR National Assessment of Shoreline Changes 1990-2016,District coastline baseline,False
Kanapur Barha,395602,Rajkanika,Kendrapara,135.82,31.02,8.72,9.22,54.26,11.26,5.02,16.32,0.2938079811515241,0.2938079811515241,NCCR National Assessment of Shoreline Changes 1990-2016,District coastline baseline,False
Ahamadpur,395646,Rajkanika,Kendrapara,135.82,31.02,8.72,9.22,54.26,11.26,5.02,16.32,0.2938079811515241,0.2938079811515241,NCCR National Assessment of Shoreline Changes 1990-2016,District coastline baseline,False
Fazilpur,395593,Rajkanika,Kendrapara,135.82,31.02,8.72,9.22,54.26,11.26,5.02,16.32,0.2938079811515241,0.2938079811515241,NCCR National Assessment of Shoreline Changes 1990-2016,District coastline baseline,False
Sanahalapada,395596,Rajkanika,Kendrapara,135.82,31.02,8.72,9.22,54.26,11.26,5.02,16.32,0.2938079811515241,0.2938079811515241,NCCR National Assessment of Shoreline Changes 1990-2016,District coastline baseline,False
Agapada,395640,Rajkanika,Kendrapara,135.82,31.02,8.72,9.22,54.26,11.26,5.02,16.32,0.2938079811515241,0.2938079811515241,NCCR National Assessment of Shoreline Changes 1990-2016,District coastline baseline,False
Gahamapal,395599,Rajkanika,Kendrapara,135.82,31.02,8.72,9.22,54.26,11.26,5.02,16.32,0.2938079811515241,0.2938079811515241,NCCR National Assessment of Shoreline Changes 1990-2016,District coastline baseline,False
Damodarpur,395645,Rajkanika,Kendrapara,135.82,31.02,8.72,9.22,54.26,11.26,5.02,16.32,0.2938079811515241,0.2938079811515241,NCCR National Assessment of Shoreline Changes 1990-2016,District coastline baseline,False
Kothasahi,395653,Rajkanika,Kendrapara,135.82,31.02,8.72,9.22,54.26,11.26,5.02,16.32,0.2938079811515241,0.2938079811515241,NCCR National Assessment of Shoreline Changes 1990-2016,District coastline baseline,False
Panasaganda,395644,Rajkanika,Kendrapara,135.82,31.02,8.72,9.22,54.26,11.26,5.02,16.32,0.2938079811515241,0.2938079811515241,NCCR National Assessment of Shoreline Changes 1990-2016,District coastline baseline,False
Badahalapada,395595,Rajkanika,Kendrapara,135.82,31.02,8.72,9.22,54.26,11.26,5.02,16.32,0.2938079811515241,0.2938079811515241,NCCR National Assessment of Shoreline Changes 1990-2016,District coastline baseline,False
Domanda Barha,395601,Rajkanika,Kendrapara,135.82,31.02,8.72,9.22,54.26,11.26,5.02,16.32,0.2938079811515241,0.2938079811515241,NCCR National Assessment of Shoreline Changes 1990-2016,District coastline baseline,False
Sikdarpur,395597,Rajkanika,Kendrapara,135.82,31.02,8.72,9.22,54.26,11.26,5.02,16.32,0.2938079811515241,0.2938079811515241,NCCR National Assessment of Shoreline Changes 1990-2016,District coastline baseline,False
Nuadia,395745,Rajkanika,Kendrapara,135.82,31.02,8.72,9.22,54.26,11.26,5.02,16.32,0.2938079811515241,0.2938079811515241,NCCR National Assessment of Shoreline Changes 1990-2016,District coastline baseline,False
Balabhadraprasad,395917,Rajnagar,Kendrapara,135.82,31.02,8.72,9.22,54.26,11.26,5.02,16.32,0.2938079811515241,0.2938079811515241,NCCR National Assessment of Shoreline Changes 1990-2016,District coastline baseline,False
Parimakundapur,395713,Rajkanika,Kendrapara,135.82,31.02,8.72,9.22,54.26,11.26,5.02,16.32,0.2938079811515241,0.2938079811515241,NCCR National Assessment of Shoreline Changes 1990-2016,District coastline baseline,False
Tentulikoli,395726,Rajkanika,Kendrapara,135.82,31.02,8.72,9.22,54.26,11.26,5.02,16.32,0.2938079811515241,0.2938079811515241,NCCR National Assessment of Shoreline Changes 1990-2016,District coastline baseline,False
Manikhandi,395919,Rajnagar,Kendrapara,135.82,31.02,8.72,9.22,54.26,11.26,5.02,16.32,0.2938079811515241,0.2938079811515241,NCCR National Assessment of Shoreline Changes 1990-2016,District coastline baseline,False
Deulasahi,395655,Rajkanika,Kendrapara,135.82,31.02,8.72,9.22,54.26,11.26,5.02,16.32,0.2938079811515241,0.2938079811515241,NCCR National Assessment of Shoreline Changes 1990-2016,District coastline baseline,False
Belpal,395925,Rajnagar,Kendrapara,135.82,31.02,8.72,9.22,54.26,11.26,5.02,16.32,0.2938079811515241,0.2938079811515241,NCCR National Assessment of Shoreline Changes 1990-2016,District coastline baseline,False
Badaraja,395722,Rajkanika,Kendrapara,135.82,31.02,8.72,9.22,54.26,11.26,5.02,16.32,0.2938079811515241,0.2938079811515241,NCCR National Assessment of Shoreline Changes 1990-2016,District coastline baseline,False
Barunadia,395706,Rajkanika,Kendrapara,135.82,31.02,8.72,9.22,54.26,11.26,5.02,16.32,0.2938079811515241,0.2938079811515241,NCCR National Assessment of Shoreline Changes 1990-2016,District coastline baseline,False
Bartani,395676,Rajkanika,Kendrapara,135.82,31.02,8.72,9.22,54.26,11.26,5.02,16.32,0.2938079811515241,0.2938079811515241,NCCR National Assessment of Shoreline Changes 1990-2016,District coastline baseline,False
Keshanagar,395704,Rajkanika,Kendrapara,135.82,31.02,8.72,9.22,54.26,11.26,5.02,16.32,0.2938079811515241,0.2938079811515241,NCCR National Assessment of Shoreline Changes 1990-2016,District coastline baseline,False
Balikana,395924,Rajnagar,Kendrapara,135.82,31.02,8.72,9.22,54.26,11.26,5.02,16.32,0.2938079811515241,0.2938079811515241,NCCR National Assessment of Shoreline Changes 1990-2016,District coastline baseline,False
Nahulia,395698,Rajkanika,Kendrapara,135.82,31.02,8.72,9.22,54.26,11.26,5.02,16.32,0.2938079811515241,0.2938079811515241,NCCR National Assessment of Shoreline Changes 1990-2016,District coastline baseline,False
Keradagarh,395914,Rajnagar,Kendrapara,135.82,31.02,8.72,9.22,54.26,11.26,5.02,16.32,0.2938079811515241,0.2938079811515241,NCCR National Assessment of Shoreline Changes 1990-2016,District coastline baseline,False
Bandhapatana,395927,Rajnagar,Kendrapara,135.82,31.02,8.72,9.22,54.26,11.26,5.02,16.32,0.2938079811515241,0.2938079811515241,NCCR National Assessment of Shoreline Changes 1990-2016,District coastline baseline,False
Koranda,395721,Rajkanika,Kendrapara,135.82,31.02,8.72,9.22,54.26,11.26,5.02,16.32,0.2938079811515241,0.2938079811515241,NCCR National Assessment of Shoreline Changes 1990-2016,District coastline baseline,False
Pandurkoli,395747,Rajkanika,Kendrapara,135.82,31.02,8.72,9.22,54.26,11.26,5.02,16.32,0.2938079811515241,0.2938079811515241,NCCR National Assessment of Shoreline Changes 1990-2016,District coastline baseline,False
Meghapur,395725,Rajkanika,Kendrapara,135.82,31.02,8.72,9.22,54.26,11.26,5.02,16.32,0.2938079811515241,0.2938079811515241,NCCR National Assessment of Shoreline Changes 1990-2016,District coastline baseline,False
Patarapur,395758,Rajkanika,Kendrapara,135.82,31.02,8.72,9.22,54.26,11.26,5.02,16.32,0.2938079811515241,0.2938079811515241,NCCR National Assessment of Shoreline Changes 1990-2016,District coastline baseline,False
Chhadesh,395657,Rajkanika,Kendrapara,135.82,31.02,8.72,9.22,54.26,11.26,5.02,16.32,0.2938079811515241,0.2938079811515241,NCCR National Assessment of Shoreline Changes 1990-2016,District coastline baseline,False
Baruna,395708,Rajkanika,Kendrapara,135.82,31.02,8.72,9.22,54.26,11.26,5.02,16.32,0.2938079811515241,0.2938079811515241,NCCR National Assessment of Shoreline Changes 1990-2016,District coastline baseline,False
Sisua,395695,Rajkanika,Kendrapara,135.82,31.02,8.72,9.22,54.26,11.26,5.02,16.32,0.2938079811515241,0.2938079811515241,NCCR National Assessment of Shoreline Changes 1990-2016,District coastline baseline,False
Banidihapatna,395707,Rajkanika,Kendrapara,135.82,31.02,8.72,9.22,54.26,11.26,5.02,16.32,0.2938079811515241,0.2938079811515241,NCCR National Assessment of Shoreline Changes 1990-2016,District coastline baseline,False
Chalunia,395697,Rajkanika,Kendrapara,135.82,31.02,8.72,9.22,54.26,11.26,5.02,16.32,0.2938079811515241,0.2938079811515241,NCCR National Assessment of Shoreline Changes 1990-2016,District coastline baseline,False
Jaganathpursasan,395922,Rajnagar,Kendrapara,135.82,31.02,8.72,9.22,54.26,11.26,5.02,16.32,0.2938079811515241,0.2938079811515241,NCCR National Assessment of Shoreline Changes 1990-2016,District coastline baseline,False
Ostia,395928,Rajnagar,Kendrapara,135.82,31.02,8.72,9.22,54.26,11.26,5.02,16.32,0.2938079811515241,0.2938079811515241,NCCR National Assessment of Shoreline Changes 1990-2016,District coastline baseline,False
Nagada,395929,Rajnagar,Kendrapara,135.82,31.02,8.72,9.22,54.26,11.26,5.02,16.32,0.2938079811515241,0.2938079811515241,NCCR National Assessment of Shoreline Changes 1990-2016,District coastline baseline,False
Bhagabanpur,395923,Rajnagar,Kendrapara,135.82,31.02,8.72,9.22,54.26,11.26,5.02,16.32,0.2938079811515241,0.2938079811515241,NCCR National Assessment of Shoreline Changes 1990-2016,District coastline baseline,False
Maneidiha,395702,Rajkanika,Kendrapara,135.82,31.02,8.72,9.22,54.26,11.26,5.02,16.32,0.2938079811515241,0.2938079811515241,NCCR National Assessment of Shoreline Changes 1990-2016,District coastline baseline,False
Chandanpur,395915,Rajnagar,Kendrapara,135.82,31.02,8.72,9.22,54.26,11.26,5.02,16.32,0.2938079811515241,0.2938079811515241,NCCR National Assessment of Shoreline Changes 1990-2016,District coastline baseline,False
Nethuria,395858,Rajnagar,Kendrapara,135.82,31.02,8.72,9.22,54.26,11.26,5.02,16.32,0.2938079811515241,0.2938079811515241,NCCR National Assessment of Shoreline Changes 1990-2016,District coastline baseline,False
Rajpur,395916,Rajnagar,Kendrapara,135.82,31.02,8.72,9.22,54.26,11.26,5.02,16.32,0.2938079811515241,0.2938079811515241,NCCR National Assessment of Shoreline Changes 1990-2016,District coastline baseline,False
Sanolara,395921,Rajnagar,Kendrapara,135.82,31.02,8.72,9.22,54.26,11.26,5.02,16.32,0.2938079811515241,0.2938079811515241,NCCR National Assessment of Shoreline Changes 1990-2016,District coastline baseline,False
Madhupur,395918,Rajnagar,Kendrapara,135.82,31.02,8.72,9.22,54.26,11.26,5.02,16.32,0.2938079811515241,0.2938079811515241,NCCR National Assessment of Shoreline Changes 1990-2016,District coastline baseline,False
Naladia,395930,Rajnagar,Kendrapara,135.82,31.02,8.72,9.22,54.26,11.26,5.02,16.32,0.2938079811515241,0.2938079811515241,NCCR National Assessment of Shoreline Changes 1990-2016,District coastline baseline,False
Jayakunda,395759,Rajkanika,Kendrapara,135.82,31.02,8.72,9.22,54.26,11.26,5.02,16.32,0.2938079811515241,0.2938079811515241,NCCR National Assessment of Shoreline Changes 1990-2016,District coastline baseline,False
Achhutapur,395661,Rajkanika,Kendrapara,135.82,31.02,8.72,9.22,54.26,11.26,5.02,16.32,0.2938079811515241,0.2938079811515241,NCCR National Assessment of Shoreline Changes 1990-2016,District coastline baseline,False
Makundapur,395662,Rajkanika,Kendrapara,135.82,31.02,8.72,9.22,54.26,11.26,5.02,16.32,0.2938079811515241,0.2938079811515241,NCCR National Assessment of Shoreline Changes 1990-2016,District coastline baseline,False
Pandiapali,395675,Rajkanika,Kendrapara,135.82,31.02,8.72,9.22,54.26,11.26,5.02,16.32,0.2938079811515241,0.2938079811515241,NCCR National Assessment of Shoreline Changes 1990-2016,District coastline baseline,False
Singidi,395748,Rajkanika,Kendrapara,135.82,31.02,8.72,9.22,54.26,11.26,5.02,16.32,0.2938079811515241,0.2938079811515241,NCCR National Assessment of Shoreline Changes 1990-2016,District coastline baseline,False
Gangadharprasaddia,395746,Rajkanika,Kendrapara,135.82,31.02,8.72,9.22,54.26,11.26,5.02,16.32,0.2938079811515241,0.2938079811515241,NCCR National Assessment of Shoreline Changes 1990-2016,District coastline baseline,False
Bansaria,395718,Rajkanika,Kendrapara,135.82,31.02,8.72,9.22,54.26,11.26,5.02,16.32,0.2938079811515241,0.2938079811515241,NCCR National Assessment of Shoreline Changes 1990-2016,District coastline baseline,False
Khandeita,395743,Rajkanika,Kendrapara,135.82,31.02,8.72,9.22,54.26,11.26,5.02,16.32,0.2938079811515241,0.2938079811515241,NCCR National Assessment of Shoreline Changes 1990-2016,District coastline baseline,False
Mahadeiadia,395744,Rajkanika,Kendrapara,135.82,31.02,8.72,9.22,54.26,11.26,5.02,16.32,0.2938079811515241,0.2938079811515241,NCCR National Assessment of Shoreline Changes 1990-2016,District coastline baseline,False
Kothasahi,395701,Rajkanika,Kendrapara,135.82,31.02,8.72,9.22,54.26,11.26,5.02,16.32,0.2938079811515241,0.2938079811515241,NCCR National Assessment of Shoreline Changes 1990-2016,District coastline baseline,False
Gobanga,395719,Rajkanika,Kendrapara,135.82,31.02,8.72,9.22,54.26,11.26,5.02,16.32,0.2938079811515241,0.2938079811515241,NCCR National Assessment of Shoreline Changes 1990-2016,District coastline baseline,False
Ayatan,395723,Rajkanika,Kendrapara,135.82,31.02,8.72,9.22,54.26,11.26,5.02,16.32,0.2938079811515241,0.2938079811515241,NCCR National Assessment of Shoreline Changes 1990-2016,District coastline baseline,False
Rautabartani,395724,Rajkanika,Kendrapara,135.82,31.02,8.72,9.22,54.26,11.26,5.02,16.32,0.2938079811515241,0.2938079811515241,NCCR National Assessment of Shoreline Changes 1990-2016,District coastline baseline,False
Dalikaenda,395717,Rajkanika,Kendrapara,135.82,31.02,8.72,9.22,54.26,11.26,5.02,16.32,0.2938079811515241,0.2938079811515241,NCCR National Assessment of Shoreline Changes 1990-2016,District coastline baseline,False
Siko,395720,Rajkanika,Kendrapara,135.82,31.02,8.72,9.22,54.26,11.26,5.02,16.32,0.2938079811515241,0.2938079811515241,NCCR National Assessment of Shoreline Changes 1990-2016,District coastline baseline,False
Badajoramuhan,395714,Rajkanika,Kendrapara,135.82,31.02,8.72,9.22,54.26,11.26,5.02,16.32,0.2938079811515241,0.2938079811515241,NCCR National Assessment of Shoreline Changes 1990-2016,District coastline baseline,False
Jharkata,395715,Rajkanika,Kendrapara,135.82,31.02,8.72,9.22,54.26,11.26,5.02,16.32,0.2938079811515241,0.2938079811515241,NCCR National Assessment of Shoreline Changes 1990-2016,District coastline baseline,False
Mangalapur,395716,Rajkanika,Kendrapara,135.82,31.02,8.72,9.22,54.26,11.26,5.02,16.32,0.2938079811515241,0.2938079811515241,NCCR National Assessment of Shoreline Changes 1990-2016,District coastline baseline,False
Nandimahara,395699,Rajkanika,Kendrapara,135.82,31.02,8.72,9.22,54.26,11.26,5.02,16.32,0.2938079811515241,0.2938079811515241,NCCR National Assessment of Shoreline Changes 1990-2016,District coastline baseline,False
Dasabhagaria,395703,Rajkanika,Kendrapara,135.82,31.02,8.72,9.22,54.26,11.26,5.02,16.32,0.2938079811515241,0.2938079811515241,NCCR National Assessment of Shoreline Changes 1990-2016,District coastline baseline,False
Joral,395696,Rajkanika,Kendrapara,135.82,31.02,8.72,9.22,54.26,11.26,5.02,16.32,0.2938079811515241,0.2938079811515241,NCCR National Assessment of Shoreline Changes 1990-2016,District coastline baseline,False
Giria,395700,Rajkanika,Kendrapara,135.82,31.02,8.72,9.22,54.26,11.26,5.02,16.32,0.2938079811515241,0.2938079811515241,NCCR National Assessment of Shoreline Changes 1990-2016,District coastline baseline,False
Baradia,395920,Rajnagar,Kendrapara,135.82,31.02,8.72,9.22,54.26,11.26,5.02,16.32,0.2938079811515241,0.2938079811515241,NCCR National Assessment of Shoreline Changes 1990-2016,District coastline baseline,False
Matia,395910,Rajnagar,Kendrapara,135.82,31.02,8.72,9.22,54.26,11.26,5.02,16.32,0.2938079811515241,0.2938079811515241,NCCR National Assessment of Shoreline Changes 1990-2016,District coastline baseline,False
Pancheswar,395913,Rajnagar,Kendrapara,135.82,31.02,8.72,9.22,54.26,11.26,5.02,16.32,0.2938079811515241,0.2938079811515241,NCCR National Assessment of Shoreline Changes 1990-2016,District coastline baseline,False
Belpaldia,395926,Rajnagar,Kendrapara,135.82,31.02,8.72,9.22,54.26,11.26,5.02,16.32,0.2938079811515241,0.2938079811515241,NCCR National Assessment of Shoreline Changes 1990-2016,District coastline baseline,False
Sangrampur,395728,Rajkanika,Kendrapara,135.82,31.02,8.72,9.22,54.26,11.26,5.02,16.32,0.2938079811515241,0.2938079811515241,NCCR National Assessment of Shoreline Changes 1990-2016,District coastline baseline,False
Anantapur,395683,Rajkanika,Kendrapara,135.82,31.02,8.72,9.22,54.26,11.26,5.02,16.32,0.2938079811515241,0.2938079811515241,NCCR National Assessment of Shoreline Changes 1990-2016,District coastline baseline,False
Bektakolha,395887,Rajnagar,Kendrapara,135.82,31.02,8.72,9.22,54.26,11.26,5.02,16.32,0.2938079811515241,0.2938079811515241,NCCR National Assessment of Shoreline Changes 1990-2016,District coastline baseline,False
Khunta,395732,Rajkanika,Kendrapara,135.82,31.02,8.72,9.22,54.26,11.26,5.02,16.32,0.2938079811515241,0.2938079811515241,NCCR National Assessment of Shoreline Changes 1990-2016,District coastline baseline,False
Khuntakana,395854,Rajnagar,Kendrapara,135.82,31.02,8.72,9.22,54.26,11.26,5.02,16.32,0.2938079811515241,0.2938079811515241,NCCR National Assessment of Shoreline Changes 1990-2016,District coastline baseline,False
Chakamanpur,395841,Rajnagar,Kendrapara,135.82,31.02,8.72,9.22,54.26,11.26,5.02,16.32,0.2938079811515241,0.2938079811515241,NCCR National Assessment of Shoreline Changes 1990-2016,District coastline baseline,False
Jaganathpur,395857,Rajnagar,Kendrapara,135.82,31.02,8.72,9.22,54.26,11.26,5.02,16.32,0.2938079811515241,0.2938079811515241,NCCR National Assessment of Shoreline Changes 1990-2016,District coastline baseline,False
Amanapari,395861,Rajnagar,Kendrapara,135.82,31.02,8.72,9.22,54.26,11.26,5.02,16.32,0.2938079811515241,0.2938079811515241,NCCR National Assessment of Shoreline Changes 1990-2016,District coastline baseline,False
Paramanandpur,395804,Rajnagar,Kendrapara,135.82,31.02,8.72,9.22,54.26,11.26,5.02,16.32,0.2938079811515241,0.2938079811515241,NCCR National Assessment of Shoreline Changes 1990-2016,District coastline baseline,False
Jayanagar,395691,Rajkanika,Kendrapara,135.82,31.02,8.72,9.22,54.26,11.26,5.02,16.32,0.2938079811515241,0.2938079811515241,NCCR National Assessment of Shoreline Changes 1990-2016,District coastline baseline,False
Banabiharipur,395874,Rajnagar,Kendrapara,135.82,31.02,8.72,9.22,54.26,11.26,5.02,16.32,0.2938079811515241,0.2938079811515241,NCCR National Assessment of Shoreline Changes 1990-2016,District coastline baseline,False
Kantapada,395694,Rajkanika,Kendrapara,135.82,31.02,8.72,9.22,54.26,11.26,5.02,16.32,0.2938079811515241,0.2938079811515241,NCCR National Assessment of Shoreline Changes 1990-2016,District coastline baseline,False
Hansua,395855,Rajnagar,Kendrapara,135.82,31.02,8.72,9.22,54.26,11.26,5.02,16.32,0.2938079811515241,0.2938079811515241,NCCR National Assessment of Shoreline Changes 1990-2016,District coastline baseline,False
Kusunpur,395690,Rajkanika,Kendrapara,135.82,31.02,8.72,9.22,54.26,11.26,5.02,16.32,0.2938079811515241,0.2938079811515241,NCCR National Assessment of Shoreline Changes 1990-2016,District coastline baseline,False
Sankarnathpeta,395871,Rajnagar,Kendrapara,135.82,31.02,8.72,9.22,54.26,11.26,5.02,16.32,0.2938079811515241,0.2938079811515241,NCCR National Assessment of Shoreline Changes 1990-2016,District coastline baseline,False
Madhupur,395862,Rajnagar,Kendrapara,135.82,31.02,8.72,9.22,54.26,11.26,5.02,16.32,0.2938079811515241,0.2938079811515241,NCCR National Assessment of Shoreline Changes 1990-2016,District coastline baseline,False
Chandibaunsamula,395900,Rajnagar,Kendrapara,135.82,31.02,8.72,9.22,54.26,11.26,5.02,16.32,0.2938079811515241,0.2938079811515241,NCCR National Assessment of Shoreline Changes 1990-2016,District coastline baseline,False
Hansina,395856,Rajnagar,Kendrapara,135.82,31.02,8.72,9.22,54.26,11.26,5.02,16.32,0.2938079811515241,0.2938079811515241,NCCR National Assessment of Shoreline Changes 1990-2016,District coastline baseline,False
Rajbijaya Nagar,395822,Rajnagar,Kendrapara,135.82,31.02,8.72,9.22,54.26,11.26,5.02,16.32,0.2938079811515241,0.2938079811515241,NCCR National Assessment of Shoreline Changes 1990-2016,District coastline baseline,False
Baruna,395859,Rajnagar,Kendrapara,135.82,31.02,8.72,9.22,54.26,11.26,5.02,16.32,0.2938079811515241,0.2938079811515241,NCCR National Assessment of Shoreline Changes 1990-2016,District coastline baseline,False
Adabhutia,395837,Rajnagar,Kendrapara,135.82,31.02,8.72,9.22,54.26,11.26,5.02,16.32,0.2938079811515241,0.2938079811515241,NCCR National Assessment of Shoreline Changes 1990-2016,District coastline baseline,False
Baunsakani,395864,Rajnagar,Kendrapara,135.82,31.02,8.72,9.22,54.26,11.26,5.02,16.32,0.2938079811515241,0.2938079811515241,NCCR National Assessment of Shoreline Changes 1990-2016,District coastline baseline,False
Rajrajeswaripur,395873,Rajnagar,Kendrapara,135.82,31.02,8.72,9.22,54.26,11.26,5.02,16.32,0.2938079811515241,0.2938079811515241,NCCR National Assessment of Shoreline Changes 1990-2016,District coastline baseline,False
Dholamara,395852,Rajnagar,Kendrapara,135.82,31.02,8.72,9.22,54.26,11.26,5.02,16.32,0.2938079811515241,0.2938079811515241,NCCR National Assessment of Shoreline Changes 1990-2016,District coastline baseline,False
Bhitargarh,395899,Rajnagar,Kendrapara,135.82,31.02,8.72,9.22,54.26,11.26,5.02,16.32,0.2938079811515241,0.2938079811515241,NCCR National Assessment of Shoreline Changes 1990-2016,District coastline baseline,False
Badhinakolha,395894,Rajnagar,Kendrapara,135.82,31.02,8.72,9.22,54.26,11.26,5.02,16.32,0.2938079811515241,0.2938079811515241,NCCR National Assessment of Shoreline Changes 1990-2016,District coastline baseline,False
Dhamara,395756,Rajkanika,Kendrapara,135.82,31.02,8.72,9.22,54.26,11.26,5.02,16.32,0.2938079811515241,0.2938079811515241,NCCR National Assessment of Shoreline Changes 1990-2016,District coastline baseline,False
Purusottampur,395835,Rajnagar,Kendrapara,135.82,31.02,8.72,9.22,54.26,11.26,5.02,16.32,0.2938079811515241,0.2938079811515241,NCCR National Assessment of Shoreline Changes 1990-2016,District coastline baseline,False
Garadapur,395749,Rajkanika,Kendrapara,135.82,31.02,8.72,9.22,54.26,11.26,5.02,16.32,0.2938079811515241,0.2938079811515241,NCCR National Assessment of Shoreline Changes 1990-2016,District coastline baseline,False
Bishnupara,395896,Rajnagar,Kendrapara,135.82,31.02,8.72,9.22,54.26,11.26,5.02,16.32,0.2938079811515241,0.2938079811515241,NCCR National Assessment of Shoreline Changes 1990-2016,District coastline baseline,False
Hariharpur,395886,Rajnagar,Kendrapara,135.82,31.02,8.72,9.22,54.26,11.26,5.02,16.32,0.2938079811515241,0.2938079811515241,NCCR National Assessment of Shoreline Changes 1990-2016,District coastline baseline,False
Padmanav Pur,395868,Rajnagar,Kendrapara,135.82,31.02,8.72,9.22,54.26,11.26,5.02,16.32,0.2938079811515241,0.2938079811515241,NCCR National Assessment of Shoreline Changes 1990-2016,District coastline baseline,False
Kuhudi,395620,Rajkanika,Kendrapara,135.82,31.02,8.72,9.22,54.26,11.26,5.02,16.32,0.2938079811515241,0.2938079811515241,NCCR National Assessment of Shoreline Changes 1990-2016,District coastline baseline,False
Koilipur,395736,Rajkanika,Kendrapara,135.82,31.02,8.72,9.22,54.26,11.26,5.02,16.32,0.2938079811515241,0.2938079811515241,NCCR National Assessment of Shoreline Changes 1990-2016,District coastline baseline,False
Madhupur,395815,Rajnagar,Kendrapara,135.82,31.02,8.72,9.22,54.26,11.26,5.02,16.32,0.2938079811515241,0.2938079811515241,NCCR National Assessment of Shoreline Changes 1990-2016,District coastline baseline,False
Balarampur,395845,Rajnagar,Kendrapara,135.82,31.02,8.72,9.22,54.26,11.26,5.02,16.32,0.2938079811515241,0.2938079811515241,NCCR National Assessment of Shoreline Changes 1990-2016,District coastline baseline,False
Badapal,395869,Rajnagar,Kendrapara,135.82,31.02,8.72,9.22,54.26,11.26,5.02,16.32,0.2938079811515241,0.2938079811515241,NCCR National Assessment of Shoreline Changes 1990-2016,District coastline baseline,False
Katanabania,395752,Rajkanika,Kendrapara,135.82,31.02,8.72,9.22,54.26,11.26,5.02,16.32,0.2938079811515241,0.2938079811515241,NCCR National Assessment of Shoreline Changes 1990-2016,District coastline baseline,False
Loknathprasad,395850,Rajnagar,Kendrapara,135.82,31.02,8.72,9.22,54.26,11.26,5.02,16.32,0.2938079811515241,0.2938079811515241,NCCR National Assessment of Shoreline Changes 1990-2016,District coastline baseline,False
Jaganathprasad_ Dia,395733,Rajkanika,Kendrapara,135.82,31.02,8.72,9.22,54.26,11.26,5.02,16.32,0.2938079811515241,0.2938079811515241,NCCR National Assessment of Shoreline Changes 1990-2016,District coastline baseline,False
Biradia,395757,Rajkanika,Kendrapara,135.82,31.02,8.72,9.22,54.26,11.26,5.02,16.32,0.2938079811515241,0.2938079811515241,NCCR National Assessment of Shoreline Changes 1990-2016,District coastline baseline,False
Gothakolha,395849,Rajnagar,Kendrapara,135.82,31.02,8.72,9.22,54.26,11.26,5.02,16.32,0.2938079811515241,0.2938079811515241,NCCR National Assessment of Shoreline Changes 1990-2016,District coastline baseline,False
Handiagarh,395865,Rajnagar,Kendrapara,135.82,31.02,8.72,9.22,54.26,11.26,5.02,16.32,0.2938079811515241,0.2938079811515241,NCCR National Assessment of Shoreline Changes 1990-2016,District coastline baseline,False
Madarangapata,395750,Rajkanika,Kendrapara,135.82,31.02,8.72,9.22,54.26,11.26,5.02,16.32,0.2938079811515241,0.2938079811515241,NCCR National Assessment of Shoreline Changes 1990-2016,District coastline baseline,False
Singadapal,395872,Rajnagar,Kendrapara,135.82,31.02,8.72,9.22,54.26,11.26,5.02,16.32,0.2938079811515241,0.2938079811515241,NCCR National Assessment of Shoreline Changes 1990-2016,District coastline baseline,False
Bimisnagar,395870,Rajnagar,Kendrapara,135.82,31.02,8.72,9.22,54.26,11.26,5.02,16.32,0.2938079811515241,0.2938079811515241,NCCR National Assessment of Shoreline Changes 1990-2016,District coastline baseline,False
Raulia,395692,Rajkanika,Kendrapara,135.82,31.02,8.72,9.22,54.26,11.26,5.02,16.32,0.2938079811515241,0.2938079811515241,NCCR National Assessment of Shoreline Changes 1990-2016,District coastline baseline,False
Junus Nagar,395836,Rajnagar,Kendrapara,135.82,31.02,8.72,9.22,54.26,11.26,5.02,16.32,0.2938079811515241,0.2938079811515241,NCCR National Assessment of Shoreline Changes 1990-2016,District coastline baseline,False
Kandira,395860,Rajnagar,Kendrapara,135.82,31.02,8.72,9.22,54.26,11.26,5.02,16.32,0.2938079811515241,0.2938079811515241,NCCR National Assessment of Shoreline Changes 1990-2016,District coastline baseline,False
Silapokhari,395892,Rajnagar,Kendrapara,135.82,31.02,8.72,9.22,54.26,11.26,5.02,16.32,0.2938079811515241,0.2938079811515241,NCCR National Assessment of Shoreline Changes 1990-2016,District coastline baseline,False
Charipokharia,395893,Rajnagar,Kendrapara,135.82,31.02,8.72,9.22,54.26,11.26,5.02,16.32,0.2938079811515241,0.2938079811515241,NCCR National Assessment of Shoreline Changes 1990-2016,District coastline baseline,False
Jharkata,395904,Rajnagar,Kendrapara,135.82,31.02,8.72,9.22,54.26,11.26,5.02,16.32,0.2938079811515241,0.2938079811515241,NCCR National Assessment of Shoreline Changes 1990-2016,District coastline baseline,False
Sribantapur,395839,Rajnagar,Kendrapara,135.82,31.02,8.72,9.22,54.26,11.26,5.02,16.32,0.2938079811515241,0.2938079811515241,NCCR National Assessment of Shoreline Changes 1990-2016,District coastline baseline,False
Panchu Palli,395817,Rajnagar,Kendrapara,135.82,31.02,8.72,9.22,54.26,11.26,5.02,16.32,0.2938079811515241,0.2938079811515241,NCCR National Assessment of Shoreline Changes 1990-2016,District coastline baseline,False
Khulari,395741,Rajkanika,Kendrapara,135.82,31.02,8.72,9.22,54.26,11.26,5.02,16.32,0.2938079811515241,0.2938079811515241,NCCR National Assessment of Shoreline Changes 1990-2016,District coastline baseline,False
Ajagar Patia,395824,Rajnagar,Kendrapara,135.82,31.02,8.72,9.22,54.26,11.26,5.02,16.32,0.2938079811515241,0.2938079811515241,NCCR National Assessment of Shoreline Changes 1990-2016,District coastline baseline,False
Padmanavpur,395816,Rajnagar,Kendrapara,135.82,31.02,8.72,9.22,54.26,11.26,5.02,16.32,0.2938079811515241,0.2938079811515241,NCCR National Assessment of Shoreline Changes 1990-2016,District coastline baseline,False
Trailokyapur,395729,Rajkanika,Kendrapara,135.82,31.02,8.72,9.22,54.26,11.26,5.02,16.32,0.2938079811515241,0.2938079811515241,NCCR National Assessment of Shoreline Changes 1990-2016,District coastline baseline,False
Badapanka,395693,Rajkanika,Kendrapara,135.82,31.02,8.72,9.22,54.26,11.26,5.02,16.32,0.2938079811515241,0.2938079811515241,NCCR National Assessment of Shoreline Changes 1990-2016,District coastline baseline,False
Balarampur,395866,Rajnagar,Kendrapara,135.82,31.02,8.72,9.22,54.26,11.26,5.02,16.32,0.2938079811515241,0.2938079811515241,NCCR National Assessment of Shoreline Changes 1990-2016,District coastline baseline,False
Bajapur,395753,Rajkanika,Kendrapara,135.82,31.02,8.72,9.22,54.26,11.26,5.02,16.32,0.2938079811515241,0.2938079811515241,NCCR National Assessment of Shoreline Changes 1990-2016,District coastline baseline,False
Sana Gokhani,395821,Rajnagar,Kendrapara,135.82,31.02,8.72,9.22,54.26,11.26,5.02,16.32,0.2938079811515241,0.2938079811515241,NCCR National Assessment of Shoreline Changes 1990-2016,District coastline baseline,False
Balunga Patia,395825,Rajnagar,Kendrapara,135.82,31.02,8.72,9.22,54.26,11.26,5.02,16.32,0.2938079811515241,0.2938079811515241,NCCR National Assessment of Shoreline Changes 1990-2016,District coastline baseline,False
Nuagan Baragan,395863,Rajnagar,Kendrapara,135.82,31.02,8.72,9.22,54.26,11.26,5.02,16.32,0.2938079811515241,0.2938079811515241,NCCR National Assessment of Shoreline Changes 1990-2016,District coastline baseline,False
Sila Pokhari,395818,Rajnagar,Kendrapara,135.82,31.02,8.72,9.22,54.26,11.26,5.02,16.32,0.2938079811515241,0.2938079811515241,NCCR National Assessment of Shoreline Changes 1990-2016,District coastline baseline,False
Rajendranarayanpur,395805,Rajnagar,Kendrapara,135.82,31.02,8.72,9.22,54.26,11.26,5.02,16.32,0.2938079811515241,0.2938079811515241,NCCR National Assessment of Shoreline Changes 1990-2016,District coastline baseline,False
Jaduchandrapur,395903,Rajnagar,Kendrapara,135.82,31.02,8.72,9.22,54.26,11.26,5.02,16.32,0.2938079811515241,0.2938079811515241,NCCR National Assessment of Shoreline Changes 1990-2016,District coastline baseline,False
Brahmanikholha,395895,Rajnagar,Kendrapara,135.82,31.02,8.72,9.22,54.26,11.26,5.02,16.32,0.2938079811515241,0.2938079811515241,NCCR National Assessment of Shoreline Changes 1990-2016,District coastline baseline,False
Kusunpur,395853,Rajnagar,Kendrapara,135.82,31.02,8.72,9.22,54.26,11.26,5.02,16.32,0.2938079811515241,0.2938079811515241,NCCR National Assessment of Shoreline Changes 1990-2016,District coastline baseline,False
Nalajodi,395867,Rajnagar,Kendrapara,135.82,31.02,8.72,9.22,54.26,11.26,5.02,16.32,0.2938079811515241,0.2938079811515241,NCCR National Assessment of Shoreline Changes 1990-2016,District coastline baseline,False
Gupti,395838,Rajnagar,Kendrapara,135.82,31.02,8.72,9.22,54.26,11.26,5.02,16.32,0.2938079811515241,0.2938079811515241,NCCR National Assessment of Shoreline Changes 1990-2016,District coastline baseline,False
Daenigiri,395754,Rajkanika,Kendrapara,135.82,31.02,8.72,9.22,54.26,11.26,5.02,16.32,0.2938079811515241,0.2938079811515241,NCCR National Assessment of Shoreline Changes 1990-2016,District coastline baseline,False
Daruora,395846,Rajnagar,Kendrapara,135.82,31.02,8.72,9.22,54.26,11.26,5.02,16.32,0.2938079811515241,0.2938079811515241,NCCR National Assessment of Shoreline Changes 1990-2016,District coastline baseline,False
Jhadamala,395755,Rajkanika,Kendrapara,135.82,31.02,8.72,9.22,54.26,11.26,5.02,16.32,0.2938079811515241,0.2938079811515241,NCCR National Assessment of Shoreline Changes 1990-2016,District coastline baseline,False
Ghadiamal,395844,Rajnagar,Kendrapara,135.82,31.02,8.72,9.22,54.26,11.26,5.02,16.32,0.2938079811515241,0.2938079811515241,NCCR National Assessment of Shoreline Changes 1990-2016,District coastline baseline,False
Bandhamala,395751,Rajkanika,Kendrapara,135.82,31.02,8.72,9.22,54.26,11.26,5.02,16.32,0.2938079811515241,0.2938079811515241,NCCR National Assessment of Shoreline Changes 1990-2016,District coastline baseline,False
Nuagan,395843,Rajnagar,Kendrapara,135.82,31.02,8.72,9.22,54.26,11.26,5.02,16.32,0.2938079811515241,0.2938079811515241,NCCR National Assessment of Shoreline Changes 1990-2016,District coastline baseline,False
Dibakarpur,395842,Rajnagar,Kendrapara,135.82,31.02,8.72,9.22,54.26,11.26,5.02,16.32,0.2938079811515241,0.2938079811515241,NCCR National Assessment of Shoreline Changes 1990-2016,District coastline baseline,False
Ghusuria,395738,Rajkanika,Kendrapara,135.82,31.02,8.72,9.22,54.26,11.26,5.02,16.32,0.2938079811515241,0.2938079811515241,NCCR National Assessment of Shoreline Changes 1990-2016,District coastline baseline,False
Charipokharia,395739,Rajkanika,Kendrapara,135.82,31.02,8.72,9.22,54.26,11.26,5.02,16.32,0.2938079811515241,0.2938079811515241,NCCR National Assessment of Shoreline Changes 1990-2016,District coastline baseline,False
Biswanathpur,395742,Rajkanika,Kendrapara,135.82,31.02,8.72,9.22,54.26,11.26,5.02,16.32,0.2938079811515241,0.2938079811515241,NCCR National Assessment of Shoreline Changes 1990-2016,District coastline baseline,False
Iswarpur,395813,Rajnagar,Kendrapara,135.82,31.02,8.72,9.22,54.26,11.26,5.02,16.32,0.2938079811515241,0.2938079811515241,NCCR National Assessment of Shoreline Changes 1990-2016,District coastline baseline,False
Righa Garh,395812,Rajnagar,Kendrapara,135.82,31.02,8.72,9.22,54.26,11.26,5.02,16.32,0.2938079811515241,0.2938079811515241,NCCR National Assessment of Shoreline Changes 1990-2016,District coastline baseline,False
Kujipur,395730,Rajkanika,Kendrapara,135.82,31.02,8.72,9.22,54.26,11.26,5.02,16.32,0.2938079811515241,0.2938079811515241,NCCR National Assessment of Shoreline Changes 1990-2016,District coastline baseline,False
Subhadraprasad Dia,395734,Rajkanika,Kendrapara,135.82,31.02,8.72,9.22,54.26,11.26,5.02,16.32,0.2938079811515241,0.2938079811515241,NCCR National Assessment of Shoreline Changes 1990-2016,District coastline baseline,False
Gharabhanjakola,395737,Rajkanika,Kendrapara,135.82,31.02,8.72,9.22,54.26,11.26,5.02,16.32,0.2938079811515241,0.2938079811515241,NCCR National Assessment of Shoreline Changes 1990-2016,District coastline baseline,False
Nuakhunta,395819,Rajnagar,Kendrapara,135.82,31.02,8.72,9.22,54.26,11.26,5.02,16.32,0.2938079811515241,0.2938079811515241,NCCR National Assessment of Shoreline Changes 1990-2016,District coastline baseline,False
Balabhadrapur,395823,Rajnagar,Kendrapara,135.82,31.02,8.72,9.22,54.26,11.26,5.02,16.32,0.2938079811515241,0.2938079811515241,NCCR National Assessment of Shoreline Changes 1990-2016,District coastline baseline,False
Gumura,395826,Rajnagar,Kendrapara,135.82,31.02,8.72,9.22,54.26,11.26,5.02,16.32,0.2938079811515241,0.2938079811515241,NCCR National Assessment of Shoreline Changes 1990-2016,District coastline baseline,False
Gajarajpur,395740,Rajkanika,Kendrapara,135.82,31.02,8.72,9.22,54.26,11.26,5.02,16.32,0.2938079811515241,0.2938079811515241,NCCR National Assessment of Shoreline Changes 1990-2016,District coastline baseline,False
Gobindakana,395735,Rajkanika,Kendrapara,135.82,31.02,8.72,9.22,54.26,11.26,5.02,16.32,0.2938079811515241,0.2938079811515241,NCCR National Assessment of Shoreline Changes 1990-2016,District coastline baseline,False
Dighi,395814,Rajnagar,Kendrapara,135.82,31.02,8.72,9.22,54.26,11.26,5.02,16.32,0.2938079811515241,0.2938079811515241,NCCR National Assessment of Shoreline Changes 1990-2016,District coastline baseline,False
Tarapada,395731,Rajkanika,Kendrapara,135.82,31.02,8.72,9.22,54.26,11.26,5.02,16.32,0.2938079811515241,0.2938079811515241,NCCR National Assessment of Shoreline Changes 1990-2016,District coastline baseline,False
Kantipokhari,395727,Rajkanika,Kendrapara,135.82,31.02,8.72,9.22,54.26,11.26,5.02,16.32,0.2938079811515241,0.2938079811515241,NCCR National Assessment of Shoreline Changes 1990-2016,District coastline baseline,False
Iswarpur,395682,Rajkanika,Kendrapara,135.82,31.02,8.72,9.22,54.26,11.26,5.02,16.32,0.2938079811515241,0.2938079811515241,NCCR National Assessment of Shoreline Changes 1990-2016,District coastline baseline,False
Arjunpur,395840,Rajnagar,Kendrapara,135.82,31.02,8.72,9.22,54.26,11.26,5.02,16.32,0.2938079811515241,0.2938079811515241,NCCR National Assessment of Shoreline Changes 1990-2016,District coastline baseline,False
Taneipada,395679,Rajkanika,Kendrapara,135.82,31.02,8.72,9.22,54.26,11.26,5.02,16.32,0.2938079811515241,0.2938079811515241,NCCR National Assessment of Shoreline Changes 1990-2016,District coastline baseline,False
Pitanda,395820,Rajnagar,Kendrapara,135.82,31.02,8.72,9.22,54.26,11.26,5.02,16.32,0.2938079811515241,0.2938079811515241,NCCR National Assessment of Shoreline Changes 1990-2016,District coastline baseline,False
Nuagaon Satagan,395905,Rajnagar,Kendrapara,135.82,31.02,8.72,9.22,54.26,11.26,5.02,16.32,0.2938079811515241,0.2938079811515241,NCCR National Assessment of Shoreline Changes 1990-2016,District coastline baseline,False
Baliora,395883,Rajnagar,Kendrapara,135.82,31.02,8.72,9.22,54.26,11.26,5.02,16.32,0.2938079811515241,0.2938079811515241,NCCR National Assessment of Shoreline Changes 1990-2016,District coastline baseline,False
Gopinathpur,395906,Rajnagar,Kendrapara,135.82,31.02,8.72,9.22,54.26,11.26,5.02,16.32,0.2938079811515241,0.2938079811515241,NCCR National Assessment of Shoreline Changes 1990-2016,District coastline baseline,False
Kendukolha,395888,Rajnagar,Kendrapara,135.82,31.02,8.72,9.22,54.26,11.26,5.02,16.32,0.2938079811515241,0.2938079811515241,NCCR National Assessment of Shoreline Changes 1990-2016,District coastline baseline,False
Bedhuakolha,395851,Rajnagar,Kendrapara,135.82,31.02,8.72,9.22,54.26,11.26,5.02,16.32,0.2938079811515241,0.2938079811515241,NCCR National Assessment of Shoreline Changes 1990-2016,District coastline baseline,False
Balabhadraprasad Dia,395689,Rajkanika,Kendrapara,135.82,31.02,8.72,9.22,54.26,11.26,5.02,16.32,0.2938079811515241,0.2938079811515241,NCCR National Assessment of Shoreline Changes 1990-2016,District coastline baseline,False
Bhitarkanika,395806,Rajnagar,Kendrapara,135.82,31.02,8.72,9.22,54.26,11.26,5.02,16.32,0.2938079811515241,0.2938079811515241,NCCR National Assessment of Shoreline Changes 1990-2016,District coastline baseline,False
Hansina Dia,395848,Rajnagar,Kendrapara,135.82,31.02,8.72,9.22,54.26,11.26,5.02,16.32,0.2938079811515241,0.2938079811515241,NCCR National Assessment of Shoreline Changes 1990-2016,District coastline baseline,False
Debendranarayanpur,395875,Rajnagar,Kendrapara,135.82,31.02,8.72,9.22,54.26,11.26,5.02,16.32,0.2938079811515241,0.2938079811515241,NCCR National Assessment of Shoreline Changes 1990-2016,District coastline baseline,False
Sangopalpur,395889,Rajnagar,Kendrapara,135.82,31.02,8.72,9.22,54.26,11.26,5.02,16.32,0.2938079811515241,0.2938079811515241,NCCR National Assessment of Shoreline Changes 1990-2016,District coastline baseline,False
Matia,395611,Rajkanika,Kendrapara,135.82,31.02,8.72,9.22,54.26,11.26,5.02,16.32,0.2938079811515241,0.2938079811515241,NCCR National Assessment of Shoreline Changes 1990-2016,District coastline baseline,False
Porala,395669,Rajkanika,Kendrapara,135.82,31.02,8.72,9.22,54.26,11.26,5.02,16.32,0.2938079811515241,0.2938079811515241,NCCR National Assessment of Shoreline Changes 1990-2016,District coastline baseline,False
Satagharia,395659,Rajkanika,Kendrapara,135.82,31.02,8.72,9.22,54.26,11.26,5.02,16.32,0.2938079811515241,0.2938079811515241,NCCR National Assessment of Shoreline Changes 1990-2016,District coastline baseline,False
Ektala,395612,Rajkanika,Kendrapara,135.82,31.02,8.72,9.22,54.26,11.26,5.02,16.32,0.2938079811515241,0.2938079811515241,NCCR National Assessment of Shoreline Changes 1990-2016,District coastline baseline,False
Mahurigan,395613,Rajkanika,Kendrapara,135.82,31.02,8.72,9.22,54.26,11.26,5.02,16.32,0.2938079811515241,0.2938079811515241,NCCR National Assessment of Shoreline Changes 1990-2016,District coastline baseline,False
Deuli,395617,Rajkanika,Kendrapara,135.82,31.02,8.72,9.22,54.26,11.26,5.02,16.32,0.2938079811515241,0.2938079811515241,NCCR National Assessment of Shoreline Changes 1990-2016,District coastline baseline,False
Baranga,395622,Rajkanika,Kendrapara,135.82,31.02,8.72,9.22,54.26,11.26,5.02,16.32,0.2938079811515241,0.2938079811515241,NCCR National Assessment of Shoreline Changes 1990-2016,District coastline baseline,False
Taras,395624,Rajkanika,Kendrapara,135.82,31.02,8.72,9.22,54.26,11.26,5.02,16.32,0.2938079811515241,0.2938079811515241,NCCR National Assessment of Shoreline Changes 1990-2016,District coastline baseline,False
Ostia,395614,Rajkanika,Kendrapara,135.82,31.02,8.72,9.22,54.26,11.26,5.02,16.32,0.2938079811515241,0.2938079811515241,NCCR National Assessment of Shoreline Changes 1990-2016,District coastline baseline,False
Saradaprasad,395762,Rajnagar,Kendrapara,135.82,31.02,8.72,9.22,54.26,11.26,5.02,16.32,0.2938079811515241,0.2938079811515241,NCCR National Assessment of Shoreline Changes 1990-2016,District coastline baseline,False
Langalabhanja,395610,Rajkanika,Kendrapara,135.82,31.02,8.72,9.22,54.26,11.26,5.02,16.32,0.2938079811515241,0.2938079811515241,NCCR National Assessment of Shoreline Changes 1990-2016,District coastline baseline,False
Endulapur,395684,Rajkanika,Kendrapara,135.82,31.02,8.72,9.22,54.26,11.26,5.02,16.32,0.2938079811515241,0.2938079811515241,NCCR National Assessment of Shoreline Changes 1990-2016,District coastline baseline,False
Gokarneswar,395663,Rajkanika,Kendrapara,135.82,31.02,8.72,9.22,54.26,11.26,5.02,16.32,0.2938079811515241,0.2938079811515241,NCCR National Assessment of Shoreline Changes 1990-2016,District coastline baseline,False
Kantapada,395664,Rajkanika,Kendrapara,135.82,31.02,8.72,9.22,54.26,11.26,5.02,16.32,0.2938079811515241,0.2938079811515241,NCCR National Assessment of Shoreline Changes 1990-2016,District coastline baseline,False
Badagara,395665,Rajkanika,Kendrapara,135.82,31.02,8.72,9.22,54.26,11.26,5.02,16.32,0.2938079811515241,0.2938079811515241,NCCR National Assessment of Shoreline Changes 1990-2016,District coastline baseline,False
Kalikapur,395668,Rajkanika,Kendrapara,135.82,31.02,8.72,9.22,54.26,11.26,5.02,16.32,0.2938079811515241,0.2938079811515241,NCCR National Assessment of Shoreline Changes 1990-2016,District coastline baseline,False
Burudia,395623,Rajkanika,Kendrapara,135.82,31.02,8.72,9.22,54.26,11.26,5.02,16.32,0.2938079811515241,0.2938079811515241,NCCR National Assessment of Shoreline Changes 1990-2016,District coastline baseline,False
Bajarpur,395685,Rajkanika,Kendrapara,135.82,31.02,8.72,9.22,54.26,11.26,5.02,16.32,0.2938079811515241,0.2938079811515241,NCCR National Assessment of Shoreline Changes 1990-2016,District coastline baseline,False
Cherantapada,395667,Rajkanika,Kendrapara,135.82,31.02,8.72,9.22,54.26,11.26,5.02,16.32,0.2938079811515241,0.2938079811515241,NCCR National Assessment of Shoreline Changes 1990-2016,District coastline baseline,False
Panki,395607,Rajkanika,Kendrapara,135.82,31.02,8.72,9.22,54.26,11.26,5.02,16.32,0.2938079811515241,0.2938079811515241,NCCR National Assessment of Shoreline Changes 1990-2016,District coastline baseline,False
Gunthala,395604,Rajkanika,Kendrapara,135.82,31.02,8.72,9.22,54.26,11.26,5.02,16.32,0.2938079811515241,0.2938079811515241,NCCR National Assessment of Shoreline Changes 1990-2016,District coastline baseline,False
Upulei,395680,Rajkanika,Kendrapara,135.82,31.02,8.72,9.22,54.26,11.26,5.02,16.32,0.2938079811515241,0.2938079811515241,NCCR National Assessment of Shoreline Changes 1990-2016,District coastline baseline,False
Olaver,395656,Rajkanika,Kendrapara,135.82,31.02,8.72,9.22,54.26,11.26,5.02,16.32,0.2938079811515241,0.2938079811515241,NCCR National Assessment of Shoreline Changes 1990-2016,District coastline baseline,False
Hariharpursasan,395672,Rajkanika,Kendrapara,135.82,31.02,8.72,9.22,54.26,11.26,5.02,16.32,0.2938079811515241,0.2938079811515241,NCCR National Assessment of Shoreline Changes 1990-2016,District coastline baseline,False
Rajendranarayanpur,395802,Rajnagar,Kendrapara,135.82,31.02,8.72,9.22,54.26,11.26,5.02,16.32,0.2938079811515241,0.2938079811515241,NCCR National Assessment of Shoreline Changes 1990-2016,District coastline baseline,False
Ganja,395660,Rajkanika,Kendrapara,135.82,31.02,8.72,9.22,54.26,11.26,5.02,16.32,0.2938079811515241,0.2938079811515241,NCCR National Assessment of Shoreline Changes 1990-2016,District coastline baseline,False
Baghuasuni,395621,Rajkanika,Kendrapara,135.82,31.02,8.72,9.22,54.26,11.26,5.02,16.32,0.2938079811515241,0.2938079811515241,NCCR National Assessment of Shoreline Changes 1990-2016,District coastline baseline,False
Bangarakuan,395616,Rajkanika,Kendrapara,135.82,31.02,8.72,9.22,54.26,11.26,5.02,16.32,0.2938079811515241,0.2938079811515241,NCCR National Assessment of Shoreline Changes 1990-2016,District coastline baseline,False
Gualigan,395615,Rajkanika,Kendrapara,135.82,31.02,8.72,9.22,54.26,11.26,5.02,16.32,0.2938079811515241,0.2938079811515241,NCCR National Assessment of Shoreline Changes 1990-2016,District coastline baseline,False
Gobindapur,395633,Rajkanika,Kendrapara,135.82,31.02,8.72,9.22,54.26,11.26,5.02,16.32,0.2938079811515241,0.2938079811515241,NCCR National Assessment of Shoreline Changes 1990-2016,District coastline baseline,False
Sialia,395625,Rajkanika,Kendrapara,135.82,31.02,8.72,9.22,54.26,11.26,5.02,16.32,0.2938079811515241,0.2938079811515241,NCCR National Assessment of Shoreline Changes 1990-2016,District coastline baseline,False
Badataila,395628,Rajkanika,Kendrapara,135.82,31.02,8.72,9.22,54.26,11.26,5.02,16.32,0.2938079811515241,0.2938079811515241,NCCR National Assessment of Shoreline Changes 1990-2016,District coastline baseline,False
Jagulaipada,395630,Rajkanika,Kendrapara,135.82,31.02,8.72,9.22,54.26,11.26,5.02,16.32,0.2938079811515241,0.2938079811515241,NCCR National Assessment of Shoreline Changes 1990-2016,District coastline baseline,False
Barada,395627,Rajkanika,Kendrapara,135.82,31.02,8.72,9.22,54.26,11.26,5.02,16.32,0.2938079811515241,0.2938079811515241,NCCR National Assessment of Shoreline Changes 1990-2016,District coastline baseline,False
Arasa,395626,Rajkanika,Kendrapara,135.82,31.02,8.72,9.22,54.26,11.26,5.02,16.32,0.2938079811515241,0.2938079811515241,NCCR National Assessment of Shoreline Changes 1990-2016,District coastline baseline,False
Sikudi,395619,Rajkanika,Kendrapara,135.82,31.02,8.72,9.22,54.26,11.26,5.02,16.32,0.2938079811515241,0.2938079811515241,NCCR National Assessment of Shoreline Changes 1990-2016,District coastline baseline,False
Bahadiha,395609,Rajkanika,Kendrapara,135.82,31.02,8.72,9.22,54.26,11.26,5.02,16.32,0.2938079811515241,0.2938079811515241,NCCR National Assessment of Shoreline Changes 1990-2016,District coastline baseline,False
Manapur,395605,Rajkanika,Kendrapara,135.82,31.02,8.72,9.22,54.26,11.26,5.02,16.32,0.2938079811515241,0.2938079811515241,NCCR National Assessment of Shoreline Changes 1990-2016,District coastline baseline,False
Malisahada,395673,Rajkanika,Kendrapara,135.82,31.02,8.72,9.22,54.26,11.26,5.02,16.32,0.2938079811515241,0.2938079811515241,NCCR National Assessment of Shoreline Changes 1990-2016,District coastline baseline,False
Kalisipada,395674,Rajkanika,Kendrapara,135.82,31.02,8.72,9.22,54.26,11.26,5.02,16.32,0.2938079811515241,0.2938079811515241,NCCR National Assessment of Shoreline Changes 1990-2016,District coastline baseline,False
Pimpudi,395670,Rajkanika,Kendrapara,135.82,31.02,8.72,9.22,54.26,11.26,5.02,16.32,0.2938079811515241,0.2938079811515241,NCCR National Assessment of Shoreline Changes 1990-2016,District coastline baseline,False
Gangadharpur,395666,Rajkanika,Kendrapara,135.82,31.02,8.72,9.22,54.26,11.26,5.02,16.32,0.2938079811515241,0.2938079811515241,NCCR National Assessment of Shoreline Changes 1990-2016,District coastline baseline,False
Balibhanda,395654,Rajkanika,Kendrapara,135.82,31.02,8.72,9.22,54.26,11.26,5.02,16.32,0.2938079811515241,0.2938079811515241,NCCR National Assessment of Shoreline Changes 1990-2016,District coastline baseline,False
Madhupara,395677,Rajkanika,Kendrapara,135.82,31.02,8.72,9.22,54.26,11.26,5.02,16.32,0.2938079811515241,0.2938079811515241,NCCR National Assessment of Shoreline Changes 1990-2016,District coastline baseline,False
Patuli,395636,Rajkanika,Kendrapara,135.82,31.02,8.72,9.22,54.26,11.26,5.02,16.32,0.2938079811515241,0.2938079811515241,NCCR National Assessment of Shoreline Changes 1990-2016,District coastline baseline,False
Mantapara,395678,Rajkanika,Kendrapara,135.82,31.02,8.72,9.22,54.26,11.26,5.02,16.32,0.2938079811515241,0.2938079811515241,NCCR National Assessment of Shoreline Changes 1990-2016,District coastline baseline,False
Pratappur,395637,Rajkanika,Kendrapara,135.82,31.02,8.72,9.22,54.26,11.26,5.02,16.32,0.2938079811515241,0.2938079811515241,NCCR National Assessment of Shoreline Changes 1990-2016,District coastline baseline,False
Akhulipada,395671,Rajkanika,Kendrapara,135.82,31.02,8.72,9.22,54.26,11.26,5.02,16.32,0.2938079811515241,0.2938079811515241,NCCR National Assessment of Shoreline Changes 1990-2016,District coastline baseline,False
Balarampur,395635,Rajkanika,Kendrapara,135.82,31.02,8.72,9.22,54.26,11.26,5.02,16.32,0.2938079811515241,0.2938079811515241,NCCR National Assessment of Shoreline Changes 1990-2016,District coastline baseline,False
Baghabuda,395629,Rajkanika,Kendrapara,135.82,31.02,8.72,9.22,54.26,11.26,5.02,16.32,0.2938079811515241,0.2938079811515241,NCCR National Assessment of Shoreline Changes 1990-2016,District coastline baseline,False
Govindpur,395803,Rajnagar,Kendrapara,135.82,31.02,8.72,9.22,54.26,11.26,5.02,16.32,0.2938079811515241,0.2938079811515241,NCCR National Assessment of Shoreline Changes 1990-2016,District coastline baseline,False
Safalanga,395634,Rajkanika,Kendrapara,135.82,31.02,8.72,9.22,54.26,11.26,5.02,16.32,0.2938079811515241,0.2938079811515241,NCCR National Assessment of Shoreline Changes 1990-2016,District coastline baseline,False
Pegarapada,395639,Rajkanika,Kendrapara,135.82,31.02,8.72,9.22,54.26,11.26,5.02,16.32,0.2938079811515241,0.2938079811515241,NCCR National Assessment of Shoreline Changes 1990-2016,District coastline baseline,False
Nahuni,395638,Rajkanika,Kendrapara,135.82,31.02,8.72,9.22,54.26,11.26,5.02,16.32,0.2938079811515241,0.2938079811515241,NCCR National Assessment of Shoreline Changes 1990-2016,District coastline baseline,False
Achinta,395631,Rajkanika,Kendrapara,135.82,31.02,8.72,9.22,54.26,11.26,5.02,16.32,0.2938079811515241,0.2938079811515241,NCCR National Assessment of Shoreline Changes 1990-2016,District coastline baseline,False
Domanda Kaema,395606,Rajkanika,Kendrapara,135.82,31.02,8.72,9.22,54.26,11.26,5.02,16.32,0.2938079811515241,0.2938079811515241,NCCR National Assessment of Shoreline Changes 1990-2016,District coastline baseline,False
Nuagan,395608,Rajkanika,Kendrapara,135.82,31.02,8.72,9.22,54.26,11.26,5.02,16.32,0.2938079811515241,0.2938079811515241,NCCR National Assessment of Shoreline Changes 1990-2016,District coastline baseline,False
Upulei Dia,395681,Rajkanika,Kendrapara,135.82,31.02,8.72,9.22,54.26,11.26,5.02,16.32,0.2938079811515241,0.2938079811515241,NCCR National Assessment of Shoreline Changes 1990-2016,District coastline baseline,False
Sanataila,395632,Rajkanika,Kendrapara,135.82,31.02,8.72,9.22,54.26,11.26,5.02,16.32,0.2938079811515241,0.2938079811515241,NCCR National Assessment of Shoreline Changes 1990-2016,District coastline baseline,False
Nuagan,395686,Rajkanika,Kendrapara,135.82,31.02,8.72,9.22,54.26,11.26,5.02,16.32,0.2938079811515241,0.2938079811515241,NCCR National Assessment of Shoreline Changes 1990-2016,District coastline baseline,False
Durgaprasad,395801,Rajnagar,Kendrapara,135.82,31.02,8.72,9.22,54.26,11.26,5.02,16.32,0.2938079811515241,0.2938079811515241,NCCR National Assessment of Shoreline Changes 1990-2016,District coastline baseline,False
Ragadapatia,395800,Rajnagar,Kendrapara,135.82,31.02,8.72,9.22,54.26,11.26,5.02,16.32,0.2938079811515241,0.2938079811515241,NCCR National Assessment of Shoreline Changes 1990-2016,District coastline baseline,False
Bankual,395799,Rajnagar,Kendrapara,135.82,31.02,8.72,9.22,54.26,11.26,5.02,16.32,0.2938079811515241,0.2938079811515241,NCCR National Assessment of Shoreline Changes 1990-2016,District coastline baseline,False
Dangamal,395766,Rajnagar,Kendrapara,135.82,31.02,8.72,9.22,54.26,11.26,5.02,16.32,0.2938079811515241,0.2938079811515241,NCCR National Assessment of Shoreline Changes 1990-2016,District coastline baseline,False
Trilochanpur,395765,Rajnagar,Kendrapara,135.82,31.02,8.72,9.22,54.26,11.26,5.02,16.32,0.2938079811515241,0.2938079811515241,NCCR National Assessment of Shoreline Changes 1990-2016,District coastline baseline,False
Kamalpur,395764,Rajnagar,Kendrapara,135.82,31.02,8.72,9.22,54.26,11.26,5.02,16.32,0.2938079811515241,0.2938079811515241,NCCR National Assessment of Shoreline Changes 1990-2016,District coastline baseline,False
Badhadia,395763,Rajnagar,Kendrapara,135.82,31.02,8.72,9.22,54.26,11.26,5.02,16.32,0.2938079811515241,0.2938079811515241,NCCR National Assessment of Shoreline Changes 1990-2016,District coastline baseline,False
Laxmiprasad Dia,395687,Rajkanika,Kendrapara,135.82,31.02,8.72,9.22,54.26,11.26,5.02,16.32,0.2938079811515241,0.2938079811515241,NCCR National Assessment of Shoreline Changes 1990-2016,District coastline baseline,False
Asoka Dia,395688,Rajkanika,Kendrapara,135.82,31.02,8.72,9.22,54.26,11.26,5.02,16.32,0.2938079811515241,0.2938079811515241,NCCR National Assessment of Shoreline Changes 1990-2016,District coastline baseline,False
Kanhupur,396072,Rajnagar,Kendrapara,135.82,31.02,8.72,9.22,54.26,11.26,5.02,16.32,0.2938079811515241,0.2938079811515241,NCCR National Assessment of Shoreline Changes 1990-2016,District coastline baseline,False
Banipal,396067,Rajnagar,Kendrapara,135.82,31.02,8.72,9.22,54.26,11.26,5.02,16.32,0.2938079811515241,0.2938079811515241,NCCR National Assessment of Shoreline Changes 1990-2016,District coastline baseline,False
Rangani,395797,Rajnagar,Kendrapara,135.82,31.02,8.72,9.22,54.26,11.26,5.02,16.32,0.2938079811515241,0.2938079811515241,NCCR National Assessment of Shoreline Changes 1990-2016,District coastline baseline,False
Narayanpur,395796,Rajnagar,Kendrapara,135.82,31.02,8.72,9.22,54.26,11.26,5.02,16.32,0.2938079811515241,0.2938079811515241,NCCR National Assessment of Shoreline Changes 1990-2016,District coastline baseline,False
Udyan,395784,Rajnagar,Kendrapara,135.82,31.02,8.72,9.22,54.26,11.26,5.02,16.32,0.2938079811515241,0.2938079811515241,NCCR National Assessment of Shoreline Changes 1990-2016,District coastline baseline,False
Paramanandapur,395880,Rajnagar,Kendrapara,135.82,31.02,8.72,9.22,54.26,11.26,5.02,16.32,0.2938079811515241,0.2938079811515241,NCCR National Assessment of Shoreline Changes 1990-2016,District coastline baseline,False
Mohanpur,395879,Rajnagar,Kendrapara,135.82,31.02,8.72,9.22,54.26,11.26,5.02,16.32,0.2938079811515241,0.2938079811515241,NCCR National Assessment of Shoreline Changes 1990-2016,District coastline baseline,False
Govindapur,395878,Rajnagar,Kendrapara,135.82,31.02,8.72,9.22,54.26,11.26,5.02,16.32,0.2938079811515241,0.2938079811515241,NCCR National Assessment of Shoreline Changes 1990-2016,District coastline baseline,False
Dalei Sahi,395785,Rajnagar,Kendrapara,135.82,31.02,8.72,9.22,54.26,11.26,5.02,16.32,0.2938079811515241,0.2938079811515241,NCCR National Assessment of Shoreline Changes 1990-2016,District coastline baseline,False
Ananta Keshari,395782,Rajnagar,Kendrapara,135.82,31.02,8.72,9.22,54.26,11.26,5.02,16.32,0.2938079811515241,0.2938079811515241,NCCR National Assessment of Shoreline Changes 1990-2016,District coastline baseline,False
Ahirajpur,396063,Rajnagar,Kendrapara,135.82,31.02,8.72,9.22,54.26,11.26,5.02,16.32,0.2938079811515241,0.2938079811515241,NCCR National Assessment of Shoreline Changes 1990-2016,District coastline baseline,False
Sir Rajendrapur,396065,Rajnagar,Kendrapara,135.82,31.02,8.72,9.22,54.26,11.26,5.02,16.32,0.2938079811515241,0.2938079811515241,NCCR National Assessment of Shoreline Changes 1990-2016,District coastline baseline,False
Rabindrapalli,396070,Rajnagar,Kendrapara,135.82,31.02,8.72,9.22,54.26,11.26,5.02,16.32,0.2938079811515241,0.2938079811515241,NCCR National Assessment of Shoreline Changes 1990-2016,District coastline baseline,False
Krishnanagar,395770,Rajnagar,Kendrapara,135.82,31.02,8.72,9.22,54.26,11.26,5.02,16.32,0.2938079811515241,0.2938079811515241,NCCR National Assessment of Shoreline Changes 1990-2016,District coastline baseline,False
Khas Munda,395783,Rajnagar,Kendrapara,135.82,31.02,8.72,9.22,54.26,11.26,5.02,16.32,0.2938079811515241,0.2938079811515241,NCCR National Assessment of Shoreline Changes 1990-2016,District coastline baseline,False
Sailendra Sarai,395781,Rajnagar,Kendrapara,135.82,31.02,8.72,9.22,54.26,11.26,5.02,16.32,0.2938079811515241,0.2938079811515241,NCCR National Assessment of Shoreline Changes 1990-2016,District coastline baseline,False
Bhanja Prasad,395778,Rajnagar,Kendrapara,135.82,31.02,8.72,9.22,54.26,11.26,5.02,16.32,0.2938079811515241,0.2938079811515241,NCCR National Assessment of Shoreline Changes 1990-2016,District coastline baseline,False
Dantiapada,396071,Rajnagar,Kendrapara,135.82,31.02,8.72,9.22,54.26,11.26,5.02,16.32,0.2938079811515241,0.2938079811515241,NCCR National Assessment of Shoreline Changes 1990-2016,District coastline baseline,False
Keruapal,395786,Rajnagar,Kendrapara,135.82,31.02,8.72,9.22,54.26,11.26,5.02,16.32,0.2938079811515241,0.2938079811515241,NCCR National Assessment of Shoreline Changes 1990-2016,District coastline baseline,False
Bagapatia Uttar,395827,Rajnagar,Kendrapara,135.82,31.02,8.72,9.22,54.26,11.26,5.02,16.32,0.2938079811515241,0.2938079811515241,NCCR National Assessment of Shoreline Changes 1990-2016,District coastline baseline,False
Sourendrapur,395793,Rajnagar,Kendrapara,135.82,31.02,8.72,9.22,54.26,11.26,5.02,16.32,0.2938079811515241,0.2938079811515241,NCCR National Assessment of Shoreline Changes 1990-2016,District coastline baseline,False
Pravati,396064,Rajnagar,Kendrapara,135.82,31.02,8.72,9.22,54.26,11.26,5.02,16.32,0.2938079811515241,0.2938079811515241,NCCR National Assessment of Shoreline Changes 1990-2016,District coastline baseline,False
Harina Pokhari,395795,Rajnagar,Kendrapara,135.82,31.02,8.72,9.22,54.26,11.26,5.02,16.32,0.2938079811515241,0.2938079811515241,NCCR National Assessment of Shoreline Changes 1990-2016,District coastline baseline,False
Magarkanda,395833,Rajnagar,Kendrapara,135.82,31.02,8.72,9.22,54.26,11.26,5.02,16.32,0.2938079811515241,0.2938079811515241,NCCR National Assessment of Shoreline Changes 1990-2016,District coastline baseline,False
Satavaya,396069,Rajnagar,Kendrapara,135.82,31.02,8.72,9.22,54.26,11.26,5.02,16.32,0.2938079811515241,0.2938079811515241,NCCR National Assessment of Shoreline Changes 1990-2016,District coastline baseline,False
Manjulapalli,396066,Rajnagar,Kendrapara,135.82,31.02,8.72,9.22,54.26,11.26,5.02,16.32,0.2938079811515241,0.2938079811515241,NCCR National Assessment of Shoreline Changes 1990-2016,District coastline baseline,False
Barahipur,396068,Rajnagar,Kendrapara,135.82,31.02,8.72,9.22,54.26,11.26,5.02,16.32,0.2938079811515241,0.2938079811515241,NCCR National Assessment of Shoreline Changes 1990-2016,District coastline baseline,False
Bagapatia,395834,Rajnagar,Kendrapara,135.82,31.02,8.72,9.22,54.26,11.26,5.02,16.32,0.2938079811515241,0.2938079811515241,NCCR National Assessment of Shoreline Changes 1990-2016,District coastline baseline,False
Amarabati,395790,Rajnagar,Kendrapara,135.82,31.02,8.72,9.22,54.26,11.26,5.02,16.32,0.2938079811515241,0.2938079811515241,NCCR National Assessment of Shoreline Changes 1990-2016,District coastline baseline,False
Sailendranarayanpur,395811,Rajnagar,Kendrapara,135.82,31.02,8.72,9.22,54.26,11.26,5.02,16.32,0.2938079811515241,0.2938079811515241,NCCR National Assessment of Shoreline Changes 1990-2016,District coastline baseline,False
Gopaljew Patana,395808,Rajnagar,Kendrapara,135.82,31.02,8.72,9.22,54.26,11.26,5.02,16.32,0.2938079811515241,0.2938079811515241,NCCR National Assessment of Shoreline Changes 1990-2016,District coastline baseline,False
Rajpatana,395779,Rajnagar,Kendrapara,135.82,31.02,8.72,9.22,54.26,11.26,5.02,16.32,0.2938079811515241,0.2938079811515241,NCCR National Assessment of Shoreline Changes 1990-2016,District coastline baseline,False
Kanak Nagar,395771,Rajnagar,Kendrapara,135.82,31.02,8.72,9.22,54.26,11.26,5.02,16.32,0.2938079811515241,0.2938079811515241,NCCR National Assessment of Shoreline Changes 1990-2016,District coastline baseline,False
Sailendranarayanpur Purbajungal Block,395810,Rajnagar,Kendrapara,135.82,31.02,8.72,9.22,54.26,11.26,5.02,16.32,0.2938079811515241,0.2938079811515241,NCCR National Assessment of Shoreline Changes 1990-2016,District coastline baseline,False
Talchua,396062,Rajnagar,Kendrapara,135.82,31.02,8.72,9.22,54.26,11.26,5.02,16.32,0.2938079811515241,0.2938079811515241,NCCR National Assessment of Shoreline Changes 1990-2016,District coastline baseline,False
Sailendranagar,395772,Rajnagar,Kendrapara,135.82,31.02,8.72,9.22,54.26,11.26,5.02,16.32,0.2938079811515241,0.2938079811515241,NCCR National Assessment of Shoreline Changes 1990-2016,District coastline baseline,False
Baghua,395769,Rajnagar,Kendrapara,135.82,31.02,8.72,9.22,54.26,11.26,5.02,16.32,0.2938079811515241,0.2938079811515241,NCCR National Assessment of Shoreline Changes 1990-2016,District coastline baseline,False
Rajendranagar,395774,Rajnagar,Kendrapara,135.82,31.02,8.72,9.22,54.26,11.26,5.02,16.32,0.2938079811515241,0.2938079811515241,NCCR National Assessment of Shoreline Changes 1990-2016,District coastline baseline,False
Rajeswarinagar,395773,Rajnagar,Kendrapara,135.82,31.02,8.72,9.22,54.26,11.26,5.02,16.32,0.2938079811515241,0.2938079811515241,NCCR National Assessment of Shoreline Changes 1990-2016,District coastline baseline,False
Tikayat Nagar,395775,Rajnagar,Kendrapara,135.82,31.02,8.72,9.22,54.26,11.26,5.02,16.32,0.2938079811515241,0.2938079811515241,NCCR National Assessment of Shoreline Changes 1990-2016,District coastline baseline,False
Birabhanjapur,395776,Rajnagar,Kendrapara,135.82,31.02,8.72,9.22,54.26,11.26,5.02,16.32,0.2938079811515241,0.2938079811515241,NCCR National Assessment of Shoreline Changes 1990-2016,District coastline baseline,False
Chanra Kolha,395792,Rajnagar,Kendrapara,135.82,31.02,8.72,9.22,54.26,11.26,5.02,16.32,0.2938079811515241,0.2938079811515241,NCCR National Assessment of Shoreline Changes 1990-2016,District coastline baseline,False
Garta,395791,Rajnagar,Kendrapara,135.82,31.02,8.72,9.22,54.26,11.26,5.02,16.32,0.2938079811515241,0.2938079811515241,NCCR National Assessment of Shoreline Changes 1990-2016,District coastline baseline,False
Habelichintamanipur,395829,Rajnagar,Kendrapara,135.82,31.02,8.72,9.22,54.26,11.26,5.02,16.32,0.2938079811515241,0.2938079811515241,NCCR National Assessment of Shoreline Changes 1990-2016,District coastline baseline,False
Baunsagarh,395832,Rajnagar,Kendrapara,135.82,31.02,8.72,9.22,54.26,11.26,5.02,16.32,0.2938079811515241,0.2938079811515241,NCCR National Assessment of Shoreline Changes 1990-2016,District coastline baseline,False
Sanagahiramatha,395830,Rajnagar,Kendrapara,135.82,31.02,8.72,9.22,54.26,11.26,5.02,16.32,0.2938079811515241,0.2938079811515241,NCCR National Assessment of Shoreline Changes 1990-2016,District coastline baseline,False
Gopaljewpatna J Block,395809,Rajnagar,Kendrapara,135.82,31.02,8.72,9.22,54.26,11.26,5.02,16.32,0.2938079811515241,0.2938079811515241,NCCR National Assessment of Shoreline Changes 1990-2016,District coastline baseline,False
Pata Paria,395807,Rajnagar,Kendrapara,135.82,31.02,8.72,9.22,54.26,11.26,5.02,16.32,0.2938079811515241,0.2938079811515241,NCCR National Assessment of Shoreline Changes 1990-2016,District coastline baseline,False
Giria Pahi,395787,Rajnagar,Kendrapara,135.82,31.02,8.72,9.22,54.26,11.26,5.02,16.32,0.2938079811515241,0.2938079811515241,NCCR National Assessment of Shoreline Changes 1990-2016,District coastline baseline,False
Vekta,395798,Rajnagar,Kendrapara,135.82,31.02,8.72,9.22,54.26,11.26,5.02,16.32,0.2938079811515241,0.2938079811515241,NCCR National Assessment of Shoreline Changes 1990-2016,District coastline baseline,False
Sikar Pahi,395794,Rajnagar,Kendrapara,135.82,31.02,8.72,9.22,54.26,11.26,5.02,16.32,0.2938079811515241,0.2938079811515241,NCCR National Assessment of Shoreline Changes 1990-2016,District coastline baseline,False
Baghamari,395789,Rajnagar,Kendrapara,135.82,31.02,8.72,9.22,54.26,11.26,5.02,16.32,0.2938079811515241,0.2938079811515241,NCCR National Assessment of Shoreline Changes 1990-2016,District coastline baseline,False
Radhamalipur,395788,Rajnagar,Kendrapara,135.82,31.02,8.72,9.22,54.26,11.26,5.02,16.32,0.2938079811515241,0.2938079811515241,NCCR National Assessment of Shoreline Changes 1990-2016,District coastline baseline,False
Jyoti Prasad,395777,Rajnagar,Kendrapara,135.82,31.02,8.72,9.22,54.26,11.26,5.02,16.32,0.2938079811515241,0.2938079811515241,NCCR National Assessment of Shoreline Changes 1990-2016,District coastline baseline,False
Sahebnagar,395881,Rajnagar,Kendrapara,135.82,31.02,8.72,9.22,54.26,11.26,5.02,16.32,0.2938079811515241,0.2938079811515241,NCCR National Assessment of Shoreline Changes 1990-2016,District coastline baseline,False
Suravi,395780,Rajnagar,Kendrapara,135.82,31.02,8.72,9.22,54.26,11.26,5.02,16.32,0.2938079811515241,0.2938079811515241,NCCR National Assessment of Shoreline Changes 1990-2016,District coastline baseline,False
Sadanandapur,395876,Rajnagar,Kendrapara,135.82,31.02,8.72,9.22,54.26,11.26,5.02,16.32,0.2938079811515241,0.2938079811515241,NCCR National Assessment of Shoreline Changes 1990-2016,District coastline baseline,False
Tentuliakolha,395877,Rajnagar,Kendrapara,135.82,31.02,8.72,9.22,54.26,11.26,5.02,16.32,0.2938079811515241,0.2938079811515241,NCCR National Assessment of Shoreline Changes 1990-2016,District coastline baseline,False
Badagahiramatha,395831,Rajnagar,Kendrapara,135.82,31.02,8.72,9.22,54.26,11.26,5.02,16.32,0.2938079811515241,0.2938079811515241,NCCR National Assessment of Shoreline Changes 1990-2016,District coastline baseline,False
Kaduanasi,395828,Rajnagar,Kendrapara,135.82,31.02,8.72,9.22,54.26,11.26,5.02,16.32,0.2938079811515241,0.2938079811515241,NCCR National Assessment of Shoreline Changes 1990-2016,District coastline baseline,False
Pinchapatia,395767,Rajnagar,Kendrapara,135.82,31.02,8.72,9.22,54.26,11.26,5.02,16.32,0.2938079811515241,0.2938079811515241,NCCR National Assessment of Shoreline Changes 1990-2016,District coastline baseline,False
Subarnpur,395768,Rajnagar,Kendrapara,135.82,31.02,8.72,9.22,54.26,11.26,5.02,16.32,0.2938079811515241,0.2938079811515241,NCCR National Assessment of Shoreline Changes 1990-2016,District coastline baseline,False
Hukitola,396061,Mahakalapada,Kendrapara,135.82,31.02,8.72,9.22,54.26,11.26,5.02,16.32,0.2938079811515241,0.2938079811515241,NCCR National Assessment of Shoreline Changes 1990-2016,District coastline baseline,False
Talapatta,396052,Rajnagar,Kendrapara,135.82,31.02,8.72,9.22,54.26,11.26,5.02,16.32,0.2938079811515241,0.2938079811515241,NCCR National Assessment of Shoreline Changes 1990-2016,District coastline baseline,False
