id,objectid_1,objectid,village,vlcode,gram_panchayat_name,gram_panchayat_code,block,bkcode,subdistric,sdcode,sub_district_head_quarter,district,dtcode,district_head_quarter,state,stcode,uqcode,country,total_urban_rural,total_households,total_population_village,avg_household,total_geographical_area,total_male_population_village,total_female_population_village,tapwater_treated_status,tapwater_untreated_status,covered_well_status,covered_well_function_year,covered_well_functioning_summer,uncovered_well_status,uncovered_well_function_year,uncovered_well_function_summer,handpump_status,hand_pump_function_year,hand_pump_function_summer,tubewell_borehole_status,tube_wells_borehole_function_year,tube_wells_borehole_function_Summer,spring_status,spring_functioning_all_round_year,spring_functioning_summer_month,river_canal_status,tank_pond_lake_status,others_status,closed_drainage_status,open_drainage_status,village_pin_code_status,forest_area,area_under_non_agricultural_use,barren_uncultivable_land,permanent_pastures_grazing,land_under_miscellaneous,culturable_waste_land,fallows_land_other_than_current,current_fallows_area,net_area_sown,total_unirrigated_land,area_irrigated_by_source,canals_area,wells_tube_wells_area,tanks_lakes_area,waterfall_area,other_source_specify_area,nearest_town_name,nearest_town_distance_from_village,shape_leng,shape_length,shape_area,ds_name,src_agency,state_name,latitude,longitude
313,313,34762.0,Ambalappuzha,628229,"Ambalappuzha South, Ambalappuzha North","04, 03",Ambalappuzha,112,Ambalappuzha,5674,Alappuzha,Alappuzha,554,Alappuzha,KL,32, ,India,Rural,7856.0,33939.0,4.32013747,918.0,16620.0,17319.0,Available,Available,Available,Available,Available,Available,Available,Available,Available,Not Available,Not Available,Available,Available,Available,Not Available, , ,Available,Available,Not Available,Available,Available,Available,0.0,240.0,0.0,0.0,0.0,0.0,0.0,0.0,678.0,82.0,595.0,100.0,240.0,0.0,0.0,255.0,Alappuzha,13.0,12866.191416706924,12866.191416706924,8229705.012106161,Administrative Boundary,Survey of India (SOI),Kerala,9.393971793042393,76.35592125596773
311,311,34760.0,Purakkad,628231,Purakkad,05,Ambalappuzha,112,Ambalappuzha,5674,Alappuzha,Alappuzha,554,Alappuzha,KL,32, ,India,Rural,7219.0,29782.0,4.12550215,2321.0,14383.0,15399.0,Not Available,Available,Available,Available,Available,Available,Available,Available,Available,Not Available,Not Available,Available,Available,Available,Not Available, , ,Available,Available,Not Available,Available,Available,Available,0.0,86.0,0.0,0.0,0.0,0.0,0.0,0.0,2235.0,512.0,1723.0,745.0,211.0,127.0,0.0,641.0,Alappuzha,12.0,25959.76420572436,25959.76420572436,23845498.19755745,Administrative Boundary,Survey of India (SOI),Kerala,9.34377191494104,76.38191755439665
343,343,34792.0,Aryad South,628227,Aryad,02,Aryad,111,Ambalappuzha,5674,Alappuzha,Alappuzha,554,Alappuzha,KL,32, ,India,Rural,0.0,0.0,0.0,524.0,0.0,0.0, , , , , , , , , , , , , , , , , , , , , , , ,0.0,120.0,0.0,0.0,0.0,0.0,0.0,0.0,404.0,0.0,404.0,0.0,0.0,214.0,0.0,190.0,Alappuzha,5.0,24940.315430969084,24940.315430969084,19189027.044604134,Administrative Boundary,Survey of India (SOI),Kerala,9.521485728618295,76.3461487389806
335,335,34784.0,Kalavoor,628226,Mararikkulam South,01,Aryad,111,Ambalappuzha,5674,Alappuzha,Alappuzha,554,Alappuzha,KL,32, ,India,Rural,7385.0,29808.0,4.03628978,1277.0,14458.0,15350.0,Available,Not Available,Not Available, , ,Available,Not Available,Not Available,Available,Available,Available,Available,Available,Available,Not Available, , ,Available,Available,Not Available,Not Available,Available,Available,0.0,0.0,0.0,0.0,0.0,0.0,0.0,0.0,1277.0,0.0,1277.0,0.0,1277.0,0.0,0.0,0.0,Alappuzha,8.0,17842.81413491471,17842.81413491471,14622581.947585288,Administrative Boundary,Survey of India (SOI),Kerala,9.57496044695925,76.31536581821265
468,468,34917.0,Noornad,628283,Noornad,06,Bharanikkavu (Part),120,Mavelikkara,5678,Mavelikkara,Alappuzha,554,Alappuzha,KL,32, ,India,Rural,6899.0,25375.0,3.67806929,2128.0,11511.0,13864.0,Available,Not Available,Available,Not Available,Not Available,Available,Not Available,Not Available,Not Available, , ,Available,Available,Available,Not Available, , ,Available,Available,Available,Available,Available,Available,0.0,258.0,0.0,0.0,0.0,0.0,0.0,0.0,1870.0,1508.0,362.0,120.0,150.0,80.0,0.0,12.0,Mavelikkara,15.0,23764.641785922056,23764.641785922056,20635779.361686222,Administrative Boundary,Survey of India (SOI),Kerala,9.20341144003446,76.62941125432755
395,395,34844.0,Palamel,628284,Palamel,94,Bharanikkavu (Part),120,Mavelikkara,5678,Mavelikkara,Alappuzha,554,Alappuzha,KL,32, ,India,Rural,8546.0,32512.0,3.80435291,2559.0,15229.0,17283.0,Available,Available,Available,Available,Available,Available,Available,Available,Available,Available,Available,Available,Available,Available,Available,Available,Available,Available,Available,Not Available,Available,Available,Available,0.0,650.0,0.0,0.0,0.0,0.0,100.0,100.0,1712.0,312.0,1598.0,658.0,940.0,0.0,0.0,0.0,Mavelikkara,15.0,26957.43226541729,26957.43226541729,26641397.805652827,Administrative Boundary,Survey of India (SOI),Kerala,9.17376797941027,76.6556233139787
398,398,34847.0,Thamarakkulam,628285,Mavelikkara-Thamarakkulam,07,Bharanikkavu (Part),120,Mavelikkara,5678,Mavelikkara,Alappuzha,554,Alappuzha,KL,32, ,India,Rural,7062.0,27017.0,3.82568677,2089.0,12624.0,14393.0,Available,Available,Available,Available,Available,Available,Available,Available,Available,Available,Available,Available,Available,Available,Available,Available,Available,Available,Available,Not Available,Available,Available,Available,0.0,228.0,0.0,0.0,0.0,0.0,205.0,205.0,1656.0,1751.0,110.0,0.0,110.0,0.0,0.0,0.0,Mavelikkara,18.0,29340.769138107364,29340.769138107364,20914425.57846249,Administrative Boundary,Survey of India (SOI),Kerala,9.15325662400385,76.60702137671723
298,298,34747.0,Champakkulam,628244,Champakkulam,06,Champakkulam,113,Kuttanad,5675,Mancomb,Alappuzha,554,Alappuzha,KL,32, ,India,Rural,3932.0,15848.0,4.03051882,2297.0,7636.0,8212.0,Available,Not Available,Available,Not Available,Not Available,Available,Not Available,Not Available,Not Available, , ,Available,Available,Available,Not Available, , ,Available,Available,Not Available,Not Available,Not Available,Available,0.0,194.0,0.0,0.0,0.0,0.0,201.0,201.0,1902.0,0.0,2103.0,1003.0,0.0,0.0,0.0,1100.0,Alappuzha,10.0,28878.516221821486,28878.516221821486,23410077.814163703,Administrative Boundary,Survey of India (SOI),Kerala,9.419214225020133,76.42638751338049
325,325,34774.0,Kainakary North,628236,Kainakary,72,Champakkulam,113,Kuttanad,5675,Mancomb,Alappuzha,554,Alappuzha,KL,32, ,India,Rural,1919.0,8292.0,4.32100052,3317.0,4081.0,4211.0,Not Available,Available,Available,Not Available,Not Available,Available,Not Available,Not Available,Not Available, , ,Available,Available,Available,Not Available, , ,Available,Available,Not Available,Not Available,Not Available,Available,0.0,312.0,0.0,0.0,0.0,0.0,0.0,0.0,2005.0,1766.0,1239.0,0.0,0.0,466.0,0.0,772.0,Alappuzha,10.0,35571.54467833605,35571.54467833605,33742628.45071646,Administrative Boundary,Survey of India (SOI),Kerala,9.521754190029496,76.40088999895725
322,322,34771.0,Kainakary South,628237,"Kainakary, Nedumudi","72, 01",Champakkulam,113,Kuttanad,5675,Mancomb,Alappuzha,554,Alappuzha,KL,32, ,India,Rural,3770.0,15405.0,4.0862069,745.0,7364.0,8041.0,Available,Not Available,Available,Available,Available,Available,Available,Available,Available,Available,Available,Available,Available,Available,Not Available, , ,Available,Available,Not Available,Not Available,Available,Available,0.0,108.0,0.0,0.0,60.0,0.0,105.0,105.0,373.0,1.0,636.0,0.0,0.0,64.0,0.0,572.0,Alappuzha,8.0,23288.92290668548,23288.92290668548,21927339.029644445,Administrative Boundary,Survey of India (SOI),Kerala,9.467102673950086,76.38616437795207
327,327,34776.0,Mullakkal Part,628228,Kainakary,72,Champakkulam,113,Ambalappuzha,5674,Alappuzha,Alappuzha,554,Alappuzha,KL,32, ,India,Rural,112.0,497.0,4.4375,58.0,243.0,254.0,Available,Not Available,Available,Not Available,Not Available,Available,Not Available,Not Available,Not Available, , ,Not Available, , ,Not Available, , ,Available,Available,Not Available,Not Available,Available,Available,0.0,5.0,0.0,11.0,0.0,0.0,0.0,0.0,42.0,25.0,17.0,0.0,0.0,17.0,0.0,0.0,Alappuzha,2.0,16862.35535509454,16862.35535509454,8699204.76359481,Administrative Boundary,Survey of India (SOI),Kerala,9.516164187108133,76.36919440642106
297,297,34746.0,Nedumudi,628245,Nedumudi,01,Champakkulam,113,Kuttanad,5675,Mancomb,Alappuzha,554,Alappuzha,KL,32, ,India,Rural,3668.0,14601.0,3.9806434,2023.0,7049.0,7552.0,Available,Not Available,Available,Not Available,Not Available,Available,Not Available,Not Available,Not Available, , ,Available,Available,Available,Not Available, , ,Available,Available,Not Available,Not Available,Not Available,Available,0.0,283.0,0.0,0.0,0.0,0.0,210.0,210.0,1290.0,1.0,1739.0,427.0,0.0,0.0,0.0,1312.0,Alappuzha,12.0,24512.233853814905,24512.233853814905,21349573.03029936,Administrative Boundary,Survey of India (SOI),Kerala,9.422639276050337,76.38890282624493
305,305,34754.0,Thakazhy,628246,Thakazhy,73,Champakkulam,113,Kuttanad,5675,Mancomb,Alappuzha,554,Alappuzha,KL,32, ,India,Rural,3858.0,15758.0,4.08449974,2527.0,7469.0,8289.0,Available,Not Available,Not Available, , ,Available,Not Available,Not Available,Not Available, , ,Available,Not Available,Not Available,Not Available, , ,Available,Available,Not Available,Not Available,Not Available,Available,0.0,200.0,0.0,0.0,0.0,0.0,0.0,0.0,2327.0,376.0,1951.0,0.0,0.0,0.0,0.0,1951.0,Alappuzha,20.0,28496.523887744745,28496.523887744745,26235832.541334927,Administrative Boundary,Survey of India (SOI),Kerala,9.366441077982739,76.42146678059625
312,312,34761.0,Thalavady,628249,"Thalavady, Nedumpuram","08, 92",Champakkulam,113,Kuttanad,5675,Mancomb,Alappuzha,554,Alappuzha,KL,32, ,India,Rural,5250.0,20556.0,3.91542857,1576.0,9767.0,10789.0,Available,Available,Available,Available,Available,Available,Available,Available,Available,Available,Available,Available,Available,Available,Available,Available,Available,Available,Available,Available,Available,Available,Available,0.0,469.0,0.0,0.0,0.0,0.0,34.0,34.0,1050.0,126.0,981.0,0.0,0.0,0.0,0.0,981.0,Thiruvalla,8.0,21671.8045794506,21671.8045794506,15803690.55197884,Administrative Boundary,Survey of India (SOI),Kerala,9.368766949823417,76.49595526055604
466,466,34915.0,Ennakkad,628267,Budhannoor,01,Chengannur,117,Chengannur,5677,Chengannur,Alappuzha,554,Alappuzha,KL,32, ,India,Rural,4860.0,18444.0,3.79506173,1295.0,8710.0,9734.0,Available,Not Available,Available,Available,Available,Available,Available,Available,Available,Not Available,Not Available,Available,Available,Available,Not Available, , ,Available,Not Available,Not Available,Available,Available,Available,0.0,13.0,0.0,0.0,0.0,0.0,0.0,0.0,1282.0,144.0,1138.0,294.0,320.0,0.0,364.0,160.0,Chengannur,9.0,24349.0727776348,24349.0727776348,13643482.160295378,Administrative Boundary,Survey of India (SOI),Kerala,9.295284075879193,76.55942810964814
465,465,34914.0,Mulakuzha Part,628271,"Mulakuzha, Kulanada","04, 93",Chengannur,117,Chengannur,5677,Chengannur,Alappuzha,554,Alappuzha,KL,32, ,India,Rural,7694.0,28390.0,3.68988822,2278.0,13091.0,15299.0,Available,Available,Available,Available,Available,Available,Available,Available,Available,Available,Available,Available,Available,Available,Available,Available,Available,Available,Available,Available,Not Available,Available,Available,0.0,387.0,0.0,0.0,63.0,0.0,95.0,95.0,1733.0,155.0,1736.0,526.0,1210.0,0.0,0.0,0.0,Chengannur,6.0,27428.118918579108,27428.118918579108,24574393.828173045,Administrative Boundary,Survey of India (SOI),Kerala,9.283330415854401,76.64738939239967
464,464,34913.0,Puliyoor Part,628273,"Puliyoor, Cheriyanad","06, 07",Chengannur,117,Chengannur,5677,Chengannur,Alappuzha,554,Alappuzha,KL,32, ,India,Rural,4459.0,16531.0,3.70733348,1166.0,7586.0,8945.0,Available,Available,Available,Available,Available,Available,Available,Available,Available,Not Available,Not Available,Available,Not Available,Not Available,Not Available, , ,Available,Available,Not Available,Available,Available,Available,0.0,307.0,2.0,0.0,0.0,0.0,105.0,105.0,402.0,50.0,807.0,662.0,65.0,0.0,0.0,80.0,Chengannur,3.0,27264.65000017219,27264.65000017219,11128231.829487745,Administrative Boundary,Survey of India (SOI),Kerala,9.299310545410846,76.58698547569175
481,481,34930.0,Thiruvanvandoor,628269,Thiruvanvandoor,03,Chengannur,117,Chengannur,5677,Chengannur,Alappuzha,554,Alappuzha,KL,32, ,India,Rural,3344.0,12712.0,3.80143541,888.0,5972.0,6740.0,Available,Available,Available,Available,Available,Available,Available,Available,Available,Available,Available,Available,Available,Available,Not Available, , ,Available,Available,Not Available,Available,Available,Available,0.0,149.0,0.0,0.0,0.0,0.0,0.0,0.0,739.0,28.0,711.0,436.0,243.0,0.0,0.0,32.0,Chengannur,3.0,18762.9292787527,18762.9292787527,8952385.654941425,Administrative Boundary,Survey of India (SOI),Kerala,9.343485476498401,76.57871569410553
304,304,34753.0,Cheruthana,628251,"Cheruthana, Karuvatta","02, 01",Haripad,115,Karthikappally,5676,Haripad,Alappuzha,554,Alappuzha,KL,32, ,India,Rural,3274.0,12882.0,3.93463653,1425.0,6017.0,6865.0,Available,Not Available,Not Available, , ,Available,Available,Available,Available,Not Available,Not Available,Available,Available,Available,Not Available, , ,Available,Available,Not Available,Not Available,Available,Available,0.0,28.0,0.0,0.0,0.0,0.0,0.0,0.0,1397.0,348.0,1049.0,0.0,0.0,0.0,0.0,1049.0,Kayamkulam,20.0,20981.850702726013,20981.850702726013,14873686.38389515,Administrative Boundary,Survey of India (SOI),Kerala,9.328588234242833,76.44555965080916
303,303,34752.0,Karuvatta,628250,Karuvatta,01,Haripad,115,Karthikappally,5676,Haripad,Alappuzha,554,Alappuzha,KL,32, ,India,Rural,3892.0,14755.0,3.79110997,1440.0,6781.0,7974.0,Not Available,Available,Available,Available,Available,Available,Available,Available,Available,Not Available,Not Available,Available,Available,Available,Not Available, , ,Available,Available,Available,Not Available,Available,Available,0.0,463.0,0.0,0.0,0.0,0.0,9.0,9.0,850.0,164.0,813.0,172.0,0.0,0.0,0.0,640.0,Kayamkulam,20.0,17484.217932516207,17484.217932516207,14858710.99811977,Administrative Boundary,Survey of India (SOI),Kerala,9.322534813425952,76.41618471437174
309,309,34758.0,Veeyapuram,628252,"Veeyapuram, Cheruthana, Haripad","03, 02, 04",Haripad,115,Karthikappally,5676,Haripad,Alappuzha,554,Alappuzha,KL,32, ,India,Rural,2949.0,11392.0,3.86300441,1403.0,5239.0,6153.0,Available,Available,Available,Available,Available,Available,Available,Available,Available,Not Available,Not Available,Available,Not Available,Not Available,Not Available, , ,Available,Available,Not Available,Not Available,Not Available,Available,0.0,282.0,0.0,0.0,0.0,0.0,0.0,0.0,1121.0,93.0,1027.0,0.0,0.0,0.0,0.0,1027.0,Kayamkulam,16.0,23897.339782515195,23897.339782515195,13799114.628509682,Administrative Boundary,Survey of India (SOI),Kerala,9.3174897729288,76.47065672576754
345,345,34794.0,Cherthala North Part,628211,Cherthala South,06,Kanjikkuzhi,110,Cherthala,5673,Cherthala,Alappuzha,554,Alappuzha,KL,32, ,India,Rural,3450.0,13945.0,4.04202899,564.0,6860.0,7085.0,Available,Available,Available,Available,Available,Available,Available,Available,Available,Available,Available,Available,Available,Available,Not Available, , ,Not Available,Available,Not Available,Available,Not Available,Available,0.0,175.0,0.0,0.0,0.0,0.0,127.0,127.0,258.0,0.0,389.0,0.0,138.0,0.0,0.0,251.0,Cherthala,1.0,10561.614604410082,10561.614604410082,5674515.289897679,Administrative Boundary,Survey of India (SOI),Kerala,9.677731809802959,76.30511020575476
344,344,34793.0,Mararikkulam North,628213,Mararikkulam North,07,Kanjikkuzhi,110,Cherthala,5673,Cherthala,Alappuzha,554,Alappuzha,KL,32, ,India,Rural,7747.0,31322.0,4.04311346,1726.0,15257.0,16065.0,Available,Available,Available,Available,Available,Available,Available,Available,Available,Available,Available,Available,Not Available,Not Available,Not Available, , ,Not Available,Available,Not Available,Not Available,Available,Available,0.0,301.0,0.0,0.0,0.0,0.0,378.0,378.0,1047.0,100.0,1325.0,0.0,575.0,0.0,0.0,750.0,Cherthala,10.0,18162.970748171192,18162.970748171192,18676035.1187608,Administrative Boundary,Survey of India (SOI),Kerala,9.619502208404004,76.31370060235129
299,299,34748.0,Perungala,628281,Chettikulangara,04,Mavelikkara,119,Mavelikkara,5678,Mavelikkara,Alappuzha,554,Alappuzha,KL,32, ,India,Rural,3790.0,14151.0,3.73377309,783.0,6430.0,7721.0,Available,Not Available,Available,Available,Available,Available,Available,Available,Available,Not Available,Not Available,Available,Available,Available,Not Available, , ,Available,Available,Not Available,Not Available,Available,Available,0.0,351.0,0.0,0.0,0.0,0.0,0.0,0.0,432.0,182.0,251.0,160.0,90.0,1.0,0.0,0.0,Mavelikkara,4.0,12455.054885035588,12455.054885035588,7677379.158893816,Administrative Boundary,Survey of India (SOI),Kerala,9.207837178122725,76.52322387248837
460,460,34909.0,Thekkekara Part,628280,Mavelikkara-Thekkekkara,03,Mavelikkara,119,Mavelikkara,5678,Mavelikkara,Alappuzha,554,Alappuzha,KL,32, ,India,Rural,8609.0,32373.0,3.76036706,1982.0,14948.0,17425.0,Available,Not Available,Available,Available,Available,Available,Available,Available,Available,Available,Available,Available,Available,Available,Not Available, , ,Available,Available,Not Available,Available,Available,Available,0.0,459.0,0.0,0.0,0.0,0.0,0.0,0.0,1523.0,176.0,1347.0,400.0,567.0,0.0,0.0,380.0,Mavelikkara,6.0,22917.79380060989,22917.79380060989,20887250.007016458,Administrative Boundary,Survey of India (SOI),Kerala,9.212817094546228,76.55698292993864
308,308,34757.0,Thriperumthura,628278,Chennithala-Thriperumthura,01,Mavelikkara,119,Mavelikkara,5678,Mavelikkara,Alappuzha,554,Alappuzha,KL,32, ,India,Rural,4021.0,15226.0,3.78662024,1623.0,6990.0,8236.0,Not Available,Available,Available,Available,Available,Available,Available,Available,Available,Available,Available,Available,Available,Available,Not Available, , ,Available,Available,Not Available,Available,Not Available,Available,0.0,172.0,0.0,0.0,0.0,0.0,413.0,413.0,1038.0,0.0,1451.0,411.0,229.0,75.0,0.0,736.0,Mavelikkara,8.0,20107.048135496843,20107.048135496843,16577320.822511278,Administrative Boundary,Survey of India (SOI),Kerala,9.286594093660003,76.51267660927974
461,461,34910.0,Vettiyar,628279,Thazhakara,02,Mavelikkara,119,Mavelikkara,5678,Mavelikkara,Alappuzha,554,Alappuzha,KL,32, ,India,Rural,5673.0,21393.0,3.77102062,1217.0,9827.0,11566.0,Available,Not Available,Available,Available,Available,Available,Available,Available,Available,Available,Available,Available,Available,Available,Available,Available,Available,Available,Available,Not Available,Not Available,Not Available,Available,0.0,339.0,0.0,0.0,0.0,0.0,0.0,0.0,878.0,61.0,817.0,252.0,513.0,0.0,0.0,52.0,Mavelikkara,8.0,21818.62229275168,21818.62229275168,14612104.610443464,Administrative Boundary,Survey of India (SOI),Kerala,9.229425181427736,76.59369539630764
293,293,34742.0,Arattupuzha,628255,Arattupuzha,08,Muthukulam,116,Karthikappally,5676,Haripad,Alappuzha,554,Alappuzha,KL,32, ,India,Rural,7471.0,29264.0,3.91701245,2270.0,13886.0,15378.0,Available,Available,Available,Available,Available,Available,Available,Available,Available,Available,Available,Available,Available,Available,Not Available, , ,Available,Available,Not Available,Available,Available,Available,0.0,715.0,0.0,0.0,0.0,0.0,0.0,0.0,1555.0,711.0,844.0,844.0,0.0,0.0,0.0,0.0,Kayamkulam,11.0,34383.47119788116,34383.47119788116,22472280.88203564,Administrative Boundary,Survey of India (SOI),Kerala,9.196564949942758,76.44365610065555
676,676,35125.0,Kadakkarappally,628210,"Kadakkarappally, Pattanakkad","05, 04",Pattanakkad,109,Cherthala,5673,Cherthala,Alappuzha,554,Alappuzha,KL,32, ,India,Rural,5094.0,20487.0,4.02179034,881.0,10142.0,10345.0,Available,Available,Available,Available,Available,Available,Available,Available,Available,Available,Available,Available,Available,Available,Not Available, , ,Not Available,Available,Not Available,Not Available,Available,Available,0.0,399.0,0.0,0.0,0.0,0.0,0.0,0.0,482.0,127.0,355.0,0.0,151.0,0.0,0.0,204.0,Cherthala,3.0,14136.305957029275,14136.305957029275,10142530.16085882,Administrative Boundary,Survey of India (SOI),Kerala,9.699762011688579,76.30106982516531
670,670,35119.0,Pattanakkad,628209,Pattanakkad,04,Pattanakkad,109,Cherthala,5673,Cherthala,Alappuzha,554,Alappuzha,KL,32, ,India,Rural,7744.0,31629.0,4.08432335,1545.0,15550.0,16079.0,Available,Not Available,Available,Not Available,Not Available,Available,Not Available,Not Available,Available,Not Available,Not Available,Available,Not Available,Not Available,Not Available, , ,Not Available,Available,Not Available,Available,Available,Available,0.0,245.0,0.0,19.0,0.0,0.0,0.0,0.0,1281.0,1034.0,247.0,0.0,247.0,0.0,0.0,0.0,Cherthala,6.0,18881.161828204527,18881.161828204527,16838376.96159834,Administrative Boundary,Survey of India (SOI),Kerala,9.732091105275396,76.30384205038514
678,678,35127.0,Thuravoor Thekku,628208,Thuravoor,03,Pattanakkad,109,Cherthala,5673,Cherthala,Alappuzha,554,Alappuzha,KL,32, ,India,Rural,6966.0,28802.0,4.13465403,1917.0,13915.0,14887.0,Available,Not Available,Not Available, , ,Available,Not Available,Not Available,Available,Not Available,Not Available,Available,Not Available,Not Available,Not Available, , ,Not Available,Available,Not Available,Available,Available,Available,0.0,0.0,0.0,0.0,0.0,0.0,0.0,0.0,1917.0,1446.0,471.0,445.0,26.0,0.0,0.0,0.0,Cherthala,10.0,26393.52838389021,26393.52838389021,20658685.6371348,Administrative Boundary,Survey of India (SOI),Kerala,9.765049536358196,76.31328284591554
671,671,35120.0,Perumbalam,628206,Perumbalam,01,Thaikattussery,108,Cherthala,5673,Cherthala,Alappuzha,554,Alappuzha,KL,32, ,India,Rural,2365.0,9733.0,4.1154334,1461.0,4880.0,4853.0,Available,Available,Available,Not Available,Not Available,Available,Not Available,Not Available,Available,Not Available,Not Available,Available,Not Available,Not Available,Not Available, , ,Available,Available,Not Available,Not Available,Not Available,Available,0.0,409.0,16.0,0.0,0.0,0.0,0.0,0.0,1036.0,505.0,531.0,0.0,0.0,0.0,0.0,531.0,Cherthala,19.0,16937.70396038543,16937.70396038543,14565855.212358097,Administrative Boundary,Survey of India (SOI),Kerala,9.855877271956633,76.35584521062704
314,314,34763.0,Edathua,628247,"Edathua, Ramankary","07, 05",Veliyanad (Part),104,Kuttanad,5675,Mancomb,Alappuzha,554,Alappuzha,KL,32, ,India,Rural,5468.0,21699.0,3.96836138,2712.0,10378.0,11321.0,Available,Not Available,Available,Not Available,Not Available,Available,Not Available,Not Available,Available,Not Available,Not Available,Available,Not Available,Not Available,Not Available, , ,Available,Available,Not Available,Not Available,Not Available,Available,0.0,211.0,0.0,0.0,0.0,0.0,0.0,0.0,2501.0,0.0,2501.0,0.0,0.0,0.0,0.0,2501.0,Thiruvalla,12.0,30549.93545794987,30549.93545794987,27763253.86968251,Administrative Boundary,Survey of India (SOI),Kerala,9.376993074619104,76.46201130273944
324,324,34773.0,Kunnumma,628239,"Kavalam, Pulinkunnu, Neelamperoor","03, 02, 90",Veliyanad (Part),104,Kuttanad,5675,Mancomb,Alappuzha,554,Alappuzha,KL,32, ,India,Rural,3420.0,14252.0,4.16725146,1096.0,6961.0,7291.0,Not Available,Available,Not Available, , ,Available,Available,Available,Not Available, , ,Not Available, , ,Not Available, , ,Available,Available,Not Available,Not Available,Not Available,Available,0.0,169.0,0.0,0.0,0.0,0.0,440.0,440.0,487.0,463.0,463.0,463.0,0.0,0.0,0.0,0.0,Changanassery,15.0,25910.715687182936,25910.715687182936,15438282.56820208,Administrative Boundary,Survey of India (SOI),Kerala,9.479154902534308,76.44678134568059
315,315,34764.0,Muttar,628248,Muttar,91,Veliyanad (Part),104,Kuttanad,5675,Mancomb,Alappuzha,554,Alappuzha,KL,32, ,India,Rural,2264.0,9200.0,4.06360424,1048.0,4437.0,4763.0,Available,Available,Available,Not Available,Not Available,Available,Not Available,Not Available,Not Available, , ,Available,Not Available,Not Available,Not Available, , ,Available,Available,Not Available,Not Available,Available,Available,0.0,2.0,0.0,0.0,0.0,0.0,0.0,0.0,1046.0,70.0,976.0,0.0,0.0,0.0,0.0,976.0,Changanassery,8.0,17945.2337546314,17945.2337546314,11260690.111181682,Administrative Boundary,Survey of India (SOI),Kerala,9.400233992714842,76.4912602033236
307,307,34756.0,Ramankary,628243,"Ramankary, Muttar","05, 91",Veliyanad (Part),104,Kuttanad,5675,Mancomb,Alappuzha,554,Alappuzha,KL,32, ,India,Rural,2611.0,10755.0,4.11911145,1135.0,5187.0,5568.0,Available,Available,Available,Available,Available,Available,Available,Available,Available,Available,Available,Available,Available,Available,Available,Available,Available,Available,Available,Available,Available,Available,Available,0.0,246.0,0.0,0.0,0.0,0.0,0.0,0.0,889.0,74.0,815.0,815.0,0.0,0.0,0.0,0.0,Changanassery,10.0,19881.932117301265,19881.932117301265,11391084.025151994,Administrative Boundary,Survey of India (SOI),Kerala,9.422221369228795,76.4644923017361
316,316,34765.0,Veliyanad,628242,Veliyanad,04,Veliyanad (Part),104,Kuttanad,5675,Mancomb,Alappuzha,554,Alappuzha,KL,32, ,India,Rural,3041.0,12501.0,4.11081881,1941.0,6025.0,6476.0,Available,Not Available,Not Available, , ,Available,Available,Available,Not Available, , ,Not Available, , ,Not Available, , ,Available,Available,Not Available,Not Available,Available,Available,0.0,175.0,0.0,0.0,0.0,0.0,0.0,0.0,1766.0,204.0,1562.0,0.0,0.0,0.0,0.0,1562.0,Changanassery,10.0,23132.81136096345,23132.81136096345,19904852.464977145,Administrative Boundary,Survey of India (SOI),Kerala,9.439283919661301,76.48348532542882
908,908,35357.0,Ayyampuzha,627967,"Ayyampuzha, Karukutty","05, 02",Angamaly,77,Aluva,5658,Aluva,Ernakulam,555,Kakkanad,KL,32, ,India,Rural,3650.0,14253.0,3.90493151,4405.0,7227.0,7026.0,Available,Not Available,Available,Available,Available,Available,Available,Available,Available,Not Available,Not Available,Available,Available,Available,Not Available, , ,Available,Available,Not Available,Not Available,Available,Available,728.0,20.0,12.0,0.0,0.0,2114.0,1341.0,1341.0,190.0,1382.0,149.0,9.0,140.0,0.0,0.0,0.0,Angamaly,15.0,83951.85400293572,83951.85400293572,252507551.294229,Administrative Boundary,Survey of India (SOI),Kerala,10.24134681120981,76.56562060452127
767,767,35216.0,Malayattoor,627969,Malayattoor-Neeleswaram,06,Angamaly,77,Aluva,5658,Aluva,Ernakulam,555,Kakkanad,KL,32, ,India,Rural,3681.0,14494.0,3.93751698,2393.0,7215.0,7279.0,Available,Available,Available,Available,Available,Available,Available,Available,Available,Not Available,Not Available,Available,Available,Available,Available,Not Available,Not Available,Available,Available,Not Available,Not Available,Available,Available,496.0,400.0,17.0,0.0,0.0,50.0,4.0,4.0,1426.0,1170.0,260.0,240.0,20.0,0.0,0.0,0.0,Angamaly,16.0,21921.821218466328,21921.821218466328,21552495.31059954,Administrative Boundary,Survey of India (SOI),Kerala,10.201503719200634,76.51273255519452
765,765,35214.0,Mookkannoor,627966,"Mookkannnoor, Thuravoor","03, 04",Angamaly,77,Aluva,5658,Aluva,Ernakulam,555,Kakkanad,KL,32, ,India,Rural,4756.0,19009.0,3.99684609,2127.0,9399.0,9610.0,Available,Not Available,Not Available, , ,Available,Available,Available,Available,Not Available,Not Available,Available,Available,Available,Not Available, , ,Available,Available,Not Available,Not Available,Available,Available,0.0,281.0,5.0,0.0,25.0,147.0,60.0,60.0,1597.0,183.0,1511.0,1276.0,235.0,0.0,0.0,0.0,Angamaly,9.0,26413.096147029297,26413.096147029297,26282531.017126422,Administrative Boundary,Survey of India (SOI),Kerala,10.242806887906102,76.41645559748346
770,770,35219.0,Thuravoor,627970,"Thuravoor, Mookkannnoor, Manjapra","04, 03, 07",Angamaly,77,Aluva,5658,Aluva,Ernakulam,555,Kakkanad,KL,32, ,India,Rural,5835.0,22786.0,3.9050557,1803.0,11354.0,11432.0,Available,Not Available,Available,Available,Available,Available,Available,Available,Not Available, , ,Available,Available,Available,Not Available, , ,Available,Available,Not Available,Not Available,Available,Available,0.0,211.0,0.0,0.0,0.0,201.0,0.0,0.0,1392.0,110.0,1282.0,850.0,432.0,0.0,0.0,0.0,Angamaly,5.0,19036.875270827277,19036.875270827277,14888102.073142758,Administrative Boundary,Survey of India (SOI),Kerala,10.196587404221955,76.41051861664445
877,877,35326.0,Kuttampuzha,628041,"Kuttampuzha, Athirappally","04, 86",Chalakudy (Part),73,Kothamangalam,5663,Kothamangalam,Ernakulam,555,Kakkanad,KL,32, ,India,Rural,6487.0,24799.0,3.82287652,44805.0,12554.0,12245.0,Available,Available,Available,Available,Available,Available,Available,Available,Available,Available,Available,Available,Available,Available,Available,Available,Available,Available,Available,Available,Available,Available,Available,41911.0,1229.0,24.0,0.0,0.0,155.0,0.0,0.0,1486.0,57.0,1429.0,0.0,29.0,0.0,0.0,1400.0,Kothamangalam,20.0,159770.8147907765,159770.8147907765,657889403.6832513,Administrative Boundary,Survey of India (SOI),Kerala,10.183564899222937,76.82436165911218
715,715,35164.0,Thrikkakara North Part,628002,Thrikkakara,01,Edapally,82,Kanayannur,5661,Kochi,Ernakulam,555,Kakkanad,KL,32, ,India,Rural,164.0,546.0,3.32926829,582.0,252.0,294.0,Available,Not Available,Not Available, , ,Available,Available,Available,Not Available, , ,Not Available, , ,Not Available, , ,Available,Available,Not Available,Available,Available,Available,0.0,0.0,40.0,0.0,3.0,14.0,10.0,10.0,505.0,27.0,502.0,0.0,502.0,0.0,0.0,0.0,Kalamassery,3.0,8324.883332167374,8324.883332167374,3230094.793477936,Administrative Boundary,Survey of India (SOI),Kerala,10.039073819794323,76.36825743012957
869,869,35318.0,Asamannoor,627945,Asamannoor,04,Koovappady,74,Kunnathunad,5657,Perumbavoor,Ernakulam,555,Kakkanad,KL,32, ,India,Rural,4714.0,19311.0,4.096521,2123.0,9574.0,9737.0,Available,Available,Available,Available,Available,Available,Available,Available,Available,Not Available,Not Available,Available,Available,Available,Not Available, , ,Available,Available,Not Available,Available,Available,Available,0.0,673.0,0.0,0.0,0.0,168.0,140.0,140.0,938.0,958.0,324.0,152.0,172.0,0.0,0.0,0.0,Kothamangalam,10.0,24493.38038238897,24493.38038238897,20395499.63975553,Administrative Boundary,Survey of India (SOI),Kerala,10.093001248288967,76.5537527974259
768,768,35217.0,Kodanad,627941,Koovappady,01,Koovappady,74,Kunnathunad,5657,Perumbavoor,Ernakulam,555,Kakkanad,KL,32, ,India,Rural,3502.0,14244.0,4.06739006,1941.0,7036.0,7208.0,Available,Not Available,Available,Available,Available,Available,Available,Available,Available,Not Available,Not Available,Available,Available,Available,Not Available, , ,Available,Available,Not Available,Not Available,Available,Available,63.0,465.0,72.0,0.0,0.0,155.0,124.0,124.0,954.0,165.0,1021.0,790.0,231.0,0.0,0.0,0.0,Perumbavoor,10.0,21952.70054319779,21952.70054319779,17549345.562478017,Administrative Boundary,Survey of India (SOI),Kerala,10.180019606532671,76.51764177224835
871,871,35320.0,Kombanad,627942,Vengoor,02,Koovappady,74,Kunnathunad,5657,Perumbavoor,Ernakulam,555,Kakkanad,KL,32, ,India,Rural,2810.0,10976.0,3.90604982,23139.0,5501.0,5475.0,Available,Not Available,Available,Available,Available,Available,Available,Available,Available,Not Available,Not Available,Available,Available,Available,Available,Not Available,Not Available,Available,Available,Not Available,Not Available,Available,Available,19283.0,401.0,0.0,0.0,0.0,0.0,0.0,0.0,3454.0,2800.0,655.0,326.0,214.0,0.0,0.0,115.0,Perumbavoor,15.0,31747.52211109336,31747.52211109336,40721616.71760383,Administrative Boundary,Survey of India (SOI),Kerala,10.164185362529707,76.58374167564051
860,860,35309.0,Vengoor,627943,Vengoor,02,Koovappady,74,Kunnathunad,5657,Perumbavoor,Ernakulam,555,Kakkanad,KL,32, ,India,Rural,2797.0,10961.0,3.91884162,1663.0,5332.0,5629.0,Available,Not Available,Not Available, , ,Available,Available,Available,Available,Available,Available,Available,Available,Available,Not Available, , ,Available,Available,Not Available,Not Available,Available,Available,0.0,96.0,6.0,0.0,8.0,0.0,69.0,69.0,1134.0,1330.0,230.0,190.0,40.0,0.0,0.0,0.0,Perumbavoor,11.0,23637.88581044424,23637.88581044424,15741188.651403897,Administrative Boundary,Survey of India (SOI),Kerala,10.138886612392314,76.55160904175307
691,691,35140.0,Vengoor West,627944,Mudakkuzha,03,Koovappady,74,Kunnathunad,5657,Perumbavoor,Ernakulam,555,Kakkanad,KL,32, ,India,Rural,4448.0,17355.0,3.9017536,2197.0,8615.0,8740.0,Available,Not Available,Available,Available,Available,Available,Available,Available,Available,Not Available,Not Available,Available,Available,Available,Available,Available,Available,Available,Available,Available,Not Available,Available,Available,0.0,313.0,0.0,0.0,0.0,0.0,0.0,0.0,1884.0,1519.0,365.0,300.0,50.0,0.0,0.0,15.0,Perumbavoor,8.0,28441.25016131241,28441.25016131241,20778162.90096178,Administrative Boundary,Survey of India (SOI),Kerala,10.145398207366743,76.52018020353407
872,872,35321.0,Kedavoor,628045,Paingattoor,87,Kothamangalam (Part),87,Kothamangalam,5663,Kothamangalam,Ernakulam,555,Kakkanad,KL,32, ,India,Rural,3739.0,15336.0,4.10163145,2411.0,7554.0,7782.0,Available,Not Available,Available,Not Available,Not Available,Available,Available,Available,Available,Not Available,Not Available,Available,Available,Available,Not Available, , ,Available,Not Available,Not Available,Not Available,Available,Available,0.0,28.0,0.0,0.0,0.0,0.0,0.0,0.0,2383.0,1932.0,451.0,0.0,138.0,0.0,313.0,0.0,Kothamangalam,17.0,29009.661993266003,29009.661993266003,30416356.380578466,Administrative Boundary,Survey of India (SOI),Kerala,10.003776618802375,76.73181000983388
870,870,35319.0,Kottappady,628039,Kottappady,01,Kothamangalam (Part),87,Kothamangalam,5663,Kothamangalam,Ernakulam,555,Kakkanad,KL,32, ,India,Rural,3357.0,13512.0,4.02502234,2786.0,6710.0,6802.0,Available,Available,Available,Available,Available,Available,Available,Available,Available,Not Available,Not Available,Available,Available,Available,Available,Available,Available,Available,Available,Not Available,Available,Available,Available,533.0,44.0,4.0,0.0,0.0,0.0,0.0,0.0,2198.0,1855.0,350.0,350.0,0.0,0.0,0.0,0.0,Kothamangalam,10.0,26476.11554438942,26476.11554438942,25944327.230601013,Administrative Boundary,Survey of India (SOI),Kerala,10.12803233555403,76.6036626696276
864,864,35313.0,Kuttamangalam,628043,"Kavalangad, Keerampara, Pallarimangalam","06, 05, 07",Kothamangalam (Part),87,Kothamangalam,5663,Kothamangalam,Ernakulam,555,Kakkanad,KL,32, ,India,Rural,4200.0,17400.0,4.14285714,3590.0,8599.0,8801.0,Available,Not Available,Not Available, , ,Available,Available,Available,Not Available, , ,Available,Available,Available,Not Available, , ,Available,Available,Not Available,Not Available,Available,Available,681.0,0.0,0.0,0.0,0.0,0.0,0.0,0.0,2909.0,2689.0,220.0,157.0,0.0,63.0,0.0,0.0,Kothamangalam,8.0,35150.108254200764,35150.108254200764,25541569.069526017,Administrative Boundary,Survey of India (SOI),Kerala,10.054731402081638,76.69192406842198
865,865,35314.0,Neriamangalam,628044,"Kavalangad, Pallarimangalam","06, 07",Kothamangalam (Part),87,Kothamangalam,5663,Kothamangalam,Ernakulam,555,Kakkanad,KL,32, ,India,Rural,3952.0,15994.0,4.04706478,2730.0,8017.0,7977.0,Available,Not Available,Not Available, , ,Available,Available,Available,Available,Available,Available,Available,Available,Available,Available,Not Available,Not Available,Available,Available,Not Available,Not Available,Available,Available,1200.0,230.0,0.0,0.0,0.0,0.0,34.0,34.0,1267.0,1004.0,296.0,26.0,100.0,40.0,81.0,49.0,Kothamangalam,19.0,50735.57775857056,50735.57775857056,52807180.170876265,Administrative Boundary,Survey of India (SOI),Kerala,10.048907705326892,76.75384430656551
859,859,35308.0,Pindimana,628040,Pindimana,02,Kothamangalam (Part),87,Kothamangalam,5663,Kothamangalam,Ernakulam,555,Kakkanad,KL,32, ,India,Rural,3242.0,12516.0,3.86057989,2179.0,6286.0,6230.0,Available,Not Available,Available,Available,Available,Available,Available,Available,Available,Available,Available,Available,Available,Available,Available,Available,Available,Available,Available,Not Available,Available,Available,Available,8.0,284.0,0.0,0.0,0.0,0.0,0.0,0.0,1887.0,1604.0,284.0,244.0,39.0,0.0,0.0,0.0,Kothamangalam,6.0,27266.82051817844,27266.82051817844,22445437.280416496,Administrative Boundary,Survey of India (SOI),Kerala,10.121155789093045,76.63979843177736
866,866,35315.0,Thrikkariyoor Part,628038,"Nellikkuzhi, Kottappady, Pindimana","03, 01, 02",Kothamangalam (Part),87,Kothamangalam,5663,Kothamangalam,Ernakulam,555,Kakkanad,KL,32, ,India,Rural,3888.0,15746.0,4.04989712,1326.0,7721.0,8025.0,Available,Not Available,Available,Available,Available,Available,Available,Available,Available,Available,Available,Available,Available,Available,Not Available, , ,Available,Available,Not Available,Available,Available,Available,0.0,80.0,0.0,0.0,0.0,0.0,0.0,0.0,1246.0,0.0,1246.0,880.0,365.0,0.0,0.0,0.0,Kothamangalam,3.0,19816.53357520957,19816.53357520957,12924773.27309128,Administrative Boundary,Survey of India (SOI),Kerala,10.092878605138608,76.59588162274548
681,681,35130.0,Edakkattuvayal,628003,Edakkattuvayal,02,Mulamthuruthy,83,Kanayannur,5661,Kochi,Ernakulam,555,Kakkanad,KL,32, ,India,Rural,2966.0,11912.0,4.01618341,1808.0,5817.0,6095.0,Available,Available,Available,Available,Available,Available,Available,Available,Available,Available,Available,Available,Available,Available,Not Available, , ,Available,Available,Not Available,Not Available,Available,Available,3.0,55.0,0.0,0.0,0.0,0.0,0.0,0.0,1750.0,1442.0,308.0,0.0,0.0,20.0,0.0,288.0,Kochi,18.0,27098.69546496333,27098.69546496333,18413434.933455992,Administrative Boundary,Survey of India (SOI),Kerala,9.872308860013115,76.4357883535136
683,683,35132.0,Kaippattur,628004,Edakkattuvayal,02,Mulamthuruthy,83,Kanayannur,5661,Kochi,Ernakulam,555,Kakkanad,KL,32, ,India,Rural,1579.0,6246.0,3.95566814,820.0,3051.0,3195.0,Available,Available,Available,Available,Available,Available,Available,Available,Available,Available,Available,Available,Available,Available,Available,Not Available,Not Available,Not Available,Available,Not Available,Available,Available,Available,0.0,43.0,0.0,0.0,0.0,0.0,0.0,0.0,777.0,556.0,222.0,0.0,0.0,16.0,0.0,206.0,Piravom,10.0,15971.298935866438,15971.298935866438,7895236.49056994,Administrative Boundary,Survey of India (SOI),Kerala,9.852206413937969,76.4476213109045
680,680,35129.0,Keecherry,628006,Amballoor,03,Mulamthuruthy,83,Kanayannur,5661,Kochi,Ernakulam,555,Kakkanad,KL,32, ,India,Rural,1573.0,6356.0,4.04068659,506.0,3145.0,3211.0,Available,Not Available,Not Available, , ,Available,Available,Available,Available,Available,Available,Available,Available,Available,Not Available, , ,Not Available,Available,Not Available,Not Available,Not Available,Available,0.0,56.0,0.0,0.0,0.0,100.0,0.0,0.0,76.0,239.0,110.0,65.0,20.0,0.0,0.0,25.0,Thrippunithura,15.0,13484.187307446971,13484.187307446971,4589009.833875127,Administrative Boundary,Survey of India (SOI),Kerala,9.83309633783488,76.40896360491527
685,685,35134.0,Kulayettikara,628005,Amballoor,03,Mulamthuruthy,83,Kanayannur,5661,Kochi,Ernakulam,555,Kakkanad,KL,32, ,India,Rural,1937.0,7914.0,4.08569954,671.0,3878.0,4036.0,Available,Not Available,Not Available, , ,Available,Available,Available,Available,Available,Available,Available,Available,Available,Not Available, , ,Not Available,Available,Not Available,Not Available,Not Available,Available,0.0,45.0,0.0,0.0,0.0,88.0,0.0,0.0,39.0,323.0,215.0,0.0,215.0,0.0,0.0,0.0,Thrippunithura,0.0,12594.865192973786,12594.865192973786,6662141.491775545,Administrative Boundary,Survey of India (SOI),Kerala,9.842266639966505,76.42727939212307
873,873,35322.0,Kalloorkkad,628023,Kalloorkkad,89,Muvattupuzha (Part),85,Muvattupuzha,5662,Muvattupuzha,Ernakulam,555,Kakkanad,KL,32, ,India,Rural,3130.0,12911.0,4.12492013,2420.0,6466.0,6445.0,Available,Not Available,Not Available, , ,Available,Available,Available,Available,Available,Available,Available,Available,Available,Available,Not Available,Not Available,Available,Available,Not Available,Available,Available,Available,0.0,273.0,0.0,0.0,0.0,0.0,0.0,0.0,1942.0,1841.0,306.0,0.0,306.0,0.0,0.0,0.0,Muvattupuzha,10.0,27380.614042907328,27380.614042907328,26935905.93577657,Administrative Boundary,Survey of India (SOI),Kerala,9.961143187315566,76.69129348490304
879,879,35328.0,Marady Part,628027,"Marady, Arakuzha, Ramamangalam","02, 06, 07",Muvattupuzha (Part),85,Muvattupuzha,5662,Muvattupuzha,Ernakulam,555,Kakkanad,KL,32, ,India,Rural,4255.0,17176.0,4.03666275,1793.0,8578.0,8598.0,Available,Not Available,Available,Available,Available,Available,Available,Available,Available,Available,Available,Available,Available,Available,Available,Available,Available,Available,Available,Available,Not Available,Available,Available,0.0,211.0,0.0,0.0,0.0,0.0,0.0,0.0,1582.0,1163.0,420.0,270.0,75.0,0.0,0.0,75.0,Muvattupuzha,6.0,14418.356561609213,14418.356561609213,8913575.703681378,Administrative Boundary,Survey of India (SOI),Kerala,9.940857956979107,76.55709655936828
705,705,35154.0,Memury,628028,"Pampakuda, Marady, Ramamangalam","08, 02, 07",Muvattupuzha (Part),85,Muvattupuzha,5662,Muvattupuzha,Ernakulam,555,Kakkanad,KL,32, ,India,Rural,2560.0,10049.0,3.92539063,2294.0,5036.0,5013.0,Available,Not Available,Available,Available,Available,Available,Available,Available,Available,Not Available,Not Available,Available,Available,Available,Available,Available,Available,Available,Available,Not Available,Available,Available,Available,0.0,10.0,5.0,0.0,0.0,0.0,0.0,0.0,2279.0,2133.0,146.0,123.0,15.0,0.0,0.0,8.0,Muvattupuzha,10.0,29343.217814592816,29343.217814592816,24442105.77366062,Administrative Boundary,Survey of India (SOI),Kerala,9.94410413582279,76.51782728108935
863,863,35312.0,Muvattupuzha Part,628025,Avoly,05,Muvattupuzha (Part),85,Muvattupuzha,5662,Muvattupuzha,Ernakulam,555,Kakkanad,KL,32, ,India,Rural,4725.0,19797.0,4.18984127,1860.0,9781.0,10016.0,Available,Not Available,Not Available, , ,Available,Available,Available,Available,Available,Available,Available,Available,Available,Not Available, , ,Available,Available,Not Available,Not Available,Available,Available,0.0,115.0,40.0,0.0,0.0,0.0,450.0,450.0,455.0,995.0,710.0,0.0,410.0,0.0,0.0,300.0,Muvattupuzha,8.0,21301.33682608509,21301.33682608509,11947230.918646568,Administrative Boundary,Survey of India (SOI),Kerala,9.941840667208453,76.62501921624207
706,706,35155.0,Valakam,628020,"Valakam, Marady","01, 02",Muvattupuzha (Part),85,Muvattupuzha,5662,Muvattupuzha,Ernakulam,555,Kakkanad,KL,32, ,India,Rural,4012.0,15966.0,3.97956132,2110.0,7975.0,7991.0,Available,Not Available,Available,Available,Available,Available,Available,Available,Available,Available,Available,Available,Available,Available,Available,Not Available,Not Available,Available,Available,Not Available,Available,Not Available,Available,0.0,111.0,32.0,0.0,0.0,11.0,22.0,22.0,729.0,1156.0,800.0,430.0,55.0,60.0,0.0,255.0,Muvattupuzha,7.0,23298.26742555805,23298.26742555805,22374659.67786378,Administrative Boundary,Survey of India (SOI),Kerala,9.9815848011908,76.53366860730593
684,684,35133.0,Chellanam,627997,Chellanam,05,Palluruthy,81,Kochi,5660,Kochi,Ernakulam,555,Kakkanad,KL,32, ,India,Rural,3446.0,14928.0,4.33197911,812.0,7434.0,7494.0,Available,Not Available,Not Available, , ,Available,Available,Available,Not Available, , ,Not Available, , ,Not Available, , ,Not Available,Not Available,Not Available,Not Available,Available,Available,0.0,310.0,0.0,0.0,0.0,0.0,0.0,0.0,502.0,502.0,0.0,0.0,0.0,0.0,0.0,0.0,Kochi,25.0,15968.977510980105,15968.977510980105,8009858.81973156,Administrative Boundary,Survey of India (SOI),Kerala,9.81895529406206,76.27790016943892
847,847,35296.0,Koothattukulam,628035,Koothattukulam,13,Pampakuda,86,Muvattupuzha,5662,Muvattupuzha,Ernakulam,555,Kakkanad,KL,32, ,India,Rural,4470.0,17253.0,3.85973154,2313.0,8384.0,8869.0,Available,Not Available,Available,Available,Available,Available,Available,Available,Available,Available,Available,Available,Available,Available,Not Available, , ,Available,Available,Not Available,Not Available,Available,Available,0.0,74.0,0.0,0.0,38.0,10.0,60.0,60.0,2062.0,2029.0,200.0,0.0,200.0,0.0,0.0,0.0,Muvattupuzha,20.0,26367.61196125423,26367.61196125423,22315634.839325603,Administrative Boundary,Survey of India (SOI),Kerala,9.861267855114528,76.58065957119575
686,686,35135.0,Onakkoor,628032,Pampakuda,08,Pampakuda,86,Muvattupuzha,5662,Muvattupuzha,Ernakulam,555,Kakkanad,KL,32, ,India,Rural,3159.0,12421.0,3.93194049,2187.0,6203.0,6218.0,Available,Not Available,Available,Available,Available,Available,Available,Available,Available,Not Available,Not Available,Available,Available,Available,Available,Available,Available,Available,Available,Not Available,Not Available,Available,Available,0.0,61.0,3.0,0.0,0.0,0.0,0.0,0.0,2123.0,1638.0,486.0,101.0,0.0,23.0,361.0,0.0,Muvattupuzha,14.0,33538.155057745345,33538.155057745345,19925812.003583472,Administrative Boundary,Survey of India (SOI),Kerala,9.902342072191066,76.5214708464864
848,848,35297.0,Palakkuzha,628034,Palakkuzha,12,Pampakuda,86,Muvattupuzha,5662,Muvattupuzha,Ernakulam,555,Kakkanad,KL,32, ,India,Rural,3401.0,13412.0,3.94354602,2265.0,6584.0,6828.0,Available,Not Available,Available,Available,Available,Available,Available,Available,Available,Not Available,Not Available,Available,Available,Available,Available,Available,Available,Available,Available,Not Available,Not Available,Available,Available,0.0,126.0,2.0,2.0,0.0,0.0,7.0,7.0,2123.0,1723.0,412.0,2.0,200.0,0.0,0.0,210.0,Muvattupuzha,18.0,24137.52618669942,24137.52618669942,22899023.876117144,Administrative Boundary,Survey of India (SOI),Kerala,9.882822303225476,76.61159330827549
682,682,35131.0,Piravom,628031,Piravom,10,Pampakuda,86,Muvattupuzha,5662,Muvattupuzha,Ernakulam,555,Kakkanad,KL,32, ,India,Rural,6943.0,27229.0,3.92179173,2896.0,13358.0,13871.0,Available,Available,Available,Available,Available,Available,Available,Available,Available,Not Available,Not Available,Available,Available,Available,Available,Not Available,Not Available,Available,Available,Not Available,Available,Not Available,Available,0.0,204.0,0.0,0.0,0.0,0.0,0.0,0.0,2692.0,1880.0,813.0,306.0,364.0,0.0,61.0,81.0,Muvattupuzha,20.0,29473.91214832978,29473.91214832978,31460242.73901889,Administrative Boundary,Survey of India (SOI),Kerala,9.869342324443695,76.49037018066423
688,688,35137.0,Ramamangalam,628029,Ramamangalam,07,Pampakuda,86,Muvattupuzha,5662,Muvattupuzha,Ernakulam,555,Kakkanad,KL,32, ,India,Rural,2602.0,10035.0,3.85664873,1408.0,5036.0,4999.0,Available,Not Available,Not Available, , ,Available,Available,Available,Available,Available,Available,Available,Available,Available,Not Available, , ,Available,Available,Not Available,Available,Available,Available,0.0,102.0,0.0,2.0,0.0,0.0,0.0,0.0,1304.0,815.0,489.0,448.0,20.0,0.0,0.0,20.0,Muvattupuzha,10.0,20913.41521042624,20913.41521042624,14962979.088826235,Administrative Boundary,Survey of India (SOI),Kerala,9.927685254671,76.48820156044374
849,849,35298.0,Thirumarady,628033,Thirumarady,11,Pampakuda,86,Muvattupuzha,5662,Muvattupuzha,Ernakulam,555,Kakkanad,KL,32, ,India,Rural,4482.0,17585.0,3.92347166,2934.0,8756.0,8829.0,Available,Not Available,Available,Available,Available,Available,Available,Available,Available,Available,Available,Available,Available,Available,Not Available, , ,Available,Available,Not Available,Not Available,Not Available,Available,0.0,167.0,0.0,0.0,0.0,0.0,0.0,0.0,2767.0,1384.0,1383.0,415.0,215.0,0.0,0.0,753.0,Muvattupuzha,25.0,32182.834987511367,32182.834987511367,31668595.833649103,Administrative Boundary,Survey of India (SOI),Kerala,9.896491460916485,76.5550365596216
699,699,35148.0,Kunnukara,627981,Kunnukara,64,Parakkadavu (Part),69,Paravur,5659,Paravur,Ernakulam,555,Kakkanad,KL,32, ,India,Rural,4068.0,16433.0,4.03957719,1265.0,7970.0,8463.0,Available,Not Available,Available,Available,Available,Available,Available,Available,Available,Available,Available,Available,Available,Available,Not Available, , ,Available,Available,Not Available,Not Available,Available,Available,0.0,44.0,11.0,0.0,20.0,0.0,111.0,111.0,1075.0,429.0,781.0,455.0,215.0,0.0,0.0,110.0, Paravur,7.0,18536.66864742152,18536.66864742152,13082619.579862269,Administrative Boundary,Survey of India (SOI),Kerala,10.156930395111406,76.30571506511929
704,704,35153.0,Ezhikkara,627982,Ezhikkara,01,Paravur,79,Paravur,5659,Paravur,Ernakulam,555,Kakkanad,KL,32, ,India,Rural,2698.0,10813.0,4.00778354,1301.0,5263.0,5550.0,Available,Not Available,Available,Available,Available,Available,Available,Available,Not Available, , ,Available,Not Available,Not Available,Available,Available,Available,Not Available,Available,Not Available,Not Available,Available,Available,0.0,230.0,3.0,0.0,0.0,0.0,0.0,0.0,1068.0,1068.0,0.0,0.0,0.0,0.0,0.0,0.0,Paravur,5.0,17652.90849192935,17652.90849192935,7234723.949073373,Administrative Boundary,Survey of India (SOI),Kerala,10.088944228902513,76.23399080341436
689,689,35138.0,Aikaranad North,627953,Aikaranad,10,Vadavukode,76,Kunnathunad,5657,Perumbavoor,Ernakulam,555,Kakkanad,KL,32, ,India,Rural,5123.0,20316.0,3.96564513,2404.0,10081.0,10235.0,Available,Not Available,Available,Available,Available,Available,Available,Available,Available,Available,Available,Available,Available,Available,Not Available, , ,Available,Available,Not Available,Not Available,Available,Available,0.0,179.0,0.0,0.0,0.0,28.0,0.0,0.0,2197.0,2011.0,185.0,135.0,50.0,0.0,0.0,0.0,Perumbavoor,16.0,30305.451120498998,30305.451120498998,19979549.835580725,Administrative Boundary,Survey of India (SOI),Kerala,9.994167127585726,76.4617034086248
696,696,35145.0,Aikaranad South,627954,Poothrikka,12,Vadavukode,76,Kunnathunad,5657,Perumbavoor,Ernakulam,555,Kakkanad,KL,32, ,India,Rural,5375.0,21053.0,3.91683721,2254.0,10396.0,10657.0,Available,Not Available,Available,Available,Available,Available,Available,Available,Available,Available,Available,Available,Available,Available,Not Available, , ,Available,Available,Not Available,Available,Available,Available,0.0,302.0,0.0,0.0,0.0,323.0,0.0,0.0,1629.0,975.0,654.0,557.0,49.0,2.0,0.0,46.0,Muvattupuzha,14.0,25881.8252725863,25881.8252725863,30214900.75617881,Administrative Boundary,Survey of India (SOI),Kerala,9.96425437298923,76.4606377520135
714,714,35163.0,Irapuram,627948,Mazhuvannoor,07,Vadavukode,76,Kunnathunad,5657,Perumbavoor,Ernakulam,555,Kakkanad,KL,32, ,India,Rural,4770.0,19137.0,4.01194969,2428.0,9573.0,9564.0,Not Available,Available,Available,Available,Available,Available,Available,Available,Not Available, , ,Available,Available,Available,Available,Not Available,Not Available,Available,Available,Not Available,Not Available,Available,Available,0.0,625.0,0.0,0.0,0.0,0.0,0.0,0.0,1803.0,733.0,1070.0,844.0,226.0,0.0,0.0,0.0,Perumbavoor,11.0,22323.435067039696,22323.435067039696,22476943.98374525,Administrative Boundary,Survey of India (SOI),Kerala,10.040058509960653,76.51021056403314
707,707,35156.0,Mazhuvannoor,627949,Mazhuvannoor,07,Vadavukode,76,Kunnathunad,5657,Perumbavoor,Ernakulam,555,Kakkanad,KL,32, ,India,Rural,3679.0,14946.0,4.06251699,2785.0,7560.0,7386.0,Available,Not Available,Not Available, , ,Available,Available,Available,Not Available, , ,Available,Available,Available,Not Available, , ,Available,Available,Not Available,Not Available,Available,Available,0.0,400.0,0.0,0.0,0.0,305.0,593.0,593.0,1487.0,1023.0,1057.0,97.0,50.0,0.0,0.0,910.0,Perumbavoor,8.0,30427.609602441444,30427.609602441444,26735832.583567597,Administrative Boundary,Survey of India (SOI),Kerala,10.01234126780763,76.49964644128991
700,700,35149.0,Vadavukode,627952,Vadavukode-Puthencruz,11,Vadavukode,76,Kunnathunad,5657,Perumbavoor,Ernakulam,555,Kakkanad,KL,32, ,India,Rural,624.0,2377.0,3.80929487,250.0,1155.0,1222.0,Available,Not Available,Available,Available,Available,Available,Available,Available,Available,Not Available,Not Available,Available,Available,Available,Not Available, , ,Available,Available,Not Available,Not Available,Not Available,Available,0.0,30.0,0.0,0.0,0.0,0.0,0.0,0.0,220.0,0.0,220.0,55.0,0.0,0.0,0.0,165.0,Thrippunithura,18.0,7579.933098166605,7579.933098166605,2450997.3338148,Administrative Boundary,Survey of India (SOI),Kerala,9.983900587699246,76.42476496623121
702,702,35151.0,Arakapady,627947,Vengola,06,Vazhakulam,75,Kunnathunad,5657,Perumbavoor,Ernakulam,555,Kakkanad,KL,32, ,India,Rural,4213.0,17779.0,4.22003323,1758.0,8920.0,8859.0,Available,Not Available,Available,Available,Available,Available,Available,Available,Available,Available,Available,Available,Available,Available,Not Available, , ,Available,Available,Not Available,Not Available,Available,Available,0.0,232.0,0.0,0.0,0.0,150.0,376.0,376.0,1000.0,589.0,787.0,376.0,162.0,249.0,0.0,0.0,Perumbavoor,7.0,23237.678853443264,23237.678853443264,18129572.63575645,Administrative Boundary,Survey of India (SOI),Kerala,10.064645638579147,76.45946525017706
701,701,35150.0,Pattimattom,627950,"Kunnathunad, Kizhakkambalam, Aikaranad","09, 08, 10",Vazhakulam,75,Kunnathunad,5657,Perumbavoor,Ernakulam,555,Kakkanad,KL,32, ,India,Rural,5128.0,21595.0,4.21119345,2135.0,10766.0,10829.0,Available,Not Available,Available,Available,Available,Available,Available,Available,Available,Available,Available,Available,Not Available,Not Available,Not Available, , ,Available,Available,Not Available,Not Available,Not Available,Available,0.0,223.0,0.0,0.0,0.0,0.0,491.0,491.0,1421.0,1310.0,602.0,574.0,28.0,0.0,0.0,0.0,Perumbavoor,12.0,25598.318913604828,25598.318913604828,25634193.748510707,Administrative Boundary,Survey of India (SOI),Kerala,10.032823884839503,76.44622029288337
709,709,35158.0,Edavanakkad,627995,Edavanakkad,03,Vypin,80,Kochi,5660,Kochi,Ernakulam,555,Kakkanad,KL,32, ,India,Rural,5293.0,21787.0,4.1161912,1124.0,10471.0,11316.0,Available,Not Available,Not Available, , ,Available,Available,Available,Not Available, , ,Not Available, , ,Not Available, , ,Available,Available,Not Available,Available,Available,Available,0.0,114.0,0.0,0.0,0.0,831.0,0.0,0.0,179.0,179.0,0.0,0.0,0.0,0.0,0.0,0.0,Kochi,19.0,12758.66823067113,12758.66823067113,10167649.69276116,Administrative Boundary,Survey of India (SOI),Kerala,10.091286931030993,76.20561821625226
713,713,35162.0,Kuzhuppilly,627993,"Kuzhuppilly, Pallippuram","02, 01",Vypin,80,Kochi,5660,Kochi,Ernakulam,555,Kakkanad,KL,32, ,India,Rural,5797.0,23858.0,4.11557702,852.0,11730.0,12128.0,Available,Available,Not Available, , ,Available,Available,Available,Available,Not Available,Not Available,Not Available, , ,Not Available, , ,Available,Not Available,Not Available,Not Available,Available,Available,0.0,80.0,0.0,0.0,0.0,0.0,0.0,0.0,772.0,772.0,0.0,0.0,0.0,0.0,0.0,0.0,Paravur,10.0,25185.64179328361,25185.64179328361,12534599.621273492,Administrative Boundary,Survey of India (SOI),Kerala,10.137322243520952,76.18895328015866
711,711,35160.0,Nayarambalam,627996,Narayambalam,04,Vypin,80,Kochi,5660,Kochi,Ernakulam,555,Kakkanad,KL,32, ,India,Rural,5910.0,24127.0,4.08240271,1219.0,11867.0,12260.0,Available,Not Available,Not Available, , ,Available,Available,Available,Available,Not Available,Not Available,Available,Available,Available,Not Available, , ,Not Available,Available,Not Available,Available,Available,Available,0.0,848.0,0.0,0.0,0.0,0.0,0.0,0.0,371.0,371.0,0.0,0.0,0.0,0.0,0.0,0.0,Kochi,18.0,17203.459215861065,17203.459215861065,12407399.327702375,Administrative Boundary,Survey of India (SOI),Kerala,10.064604658720782,76.21930110388118
690,690,35139.0,Pallippuram,627994,Pallippuram,01,Vypin,80,Kochi,5660,Kochi,Ernakulam,555,Kakkanad,KL,32, ,India,Rural,8056.0,32321.0,4.01204071,1152.0,15866.0,16455.0,Available,Not Available,Not Available, , ,Available,Available,Available,Not Available, , ,Available,Available,Available,Not Available, , ,Available,Available,Not Available,Not Available,Available,Available,0.0,660.0,10.0,0.0,0.0,3.0,0.0,0.0,479.0,479.0,0.0,0.0,0.0,0.0,0.0,0.0,Paravur,6.0,14859.955253557036,14859.955253557036,9321769.851773974,Administrative Boundary,Survey of India (SOI),Kerala,10.142526789790184,76.19071593106665
895,895,35344.0,Baisonvally,628063,Baisonvally,03,Adimali,89,Udumbanchola,5665,Nedumkandam,Idukki,556,Painavu,KL,32, ,India,Rural,3163.0,12653.0,4.00031616,3262.0,6332.0,6321.0,Available,Not Available,Not Available, , ,Available,Available,Available,Not Available, , ,Not Available, , ,Available,Available,Available,Available,Available,Not Available,Not Available,Not Available,Available,0.0,500.0,0.0,20.0,0.0,0.0,0.0,0.0,2742.0,2697.0,45.0,0.0,30.0,15.0,0.0,0.0,Idukki,50.0,35952.00557303869,35952.00557303869,48321497.062514246,Administrative Boundary,Survey of India (SOI),Kerala,10.009156231755117,77.10015510285257
904,904,35353.0,Kunjithanny,628059,"Vellathuval, Pallivasal","07, 09",Adimali,89,Devikulam,5664,Devikulam,Idukki,556,Painavu,KL,32, ,India,Rural,3069.0,12202.0,3.97588791,2577.0,6193.0,6009.0,Available,Available,Available,Available,Available,Available,Available,Available,Not Available, , ,Available,Available,Available,Available,Not Available,Not Available,Available,Available,Not Available,Available,Available,Available,0.0,226.0,74.0,0.0,0.0,150.0,0.0,0.0,2127.0,2127.0,0.0,0.0,0.0,0.0,0.0,0.0,Kothamangalam,64.0,23788.73982820451,23788.73982820451,17845003.56771006,Administrative Boundary,Survey of India (SOI),Kerala,10.010126692300366,77.04505835686388
856,856,35305.0,Mannamkandam,628056,"Adimali, Vellathuval","08, 07",Adimali,89,Devikulam,5664,Devikulam,Idukki,556,Painavu,KL,32, ,India,Rural,10368.0,40593.0,3.91521991,34088.0,20270.0,20323.0,Available,Not Available,Available,Available,Available,Available,Available,Available,Available,Available,Available,Available,Available,Available,Available,Available,Available,Available,Available,Available,Not Available,Available,Available,24289.0,7430.0,0.0,0.0,0.0,0.0,0.0,0.0,2369.0,1935.0,434.0,0.0,0.0,0.0,0.0,434.0,Ernakulam,100.0,94171.4710461635,94171.4710461635,182078882.5278634,Administrative Boundary,Survey of India (SOI),Kerala,10.038019724123789,76.89729150738836
897,897,35346.0,Pallivasal,628058,Pallivasal,09,Adimali,89,Devikulam,5664,Devikulam,Idukki,556,Painavu,KL,32, ,India,Rural,2726.0,10875.0,3.9893617,3389.0,5417.0,5458.0,Available,Not Available,Available,Available,Available,Available,Available,Available,Not Available, , ,Available,Available,Available,Not Available, , ,Available,Available,Not Available,Not Available,Available,Available,0.0,41.0,0.0,0.0,0.0,0.0,0.0,0.0,3348.0,3336.0,12.0,0.0,0.0,0.0,0.0,12.0,Kothamangalam,72.0,42387.64058854615,42387.64058854615,38630481.97790936,Administrative Boundary,Survey of India (SOI),Kerala,10.043755374921584,77.03407090061843
903,903,35352.0,Rajakkad,628062,"Rajakkad, Baisonvally","02, 03",Adimali,89,Udumbanchola,5665,Nedumkandam,Idukki,556,Painavu,KL,32, ,India,Rural,4094.0,16486.0,4.02686859,3266.0,8229.0,8257.0,Not Available,Available,Available,Available,Available,Available,Available,Available,Available,Available,Available,Available,Available,Available,Available,Available,Available,Available,Available,Not Available,Available,Available,Available,0.0,30.0,0.0,0.0,0.0,97.0,45.0,45.0,3079.0,3139.0,0.0,0.0,0.0,0.0,0.0,0.0,Idukki,50.0,26794.57199655236,26794.57199655236,26099810.51721901,Administrative Boundary,Survey of India (SOI),Kerala,9.961490067481327,77.08959243757674
898,898,35347.0,Vellathuval,628060,Vellathuval,07,Adimali,89,Devikulam,5664,Devikulam,Idukki,556,Painavu,KL,32, ,India,Rural,3622.0,14509.0,4.0057979,4812.0,7217.0,7292.0,Available,Available,Available,Available,Available,Available,Available,Available,Available,Available,Available,Available,Available,Available,Available,Available,Available,Available,Available,Not Available,Available,Available,Available,0.0,225.0,0.0,0.0,0.0,30.0,0.0,0.0,4557.0,4453.0,104.0,104.0,0.0,0.0,0.0,0.0,Kothamangalam,64.0,37384.92090527117,37384.92090527117,34007536.67687047,Administrative Boundary,Survey of India (SOI),Kerala,9.989729446003878,77.0093046085011
556,556,35005.0,Kokkayar,628106,"Kokkayar, Peruvanthanam","03, 04",Azhutha,93,Peerumade,5667,Peermade,Idukki,556,Painavu,KL,32, ,India,Rural,3057.0,12190.0,3.98756951,6211.0,6103.0,6087.0,Available,Available,Available,Available,Available,Available,Available,Available,Available,Available,Available,Available,Available,Available,Available,Available,Available,Available,Available,Not Available,Not Available,Available,Available,1530.0,1080.0,0.0,0.0,0.0,9.0,0.0,0.0,3592.0,3592.0,0.0,0.0,0.0,0.0,0.0,0.0,Thodupuzha,50.0,42976.64815969493,42976.64815969493,56079662.82276396,Administrative Boundary,Survey of India (SOI),Kerala,9.58278459525105,76.91784449281309
656,656,35105.0,Kumily,628110,Kumily,70,Azhutha,93,Peerumade,5667,Peermade,Idukki,556,Painavu,KL,32, ,India,Rural,7404.0,30276.0,4.089141,20331.0,15162.0,15114.0,Available,Available,Available,Available,Available,Available,Available,Available,Available,Available,Available,Available,Available,Available,Available,Not Available,Not Available,Available,Available,Not Available,Available,Available,Available,10198.0,0.0,0.0,0.0,0.0,0.0,0.0,0.0,10133.0,3659.0,6474.0,0.0,0.0,0.0,0.0,6474.0,Kambum,22.0,170132.69149140143,170132.69149140143,194842005.70994127,Administrative Boundary,Survey of India (SOI),Kerala,9.578322232678701,77.19548391625469
657,657,35106.0,Manjumala,628108,"Vandiperiyar, Peermade","05, 02",Azhutha,93,Peerumade,5667,Peermade,Idukki,556,Painavu,KL,32, ,India,Rural,5126.0,20503.0,3.99980492,9654.0,10200.0,10303.0,Available,Not Available,Available,Available,Available,Available,Available,Available,Available,Available,Available,Available,Available,Available,Available,Not Available,Not Available,Available,Available,Not Available,Available,Available,Available,3696.0,367.0,0.0,0.0,0.0,0.0,0.0,0.0,5591.0,5591.0,0.0,0.0,0.0,0.0,0.0,0.0,Kambum,36.0,82232.9579080356,82232.9579080356,87885067.12831107,Administrative Boundary,Survey of India (SOI),Kerala,9.551863592778572,77.0522820008829
560,560,35009.0,Mlappara,628111,Peruvanthanam,04,Azhutha,93,Peerumade,5667,Peermade,Idukki,556,Painavu,KL,32, ,India,Rural,314.0,1129.0,3.5955414,54940.0,535.0,594.0,Available,Not Available,Available,Available,Available,Available,Available,Available,Available,Available,Available,Not Available, , ,Available,Available,Available,Available,Not Available,Available,Not Available,Not Available,Available,50331.0,0.0,0.0,0.0,0.0,0.0,0.0,0.0,4609.0,4400.0,209.0,0.0,0.0,209.0,0.0,0.0,Kottayam,60.0,259413.2780950202,259413.2780950202,577304153.2762203,Administrative Boundary,Survey of India (SOI),Kerala,9.453223279747236,77.23737850490403
654,654,35103.0,Periyar,628109,"Vandiperiyar, Kumily","05, 70",Azhutha,93,Peerumade,5667,Peermade,Idukki,556,Painavu,KL,32, ,India,Rural,5749.0,22978.0,3.99686902,5098.0,11397.0,11581.0,Available,Not Available,Not Available, , ,Available,Available,Available,Available,Available,Available,Available,Available,Available,Available,Not Available,Not Available,Available,Available,Available,Not Available,Available,Available,0.0,61.0,10.0,0.0,0.0,75.0,0.0,0.0,4952.0,4952.0,0.0,0.0,0.0,0.0,0.0,0.0,Kambum,21.0,54989.59932309073,54989.59932309073,69081985.820453,Administrative Boundary,Survey of India (SOI),Kerala,9.581183122184292,77.11063745149839
555,555,35004.0,Peruvanthanam,628112,Peruvanthanam,04,Azhutha,93,Peerumade,5667,Peermade,Idukki,556,Painavu,KL,32, ,India,Rural,3424.0,14093.0,4.11594626,6892.0,6996.0,7097.0,Not Available,Available,Available,Available,Available,Available,Available,Available,Available,Available,Available,Available,Available,Available,Available,Not Available,Not Available,Not Available,Available,Not Available,Available,Available,Available,169.0,1689.0,90.0,0.0,0.0,0.0,0.0,0.0,4944.0,4944.0,0.0,0.0,0.0,0.0,0.0,0.0,Mundakayam,9.0,52143.18813084882,52143.18813084882,78525404.86883076,Administrative Boundary,Survey of India (SOI),Kerala,9.522464126425788,76.9631765097688
905,905,35354.0,Kannan Devan Hills,628054,"Munnar, Devikulam","04, 05",Devikulam,88,Devikulam,5664,Devikulam,Idukki,556,Painavu,KL,32, ,India,Rural,14134.0,55738.0,3.9435404,45689.0,27973.0,27765.0,Available,Available,Not Available, , ,Available,Available,Available,Available,Available,Available,Available,Available,Available,Available,Available,Available,Available,Available,Not Available,Available,Available,Available,18071.0,1936.0,0.0,0.0,0.0,0.0,0.0,0.0,25682.0,25682.0,0.0,0.0,0.0,0.0,0.0,0.0,Kothamangalam,87.0,141063.43753107512,141063.43753107512,485762734.05167454,Administrative Boundary,Survey of India (SOI),Kerala,10.1452969896551,77.09874839620227
932,932,35381.0,Kanthalloor,628051,Kanthalloor,02,Devikulam,88,Devikulam,5664,Devikulam,Idukki,556,Painavu,KL,32, ,India,Rural,1778.0,6758.0,3.80089989,4842.0,3339.0,3419.0,Not Available,Available,Available,Available,Available,Available,Available,Available,Available,Available,Available,Available,Available,Available,Available,Available,Available,Available,Available,Not Available,Not Available,Available,Available,805.0,1406.0,0.0,0.0,0.0,0.0,0.0,0.0,2631.0,2429.0,202.0,202.0,0.0,0.0,0.0,0.0,Udumalpet,55.0,39983.085220940055,39983.085220940055,47500957.30555471,Administrative Boundary,Survey of India (SOI),Kerala,10.211091965480863,77.18728851936929
931,931,35380.0,Keezhanthoor,628050,Kanthalloor,02,Devikulam,88,Devikulam,5664,Devikulam,Idukki,556,Painavu,KL,32, ,India,Rural,1145.0,4205.0,3.67248908,6788.0,2082.0,2123.0,Not Available,Available,Not Available, , ,Available,Available,Available,Available,Available,Available,Available,Available,Available,Available,Available,Available,Available,Available,Not Available,Not Available,Not Available,Available,4010.0,0.0,0.0,0.0,0.0,0.0,200.0,200.0,2212.0,2343.0,435.0,0.0,0.0,380.0,0.0,55.0,Coimbatore,85.0,41250.65165015871,41250.65165015871,67962164.6968536,Administrative Boundary,Survey of India (SOI),Kerala,10.27324496176225,77.21407550984554
930,930,35379.0,Kottakamboor,628052,Vattavada,03,Devikulam,88,Devikulam,5664,Devikulam,Idukki,556,Painavu,KL,32, ,India,Rural,660.0,2405.0,3.64393939,3603.0,1249.0,1156.0,Not Available,Available,Not Available, , ,Available,Available,Available,Not Available, , ,Not Available, , ,Available,Available,Available,Available,Available,Not Available,Not Available,Available,Available,1500.0,35.0,0.0,0.0,0.0,0.0,0.0,0.0,2068.0,568.0,1500.0,500.0,0.0,500.0,500.0,0.0,Kothamangalam,118.0,38336.31199985887,38336.31199985887,36431162.2526761,Administrative Boundary,Survey of India (SOI),Kerala,10.214528509806014,77.25183459401909
855,855,35304.0,Mankulam,628055,Mankulam,06,Devikulam,88,Devikulam,5664,Devikulam,Idukki,556,Painavu,KL,32, ,India,Rural,2513.0,9595.0,3.81814564,10446.0,4863.0,4732.0,Not Available,Available,Not Available, , ,Available,Available,Available,Not Available, , ,Available,Not Available,Not Available,Available,Available,Available,Available,Available,Not Available,Not Available,Available,Available,8683.0,234.0,96.0,0.0,0.0,0.0,0.0,0.0,1433.0,146.0,1287.0,1287.0,0.0,0.0,0.0,0.0,Munnar,32.0,46480.08685680118,46480.08685680118,80259131.66562885,Administrative Boundary,Survey of India (SOI),Kerala,10.122277298331452,76.94074754262947
902,902,35351.0,Poopara,628065,"Santhanpara, Rajakumari","05, 06",Devikulam,88,Udumbanchola,5665,Nedumkandam,Idukki,556,Painavu,KL,32, ,India,Rural,2267.0,8231.0,3.63078959,4105.0,4137.0,4094.0,Available,Available,Available,Available,Available,Available,Available,Available,Available,Available,Available,Available,Available,Available,Available,Not Available,Not Available,Available,Available,Not Available,Not Available,Available,Available,0.0,195.0,0.0,0.0,70.0,0.0,0.0,0.0,3840.0,3840.0,70.0,0.0,50.0,0.0,0.0,20.0,Bodinaikannur,37.0,35498.86300128349,35498.86300128349,45389450.21094552,Administrative Boundary,Survey of India (SOI),Kerala,9.989644704032758,77.22217263669971
901,901,35350.0,Rajakumari,628066,"Rajakumari, Santhanpara","06, 05",Devikulam,88,Udumbanchola,5665,Nedumkandam,Idukki,556,Painavu,KL,32, ,India,Rural,4233.0,16253.0,3.83959367,4454.0,8127.0,8126.0,Available,Not Available,Available,Available,Available,Available,Available,Available,Available,Available,Available,Available,Available,Available,Available,Available,Available,Available,Available,Not Available,Not Available,Not Available,Available,0.0,128.0,0.0,43.0,0.0,0.0,24.0,24.0,4259.0,4141.0,142.0,0.0,0.0,0.0,0.0,142.0,Thodupuzha,112.0,43770.29912410715,43770.29912410715,41033141.36529253,Administrative Boundary,Survey of India (SOI),Kerala,9.987529274728356,77.15856179077142
900,900,35349.0,Santhanpara,628068,Santhanpara,05,Devikulam,88,Udumbanchola,5665,Nedumkandam,Idukki,556,Painavu,KL,32, ,India,Rural,1985.0,6782.0,3.41662469,3643.0,3357.0,3425.0,Available,Not Available,Available,Available,Available,Available,Available,Available,Not Available, , ,Available,Available,Available,Available,Not Available,Not Available,Available,Available,Not Available,Not Available,Available,Available,0.0,3.0,0.0,0.0,0.0,81.0,4.0,4.0,3550.0,3559.0,0.0,0.0,0.0,0.0,0.0,0.0,Nedumkandam,35.0,33444.989239949995,33444.989239949995,35897503.57421846,Administrative Boundary,Survey of India (SOI),Kerala,9.948828974379127,77.22435860800775
899,899,35348.0,Vattavada,628053,Vattavada,03,Devikulam,88,Devikulam,5664,Devikulam,Idukki,556,Painavu,KL,32, ,India,Rural,901.0,3292.0,3.65371809,3178.0,1690.0,1602.0,Not Available,Available,Not Available, , ,Available,Available,Available,Not Available, , ,Not Available, , ,Available,Available,Available,Available,Available,Available,Not Available,Available,Available,902.0,0.0,0.0,0.0,0.0,0.0,0.0,0.0,2276.0,0.0,2276.0,0.0,0.0,0.0,0.0,2276.0,Kothamangalam,120.0,29158.956934511712,29158.956934511712,31072575.3818663,Administrative Boundary,Survey of India (SOI),Kerala,10.166936034673224,77.25700183891401
831,831,35280.0,Udumbannoor,628088,Udumbannoor,06,Elamdesom,95,Thodupuzha,5666,Thodupuzha,Idukki,556,Painavu,KL,32, ,India,Rural,5860.0,23709.0,4.04590444,3115.0,11757.0,11952.0,Available,Available,Available,Available,Available,Available,Available,Available,Available,Available,Available,Available,Available,Available,Available,Available,Available,Available,Available,Available,Available,Available,Available,0.0,439.0,0.0,0.0,0.0,0.0,0.0,0.0,2676.0,2659.0,17.0,17.0,0.0,0.0,0.0,0.0,Thodupuzha,17.0,46756.421824706296,46756.421824706296,80422277.07095167,Administrative Boundary,Survey of India (SOI),Kerala,9.907101402000366,76.84881351273236
853,853,35302.0,Vannapuram,628086,"Vannapuram, Karimannoor","04, 03",Elamdesom,95,Thodupuzha,5666,Thodupuzha,Idukki,556,Painavu,KL,32, ,India,Rural,7325.0,28905.0,3.94607509,1482.0,14547.0,14358.0,Available,Available,Available,Available,Available,Available,Available,Available,Available,Not Available,Not Available,Available,Available,Available,Available,Not Available,Not Available,Available,Available,Not Available,Not Available,Available,Available,1.0,100.0,86.0,0.0,0.0,0.0,0.0,0.0,1295.0,1029.0,266.0,0.0,150.0,0.0,0.0,116.0,Thodupuzha,18.0,40980.27084398258,40980.27084398258,71192209.85142931,Administrative Boundary,Survey of India (SOI),Kerala,9.98894758193852,76.81611967761302
838,838,35287.0,Velliyamattom,628098,"Velliyamattom, Kudayathoor","14, 13",Elamdesom,95,Thodupuzha,5666,Thodupuzha,Idukki,556,Painavu,KL,32, ,India,Rural,4828.0,19366.0,4.01118476,2835.0,9695.0,9671.0,Available,Available,Available,Available,Available,Available,Available,Available,Available,Available,Available,Available,Available,Available,Available,Not Available,Not Available,Available,Available,Not Available,Not Available,Available,Available,1403.0,100.0,130.0,0.0,0.0,0.0,0.0,0.0,982.0,1201.0,0.0,0.0,0.0,0.0,0.0,0.0,Thodupuzha,15.0,31680.65507577179,31680.65507577179,42749100.54524093,Administrative Boundary,Survey of India (SOI),Kerala,9.842702864791475,76.83024727876939
837,837,35286.0,Arakkulam,628100,"Arakkulam, Velliyamattom","16, 14",Idukki,91,Thodupuzha,5666,Thodupuzha,Idukki,556,Painavu,KL,32, ,India,Rural,3157.0,12421.0,3.93443142,4135.0,5970.0,6451.0,Available,Available,Not Available, , ,Available,Available,Available,Available,Available,Available,Available,Available,Available,Available,Not Available,Not Available,Available,Available,Not Available,Not Available,Available,Available,1214.0,606.0,0.0,0.0,0.0,0.0,0.0,0.0,2315.0,2309.0,6.0,0.0,6.0,0.0,0.0,0.0,Thodupuzha,19.0,30465.987057599792,30465.987057599792,35297380.609860994,Administrative Boundary,Survey of India (SOI),Kerala,9.793125802148928,76.86016845274327
836,836,35285.0,Elappally,628102,Arakkulam,16,Idukki,91,Thodupuzha,5666,Thodupuzha,Idukki,556,Painavu,KL,32, ,India,Rural,1148.0,4320.0,3.7630662,2687.0,2186.0,2134.0,Available,Available,Available,Available,Available,Available,Available,Available,Available,Not Available,Not Available,Available,Available,Available,Available,Not Available,Not Available,Available,Available,Not Available,Available,Not Available,Available,0.0,406.0,0.0,0.0,0.0,0.0,72.0,72.0,2129.0,2221.0,60.0,0.0,0.0,0.0,0.0,60.0,Thodupuzha,28.0,23693.960174099742,23693.960174099742,21775514.38570391,Administrative Boundary,Survey of India (SOI),Kerala,9.764991242497562,76.84546728407022
844,844,35293.0,Idukki,628099,"Vazhathope, Arakkulam","15, 16",Idukki,91,Idukki,5942,Thodupuzha,Idukki,556,Painavu,KL,32, ,India,Rural,5485.0,21724.0,3.96061987,32427.0,10779.0,10945.0,Available,Available,Available,Available,Available,Available,Available,Available,Available,Available,Available,Available,Available,Available,Available,Available,Available,Available,Available,Not Available,Not Available,Available,Available,25050.0,210.0,0.0,0.0,0.0,0.0,0.0,0.0,7167.0,7167.0,0.0,0.0,0.0,0.0,0.0,0.0,Thodupuzha,60.0,71068.95077949484,71068.95077949484,209104624.6262803,Administrative Boundary,Survey of India (SOI),Kerala,9.831423446221706,76.92405750449406
857,857,35306.0,Kanjikuzhi,628087,Idukki-Kanjikuzhi,05,Idukki,91,Idukki,5942,Thodupuzha,Idukki,556,Painavu,KL,32, ,India,Rural,6838.0,26809.0,3.92059082,22354.0,13509.0,13300.0,Available,Available,Available,Available,Available,Available,Available,Available,Not Available, , ,Available,Available,Available,Available,Not Available,Not Available,Available,Not Available,Not Available,Available,Not Available,Available,20750.0,250.0,0.0,0.0,0.0,0.0,0.0,0.0,1184.0,1354.0,0.0,0.0,0.0,0.0,0.0,0.0,Kottayam,60.0,51969.76302706152,51969.76302706152,73143235.53514475,Administrative Boundary,Survey of India (SOI),Kerala,9.957417203198954,76.91976380862664
841,841,35290.0,Kudayathoor,628101,"Kudayathoor, Muttom,  Arakkulam","13, 12, 16",Idukki,91,Thodupuzha,5666,Thodupuzha,Idukki,556,Painavu,KL,32, ,India,Rural,2463.0,10080.0,4.09257004,2093.0,5005.0,5075.0,Available,Available,Available,Not Available,Not Available,Available,Not Available,Not Available,Available,Available,Available,Available,Not Available,Not Available,Available,Not Available,Not Available,Available,Available,Not Available,Not Available,Not Available,Available,0.0,192.0,0.0,0.0,30.0,0.0,0.0,0.0,1807.0,1901.0,0.0,0.0,0.0,0.0,0.0,0.0,Thodupuzha,14.0,24095.9468891942,24095.9468891942,24055707.62217059,Administrative Boundary,Survey of India (SOI),Kerala,9.811830872355053,76.79641777912268
892,892,35341.0,Thankamony,628073,"Kamakshy, Mariyapuram","10, 11",Idukki,91,Idukki,5942,Nedumkandam,Idukki,556,Painavu,KL,32, ,India,Rural,5907.0,24389.0,4.1288302,4462.0,12189.0,12200.0,Available,Not Available,Not Available, , ,Available,Available,Available,Available,Not Available,Not Available,Available,Available,Available,Available,Not Available,Not Available,Available,Available,Not Available,Not Available,Not Available,Available,200.0,115.0,0.0,0.0,0.0,0.0,0.0,0.0,4147.0,4102.0,46.0,0.0,0.0,0.0,0.0,46.0,Thodupuzha,80.0,43799.83990800574,43799.83990800574,54417813.31653976,Administrative Boundary,Survey of India (SOI),Kerala,9.844666679246348,77.02768359823585
889,889,35338.0,Vathikudy,628071,"Vathikudy, Kamakshy","09, 10",Idukki,91,Idukki,5942,Nedumkandam,Idukki,556,Painavu,KL,32, ,India,Rural,6556.0,26359.0,4.02059182,4870.0,13215.0,13144.0,Available,Not Available,Available,Available,Available,Available,Available,Available,Available,Not Available,Not Available,Available,Available,Available,Available,Not Available,Not Available,Available,Available,Not Available,Not Available,Not Available,Available,0.0,200.0,0.0,0.0,0.0,0.0,0.0,0.0,4670.0,4670.0,0.0,0.0,0.0,0.0,0.0,0.0,Thodupuzha,85.0,43640.80581306352,43640.80581306352,52098808.92612512,Administrative Boundary,Survey of India (SOI),Kerala,9.894250761164162,77.04167351752503
883,883,35332.0,Anakkara,628083,"Vandanmedu, Chakkupallam","16, 20",Kattappana,92,Udumbanchola,5665,Nedumkandam,Idukki,556,Painavu,KL,32, ,India,Rural,5962.0,24192.0,4.05769876,3846.0,12056.0,12136.0,Available,Not Available,Not Available, , ,Available,Available,Available,Available,Available,Available,Available,Available,Available,Available,Not Available,Not Available,Available,Available,Not Available,Not Available,Available,Available,0.0,12.0,10.0,0.0,6.0,7.0,10.0,10.0,3791.0,3713.0,104.0,0.0,0.0,0.0,0.0,104.0,Thodupuzha,110.0,30138.28477946393,30138.28477946393,38716144.64408001,Administrative Boundary,Survey of India (SOI),Kerala,9.695169378490093,77.17767181542814
655,655,35104.0,Anavilasam,628081,"Ayyappancoil, Vandanmade, Chakkupallam, Elappara, Kumily","19, 16, 20, 69, 70",Kattappana,92,Udumbanchola,5665,Nedumkandam,Idukki,556,Painavu,KL,32, ,India,Rural,2006.0,7549.0,3.76321037,2693.0,3730.0,3819.0,Available,Not Available,Available,Available,Available,Available,Available,Available,Available,Available,Available,Available,Available,Available,Available,Not Available,Not Available,Available,Available,Not Available,Not Available,Available,Available,0.0,140.0,50.0,0.0,0.0,2.0,0.0,0.0,2501.0,2101.0,400.0,0.0,20.0,300.0,0.0,80.0,Thodupuzha,105.0,41214.08130468464,41214.08130468464,31787242.29084769,Administrative Boundary,Survey of India (SOI),Kerala,9.666480247880136,77.07995519314463
882,882,35331.0,Ayyappancoil,628080,"Ayyappancoil, Kanchiyar","19, 18",Kattappana,92,Idukki,5942,Nedumkandam,Idukki,556,Painavu,KL,32, ,India,Rural,8736.0,34267.0,3.92250458,8573.0,16943.0,17324.0,Available,Available,Not Available, , ,Available,Available,Available,Available,Available,Available,Available,Available,Available,Available,Not Available,Not Available,Available,Available,Not Available,Not Available,Not Available,Available,0.0,100.0,100.0,10.0,0.0,40.0,30.0,30.0,8293.0,8323.0,0.0,0.0,0.0,0.0,0.0,0.0,Kattappana,14.0,65918.819694394,65918.819694394,118835807.56838982,Administrative Boundary,Survey of India (SOI),Kerala,9.743480041343574,77.04624863081371
561,561,35010.0,Chakkupallam,628082,"Chakkupallam, Vandanmade","20, 16",Kattappana,92,Udumbanchola,5665,Nedumkandam,Idukki,556,Painavu,KL,32, ,India,Rural,3429.0,12609.0,3.67716535,2833.0,6254.0,6355.0,Available,Not Available,Available,Available,Available,Available,Available,Available,Available,Available,Available,Available,Available,Available,Available,Available,Available,Not Available,Available,Not Available,Not Available,Available,Available,0.0,81.0,15.0,7.0,0.0,0.0,0.0,0.0,2730.0,2665.0,66.0,0.0,0.0,0.0,0.0,66.0,Thodupuzha,103.0,36069.7288462432,36069.7288462432,26269466.46185852,Administrative Boundary,Survey of India (SOI),Kerala,9.662733127308554,77.14110891369525
881,881,35330.0,Kattappana,628079,"Kattappana, Erattayar","17, 13",Kattappana,92,Idukki,5942,Nedumkandam,Idukki,556,Painavu,KL,32, ,India,Rural,10419.0,42646.0,4.09309915,6132.0,21159.0,21487.0,Available,Not Available,Available,Available,Available,Available,Available,Available,Available,Available,Available,Available,Available,Available,Available,Available,Available,Available,Available,Not Available,Available,Available,Available,0.0,200.0,105.0,0.0,0.0,107.0,0.0,0.0,5720.0,2092.0,3628.0,0.0,3628.0,0.0,0.0,0.0,Thodupuzha,88.0,59726.701009722594,59726.701009722594,80117279.71531343,Administrative Boundary,Survey of India (SOI),Kerala,9.755231362666517,77.10902810966918
885,885,35334.0,Upputhara,628104,Upputhara,01,Kattappana,92,Peerumade,5667,Peermade,Idukki,556,Painavu,KL,32, ,India,Rural,4965.0,18885.0,3.80362538,3598.0,9453.0,9432.0,Available,Not Available,Not Available, , ,Available,Not Available,Not Available,Available,Available,Available,Available,Available,Available,Available,Not Available,Not Available,Available,Available,Not Available,Not Available,Not Available,Available,0.0,400.0,0.0,10.0,30.0,0.0,0.0,0.0,3158.0,2555.0,633.0,0.0,0.0,0.0,0.0,633.0,Thodupuzha,45.0,51521.94641040703,51521.94641040703,89466487.38690531,Administrative Boundary,Survey of India (SOI),Kerala,9.743429967186573,76.99550653564069
557,557,35006.0,Vagamon,628103,"Elappara, Upputhara","69, 01",Kattappana,92,Peerumade,5667,Peermade,Idukki,556,Painavu,KL,32, ,India,Rural,3816.0,14641.0,3.83674004,7830.0,7212.0,7429.0,Available,Available,Available,Available,Available,Available,Not Available,Not Available,Available,Available,Available,Available,Available,Available,Available,Available,Available,Available,Available,Not Available,Not Available,Available,Available,69.0,414.0,90.0,0.0,0.0,0.0,0.0,0.0,7257.0,5657.0,1600.0,0.0,400.0,150.0,0.0,1050.0,Thodupuzha,37.0,61157.00141048262,61157.00141048262,82234664.6396758,Administrative Boundary,Survey of India (SOI),Kerala,9.700203094622193,76.92966880590053
880,880,35329.0,Vandanmedu,628078,Vandanmade,16,Kattappana,92,Udumbanchola,5665,Nedumkandam,Idukki,556,Painavu,KL,32, ,India,Rural,3344.0,12138.0,3.62978469,2912.0,6028.0,6110.0,Not Available,Available,Not Available, , ,Available,Available,Available,Available,Not Available,Not Available,Available,Available,Available,Not Available, , ,Not Available,Available,Not Available,Not Available,Available,Available,0.0,60.0,30.0,0.0,0.0,0.0,0.0,0.0,2822.0,1561.0,1261.0,0.0,0.0,1261.0,0.0,0.0,Thodupuzha,97.0,25559.25070687467,25559.25070687467,21192348.74104619,Administrative Boundary,Survey of India (SOI),Kerala,9.724516925831892,77.15099564748206
852,852,35301.0,Kodikulam,628085,"Kodikulam, Karimannoor, Paingottur","02, 03, 87",Kothamangalam (Part),87,Thodupuzha,5666,Thodupuzha,Idukki,556,Painavu,KL,32, ,India,Rural,3192.0,12741.0,3.99154135,2953.0,6311.0,6430.0,Available,Available,Available,Available,Available,Available,Available,Available,Available,Available,Available,Available,Available,Available,Available,Not Available,Available,Available,Available,Not Available,Available,Available,Available,0.0,100.0,10.0,0.0,0.0,10.0,10.0,10.0,2784.0,2292.0,541.0,0.0,0.0,0.0,328.0,213.0,Thodupuzha,12.0,27275.96035493552,27275.96035493552,28356312.94316502,Administrative Boundary,Survey of India (SOI),Kerala,9.961071386264441,76.75941971676228
851,851,35300.0,Kumaramangalam Part,628084,"Kumaramangalam, Paingottur, Manjalloor, Kalloorkkad","01, 87, 88, 89",Muvattupuzha (Part),85,Thodupuzha,5666,Thodupuzha,Idukki,556,Painavu,KL,32, ,India,Rural,3669.0,15522.0,4.23058054,2064.0,7784.0,7738.0,Available,Available,Available,Available,Available,Available,Available,Available,Available,Not Available,Not Available,Available,Available,Available,Available,Not Available,Not Available,Available,Available,Not Available,Available,Available,Available,35.0,124.0,0.0,0.0,0.0,19.0,0.0,0.0,1886.0,1868.0,18.0,16.0,0.0,2.0,0.0,0.0,Thodupuzha,6.0,30280.97299292618,30280.97299292618,21360475.562615324,Administrative Boundary,Survey of India (SOI),Kerala,9.945091686299627,76.71962250114802
887,887,35336.0,Chathurangapara,628069,"Udumbanchola, Senapathy","08, 07",Nedumkandam,90,Udumbanchola,5665,Nedumkandam,Idukki,556,Painavu,KL,32, ,India,Rural,1306.0,4177.0,3.19831547,2992.0,2124.0,2053.0,Not Available,Not Available,Not Available, , ,Available,Available,Available,Available,Not Available,Not Available,Not Available, , ,Not Available, , ,Available,Available,Not Available,Not Available,Available,Available,0.0,25.0,65.0,0.0,0.0,0.0,0.0,0.0,2902.0,2897.0,5.0,2.0,3.0,0.0,0.0,0.0,Nedumkandam,20.0,34274.0688710738,34274.0688710738,29814789.757176425,Administrative Boundary,Survey of India (SOI),Kerala,9.898334171716028,77.19774970975374
891,891,35340.0,Kalkoonthal,628074,"Nedumkandam, Erattayar","12, 13",Nedumkandam,90,Udumbanchola,5665,Nedumkandam,Idukki,556,Painavu,KL,32, ,India,Rural,10307.0,42006.0,4.07548268,6277.0,21158.0,20848.0,Available,Not Available,Available,Available,Available,Available,Available,Available,Available,Available,Available,Available,Available,Available,Available,Not Available,Not Available,Available,Available,Not Available,Available,Available,Available,0.0,34.0,0.0,0.0,60.0,116.0,75.0,75.0,5902.0,6127.0,0.0,0.0,0.0,0.0,0.0,0.0,Thodupuzha,90.0,43281.00944514237,43281.00944514237,57550522.92629026,Administrative Boundary,Survey of India (SOI),Kerala,9.837556797813066,77.11690551494948
906,906,35355.0,Kanthippara,628067,Senapathy,07,Nedumkandam,90,Udumbanchola,5665,Nedumkandam,Idukki,556,Painavu,KL,32, ,India,Rural,2751.0,10901.0,3.96255907,3024.0,5389.0,5512.0,Available,Available,Available,Available,Available,Available,Available,Available,Not Available, , ,Available,Available,Available,Available,Available,Available,Available,Available,Not Available,Not Available,Available,Available,852.0,1097.0,10.0,0.0,0.0,0.0,0.0,0.0,1065.0,1001.0,64.0,0.0,0.0,0.0,0.0,64.0,Bodinaikkannur,40.0,30842.894057054076,30842.894057054076,27831018.744201653,Administrative Boundary,Survey of India (SOI),Kerala,9.94353221536658,77.14796771304562
888,888,35337.0,Pampadumpara,628076,Pampadumpara,14,Nedumkandam,90,Udumbanchola,5665,Nedumkandam,Idukki,556,Painavu,KL,32, ,India,Rural,4351.0,17336.0,3.98437141,3619.0,8570.0,8766.0,Available,Not Available,Available,Available,Available,Available,Available,Available,Available,Available,Available,Available,Available,Available,Available,Not Available,Not Available,Available,Available,Not Available,Not Available,Not Available,Available,0.0,100.0,0.0,2.0,0.0,0.0,0.0,0.0,3517.0,3217.0,300.0,0.0,0.0,300.0,0.0,0.0,Kambam,68.0,27396.52736631525,27396.52736631525,37223349.63862909,Administrative Boundary,Survey of India (SOI),Kerala,9.797218468510383,77.15659046900892
894,894,35343.0,Parathodu,628075,"Nedumkandam, Udumbanchola","12, 08",Nedumkandam,90,Udumbanchola,5665,Nedumkandam,Idukki,556,Painavu,KL,32, ,India,Rural,5444.0,20417.0,3.75036738,5663.0,10088.0,10329.0,Available,Available,Available,Available,Available,Available,Available,Available,Available,Available,Available,Available,Available,Available,Available,Available,Available,Available,Available,Available,Available,Available,Available,0.0,139.0,0.0,0.0,20.0,0.0,0.0,0.0,5504.0,5274.0,250.0,0.0,0.0,250.0,0.0,0.0,Thodupuzha,90.0,61587.61500466536,61587.61500466536,58574007.456309564,Administrative Boundary,Survey of India (SOI),Kerala,9.852811226832571,77.18175604920243
884,884,35333.0,Udumbanchola,628070,Udumbanchola,08,Nedumkandam,90,Udumbanchola,5665,Nedumkandam,Idukki,556,Painavu,KL,32, ,India,Rural,2796.0,10064.0,3.59942775,3179.0,5100.0,4964.0,Available,Not Available,Available,Available,Available,Available,Available,Available,Available,Not Available,Not Available,Available,Available,Available,Available,Not Available,Not Available,Available,Available,Not Available,Not Available,Not Available,Available,0.0,151.0,75.0,0.0,0.0,0.0,0.0,0.0,2953.0,2903.0,50.0,50.0,0.0,0.0,0.0,0.0,Thodupuzha,120.0,35514.826369916,35514.826369916,40403245.12828462,Administrative Boundary,Survey of India (SOI),Kerala,9.908410276431633,77.14135815983046
832,832,35281.0,Karimkunnam Part,628095,Karimkunnam,09,Thodupuzha,94,Thodupuzha,5666,Thodupuzha,Idukki,556,Painavu,KL,32, ,India,Rural,3030.0,11956.0,3.94587459,2175.0,6024.0,5932.0,Available,Not Available,Available,Available,Available,Available,Available,Available,Available,Available,Available,Available,Available,Available,Available,Available,Available,Available,Available,Not Available,Available,Available,Available,0.0,202.0,48.0,0.0,0.0,12.0,2.0,2.0,1910.0,1780.0,133.0,0.0,0.0,0.0,0.0,133.0,Thodupuzha,7.0,30845.487507643076,30845.487507643076,24283599.569227263,Administrative Boundary,Survey of India (SOI),Kerala,9.85422255099226,76.69805052858763
833,833,35282.0,Purapuzha,628094,Purapuzha,11,Thodupuzha,94,Thodupuzha,5666,Thodupuzha,Idukki,556,Painavu,KL,32, ,India,Rural,2952.0,11836.0,4.00948509,2273.0,5926.0,5910.0,Available,Available,Not Available, , ,Available,Available,Available,Available,Available,Available,Available,Available,Available,Available,Not Available,Available,Available,Available,Not Available,Not Available,Available,Available,0.0,101.0,0.0,0.0,0.0,110.0,0.0,0.0,2062.0,1927.0,135.0,135.0,0.0,0.0,0.0,0.0,Thodupuzha,10.0,22060.80193723375,22060.80193723375,22084489.302017745,Administrative Boundary,Survey of India (SOI),Kerala,9.863137469784007,76.65424721242952
845,845,35294.0,Thodupuzha Part,628092,"Kodikulam, Karimkunnam","02, 09",Thodupuzha,94,Thodupuzha,5666,Thodupuzha,Idukki,556,Painavu,KL,32, ,India,Rural,154.0,557.0,3.61688312,92.0,277.0,280.0,Available,Not Available,Not Available, , ,Available,Available,Available,Available,Available,Available,Available,Available,Available,Available,Not Available,Not Available,Available,Available,Not Available,Not Available,Available,Available,0.0,9.0,22.0,0.0,0.0,13.0,0.0,0.0,40.0,8.0,40.0,0.0,40.0,0.0,0.0,0.0,Thodupuzha,5.0,6113.78505363768,6113.78505363768,1152149.2682952187,Administrative Boundary,Survey of India (SOI),Kerala,9.86453811693703,76.697942613622
100,100,31659.0,Eruvassy,627199,Eruvassy,16,Irikkur,7,Taliparamba,5632,Taliparamba,Kannur,557,Kannur,KL,32, ,India,Rural,4694.0,19216.0,4.09373669,4908.0,9519.0,9697.0,Available,Not Available,Available,Available,Available,Available,Available,Available,Available,Not Available,Not Available,Available,Available,Available,Available,Available,Available,Available,Available,Not Available,Available,Available,Available,20.0,135.0,0.0,0.0,0.0,161.0,0.0,0.0,4592.0,3855.0,737.0,0.0,167.0,80.0,0.0,490.0,Taliparamba,30.0,40826.48117553799,40826.48117553799,50483070.63335301,Administrative Boundary,Survey of India (SOI),Kerala,12.110061625062063,75.56503103039645
56,56,31615.0,Kalliad,627204,Padiyoor-Kalliad,19,Irikkur,7,Iritty,5937,Taliparamba,Kannur,557,Kannur,KL,32, ,India,Rural,2163.0,9410.0,4.3504392,3002.0,4590.0,4820.0,Available,Available,Available,Available,Available,Available,Available,Available,Available,Not Available,Not Available,Available,Available,Available,Available,Available,Available,Available,Available,Not Available,Not Available,Not Available,Available,0.0,2442.0,0.0,0.0,0.0,85.0,0.0,0.0,475.0,127.0,349.0,0.0,287.0,0.0,0.0,61.0,Mattannur,16.0,29723.88008089587,29723.88008089587,26923679.12005117,Administrative Boundary,Survey of India (SOI),Kerala,12.010825800089028,75.58301151470239
55,55,31614.0,Kayaralam,627208,Mayyil,21,Irikkur,7,Taliparamba,5632,Taliparamba,Kannur,557,Kannur,KL,32, ,India,Rural,3800.0,17159.0,4.51552632,2033.0,8042.0,9117.0,Available,Not Available,Available,Available,Available,Available,Available,Available,Not Available, , ,Available,Available,Available,Available,Available,Available,Available,Available,Available,Available,Available,Available,0.0,801.0,0.0,0.0,0.0,0.0,22.0,22.0,1210.0,761.0,471.0,219.0,121.0,30.0,0.0,101.0,Kannur,22.0,24499.42407734128,24499.42407734128,20583462.84997639,Administrative Boundary,Survey of India (SOI),Kerala,12.000628781051542,75.4347255187498
48,48,31607.0,Nediyanga,627198,Sreekandapuram,15,Irikkur,7,Taliparamba,5632,Taliparamba,Kannur,557,Kannur,KL,32, ,India,Rural,3838.0,15859.0,4.13210005,3522.0,7753.0,8106.0,Not Available,Available,Available,Available,Available,Available,Available,Available,Not Available, , ,Available,Not Available,Not Available,Available,Not Available,Not Available,Available,Not Available,Not Available,Not Available,Not Available,Available,0.0,219.0,5.0,0.0,0.0,3.0,16.0,16.0,3279.0,3214.0,81.0,20.0,0.0,0.0,0.0,61.0,Taliparamba,26.0,28480.92135858832,28480.92135858832,32628209.87741529,Administrative Boundary,Survey of India (SOI),Kerala,12.077360780741467,75.5138185557416
51,51,31610.0,Padiyoor,627203,Padiyoor-Kalliad,19,Irikkur,7,Iritty,5937,Taliparamba,Kannur,557,Kannur,KL,32, ,India,Rural,2758.0,12114.0,4.39231327,2544.0,5936.0,6178.0,Not Available,Available,Available,Available,Available,Available,Available,Available,Available,Not Available,Not Available,Available,Available,Available,Not Available, , ,Available,Available,Not Available,Not Available,Not Available,Available,0.0,252.0,0.0,0.0,0.0,0.0,353.0,353.0,1939.0,2200.0,92.0,35.0,10.0,12.0,0.0,35.0,Taliparamba,35.0,28203.065319173675,28203.065319173675,26015792.32025217,Administrative Boundary,Survey of India (SOI),Kerala,12.002602012057494,75.62311820925584
1448,1448,35897.0,Vayathur,627202,Ulikkal,18,Irikkur,7,Iritty,5937,Taliparamba,Kannur,557,Kannur,KL,32, ,India,Rural,5395.0,22743.0,4.21556997,4340.0,11207.0,11536.0,Available,Available,Available,Available,Available,Available,Available,Available,Available,Not Available,Not Available,Available,Available,Available,Available,Available,Available,Available,Available,Not Available,Not Available,Available,Available,0.0,650.0,0.0,0.0,0.0,50.0,60.0,60.0,3580.0,3640.0,0.0,0.0,0.0,0.0,0.0,0.0,Taliparamba,53.0,37087.58506486144,37087.58506486144,43797795.51771841,Administrative Boundary,Survey of India (SOI),Kerala,12.067442199739421,75.67954306405746
1451,1451,35900.0,Aralam,627256,Aralam,05,Iritty,10,Iritty,5937,Thalassery,Kannur,557,Kannur,KL,32, ,India,Rural,6904.0,29328.0,4.24797219,11245.0,14438.0,14890.0,Not Available,Available,Not Available, , ,Available,Available,Available,Available,Not Available,Not Available,Available,Available,Available,Not Available, , ,Available,Available,Not Available,Not Available,Not Available,Available,2488.0,0.0,0.0,0.0,0.0,0.0,0.0,0.0,8757.0,5330.0,3427.0,100.0,254.0,1.0,1.0,3072.0,Mattannur,21.0,61866.63661440589,61866.63661440589,121669920.79955631,Administrative Boundary,Survey of India (SOI),Kerala,11.96279311120052,75.79173482224527
1452,1452,35901.0,Ayyankunnu,627255,Ayyankunnu,04,Iritty,10,Iritty,5937,Thalassery,Kannur,557,Kannur,KL,32, ,India,Rural,5387.0,22436.0,4.16484128,8828.0,11255.0,11181.0,Available,Not Available,Not Available, , ,Available,Available,Available,Not Available, , ,Available,Available,Available,Available,Available,Available,Available,Not Available,Not Available,Not Available,Not Available,Available,1250.0,253.0,1035.0,0.0,0.0,0.0,1593.0,1593.0,4696.0,6119.0,170.0,0.0,40.0,0.0,0.0,130.0,Mattannur,27.0,44187.96984534458,44187.96984534458,82591864.84745078,Administrative Boundary,Survey of India (SOI),Kerala,12.039200559616116,75.76217044747936
53,53,31612.0,Chavassery,627251,Keezhur-Chavassery,02,Iritty,10,Iritty,5937,Thalassery,Kannur,557,Kannur,KL,32, ,India,Rural,4380.0,22480.0,5.13242009,2311.0,10902.0,11578.0,Available,Not Available,Available,Available,Available,Available,Available,Available,Available,Not Available,Not Available,Available,Available,Available,Available,Available,Available,Available,Available,Not Available,Not Available,Not Available,Available,0.0,204.0,0.0,0.0,0.0,0.0,0.0,0.0,2107.0,2026.0,81.0,4.0,28.0,8.0,0.0,40.0,Mattannur,5.0,25613.07551312201,25613.07551312201,23748663.611762974,Administrative Boundary,Survey of India (SOI),Kerala,11.955358171664882,75.6190950808488
1446,1446,35895.0,Keezhur,627252,Keezhur-Chavassery,02,Iritty,10,Iritty,5937,Thalassery,Kannur,557,Kannur,KL,32, ,India,Rural,3622.0,16597.0,4.58227499,1862.0,8021.0,8576.0,Not Available,Available,Available,Available,Available,Available,Available,Available,Available,Not Available,Not Available,Available,Available,Available,Not Available, , ,Available,Available,Not Available,Available,Available,Available,0.0,6.0,0.0,0.0,0.0,0.0,12.0,12.0,1844.0,1701.0,155.0,0.0,0.0,0.0,0.0,155.0,Mattannur,5.0,19789.68718415409,19789.68718415409,18616941.34411452,Administrative Boundary,Survey of India (SOI),Kerala,11.9678052880799,75.66958737273336
1447,1447,35896.0,Payam,627253,"Keezhur-Chavassery, Payam","02,03",Iritty,10,Iritty,5937,Thalassery,Kannur,557,Kannur,KL,32, ,India,Rural,3667.0,15429.0,4.20752659,1902.0,7425.0,8004.0,Available,Available,Available,Available,Available,Available,Available,Available,Available,Not Available,Not Available,Available,Available,Available,Available,Available,Available,Available,Available,Not Available,Not Available,Available,Available,0.0,404.0,0.0,0.0,0.0,0.0,8.0,8.0,1490.0,1207.0,290.0,73.0,66.0,26.0,0.0,126.0,Mattannur,10.0,36718.30602969197,36718.30602969197,31622227.847483024,Administrative Boundary,Survey of India (SOI),Kerala,11.992515307036232,75.6795733147197
1444,1444,35893.0,Thillenkeri,627262,Thillenkeri,11,Iritty,10,Iritty,5937,Thalassery,Kannur,557,Kannur,KL,32, ,India,Rural,3204.0,14583.0,4.55149813,2506.0,6967.0,7616.0,Not Available,Available,Available,Available,Available,Available,Available,Available,Not Available, , ,Available,Available,Available,Available,Not Available,Not Available,Available,Available,Not Available,Not Available,Not Available,Available,0.0,492.0,0.0,0.0,0.0,2.0,15.0,15.0,1997.0,1790.0,222.0,53.0,20.0,8.0,0.0,140.0,Mattannur,14.0,23546.13393191464,23546.13393191464,24309986.295302287,Administrative Boundary,Survey of India (SOI),Kerala,11.928010359893236,75.65424257212933
1420,1420,35869.0,Cheruvanchery,627269,Pattiom,15,Koothuparamba,12,Thalassery,5634,Thalassery,Kannur,557,Kannur,KL,32, ,India,Rural,2179.0,10341.0,4.74575493,1521.0,4900.0,5441.0,Available,Not Available,Available,Available,Available,Available,Available,Available,Available,Not Available,Not Available,Available,Available,Available,Not Available, , ,Available,Available,Not Available,Not Available,Available,Available,0.0,42.0,15.0,0.0,0.0,0.0,10.0,10.0,1454.0,980.0,483.0,0.0,372.0,43.0,0.0,69.0,Koothuparamba,12.0,77171.49729191586,77171.49729191586,100947931.50531222,Administrative Boundary,Survey of India (SOI),Kerala,11.820438096524986,75.70624325886293
5,5,31558.0,Kannavam,627267,Chittariparamba,14,Koothuparamba,12,Thalassery,5634,Thalassery,Kannur,557,Kannur,KL,32, ,India,Rural,2084.0,9211.0,4.41986564,1674.0,4345.0,4866.0,Not Available,Available,Available,Available,Available,Available,Available,Available,Not Available, , ,Available,Available,Available,Not Available, , ,Available,Available,Not Available,Not Available,Not Available,Available,4.0,15.0,0.0,0.0,0.0,1058.0,0.0,0.0,597.0,0.0,597.0,0.0,0.0,19.0,0.0,578.0,Koothuparamba,13.0,27619.305781998577,27619.305781998577,16601888.176908793,Administrative Boundary,Survey of India (SOI),Kerala,11.860960914638595,75.64575890608334
37,37,31596.0,Thrippangottur,627271,Thrippangottur,17,Koothuparamba,12,Thalassery,5634,Thalassery,Kannur,557,Kannur,KL,32, ,India,Rural,6536.0,29911.0,4.57634639,3239.0,13644.0,16267.0,Available,Available,Available,Available,Available,Available,Available,Available,Available,Available,Available,Available,Available,Available,Available,Available,Available,Available,Available,Not Available,Not Available,Available,Available,101.0,12.0,0.0,0.0,0.0,0.0,0.0,0.0,3125.0,2741.0,384.0,0.0,223.0,40.0,0.0,121.0,Thalassery,20.0,38836.67072695775,38836.67072695775,32504057.890179835,Administrative Boundary,Survey of India (SOI),Kerala,11.76886201382508,75.64974992222061
120,120,31679.0,Alapadamba,627180,Kankole-Alapadamba,03,Payyannur,5,Payyannur,6599,Taliparamba,Kannur,557,Kannur,KL,32, ,India,Rural,2233.0,8660.0,3.87819077,2525.0,4173.0,4487.0,Not Available,Available,Not Available, , ,Available,Available,Available,Available,Not Available,Not Available,Available,Available,Available,Not Available, , ,Available,Available,Not Available,Not Available,Available,Available,0.0,1336.0,0.0,0.0,0.0,0.0,27.0,27.0,1162.0,471.0,718.0,0.0,0.0,0.0,0.0,718.0,Payyannur,12.0,24943.391966130723,24943.391966130723,27477636.14888152,Administrative Boundary,Survey of India (SOI),Kerala,12.198675305164318,75.25535472483597
110,110,31669.0,Eramam,627181,Eramam-Kuttoor,04,Payyannur,5,Payyannur,6599,Taliparamba,Kannur,557,Kannur,KL,32, ,India,Rural,2425.0,9448.0,3.89608247,2165.0,4478.0,4970.0,Available,Not Available,Not Available, , ,Available,Available,Available,Available,Not Available,Not Available,Available,Available,Available,Not Available, , ,Available,Available,Not Available,Not Available,Available,Available,0.0,252.0,167.0,0.0,0.0,0.0,0.0,0.0,1746.0,850.0,896.0,46.0,607.0,81.0,0.0,162.0,Payyannur,16.0,29320.543579998408,29320.543579998408,19452171.21222361,Administrative Boundary,Survey of India (SOI),Kerala,12.14687086595847,75.28128715045406
101,101,31660.0,Kankole,627179,Kankole-Alapadamba,03,Payyannur,5,Payyannur,6599,Taliparamba,Kannur,557,Kannur,KL,32, ,India,Rural,2576.0,10665.0,4.14013975,1677.0,5048.0,5617.0,Available,Not Available,Available,Available,Available,Available,Available,Available,Not Available, , ,Available,Available,Available,Not Available, , ,Not Available,Not Available,Not Available,Not Available,Available,Available,0.0,491.0,0.0,0.0,0.0,41.0,0.0,0.0,1145.0,576.0,568.0,0.0,0.0,568.0,0.0,0.0,Payyannur,10.0,19574.55063712816,19574.55063712816,14936257.351305608,Administrative Boundary,Survey of India (SOI),Kerala,12.154245094034408,75.23843513845654
104,104,31663.0,Kuttoor,627183,Eramam-Kuttoor,04,Payyannur,5,Payyannur,6599,Taliparamba,Kannur,557,Kannur,KL,32, ,India,Rural,2022.0,8143.0,4.02720079,2258.0,3821.0,4322.0,Available,Not Available,Available,Available,Available,Available,Available,Available,Available,Not Available,Not Available,Available,Available,Available,Available,Not Available,Not Available,Available,Available,Not Available,Not Available,Available,Available,0.0,150.0,100.0,0.0,0.0,75.0,0.0,0.0,1933.0,1764.0,169.0,0.0,40.0,19.0,0.0,110.0,Payyannur,25.0,26603.86847043901,26603.86847043901,19236094.495100576,Administrative Boundary,Survey of India (SOI),Kerala,12.16905197298438,75.32381486120464
44,44,31603.0,Mattool,627219,Mattool,02,Payyannur,5,Kannur,5633,Kannur,Kannur,557,Kannur,KL,32, ,India,Rural,4564.0,27806.0,6.09246275,1284.0,12464.0,15342.0,Available,Not Available,Available,Available,Available,Available,Available,Available,Not Available, , ,Available,Available,Available,Not Available, , ,Available,Not Available,Not Available,Not Available,Not Available,Available,0.0,400.0,0.0,0.0,0.0,0.0,0.0,0.0,884.0,167.0,717.0,0.0,131.0,0.0,0.0,586.0,Kannur,35.0,22773.912370382823,22773.912370382823,15215612.54659529,Administrative Boundary,Survey of India (SOI),Kerala,11.968541797729047,75.28891288910914
112,112,31671.0,Panapuzha,627218,Kadannappalli_Panapuzha,01,Payyannur,5,Payyannur,6599,Kannur,Kannur,557,Kannur,KL,32, ,India,Rural,2701.0,11355.0,4.20399852,3557.0,5398.0,5957.0,Not Available,Available,Not Available, , ,Available,Available,Available,Available,Not Available,Not Available,Available,Available,Available,Not Available, , ,Available,Available,Not Available,Not Available,Available,Available,0.0,1300.0,0.0,0.0,0.0,117.0,30.0,30.0,2110.0,763.0,1377.0,0.0,415.0,0.0,0.0,962.0,Payyannur,14.0,38442.10069313631,38442.10069313631,34549436.16086963,Administrative Boundary,Survey of India (SOI),Kerala,12.130083250071353,75.3427352424553
121,121,31680.0,Pulingome,627188,Cherupuzha,08,Payyannur,5,Payyannur,6599,Taliparamba,Kannur,557,Kannur,KL,32, ,India,Rural,2631.0,10672.0,4.05625238,2880.0,5237.0,5435.0,Not Available,Available,Not Available, , ,Available,Available,Available,Available,Not Available,Not Available,Available,Available,Available,Not Available, , ,Available,Available,Not Available,Not Available,Available,Available,115.0,1765.0,0.0,0.0,0.0,0.0,0.0,0.0,1000.0,102.0,898.0,60.0,60.0,60.0,0.0,718.0,Payyannur,40.0,31918.59276557173,31918.59276557173,32260556.222917102,Administrative Boundary,Survey of India (SOI),Kerala,12.276757001430383,75.43589218595413
42,42,31601.0,Ramanthali,627177,Ramanthali,01,Payyannur,5,Payyannur,6599,Taliparamba,Kannur,557,Kannur,KL,32, ,India,Rural,5082.0,25711.0,5.05922865,2991.0,12526.0,13185.0,Available,Not Available,Available,Available,Available,Available,Available,Available,Available,Available,Available,Available,Available,Available,Not Available, , ,Available,Available,Available,Available,Available,Available,0.0,493.0,190.0,0.0,65.0,52.0,12.0,12.0,2179.0,2210.0,46.0,0.0,0.0,3.0,0.0,43.0,Payyannur,7.0,27203.76217032603,27203.76217032603,29439965.969959475,Administrative Boundary,Survey of India (SOI),Kerala,12.045530992025137,75.20411334680885
111,111,31670.0,Thirumeni,627189,Cherupuzha,08,Payyannur,5,Taliparamba,5632,Taliparamba,Kannur,557,Kannur,KL,32, ,India,Rural,2077.0,8611.0,4.14588349,2358.0,4275.0,4336.0,Not Available,Available,Not Available, , ,Available,Available,Available,Available,Not Available,Not Available,Available,Available,Available,Available,Available,Available,Available,Available,Not Available,Not Available,Not Available,Available,124.0,820.0,10.0,0.0,0.0,0.0,0.0,0.0,1403.0,1198.0,205.0,0.0,125.0,0.0,0.0,80.0,Payyannur,32.0,23162.22977632036,23162.22977632036,14942990.14823554,Administrative Boundary,Survey of India (SOI),Kerala,12.247659181435871,75.41537424220219
1449,1449,35898.0,Kanichar,627259,"Kelakam,Kanichar","07,08",Peravoor,11,Iritty,5937,Thalassery,Kannur,557,Kannur,KL,32, ,India,Rural,3838.0,15789.0,4.11386139,5196.0,7778.0,8011.0,Not Available,Available,Not Available, , ,Available,Available,Available,Available,Not Available,Not Available,Available,Available,Available,Available,Not Available,Not Available,Available,Available,Not Available,Not Available,Not Available,Available,41.0,1573.0,0.0,0.0,120.0,0.0,0.0,0.0,3461.0,3539.0,43.0,0.0,0.0,0.0,0.0,43.0,Koothuparamba,36.0,42637.16389120284,42637.16389120284,38050747.8308523,Administrative Boundary,Survey of India (SOI),Kerala,11.881646236766297,75.77493629127221
1450,1450,35899.0,Kelakam,627258,"Kelakam,Kottiyur","07,06",Peravoor,11,Iritty,5937,Thalassery,Kannur,557,Kannur,KL,32, ,India,Rural,4026.0,16211.0,4.02657725,7793.0,7979.0,8232.0,Available,Available,Available,Available,Available,Available,Available,Available,Available,Not Available,Not Available,Available,Available,Available,Available,Not Available,Not Available,Available,Available,Not Available,Available,Available,Available,130.0,155.0,1.0,0.0,0.0,3360.0,0.0,0.0,4148.0,4098.0,49.0,10.0,15.0,0.0,0.0,24.0,Koothuparamba,40.0,34659.817396566825,34659.817396566825,54172266.43860215,Administrative Boundary,Survey of India (SOI),Kerala,11.894096658150861,75.82523843798228
1454,1454,35903.0,Kottiyoor,627257,Kottiyoor,06,Peravoor,11,Iritty,5937,Thalassery,Kannur,557,Kannur,KL,32, ,India,Rural,4156.0,16698.0,4.01780558,15501.0,8239.0,8459.0,Available,Not Available,Not Available, , ,Available,Available,Available,Available,Not Available,Not Available,Available,Available,Available,Available,Available,Available,Available,Available,Not Available,Not Available,Available,Available,11322.0,11.0,0.0,0.0,0.0,4.0,0.0,0.0,4164.0,4027.0,137.0,45.0,1.0,0.0,0.0,90.0,Koothuparamba,45.0,46125.2812477438,46125.2812477438,83826747.43219987,Administrative Boundary,Survey of India (SOI),Kerala,11.893069649323273,75.89407396914403
1445,1445,35894.0,Muzhakkunnu,627261,Muzhakkunnu,10,Peravoor,11,Iritty,5937,Thalassery,Kannur,557,Kannur,KL,32, ,India,Rural,4881.0,21807.0,4.46773202,3103.0,10532.0,11275.0,Available,Available,Not Available, , ,Available,Available,Available,Available,Not Available,Not Available,Not Available, , ,Available,Not Available,Not Available,Available,Available,Not Available,Not Available,Available,Available,0.0,145.0,0.0,0.0,0.0,10.0,0.0,0.0,2948.0,2876.0,72.0,0.0,37.0,0.0,0.0,34.0,Mattannur,20.0,28140.831446190183,28140.831446190183,30499619.919671614,Administrative Boundary,Survey of India (SOI),Kerala,11.936830018197758,75.70512714230405
109,109,31668.0,Alakode,627190,"Alakode,Udayagiri","07, 09",Taliparamba,6,Taliparamba,5632,Taliparamba,Kannur,557,Kannur,KL,32, ,India,Rural,8007.0,33173.0,4.14299988,7268.0,16289.0,16884.0,Available,Available,Not Available, , ,Available,Available,Available,Available,Not Available,Not Available,Available,Available,Available,Not Available, , ,Available,Available,Not Available,Not Available,Not Available,Available,4.0,201.0,22.0,0.0,0.0,0.0,0.0,0.0,7041.0,6446.0,595.0,0.0,345.0,125.0,0.0,125.0,Taliparamba,24.0,46159.34759619684,46159.34759619684,74234530.77536628,Administrative Boundary,Survey of India (SOI),Kerala,12.228134705911044,75.46347901650081
50,50,31609.0,Chengalai,627207,Chengalai,14,Taliparamba,6,Taliparamba,5632,Taliparamba,Kannur,557,Kannur,KL,32, ,India,Rural,3270.0,15800.0,4.83180428,2118.0,7462.0,8338.0,Available,Not Available,Available,Available,Available,Available,Available,Available,Available,Not Available,Not Available,Available,Available,Available,Not Available, , ,Available,Available,Not Available,Available,Not Available,Available,0.0,4.0,26.0,0.0,0.0,0.0,21.0,21.0,2067.0,1960.0,128.0,0.0,0.0,7.0,0.0,121.0,Taliparamba,18.0,29764.11789220949,29764.11789220949,21158543.33331616,Administrative Boundary,Survey of India (SOI),Kerala,12.032159256751921,75.46580189926394
49,49,31608.0,Chuzhali,627197,Chengalai,14,Taliparamba,6,Taliparamba,5632,Taliparamba,Kannur,557,Kannur,KL,32, ,India,Rural,3449.0,14759.0,4.27921137,4619.0,7147.0,7612.0,Not Available,Available,Not Available, , ,Available,Available,Available,Available,Not Available,Not Available,Available,Available,Available,Available,Available,Available,Available,Available,Not Available,Not Available,Available,Available,0.0,263.0,10.0,0.0,0.0,0.0,0.0,0.0,4346.0,4266.0,80.0,0.0,0.0,0.0,0.0,80.0,Taliparamba,14.0,36005.18959599488,36005.18959599488,47405695.6169194,Administrative Boundary,Survey of India (SOI),Kerala,12.078108016169956,75.45780067014535
102,102,31661.0,New Naduvil,627192,Naduvil,10,Taliparamba,6,Taliparamba,5632,Taliparamba,Kannur,557,Kannur,KL,32, ,India,Rural,4926.0,20369.0,4.13499797,4931.0,9878.0,10491.0,Available,Not Available,Available,Available,Available,Available,Available,Available,Available,Not Available,Not Available,Available,Available,Available,Available,Available,Available,Not Available,Available,Not Available,Available,Available,Available,130.0,39.0,52.0,0.0,0.0,0.0,0.0,0.0,4710.0,1070.0,3640.0,250.0,1750.0,1640.0,0.0,0.0,Kannur,43.0,44169.44571204024,44169.44571204024,64774117.92106719,Administrative Boundary,Survey of India (SOI),Kerala,12.139497661720357,75.493339684283
45,45,31604.0,Panniyoor,627194,Kurumathur,11,Taliparamba,6,Taliparamba,5632,Taliparamba,Kannur,557,Kannur,KL,32, ,India,Rural,2673.0,12382.0,4.63224841,2454.0,5932.0,6450.0,Available,Not Available,Available,Available,Available,Available,Available,Available,Available,Not Available,Not Available,Available,Available,Available,Available,Available,Available,Available,Available,Not Available,Not Available,Not Available,Available,0.0,1980.0,0.0,0.0,0.0,409.0,0.0,0.0,65.0,24.0,41.0,29.0,10.0,2.0,0.0,0.0,Taliparamba,9.0,23308.56194999956,23308.56194999956,22670475.450433373,Administrative Boundary,Survey of India (SOI),Kerala,12.071386266827329,75.40830218746379
40,40,31599.0,Pattuvam,627196,Pattuvam,13,Taliparamba,6,Taliparamba,5632,Taliparamba,Kannur,557,Kannur,KL,32, ,India,Rural,3300.0,15659.0,4.74515152,1681.0,7214.0,8445.0,Available,Not Available,Available,Available,Available,Available,Available,Available,Available,Not Available,Not Available,Available,Available,Available,Not Available, , ,Available,Available,Not Available,Not Available,Not Available,Available,0.0,410.0,60.0,0.0,0.0,70.0,0.0,0.0,1140.0,971.0,169.0,128.0,0.0,0.0,0.0,40.0,Taliparamba,8.0,22297.46585300219,22297.46585300219,15981866.448349724,Administrative Boundary,Survey of India (SOI),Kerala,12.022862073207644,75.32556338143515
107,107,31666.0,Thimiri,627186,"Chapparapadavu,Alakode","06, 07",Taliparamba,6,Payyannur,6599,Taliparamba,Kannur,557,Kannur,KL,32, ,India,Rural,4497.0,18044.0,4.01245275,4730.0,8825.0,9219.0,Available,Available,Not Available, , ,Available,Available,Available,Available,Not Available,Not Available,Available,Not Available,Available,Available,Not Available,Not Available,Available,Available,Not Available,Available,Available,Available,0.0,971.0,0.0,0.0,0.0,0.0,0.0,0.0,3759.0,3504.0,255.0,44.0,101.0,89.0,20.0,0.0,Payyannur,35.0,54191.75193496877,54191.75193496877,57776220.50761763,Administrative Boundary,Survey of India (SOI),Kerala,12.190206602224215,75.40933477050082
119,119,31678.0,Vellad,627191,"Chapparapadavu,Alakode,Udayagiri ,Naduvil","06, 07, 09, 10",Taliparamba,6,Taliparamba,5632,Taliparamba,Kannur,557,Kannur,KL,32, ,India,Rural,6229.0,25875.0,4.1539573,8094.0,12985.0,12890.0,Not Available,Available,Not Available, , ,Available,Available,Available,Not Available, , ,Available,Available,Available,Available,Not Available,Available,Available,Not Available,Not Available,Not Available,Not Available,Available,387.0,704.0,0.0,0.0,0.0,79.0,0.0,0.0,6924.0,6398.0,526.0,0.0,0.0,405.0,0.0,121.0,Taliparamba,22.0,38004.3862493386,38004.3862493386,58324182.98050232,Administrative Boundary,Survey of India (SOI),Kerala,12.18408599210568,75.52347008162455
70,70,31629.0,Ambalathara,627153,Madikai,12,Kanhangad,3,Hosdurg,5631,Kanhangad,Kasaragod,558,Kasaragod,KL,32, ,India,Rural,2217.0,9120.0,4.11366712,2522.0,4268.0,4852.0,Available,Not Available,Available,Available,Available,Available,Available,Available,Available,Available,Available,Available,Available,Available,Available,Available,Available,Available,Available,Not Available,Not Available,Not Available,Available,0.0,423.0,410.0,0.0,0.0,1008.0,0.0,0.0,680.0,255.0,426.0,116.0,141.0,0.0,0.0,169.0,Kanhangad,8.0,37479.47801834922,37479.47801834922,28535453.77200924,Administrative Boundary,Survey of India (SOI),Kerala,12.330732369875507,75.15220507280381
123,123,31693.0,Kallar,627143,Kallar,06,Kanhangad,3,Vellarikkundu,5933,Kanhangad,Kasaragod,558,Kasaragod,KL,32, ,India,Rural,4691.0,19414.0,4.13856321,5267.0,9493.0,9921.0,Available,Available,Available,Available,Available,Available,Available,Available,Available,Available,Available,Available,Not Available,Available,Available,Not Available,Not Available,Available,Available,Not Available,Not Available,Not Available,Available,0.0,665.0,0.0,0.0,0.0,428.0,126.0,126.0,4048.0,2435.0,1739.0,211.0,982.0,111.0,0.0,435.0,Kanhangad,27.0,42448.89149779137,42448.89149779137,53086403.84377572,Administrative Boundary,Survey of India (SOI),Kerala,12.429324246532659,75.25507754823757
126,126,31696.0,Kodom,627142,Kodom-Bellur,05,Kanhangad,3,Vellarikkundu,5933,Kanhangad,Kasaragod,558,Kasaragod,KL,32, ,India,Rural,1659.0,6915.0,4.1681736,1972.0,3341.0,3574.0,Available,Not Available,Available,Available,Available,Available,Available,Available,Available,Available,Available,Available,Available,Available,Available,Available,Available,Not Available,Available,Available,Not Available,Available,Available,0.0,718.0,0.0,0.0,0.0,208.0,58.0,58.0,988.0,591.0,455.0,40.0,366.0,49.0,0.0,0.0,Kanhangad,15.0,26565.519126709503,26565.519126709503,18376513.179781303,Administrative Boundary,Survey of India (SOI),Kerala,12.41600824348945,75.19723604989855
69,69,31628.0,Madikai,627154,Madikai,12,Kanhangad,3,Hosdurg,5631,Kanhangad,Kasaragod,558,Kasaragod,KL,32, ,India,Rural,3310.0,12930.0,3.90634441,2656.0,6099.0,6831.0,Available,Not Available,Available,Available,Available,Available,Available,Available,Available,Available,Available,Available,Available,Available,Not Available, , ,Available,Available,Not Available,Available,Available,Available,0.0,586.0,0.0,0.0,0.0,285.0,0.0,0.0,1785.0,1015.0,770.0,0.0,341.0,121.0,206.0,101.0,Kanhangad,6.0,23378.82770507736,23378.82770507736,23407786.44599559,Administrative Boundary,Survey of India (SOI),Kerala,12.299012466525266,75.15510152972182
131,131,31701.0,Panathady,627144,Panathady,07,Kanhangad,3,Vellarikkundu,5933,Kanhangad,Kasaragod,558,Kasaragod,KL,32, ,India,Rural,5563.0,22976.0,4.1301456,8877.0,11319.0,11657.0,Available,Available,Available,Available,Available,Available,Available,Available,Available,Available,Available,Available,Available,Available,Available,Available,Available,Available,Available,Not Available,Not Available,Available,Available,1009.0,1530.0,0.0,0.0,0.0,1554.0,0.0,0.0,4784.0,2511.0,2273.0,0.0,282.0,1821.0,0.0,170.0,Kanhangad,47.0,59932.22073523965,59932.22073523965,91320900.04096995,Administrative Boundary,Survey of India (SOI),Kerala,12.458578334259169,75.34511992015152
75,75,31634.0,Panayal,627137,Pallikkara,02,Kanhangad,3,Hosdurg,5631,Kanhangad,Kasaragod,558,Kasaragod,KL,32, ,India,Rural,4291.0,19186.0,4.47121883,2811.0,9053.0,10133.0,Available,Available,Available,Available,Available,Available,Available,Available,Available,Available,Available,Available,Available,Available,Not Available, , ,Not Available,Available,Available,Not Available,Available,Available,0.0,229.0,0.0,0.0,0.0,26.0,0.0,0.0,2556.0,1303.0,1253.0,0.0,1014.0,166.0,0.0,73.0,Kanhangad,18.0,33163.147045483944,33163.147045483944,28358504.598160256,Administrative Boundary,Survey of India (SOI),Kerala,12.424444635438936,75.06804368750475
95,95,31654.0,Parappa,627151,Kodom-Bellur,05,Kanhangad,3,Vellarikkundu,5933,Kanhangad,Kasaragod,558,Kasaragod,KL,32, ,India,Rural,3463.0,14137.0,4.08229859,4022.0,6834.0,7303.0,Available,Not Available,Not Available, , ,Available,Available,Available,Available,Available,Available,Available,Available,Available,Available,Not Available,Not Available,Available,Available,Not Available,Not Available,Available,Available,359.0,1410.0,0.0,0.0,0.0,0.0,0.0,0.0,2253.0,1306.0,947.0,265.0,335.0,0.0,0.0,347.0,Kanhangad,30.0,35890.0957549647,35890.0957549647,25928999.559442416,Administrative Boundary,Survey of India (SOI),Kerala,12.345551429243583,75.26422260646015
76,76,31635.0,Pullur,627140,Pullur-Periya,04,Kanhangad,3,Hosdurg,5631,Kanhangad,Kasaragod,558,Kasaragod,KL,32, ,India,Rural,3667.0,15565.0,4.24461413,2859.0,7436.0,8129.0,Not Available,Available,Not Available, , ,Available,Available,Available,Available,Available,Available,Available,Available,Available,Not Available, , ,Available,Available,Not Available,Not Available,Not Available,Available,0.0,458.0,955.0,0.0,0.0,0.0,12.0,12.0,1434.0,545.0,901.0,590.0,210.0,0.0,0.0,101.0,Kanhangad,10.0,38003.0117949596,38003.0117949596,27664576.90222933,Administrative Boundary,Survey of India (SOI),Kerala,12.378671592917819,75.12430106018446
96,96,31655.0,Thayanur,627152,Kodom-Bellur,05,Kanhangad,3,Vellarikkundu,5933,Kanhangad,Kasaragod,558,Kasaragod,KL,32, ,India,Rural,2917.0,11955.0,4.09838876,3994.0,5737.0,6218.0,Available,Available,Available,Available,Available,Available,Available,Available,Not Available, , ,Available,Available,Available,Available,Not Available,Not Available,Available,Available,Not Available,Not Available,Not Available,Available,0.0,1268.0,0.0,0.0,0.0,20.0,0.0,0.0,2706.0,2261.0,445.0,0.0,283.0,162.0,0.0,0.0,Kanhangad,20.0,38132.082184774845,38132.082184774845,40541318.794103086,Administrative Boundary,Survey of India (SOI),Kerala,12.346514452580285,75.2045492018502
80,80,31639.0,Adhur,627110,Karadka,15,Kasaragod,2,Kasaragod,5630,Kasaragod,Kasaragod,558,Kasaragod,KL,32, ,India,Rural,2107.0,11598.0,5.50450878,2258.0,5842.0,5756.0,Available,Available,Available,Available,Available,Available,Available,Available,Available,Available,Available,Available,Available,Available,Not Available, , ,Available,Available,Not Available,Not Available,Available,Available,0.0,703.0,88.0,0.0,0.0,84.0,3.0,3.0,1381.0,906.0,477.0,231.0,68.0,0.0,0.0,179.0,Kasaragod,23.0,26552.807798425754,26552.807798425754,22049708.6686808,Administrative Boundary,Survey of India (SOI),Kerala,12.565765900610206,75.19051617331048
127,127,31697.0,Bandadka,627118,Kuttikole,18,Kasaragod,2,Kasaragod,5630,Kasaragod,Kasaragod,558,Kasaragod,KL,32, ,India,Rural,1849.0,7824.0,4.23147647,2330.0,3893.0,3931.0,Available,Available,Not Available, , ,Available,Available,Available,Available,Available,Available,Available,Available,Available,Not Available, , ,Not Available,Available,Not Available,Not Available,Available,Available,34.0,0.0,0.0,0.0,30.0,43.0,0.0,0.0,2222.0,1749.0,504.0,405.0,41.0,57.0,0.0,0.0,Kasaragod,50.0,23082.40757039891,23082.40757039891,17320942.20576107,Administrative Boundary,Survey of India (SOI),Kerala,12.495632547402524,75.2884341557674
63,63,31622.0,Bedadka,627114,Bedadka,17,Kasaragod,2,Kasaragod,5630,Kasaragod,Kasaragod,558,Kasaragod,KL,32, ,India,Rural,2985.0,13476.0,4.51457286,3624.0,6460.0,7016.0,Not Available,Available,Not Available, , ,Available,Available,Available,Available,Available,Available,Available,Available,Available,Available,Available,Available,Available,Not Available,Not Available,Not Available,Available,Available,0.0,2160.0,559.0,0.0,0.0,405.0,0.0,0.0,500.0,202.0,298.0,0.0,146.0,152.0,0.0,0.0,Kasaragod,27.0,28187.46800047374,28187.46800047374,29638956.007058237,Administrative Boundary,Survey of India (SOI),Kerala,12.459233202909047,75.14232032563476
173,173,31940.0,Delampady,627120,Delampady,19,Kasaragod,2,Kasaragod,5630,Kasaragod,Kasaragod,558,Kasaragod,KL,32, ,India,Rural,1314.0,7291.0,5.54870624,1568.0,3693.0,3598.0,Not Available,Available,Available,Available,Available,Available,Available,Available,Available,Available,Available,Available,Available,Available,Not Available, , ,Available,Available,Not Available,Not Available,Available,Available,0.0,324.0,0.0,0.0,0.0,270.0,0.0,0.0,973.0,366.0,607.0,0.0,325.0,198.0,37.0,46.0,Kasaragod,45.0,29490.95184375966,29490.95184375966,26365278.097967528,Administrative Boundary,Survey of India (SOI),Kerala,12.590300855856755,75.28100545650663
79,79,31638.0,Kalnad,627100,Chemnad,11,Kasaragod,2,Kasaragod,5630,Kasaragod,Kasaragod,558,Kasaragod,KL,32, ,India,Rural,3351.0,18029.0,5.38018502,847.0,8386.0,9643.0,Available,Not Available,Not Available, , ,Available,Available,Available,Available,Available,Available,Available,Available,Available,Not Available, , ,Available,Available,Available,Available,Available,Available,0.0,99.0,0.0,0.0,0.0,134.0,0.0,0.0,614.0,415.0,199.0,0.0,97.0,47.0,0.0,55.0,Kasaragod,6.0,14060.238277930948,14060.238277930948,9086867.597849302,Administrative Boundary,Survey of India (SOI),Kerala,12.458165735740838,75.00918205434414
91,91,31650.0,Karadka,627111,Karadka,15,Kasaragod,2,Kasaragod,5630,Kasaragod,Kasaragod,558,Kasaragod,KL,32, ,India,Rural,2158.0,9613.0,4.45458758,1859.0,4693.0,4920.0,Available,Not Available,Available,Available,Available,Available,Available,Available,Available,Available,Available,Available,Available,Available,Not Available, , ,Available,Available,Not Available,Not Available,Available,Available,689.0,312.0,0.0,0.0,2.0,55.0,2.0,2.0,798.0,236.0,566.0,236.0,0.0,80.0,0.0,250.0,Kasaragod,23.0,34237.39726262475,34237.39726262475,31221970.90711119,Administrative Boundary,Survey of India (SOI),Kerala,12.532768235809437,75.15106571098795
125,125,31695.0,Karivedakam,627117,Kuttikole,18,Kasaragod,2,Kasaragod,5630,Kasaragod,Kasaragod,558,Kasaragod,KL,32, ,India,Rural,2237.0,10042.0,4.48904783,2206.0,4996.0,5046.0,Available,Available,Not Available, , ,Available,Available,Available,Available,Available,Available,Available,Available,Available,Not Available, , ,Not Available,Available,Not Available,Not Available,Available,Available,5.0,1.0,0.0,0.0,0.0,0.0,0.0,0.0,2199.0,1675.0,524.0,40.0,64.0,140.0,200.0,80.0,Kasaragod,46.0,26038.18570565277,26038.18570565277,26893017.42838115,Administrative Boundary,Survey of India (SOI),Kerala,12.489348628665907,75.25168462442599
77,77,31636.0,Kolathur,627113,Bedadka,17,Kasaragod,2,Kasaragod,5630,Kasaragod,Kasaragod,558,Kasaragod,KL,32, ,India,Rural,1331.0,5780.0,4.34259955,1763.0,2710.0,3070.0,Available,Not Available,Available,Available,Available,Available,Available,Available,Available,Available,Available,Available,Available,Available,Not Available, , ,Available,Available,Not Available,Not Available,Not Available,Available,0.0,174.0,13.0,0.0,0.0,0.0,0.0,0.0,1576.0,1438.0,137.0,0.0,16.0,101.0,0.0,20.0,Kasaragod,25.0,25211.913686506465,25211.913686506465,17531928.353084337,Administrative Boundary,Survey of India (SOI),Kerala,12.463033566054442,75.10086310884995
124,124,31694.0,Kuttikole,627116,Kuttikole,18,Kasaragod,2,Kasaragod,5630,Kasaragod,Kasaragod,558,Kasaragod,KL,32, ,India,Rural,1657.0,7057.0,4.25890163,2094.0,3444.0,3613.0,Available,Available,Available,Available,Available,Available,Available,Available,Available,Available,Available,Available,Available,Available,Available,Available,Available,Available,Available,Not Available,Available,Available,Available,0.0,6.0,0.0,0.0,0.0,74.0,0.0,0.0,2014.0,1726.0,288.0,0.0,147.0,141.0,0.0,0.0,Kasaragod,35.0,22166.45114901887,22166.45114901887,21297094.89164981,Administrative Boundary,Survey of India (SOI),Kerala,12.485251494712736,75.20758734611356
60,60,31619.0,Muliyar,627112,Muliyar,16,Kasaragod,2,Kasaragod,5630,Kasaragod,Kasaragod,558,Kasaragod,KL,32, ,India,Rural,4980.0,25095.0,5.03915663,3427.0,12248.0,12847.0,Available,Not Available,Available,Available,Available,Available,Available,Available,Available,Available,Available,Available,Available,Available,Available,Not Available,Not Available,Available,Available,Not Available,Not Available,Not Available,Available,0.0,550.0,970.0,0.0,0.0,0.0,10.0,10.0,1897.0,810.0,1097.0,0.0,644.0,320.0,0.0,134.0,Kasaragod,10.0,40766.77366399286,40766.77366399286,40761266.58372691,Administrative Boundary,Survey of India (SOI),Kerala,12.504248779617566,75.11004417103054
64,64,31623.0,Munnad,627115,Bedadka,17,Kasaragod,2,Kasaragod,5630,Kasaragod,Kasaragod,558,Kasaragod,KL,32, ,India,Rural,1989.0,8612.0,4.32981398,3131.0,4111.0,4501.0,Available,Available,Available,Available,Available,Available,Available,Available,Available,Available,Available,Available,Available,Available,Not Available, , ,Available,Not Available,Not Available,Not Available,Not Available,Available,0.0,1076.0,0.0,0.0,0.0,283.0,0.0,0.0,1772.0,626.0,1145.0,0.0,121.0,334.0,0.0,690.0,Kasaragod,33.0,38724.78606218638,38724.78606218638,37324867.638960935,Administrative Boundary,Survey of India (SOI),Kerala,12.455526873102736,75.18347908522254
61,61,31620.0,Muttathody,627103,Chengala,12,Kasaragod,2,Kasaragod,5630,Kasaragod,Kasaragod,558,Kasaragod,KL,32, ,India,Rural,3846.0,20658.0,5.37129485,1205.0,10057.0,10601.0,Available,Available,Available,Available,Available,Available,Available,Available,Available,Available,Available,Available,Available,Available,Available,Not Available,Not Available,Available,Available,Not Available,Not Available,Not Available,Available,0.0,109.0,280.0,0.0,0.0,0.0,0.0,0.0,817.0,187.0,630.0,36.0,509.0,0.0,0.0,84.0,Kasaragod,8.0,16561.774152305912,16561.774152305912,11361266.532647973,Administrative Boundary,Survey of India (SOI),Kerala,12.528675942871097,75.03256818320703
62,62,31621.0,Nekraje,627105,Chengala,12,Kasaragod,2,Kasaragod,5630,Kasaragod,Kasaragod,558,Kasaragod,KL,32, ,India,Rural,2428.0,12519.0,5.15609555,2046.0,6110.0,6409.0,Available,Available,Available,Available,Available,Available,Available,Available,Available,Available,Available,Available,Available,Available,Available,Available,Available,Available,Available,Not Available,Available,Available,Available,0.0,40.0,0.0,0.0,0.0,121.0,0.0,0.0,1885.0,1266.0,619.0,7.0,243.0,4.0,101.0,263.0,Kasaragod,15.0,24749.35820797121,24749.35820797121,20072928.3957692,Administrative Boundary,Survey of India (SOI),Kerala,12.550042902324796,75.09570649077187
88,88,31647.0,Pady,627104,Chengala,12,Kasaragod,2,Kasaragod,5630,Kasaragod,Kasaragod,558,Kasaragod,KL,32, ,India,Rural,1564.0,8016.0,5.12531969,1221.0,3928.0,4088.0,Available,Available,Available,Available,Available,Available,Available,Available,Available,Available,Available,Available,Available,Available,Available,Available,Available,Available,Available,Not Available,Not Available,Available,Available,0.0,193.0,0.0,0.0,0.0,28.0,103.0,103.0,897.0,480.0,519.0,0.0,158.0,38.0,121.0,202.0,Kasaragod,10.0,17820.99932268919,17820.99932268919,12794692.129647523,Administrative Boundary,Survey of India (SOI),Kerala,12.530150391621639,75.06393971595341
85,85,31644.0,Patla,627099,Madhur,10,Kasaragod,2,Kasaragod,5630,Kasaragod,Kasaragod,558,Kasaragod,KL,32, ,India,Rural,982.0,5481.0,5.5814664,469.0,2660.0,2821.0,Available,Available,Available,Available,Available,Available,Available,Available,Available,Available,Available,Available,Available,Available,Not Available, , ,Not Available,Not Available,Not Available,Not Available,Not Available,Available,0.0,50.0,0.0,0.0,20.0,0.0,0.0,0.0,399.0,231.0,188.0,0.0,154.0,0.0,0.0,34.0,Kasaragod,7.0,8767.845554202733,8767.845554202733,4179196.8688885625,Administrative Boundary,Survey of India (SOI),Kerala,12.567831466660078,75.00272461475677
89,89,31648.0,Perumbala,627101,Chemnad,11,Kasaragod,2,Kasaragod,5630,Kasaragod,Kasaragod,558,Kasaragod,KL,32, ,India,Rural,1677.0,8096.0,4.82766846,792.0,3789.0,4307.0,Not Available,Available,Available,Available,Available,Available,Available,Available,Available,Available,Available,Available,Available,Available,Not Available, , ,Available,Available,Not Available,Not Available,Available,Available,0.0,153.0,0.0,0.0,0.0,5.0,0.0,0.0,634.0,517.0,117.0,20.0,75.0,0.0,0.0,21.0,Kasaragod,6.0,13439.144410215564,13439.144410215564,7504531.258845974,Administrative Boundary,Survey of India (SOI),Kerala,12.48800797004041,75.02767757508617
65,65,31624.0,Thekkil,627102,Chemnad,11,Kasaragod,2,Kasaragod,5630,Kasaragod,Kasaragod,558,Kasaragod,KL,32, ,India,Rural,2822.0,14299.0,5.06697378,1542.0,6852.0,7447.0,Not Available,Available,Available,Available,Available,Available,Available,Available,Available,Available,Available,Available,Available,Available,Not Available, , ,Available,Available,Not Available,Not Available,Available,Available,0.0,287.0,0.0,0.0,0.0,0.0,0.0,0.0,1255.0,729.0,526.0,0.0,364.0,81.0,0.0,81.0,Kasaragod,9.0,17863.651476202394,17863.651476202394,16068066.71075221,Administrative Boundary,Survey of India (SOI),Kerala,12.476567800916426,75.05943283085875
161,161,31777.0,Angadimogaru,627082,Puthige,06,Manjeshwar,1,Manjeswaram,5932,Kasaragod,Kasaragod,558,Kasaragod,KL,32, ,India,Rural,456.0,2552.0,5.59649123,325.0,1221.0,1331.0,Not Available,Available,Available,Available,Available,Available,Available,Available,Available,Available,Available,Available,Available,Available,Available,Not Available,Not Available,Available,Available,Not Available,Not Available,Not Available,Available,0.0,52.0,138.0,0.0,2.0,0.0,0.0,0.0,132.0,48.0,86.0,10.0,1.0,36.0,39.0,0.0,Kasaragod,16.0,9340.85059482001,9340.85059482001,3300356.566670844,Administrative Boundary,Survey of India (SOI),Kerala,12.63349133766941,75.0134184834875
162,162,31778.0,Arikady,627097,Kumbala,09,Manjeshwar,1,Manjeswaram,5932,Kasaragod,Kasaragod,558,Kasaragod,KL,32, ,India,Rural,1398.0,8001.0,5.72317597,558.0,3813.0,4188.0,Available,Available,Available,Available,Available,Available,Available,Available,Available,Available,Available,Available,Available,Available,Not Available, , ,Available,Available,Not Available,Available,Available,Available,0.0,20.0,51.0,0.0,0.0,10.0,0.0,0.0,477.0,41.0,436.0,101.0,105.0,180.0,0.0,50.0,Kasaragod,17.0,10955.321686958538,10955.321686958538,4667650.123901233,Administrative Boundary,Survey of India (SOI),Kerala,12.61041885885922,74.94531023313934
151,151,31767.0,Badaje,627069,Manjeshwar,03,Manjeshwar,1,Manjeswaram,5932,Kasaragod,Kasaragod,558,Kasaragod,KL,32, ,India,Rural,1479.0,8170.0,5.5240027,640.0,3981.0,4189.0,Available,Available,Available,Available,Available,Available,Available,Available,Available,Available,Available,Available,Available,Available,Not Available, , ,Available,Available,Not Available,Not Available,Available,Available,0.0,93.0,0.0,0.0,0.0,39.0,0.0,0.0,508.0,291.0,218.0,36.0,141.0,0.0,40.0,0.0,Mangalore,20.0,11955.184207713795,11955.184207713795,6161997.598354238,Administrative Boundary,Survey of India (SOI),Kerala,12.724838317747983,74.90915899051515
133,133,31749.0,Badiyadka,627088,Badiyadka,08,Manjeshwar,1,Kasaragod,5630,Kasaragod,Kasaragod,558,Kasaragod,KL,32, ,India,Rural,2117.0,10694.0,5.05148795,2347.0,5320.0,5374.0,Not Available,Available,Available,Available,Available,Available,Available,Available,Available,Available,Available,Available,Available,Available,Available,Not Available,Not Available,Available,Available,Not Available,Available,Not Available,Available,0.0,338.0,0.0,0.0,10.0,200.0,300.0,300.0,1499.0,1002.0,806.0,0.0,88.0,516.0,0.0,203.0,Kasaragod,20.0,22509.52704879109,22509.52704879109,17502080.735864606,Administrative Boundary,Survey of India (SOI),Kerala,12.598887973931083,75.09037747798087
136,136,31752.0,Badoor,627081,Puthige,06,Manjeshwar,1,Manjeswaram,5932,Kasaragod,Kasaragod,558,Kasaragod,KL,32, ,India,Rural,960.0,5536.0,5.76666667,1143.0,2684.0,2852.0,Available,Not Available,Not Available, , ,Available,Available,Available,Available,Available,Available,Available,Available,Available,Not Available, , ,Available,Available,Available,Not Available,Not Available,Available,0.0,193.0,256.0,0.0,0.0,229.0,0.0,0.0,465.0,362.0,103.0,38.0,2.0,9.0,0.0,54.0,Kasaragod,18.0,17542.78121570495,17542.78121570495,11001804.071266811,Administrative Boundary,Survey of India (SOI),Kerala,12.654758906192816,75.03563093982025
146,146,31762.0,Bayar,627080,Paivalike,05,Manjeshwar,1,Manjeswaram,5932,Kasaragod,Kasaragod,558,Kasaragod,KL,32, ,India,Rural,2022.0,11057.0,5.46834817,2449.0,5642.0,5415.0,Available,Not Available,Available,Available,Available,Available,Available,Available,Available,Available,Available,Available,Available,Available,Not Available, , ,Available,Available,Not Available,Not Available,Available,Available,372.0,499.0,0.0,0.0,0.0,98.0,0.0,0.0,1479.0,1471.0,8.0,0.0,8.0,0.0,0.0,0.0,Kasaragod,35.0,26935.87464284778,26935.87464284778,23596112.52027514,Administrative Boundary,Survey of India (SOI),Kerala,12.69390049147968,75.02867974134519
66,66,31625.0,Bela,627090,Badiyadka,08,Manjeshwar,1,Kasaragod,5630,Kasaragod,Kasaragod,558,Kasaragod,KL,32, ,India,Rural,2275.0,11144.0,4.89846154,2279.0,5445.0,5699.0,Available,Available,Available,Available,Available,Available,Available,Available,Available,Available,Available,Available,Not Available,Available,Not Available, , ,Available,Available,Not Available,Not Available,Not Available,Available,0.0,483.0,0.0,0.0,0.0,0.0,0.0,0.0,1796.0,486.0,1311.0,124.0,812.0,131.0,0.0,243.0,Kasaragod,15.0,26544.71330333667,26544.71330333667,22112802.35445684,Administrative Boundary,Survey of India (SOI),Kerala,12.572622750001024,75.03451674070666
87,87,31646.0,Bellur,627109,Bellur,14,Manjeshwar,1,Kasaragod,5630,Kasaragod,Kasaragod,558,Kasaragod,KL,32, ,India,Rural,773.0,3936.0,5.09184994,890.0,1929.0,2007.0,Not Available,Not Available,Available,Available,Available,Available,Available,Available,Available,Available,Available,Available,Available,Available,Not Available, , ,Not Available,Available,Not Available,Not Available,Not Available,Available,0.0,129.0,0.0,0.0,0.0,51.0,0.0,0.0,710.0,340.0,370.0,0.0,234.0,18.0,0.0,118.0,Kasaragod,40.0,16553.14862548062,16553.14862548062,9872864.66808152,Administrative Boundary,Survey of India (SOI),Kerala,12.589935373527135,75.16778889584896
163,163,31779.0,Bombrana,627096,Kumbala,09,Manjeshwar,1,Manjeswaram,5932,Kasaragod,Kasaragod,558,Kasaragod,KL,32, ,India,Rural,676.0,3759.0,5.56065089,356.0,1778.0,1981.0,Available,Available,Available,Available,Available,Available,Available,Available,Available,Available,Available,Available,Available,Available,Available,Available,Available,Available,Available,Available,Not Available,Available,Available,0.0,36.0,7.0,0.0,0.0,8.0,0.0,0.0,305.0,29.0,277.0,131.0,51.0,51.0,0.0,44.0,Kasaragod,19.0,8986.819037388967,8986.819037388967,3079573.68289296,Administrative Boundary,Survey of India (SOI),Kerala,12.625082478565597,74.94657401950039
168,168,31784.0,Chippar,627079,Paivalike,05,Manjeshwar,1,Manjeswaram,5932,Kasaragod,Kasaragod,558,Kasaragod,KL,32, ,India,Rural,510.0,2834.0,5.55686275,503.0,1421.0,1413.0,Available,Available,Available,Available,Available,Available,Available,Available,Available,Available,Available,Available,Not Available,Available,Not Available, , ,Not Available,Available,Not Available,Not Available,Not Available,Available,0.0,0.0,0.0,0.0,0.0,0.0,0.0,0.0,503.0,489.0,14.0,0.0,12.0,2.0,0.0,0.0,Kasaragod,35.0,11977.372652576163,11977.372652576163,4860935.472719457,Administrative Boundary,Survey of India (SOI),Kerala,12.710297806349935,75.00286650357758
134,134,31750.0,Edanad,627092,Puthige,06,Manjeshwar,1,Manjeswaram,5932,Kasaragod,Kasaragod,558,Kasaragod,KL,32, ,India,Rural,610.0,2922.0,4.79016393,685.0,1441.0,1481.0,Available,Not Available,Not Available, , ,Available,Available,Available,Available,Available,Available,Available,Available,Available,Available,Available,Available,Not Available,Available,Not Available,Available,Available,Available,0.0,20.0,0.0,0.0,0.0,0.0,0.0,0.0,665.0,398.0,267.0,0.0,267.0,0.0,0.0,0.0,Kasaragod,14.0,12857.844686818851,12857.844686818851,7722020.697051868,Administrative Boundary,Survey of India (SOI),Kerala,12.603581560422422,74.99678025706453
145,145,31761.0,Enmakaje,627085,Enmakaje,07,Manjeshwar,1,Manjeswaram,5932,Kasaragod,Kasaragod,558,Kasaragod,KL,32, ,India,Rural,2432.0,12697.0,5.22080592,3468.0,6344.0,6353.0,Available,Not Available,Available,Available,Available,Available,Available,Available,Available,Available,Available,Available,Available,Available,Not Available, , ,Available,Available,Not Available,Available,Available,Available,0.0,204.0,103.0,0.0,0.0,78.0,0.0,0.0,3083.0,711.0,2372.0,0.0,1288.0,486.0,0.0,599.0,Kasaragod,33.0,38080.030024402535,38080.030024402535,35174006.33353412,Administrative Boundary,Survey of India (SOI),Kerala,12.661600284007548,75.09482489530292
141,141,31757.0,Heroor,627073,Mangalapady,04,Manjeshwar,1,Manjeswaram,5932,Kasaragod,Kasaragod,558,Kasaragod,KL,32, ,India,Rural,535.0,3195.0,5.97196262,572.0,1549.0,1646.0,Not Available,Not Available,Not Available, , ,Available,Available,Available,Available,Available,Available,Available,Available,Available,Not Available, , ,Available,Not Available,Not Available,Not Available,Not Available,Available,0.0,112.0,0.0,0.0,0.0,66.0,0.0,0.0,394.0,164.0,230.0,0.0,148.0,0.0,0.0,82.0,Kasaragod,24.0,9632.450661459625,9632.450661459625,4931676.127627825,Administrative Boundary,Survey of India (SOI),Kerala,12.644506660713876,74.97145179514831
165,165,31781.0,Ichilampady,627098,Kumbala,09,Manjeshwar,1,Manjeswaram,5932,Kasaragod,Kasaragod,558,Kasaragod,KL,32, ,India,Rural,694.0,4001.0,5.76512968,577.0,1912.0,2089.0,Available,Not Available,Available,Available,Available,Available,Available,Available,Available,Available,Available,Available,Available,Available,Not Available, , ,Available,Not Available,Not Available,Not Available,Not Available,Available,0.0,174.0,30.0,0.0,0.0,0.0,0.0,0.0,373.0,57.0,316.0,0.0,113.0,113.0,0.0,89.0,Kasaragod,15.0,14658.245690388112,14658.245690388112,6406210.049186294,Administrative Boundary,Survey of India (SOI),Kerala,12.615443596204537,74.97524894836091
155,155,31771.0,Kadambar,627065,Meenja,02,Manjeshwar,1,Manjeswaram,5932,Kasaragod,Kasaragod,558,Kasaragod,KL,32, ,India,Rural,503.0,2616.0,5.20079523,328.0,1281.0,1335.0,Available,Not Available,Available,Available,Available,Available,Available,Available,Available,Available,Available,Available,Available,Available,Not Available, , ,Not Available,Not Available,Not Available,Not Available,Available,Available,0.0,19.0,0.0,0.0,0.0,0.0,71.0,71.0,238.0,123.0,186.0,0.0,65.0,8.0,97.0,16.0,Mangalore,30.0,10054.31751760238,10054.31751760238,3462296.0082166386,Administrative Boundary,Survey of India (SOI),Kerala,12.719400423812788,74.9233088293792
90,90,31649.0,Kannur,627093,Puthige,06,Manjeshwar,1,Manjeswaram,5932,Kasaragod,Kasaragod,558,Kasaragod,KL,32, ,India,Rural,445.0,2421.0,5.44044944,686.0,1183.0,1238.0,Available,Available,Not Available, , ,Available,Available,Available,Available,Available,Available,Available,Available,Available,Available,Available,Available,Available,Available,Available,Not Available,Available,Available,0.0,7.0,0.0,0.0,10.0,26.0,0.0,0.0,643.0,377.0,276.0,20.0,256.0,0.0,0.0,0.0,Kasaragod,13.0,10457.23358335358,10457.23358335358,5749700.521789853,Administrative Boundary,Survey of India (SOI),Kerala,12.577427040638334,74.98565247743586
171,171,31787.0,Kattukukke,627086,Enmakaje,07,Manjeshwar,1,Manjeswaram,5932,Kasaragod,Kasaragod,558,Kasaragod,KL,32, ,India,Rural,797.0,3955.0,4.96235885,1362.0,2002.0,1953.0,Available,Not Available,Available,Available,Available,Available,Available,Available,Available,Available,Available,Available,Available,Available,Not Available, , ,Available,Available,Not Available,Not Available,Available,Available,0.0,539.0,347.0,0.0,0.0,219.0,0.0,0.0,257.0,155.0,102.0,0.0,102.0,0.0,0.0,0.0,Kasaragod,37.0,17380.771148531596,17380.771148531596,13105081.025072437,Administrative Boundary,Survey of India (SOI),Kerala,12.661725621483638,75.13637948256316
159,159,31775.0,Kayyar,627076,Paivalike,05,Manjeshwar,1,Manjeswaram,5932,Kasaragod,Kasaragod,558,Kasaragod,KL,32, ,India,Rural,826.0,4268.0,5.16707022,732.0,2190.0,2078.0,Available,Not Available,Available,Available,Available,Available,Available,Available,Available,Available,Available,Available,Available,Available,Not Available, , ,Not Available,Available,Not Available,Not Available,Not Available,Available,0.0,78.0,60.0,0.0,90.0,49.0,62.0,62.0,393.0,50.0,495.0,50.0,198.0,101.0,105.0,40.0,Kasaragod,35.0,11002.824440096572,11002.824440096572,7330211.285419132,Administrative Boundary,Survey of India (SOI),Kerala,12.664451955872174,74.96756835177348
142,142,31758.0,Kidoor,627094,Kumbala,09,Manjeshwar,1,Manjeswaram,5932,Kasaragod,Kasaragod,558,Kasaragod,KL,32, ,India,Rural,493.0,2569.0,5.21095335,595.0,1300.0,1269.0,Available,Available,Available,Available,Available,Available,Available,Available,Available,Available,Available,Available,Available,Available,Available,Available,Available,Available,Available,Available,Available,Available,Available,0.0,0.0,0.0,0.0,67.0,0.0,130.0,130.0,398.0,0.0,595.0,0.0,182.0,60.0,0.0,352.0,Kasaragod,22.0,15884.931658898618,15884.931658898618,6010727.767101591,Administrative Boundary,Survey of India (SOI),Kerala,12.633233427142667,74.98009051584681
147,147,31763.0,Kodalamogaru,627060,Vorkady,01,Manjeshwar,1,Manjeswaram,5932,Kasaragod,Kasaragod,558,Kasaragod,KL,32, ,India,Rural,1107.0,5788.0,5.22854562,1230.0,2906.0,2882.0,Not Available,Not Available,Available,Available,Available,Available,Available,Available,Available,Available,Available,Available,Available,Available,Not Available, , ,Available,Available,Not Available,Not Available,Not Available,Available,0.0,0.0,18.0,0.0,0.0,182.0,0.0,0.0,1030.0,200.0,830.0,17.0,376.0,235.0,0.0,202.0,Kasaragod,38.0,16439.864893451333,16439.864893451333,9980457.407365233,Administrative Boundary,Survey of India (SOI),Kerala,12.75245203410913,74.97148146089384
167,167,31783.0,Kodibail,627071,Mangalapady,04,Manjeshwar,1,Manjeswaram,5932,Kasaragod,Kasaragod,558,Kasaragod,KL,32, ,India,Rural,668.0,3614.0,5.41017964,258.0,1715.0,1899.0,Available,Available,Available,Available,Available,Available,Available,Available,Available,Available,Available,Available,Available,Available,Available,Available,Available,Available,Available,Available,Available,Available,Available,0.0,96.0,0.0,0.0,0.0,0.0,0.0,0.0,162.0,10.0,152.0,0.0,80.0,0.0,0.0,72.0,Kasaragod,22.0,7333.223489533016,7333.223489533016,2538535.13659171,Administrative Boundary,Survey of India (SOI),Kerala,12.670095013668108,74.92661419910834
149,149,31765.0,Koliyoor,627061,Meenja,02,Manjeshwar,1,Manjeswaram,5932,Kasaragod,Kasaragod,558,Kasaragod,KL,32, ,India,Rural,496.0,2743.0,5.53024194,489.0,1397.0,1346.0,Not Available,Available,Available,Available,Available,Available,Available,Available,Available,Available,Available,Available,Available,Available,Available,Not Available,Not Available,Available,Available,Not Available,Not Available,Available,Available,19.0,78.0,0.0,0.0,53.0,81.0,0.0,0.0,258.0,123.0,187.0,0.0,158.0,30.0,0.0,0.0,Kasaragod,40.0,12410.488673983518,12410.488673983518,5192314.352045063,Administrative Boundary,Survey of India (SOI),Kerala,12.739429689073962,74.95990331804137
156,156,31772.0,Kubanoor,627074,Mangalapady,04,Manjeshwar,1,Manjeswaram,5932,Kasaragod,Kasaragod,558,Kasaragod,KL,32, ,India,Rural,420.0,2178.0,5.18571429,326.0,1034.0,1144.0,Available,Not Available,Available,Available,Available,Available,Available,Available,Available,Available,Available,Available,Available,Available,Not Available, , ,Available,Not Available,Not Available,Not Available,Available,Available,0.0,35.0,31.0,0.0,0.0,101.0,0.0,0.0,158.0,56.0,102.0,0.0,73.0,7.0,0.0,22.0,Kasaragod,24.0,7176.875384740422,7176.875384740422,2836946.4135537203,Administrative Boundary,Survey of India (SOI),Kerala,12.663356495665239,74.94539967338594
143,143,31759.0,Kudalmarkala,627077,Paivalike,05,Manjeshwar,1,Manjeswaram,5932,Kasaragod,Kasaragod,558,Kasaragod,KL,32, ,India,Rural,1249.0,7081.0,5.66933547,1530.0,3548.0,3533.0,Available,Available,Available,Available,Available,Available,Available,Available,Available,Available,Available,Available,Available,Available,Available,Not Available,Not Available,Available,Available,Available,Not Available,Not Available,Available,0.0,120.0,170.0,0.0,98.0,196.0,0.0,0.0,946.0,214.0,830.0,17.0,275.0,235.0,101.0,202.0,Kasaragod,35.0,19343.005724528277,19343.005724528277,15077700.833302855,Administrative Boundary,Survey of India (SOI),Kerala,12.657707432972042,75.00101462070444
154,154,31770.0,Kuloor,627067,Meenja,02,Manjeshwar,1,Manjeswaram,5932,Kasaragod,Kasaragod,558,Kasaragod,KL,32, ,India,Rural,653.0,3381.0,5.17764165,697.0,1628.0,1753.0,Available,Not Available,Available,Available,Available,Available,Available,Available,Available,Available,Available,Available,Available,Available,Not Available, , ,Available,Available,Not Available,Not Available,Available,Available,0.0,26.0,0.0,0.0,0.0,0.0,191.0,191.0,480.0,229.0,442.0,0.0,62.0,0.0,300.0,80.0,Mangalore,30.0,16921.62097135364,16921.62097135364,7057077.670490987,Administrative Boundary,Survey of India (SOI),Kerala,12.685932038877441,74.93702822757906
67,67,31626.0,Kumbadaje,627107,Kumbadaje,13,Manjeshwar,1,Kasaragod,5630,Kasaragod,Kasaragod,558,Kasaragod,KL,32, ,India,Rural,2085.0,11161.0,5.3529976,2625.0,5588.0,5573.0,Available,Not Available,Not Available, , ,Available,Available,Available,Available,Available,Available,Available,Available,Available,Not Available, , ,Available,Available,Not Available,Not Available,Not Available,Available,0.0,10.0,0.0,0.0,0.0,0.0,0.0,0.0,2615.0,1789.0,826.0,0.0,513.0,185.0,0.0,128.0,Kasaragod,25.0,26151.391432899614,26151.391432899614,26612595.134972908,Administrative Boundary,Survey of India (SOI),Kerala,12.584227965345605,75.13087902099205
153,153,31769.0,Majibail,627068,Meenja,02,Manjeshwar,1,Manjeswaram,5932,Kasaragod,Kasaragod,558,Kasaragod,KL,32, ,India,Rural,306.0,1485.0,4.85294118,343.0,709.0,776.0,Available,Not Available,Available,Available,Available,Available,Available,Available,Available,Available,Available,Available,Available,Available,Not Available, , ,Available,Available,Not Available,Not Available,Available,Available,0.0,54.0,0.0,0.0,0.0,0.0,119.0,119.0,170.0,123.0,166.0,38.0,81.0,14.0,0.0,33.0,Mangalore,30.0,7574.865524444644,7574.865524444644,1986558.393197268,Administrative Boundary,Survey of India (SOI),Kerala,12.697808456580576,74.91254486765118
139,139,31755.0,Meenja,627064,Meenja,02,Manjeshwar,1,Manjeswaram,5932,Kasaragod,Kasaragod,558,Kasaragod,KL,32, ,India,Rural,826.0,4144.0,5.01694915,1016.0,2044.0,2100.0,Not Available,Available,Available,Available,Available,Available,Available,Available,Available,Available,Available,Available,Available,Available,Available,Not Available,Not Available,Available,Available,Not Available,Not Available,Available,Available,0.0,114.0,0.0,0.0,0.0,0.0,170.0,170.0,732.0,383.0,519.0,0.0,328.0,41.0,0.0,150.0,Kasaragod,36.0,23639.967921768777,23639.967921768777,10629165.084618865,Administrative Boundary,Survey of India (SOI),Kerala,12.70138824768181,74.96181486207601
140,140,31756.0,Moodambail,627066,Meenja,02,Manjeshwar,1,Manjeswaram,5932,Kasaragod,Kasaragod,558,Kasaragod,KL,32, ,India,Rural,932.0,4779.0,5.1276824,692.0,2282.0,2497.0,Available,Not Available,Available,Available,Available,Available,Available,Available,Available,Available,Available,Available,Available,Available,Not Available, , ,Available,Available,Not Available,Not Available,Available,Available,0.0,286.0,0.0,0.0,0.0,0.0,160.0,160.0,246.0,256.0,150.0,0.0,101.0,0.0,37.0,12.0,Mangalore,25.0,14205.22981467672,14205.22981467672,7593942.862725958,Administrative Boundary,Survey of India (SOI),Kerala,12.70311348913183,74.93349608429185
160,160,31776.0,Mugu,627083,Puthige,06,Manjeshwar,1,Manjeswaram,5932,Kasaragod,Kasaragod,558,Kasaragod,KL,32, ,India,Rural,521.0,2951.0,5.66410749,530.0,1416.0,1535.0,Not Available,Not Available,Available,Available,Available,Available,Available,Available,Available,Available,Available,Available,Available,Available,Not Available, , ,Available,Not Available,Not Available,Not Available,Not Available,Available,0.0,311.0,0.0,0.0,0.0,203.0,0.0,0.0,16.0,9.0,7.0,0.0,0.0,0.0,0.0,7.0,Kasaragod,16.0,12358.438579876589,12358.438579876589,5566080.891693582,Administrative Boundary,Survey of India (SOI),Kerala,12.621123336897268,75.03141334856333
166,166,31782.0,Mulinja,627070,Mangalapady,04,Manjeshwar,1,Manjeswaram,5932,Kasaragod,Kasaragod,558,Kasaragod,KL,32, ,India,Rural,751.0,3841.0,5.11451398,224.0,1803.0,2038.0,Available,Available,Available,Available,Available,Available,Available,Available,Available,Available,Available,Available,Available,Available,Available,Available,Available,Available,Available,Available,Available,Available,Available,0.0,13.0,131.0,0.0,0.0,0.0,0.0,0.0,80.0,49.0,31.0,0.0,1.0,0.0,0.0,30.0,Kasaragod,25.0,14822.725087077724,14822.725087077724,3746547.8508544327,Administrative Boundary,Survey of India (SOI),Kerala,12.685813455660458,74.90722726218512
172,172,31788.0,Nettanige,627108,Bellur,14,Manjeshwar,1,Kasaragod,5630,Kasaragod,Kasaragod,558,Kasaragod,KL,32, ,India,Rural,1301.0,6305.0,4.8462721,5168.0,3183.0,3122.0,Available,Not Available,Available,Available,Available,Available,Available,Available,Available,Available,Available,Available,Available,Available,Not Available, , ,Not Available,Available,Not Available,Not Available,Not Available,Available,0.0,720.0,909.0,0.0,0.0,629.0,0.0,0.0,2910.0,2609.0,301.0,0.0,290.0,10.0,0.0,0.0,Kasaragod,40.0,25297.17629571072,25297.17629571072,19342138.156650804,Administrative Boundary,Survey of India (SOI),Kerala,12.610673881426377,75.18102947698749
132,132,31748.0,Nirchal,627089,Badiyadka,08,Manjeshwar,1,Kasaragod,5630,Kasaragod,Kasaragod,558,Kasaragod,KL,32, ,India,Rural,2352.0,12369.0,5.25892857,2154.0,6223.0,6146.0,Available,Available,Available,Available,Available,Available,Available,Available,Available,Available,Available,Available,Not Available,Available,Not Available, , ,Available,Available,Not Available,Available,Available,Available,0.0,1252.0,236.0,0.0,0.0,97.0,0.0,0.0,570.0,161.0,409.0,0.0,0.0,0.0,0.0,409.0,Kasaragod,18.0,33578.64969417525,33578.64969417525,27127715.58250959,Administrative Boundary,Survey of India (SOI),Kerala,12.59918881094471,75.05615928588799
144,144,31760.0,Padre,627087,Enmakaje,07,Manjeshwar,1,Manjeswaram,5932,Kasaragod,Kasaragod,558,Kasaragod,KL,32, ,India,Rural,970.0,5092.0,5.24948454,1597.0,2586.0,2506.0,Not Available,Available,Available,Available,Available,Available,Available,Available,Available,Available,Available,Available,Available,Available,Not Available, , ,Available,Available,Not Available,Available,Not Available,Available,0.0,184.0,0.0,0.0,0.0,78.0,0.0,0.0,1336.0,607.0,729.0,0.0,122.0,405.0,0.0,202.0,Kasaragod,37.0,20587.16264436956,20587.16264436956,16278928.898874523,Administrative Boundary,Survey of India (SOI),Kerala,12.623885193141396,75.13171609465725
138,138,31754.0,Paivalike,627078,Paivalike,05,Manjeshwar,1,Manjeswaram,5932,Kasaragod,Kasaragod,558,Kasaragod,KL,32, ,India,Rural,1605.0,9034.0,5.62866044,2036.0,4458.0,4576.0,Not Available,Available,Available,Available,Available,Available,Available,Available,Available,Available,Available,Available,Available,Available,Not Available, , ,Available,Available,Not Available,Not Available,Not Available,Available,0.0,48.0,0.0,0.0,0.0,0.0,0.0,0.0,1988.0,1956.0,32.0,0.0,26.0,6.0,0.0,0.0,Kasaragod,35.0,34868.622261029624,34868.622261029624,20092131.83748767,Administrative Boundary,Survey of India (SOI),Kerala,12.703291983358561,74.98592953721878
170,170,31786.0,Pathur,627059,Vorkady,01,Manjeshwar,1,Manjeswaram,5932,Kasaragod,Kasaragod,558,Kasaragod,KL,32, ,India,Rural,1054.0,6383.0,6.05597723,1044.0,3118.0,3265.0,Not Available,Not Available,Not Available, , ,Available,Available,Available,Available,Available,Available,Available,Available,Available,Not Available, , ,Available,Available,Not Available,Not Available,Not Available,Available,0.0,146.0,0.0,0.0,0.0,161.0,0.0,0.0,737.0,139.0,598.0,10.0,288.0,158.0,0.0,142.0,Kasaragod,38.0,20768.066700224943,20768.066700224943,12182315.292403923,Administrative Boundary,Survey of India (SOI),Kerala,12.7720984673584,74.98797842933352
137,137,31753.0,Pavoor,627057,Vorkady,01,Manjeshwar,1,Manjeswaram,5932,Kasaragod,Kasaragod,558,Kasaragod,KL,32, ,India,Rural,853.0,4798.0,5.62485346,915.0,2393.0,2405.0,Available,Available,Available,Available,Available,Available,Available,Available,Available,Available,Available,Available,Available,Available,Not Available, , ,Not Available,Available,Not Available,Not Available,Available,Available,0.0,224.0,365.0,0.0,167.0,51.0,0.0,0.0,108.0,55.0,220.0,0.0,220.0,0.0,0.0,0.0,Kasaragod,35.0,15396.282032144602,15396.282032144602,11865401.504838306,Administrative Boundary,Survey of India (SOI),Kerala,12.749899652910738,74.91785343886333
169,169,31785.0,Puthige,627091,Puthige,06,Manjeshwar,1,Manjeswaram,5932,Kasaragod,Kasaragod,558,Kasaragod,KL,32, ,India,Rural,928.0,5441.0,5.86314655,592.0,2852.0,2589.0,Available,Available,Not Available, , ,Available,Available,Available,Available,Available,Available,Available,Available,Available,Available,Available,Available,Available,Available,Not Available,Available,Available,Available,0.0,6.0,0.0,0.0,0.0,0.0,0.0,0.0,586.0,401.0,184.0,4.0,180.0,0.0,0.0,0.0,Kasaragod,14.0,12381.0418822598,12381.0418822598,5468319.588532467,Administrative Boundary,Survey of India (SOI),Kerala,12.617604555874022,75.0093621394327
135,135,31751.0,Sheni,627084,Enmakaje,07,Manjeshwar,1,Manjeswaram,5932,Kasaragod,Kasaragod,558,Kasaragod,KL,32, ,India,Rural,936.0,5080.0,5.42735043,1396.0,2514.0,2566.0,Not Available,Available,Available,Available,Available,Available,Available,Available,Available,Available,Available,Available,Available,Available,Available,Not Available,Not Available,Available,Not Available,Available,Not Available,Not Available,Available,0.0,799.0,0.0,0.0,0.0,32.0,200.0,200.0,365.0,10.0,555.0,57.0,400.0,44.0,0.0,53.0,Kasaragod,27.0,16456.425720500163,16456.425720500163,13502945.011607204,Administrative Boundary,Survey of India (SOI),Kerala,12.63589733698884,75.05511881932496
152,152,31768.0,Talikala,627063,Meenja,02,Manjeshwar,1,Manjeswaram,5932,Kasaragod,Kasaragod,558,Kasaragod,KL,32, ,India,Rural,363.0,1847.0,5.08815427,529.0,919.0,928.0,Not Available,Available,Not Available, , ,Available,Available,Available,Available,Available,Available,Available,Available,Available,Available,Available,Available,Not Available,Available,Not Available,Not Available,Not Available,Available,0.0,40.0,0.0,0.0,11.0,0.0,0.0,0.0,478.0,240.0,248.0,0.0,192.0,56.0,0.0,0.0,Kasaragod,45.0,10282.446609590965,10282.446609590965,4313660.295693209,Administrative Boundary,Survey of India (SOI),Kerala,12.721498354560065,74.94465855941948
86,86,31645.0,Ubrangala,627106,Kumbadaje,13,Manjeshwar,1,Kasaragod,5630,Kasaragod,Kasaragod,558,Kasaragod,KL,32, ,India,Rural,702.0,3611.0,5.14387464,478.0,1782.0,1829.0,Not Available,Not Available,Not Available, , ,Available,Available,Available,Available,Available,Available,Not Available, , ,Not Available, , ,Available,Available,Not Available,Not Available,Not Available,Available,0.0,0.0,0.0,0.0,0.0,0.0,0.0,0.0,478.0,20.0,458.0,0.0,360.0,98.0,0.0,0.0,Kasaragod,25.0,11076.200469677326,11076.200469677326,5248689.903044871,Administrative Boundary,Survey of India (SOI),Kerala,12.56889865361175,75.10396950544303
164,164,31780.0,Ujarulvar,627095,Kumbala,09,Manjeshwar,1,Manjeswaram,5932,Kasaragod,Kasaragod,558,Kasaragod,KL,32, ,India,Rural,245.0,1328.0,5.42040816,170.0,591.0,737.0,Available,Available,Available,Available,Available,Available,Available,Available,Available,Available,Available,Available,Available,Available,Available,Available,Available,Available,Available,Available,Available,Not Available,Available,0.0,0.0,0.0,0.0,0.0,0.0,0.0,0.0,170.0,29.0,141.0,40.0,12.0,2.0,0.0,86.0,Kasaragod,16.0,4784.333149180236,4784.333149180236,1396046.5586346365,Administrative Boundary,Survey of India (SOI),Kerala,12.626724687799072,74.95717732743185
148,148,31764.0,Vorkady,627058,Vorkady,01,Manjeshwar,1,Manjeswaram,5932,Kasaragod,Kasaragod,558,Kasaragod,KL,32, ,India,Rural,1737.0,8787.0,5.05872193,1351.0,4350.0,4437.0,Available,Not Available,Available,Available,Available,Available,Available,Available,Available,Available,Available,Available,Available,Available,Not Available, , ,Not Available,Available,Not Available,Not Available,Not Available,Available,0.0,691.0,0.0,0.0,0.0,0.0,0.0,0.0,660.0,362.0,298.0,0.0,298.0,0.0,0.0,0.0,Kasaragod,33.0,15298.24979907071,15298.24979907071,11358597.953794334,Administrative Boundary,Survey of India (SOI),Kerala,12.767760583414058,74.93988244642144
117,117,31676.0,Bheemanady,627150,West Eleri,09,Nileshwar,4,Vellarikkundu,5933,Kanhangad,Kasaragod,558,Kasaragod,KL,32, ,India,Rural,3625.0,15688.0,4.32772414,4198.0,7582.0,8106.0,Available,Not Available,Not Available, , ,Available,Available,Available,Available,Available,Available,Available,Available,Available,Available,Available,Available,Available,Available,Not Available,Not Available,Available,Available,269.0,649.0,0.0,0.0,22.0,205.0,0.0,0.0,3053.0,2536.0,540.0,46.0,100.0,50.0,0.0,344.0,Kanhangad,35.0,27178.576810120358,27178.576810120358,35164855.0068361,Administrative Boundary,Survey of India (SOI),Kerala,12.296132480190218,75.29956932353245
114,114,31673.0,Cheemeni,627158,Kayyur-Cheemeni,13,Nileshwar,4,Hosdurg,5631,Kanhangad,Kasaragod,558,Kasaragod,KL,32, ,India,Rural,2029.0,8283.0,4.08230655,3668.0,3908.0,4375.0,Available,Not Available,Available,Available,Available,Available,Available,Available,Available,Available,Available,Available,Available,Available,Not Available, , ,Available,Available,Not Available,Available,Available,Available,0.0,101.0,21.0,0.0,0.0,437.0,0.0,0.0,3110.0,2396.0,713.0,28.0,680.0,5.0,0.0,0.0,Payyannur,20.0,28000.097836274534,28000.097836274534,37662683.27061033,Administrative Boundary,Survey of India (SOI),Kerala,12.246741930353263,75.25523191671572
93,93,31652.0,Cheemeni Ii,627157,Kinanoor-Karindalam,11,Nileshwar,4,Vellarikkundu,5933,Kanhangad,Kasaragod,558,Kasaragod,KL,32, ,India,Rural,367.0,1324.0,3.60762943,349.0,637.0,687.0,Available,Not Available,Available,Available,Available,Available,Available,Available,Available,Available,Available,Available,Available,Available,Not Available, , ,Available,Available,Not Available,Not Available,Not Available,Available,0.0,7.0,0.0,0.0,0.0,0.0,0.0,0.0,342.0,244.0,98.0,24.0,0.0,0.0,0.0,74.0,Kanhangad,28.0,14801.379854879058,14801.379854879058,3861204.881070423,Administrative Boundary,Survey of India (SOI),Kerala,12.276737202180389,75.24687129090358
115,115,31674.0,Chittarikkal,627149,East Eleri,10,Nileshwar,4,Vellarikkundu,5933,Kanhangad,Kasaragod,558,Kasaragod,KL,32, ,India,Rural,3726.0,15152.0,4.06655931,3265.0,7398.0,7754.0,Available,Not Available,Not Available, , ,Available,Available,Available,Available,Available,Available,Available,Available,Available,Available,Available,Available,Available,Available,Available,Available,Available,Available,0.0,230.0,0.0,0.0,0.0,0.0,0.0,0.0,3035.0,1043.0,1992.0,0.0,646.0,531.0,0.0,815.0,Kanhangad,40.0,26240.76321395424,26240.76321395424,25292311.44902997,Administrative Boundary,Survey of India (SOI),Kerala,12.296552911559964,75.34597745220168
94,94,31653.0,Karindalam,627156,Kinanoor-Karindalam,11,Nileshwar,4,Vellarikkundu,5933,Kanhangad,Kasaragod,558,Kasaragod,KL,32, ,India,Rural,1661.0,6602.0,3.97471403,2037.0,3240.0,3362.0,Available,Not Available,Available,Available,Available,Available,Available,Available,Available,Available,Available,Available,Available,Available,Not Available, , ,Available,Available,Not Available,Not Available,Available,Available,0.0,333.0,0.0,0.0,0.0,0.0,0.0,0.0,1704.0,1158.0,546.0,45.0,0.0,0.0,0.0,501.0,Kanhangad,28.0,28710.84071107941,28710.84071107941,20662702.027003992,Administrative Boundary,Survey of India (SOI),Kerala,12.293746650042644,75.2418225056853
92,92,31651.0,Kayyur,627159,Kayyur-Cheemeni,13,Nileshwar,4,Hosdurg,5631,Kanhangad,Kasaragod,558,Kasaragod,KL,32, ,India,Rural,1788.0,6450.0,3.60738255,2055.0,3084.0,3366.0,Available,Not Available,Available,Available,Available,Available,Available,Available,Available,Available,Available,Not Available, , ,Not Available, , ,Available,Available,Not Available,Not Available,Available,Available,0.0,525.0,0.0,0.0,0.0,0.0,0.0,0.0,1530.0,1303.0,227.0,54.0,104.0,19.0,0.0,50.0,Kanhangad,28.0,26138.04655002149,26138.04655002149,20503599.81704517,Administrative Boundary,Survey of India (SOI),Kerala,12.259724536974488,75.2063681707669
68,68,31627.0,Kilayikode,627160,Kayyur-Cheemeni,13,Nileshwar,4,Hosdurg,5631,Kanhangad,Kasaragod,558,Kasaragod,KL,32, ,India,Rural,839.0,3251.0,3.87485101,714.0,1504.0,1747.0,Available,Not Available,Available,Available,Available,Available,Available,Available,Available,Available,Available,Not Available, , ,Not Available, , ,Available,Available,Not Available,Not Available,Available,Available,0.0,289.0,0.0,0.0,0.0,0.0,0.0,0.0,425.0,243.0,182.0,0.0,99.0,32.0,0.0,51.0,Kanhangad,28.0,13038.722607317852,13038.722607317852,7900595.14986142,Administrative Boundary,Survey of India (SOI),Kerala,12.24797956757919,75.17491028879367
73,73,31632.0,Padne,627163,"Padne,Valiyaparamba","06, 07",Nileshwar,4,Hosdurg,5631,Kanhangad,Kasaragod,558,Kasaragod,KL,32, ,India,Rural,3776.0,21009.0,5.56382415,1306.0,9568.0,11441.0,Available,Not Available,Available,Available,Available,Available,Available,Available,Available,Available,Available,Available,Available,Available,Available,Available,Available,Available,Available,Not Available,Available,Available,Available,0.0,381.0,0.0,0.0,0.0,0.0,0.0,0.0,925.0,253.0,672.0,124.0,512.0,36.0,0.0,0.0,Payyannur,13.0,20259.351826290276,20259.351826290276,15214597.92616094,Administrative Boundary,Survey of India (SOI),Kerala,12.178937998139945,75.13912895400955
116,116,31675.0,Palavayal,627148,East Eleri,10,Nileshwar,4,Vellarikkundu,5933,Kanhangad,Kasaragod,558,Kasaragod,KL,32, ,India,Rural,2371.0,9923.0,4.18515394,2999.0,4946.0,4977.0,Available,Not Available,Available,Available,Available,Available,Available,Available,Available,Available,Available,Available,Available,Available,Available,Available,Available,Not Available,Available,Not Available,Not Available,Not Available,Available,18.0,359.0,0.0,0.0,4.0,33.0,10.0,10.0,2574.0,829.0,1760.0,0.0,1012.0,200.0,0.0,547.0,Kanhangad,50.0,28691.012697568585,28691.012697568585,36033051.82459733,Administrative Boundary,Survey of India (SOI),Kerala,12.316289104959258,75.39218329845079
82,82,31641.0,Udinoor,627164,"Padne,Valiyaparamba","06, 07",Nileshwar,4,Hosdurg,5631,Kanhangad,Kasaragod,558,Kasaragod,KL,32, ,India,Rural,2621.0,11401.0,4.34986646,1257.0,5309.0,6092.0,Available,Not Available,Available,Available,Available,Available,Available,Available,Available,Available,Available,Available,Available,Available,Available,Available,Available,Available,Available,Not Available,Available,Available,Available,0.0,446.0,0.0,0.0,0.0,0.0,0.0,0.0,811.0,96.0,715.0,56.0,633.0,25.0,0.0,0.0,Payyannur,12.0,22074.582110007443,22074.582110007443,13355329.107043965,Administrative Boundary,Survey of India (SOI),Kerala,12.14624385118358,75.15976794750685
99,99,31658.0,West Eleri,627147,West Eleri,09,Nileshwar,4,Vellarikkundu,5933,Kanhangad,Kasaragod,558,Kasaragod,KL,32, ,India,Rural,2656.0,10656.0,4.01204819,2528.0,5315.0,5341.0,Available,Not Available,Available,Available,Available,Available,Available,Available,Available,Available,Available,Available,Not Available,Available,Available,Not Available,Not Available,Available,Available,Not Available,Available,Available,Available,72.0,8.0,0.0,0.0,0.0,57.0,0.0,0.0,2391.0,2237.0,154.0,0.0,52.0,38.0,0.0,63.0,Kanhangad,42.0,34519.60159638679,34519.60159638679,40514498.43129599,Administrative Boundary,Survey of India (SOI),Kerala,12.344748443050296,75.33417635289004
368,368,34817.0,Alayamon,628402,Alayamon,14,Anchal,133,Punalur,5947,Punalur,Kollam,559,Kollam,KL,32, ,India,Rural,3261.0,12219.0,3.74701012,1671.0,5734.0,6485.0,Available,Available,Available,Available,Available,Available,Available,Available,Available,Available,Available,Available,Available,Available,Not Available, , ,Available,Available,Not Available,Available,Available,Available,349.0,31.0,0.0,0.0,0.0,0.0,14.0,14.0,1263.0,910.0,381.0,0.0,200.0,103.0,0.0,78.0,Punalur,14.0,38129.72831988658,38129.72831988658,30731011.50658833,Administrative Boundary,Survey of India (SOI),Kerala,8.902213323990713,76.95639459403378
350,350,34799.0,Channappetta,628403,"Alayamon,Kulathupuzha, Ittiva, Chithara","14, 09, 79, 80",Anchal,133,Punalur,5947,Punalur,Kollam,559,Kollam,KL,32, ,India,Rural,2276.0,8518.0,3.74253076,2440.0,3946.0,4572.0,Available,Available,Available,Available,Available,Available,Available,Available,Available,Available,Available,Available,Available,Available,Not Available, , ,Available,Available,Not Available,Not Available,Available,Available,1092.0,271.0,2.0,0.0,0.0,10.0,5.0,5.0,1060.0,1063.0,2.0,0.0,2.0,0.0,0.0,0.0,Punalur,20.0,29981.45142189876,29981.45142189876,32948867.88386524,Administrative Boundary,Survey of India (SOI),Kerala,8.86610254023936,76.98969839461508
459,459,34908.0,Edamon,628391,Thenmala,07,Anchal,133,Punalur,5947,Punalur,Kollam,559,Kollam,KL,32, ,India,Rural,3284.0,12029.0,3.66291108,5685.0,5652.0,6377.0,Available,Not Available,Not Available, , ,Available,Available,Available,Available,Available,Available,Available,Available,Available,Available,Available,Available,Available,Available,Available,Available,Available,Available,2923.0,285.0,0.0,0.0,0.0,0.0,0.0,0.0,2477.0,2312.0,166.0,0.0,0.0,0.0,0.0,166.0,Punalur,7.0,56576.932325483984,56576.932325483984,93386171.90421182,Administrative Boundary,Survey of India (SOI),Kerala,9.048906629045923,77.00878098473073
355,355,34804.0,Eroor,628401,Eroor,10,Anchal,133,Punalur,5947,Punalur,Kollam,559,Kollam,KL,32, ,India,Rural,5486.0,20640.0,3.76230405,2224.0,9600.0,11040.0,Available,Available,Available,Available,Available,Available,Available,Available,Not Available, , ,Available,Available,Available,Not Available, , ,Not Available,Available,Not Available,Available,Available,Available,428.0,25.0,0.0,0.0,0.0,0.0,0.0,0.0,1510.0,1749.0,21.0,0.0,0.0,12.0,0.0,9.0,Punalur,15.0,31836.42886061774,31836.42886061774,22252941.78178504,Administrative Boundary,Survey of India (SOI),Kerala,8.931968633388877,76.95276669542824
452,452,34901.0,Kulathupuzha,628394,Kulathupuzha,09,Anchal,133,Punalur,5947,Punalur,Kollam,559,Kollam,KL,32, ,India,Rural,4145.0,15931.0,3.84342581,33521.0,7619.0,8312.0,Available,Available,Available,Not Available,Available,Available,Available,Available,Available,Available,Available,Available,Available,Available,Available,Available,Available,Available,Available,Available,Not Available,Available,Available,31174.0,0.0,0.0,0.0,0.0,0.0,0.0,0.0,2347.0,2332.0,15.0,0.0,10.0,0.0,0.0,5.0,Punalur,30.0,100081.85939785972,100081.85939785972,325760605.00214493,Administrative Boundary,Survey of India (SOI),Kerala,8.869788581848463,77.1483248570377
458,458,34907.0,Thenmala,628392,"Thenmala, Arienkavu","07, 08",Anchal,133,Punalur,5947,Punalur,Kollam,559,Kollam,KL,32, ,India,Rural,3212.0,11366.0,3.53860523,13764.0,5402.0,5964.0,Available,Available,Not Available, , ,Available,Available,Available,Available,Available,Available,Available,Available,Available,Available,Available,Available,Available,Available,Available,Not Available,Available,Available,10885.0,2805.0,0.0,0.0,0.0,0.0,0.0,0.0,74.0,64.0,10.0,0.0,0.0,10.0,0.0,0.0,Punalur,20.0,49058.315103680005,49058.315103680005,103974322.51564708,Administrative Boundary,Survey of India (SOI),Kerala,9.027627146890458,77.06540293026852
370,370,34819.0,Elamad,628418,Elamad,12,Chadayamangalam,134,Kottarakkara,5687,Kottarakkara,Kollam,559,Kollam,KL,32, ,India,Rural,7078.0,27248.0,3.84967505,3016.0,12783.0,14465.0,Available,Available,Available,Available,Available,Available,Available,Available,Available,Available,Available,Available,Available,Available,Not Available, , ,Available,Available,Not Available,Not Available,Not Available,Available,0.0,1318.0,0.0,0.0,0.0,0.0,0.0,0.0,1087.0,1426.0,272.0,0.0,160.0,0.0,0.0,112.0,Punalur,25.0,35453.658327726225,35453.658327726225,29834134.16677386,Administrative Boundary,Survey of India (SOI),Kerala,8.901934278294215,76.82242392950658
362,362,34811.0,Kadakkal,628425,Kadakkal,16,Chadayamangalam,134,Kottarakkara,5687,Kottarakkara,Kollam,559,Kollam,KL,32, ,India,Rural,8279.0,30719.0,3.71047228,2948.0,14110.0,16609.0,Available,Available,Available,Available,Available,Available,Available,Available,Available,Available,Available,Available,Available,Available,Available,Not Available,Not Available,Not Available,Available,Not Available,Not Available,Available,Available,0.0,79.0,0.0,0.0,0.0,0.0,0.0,0.0,2869.0,2726.0,143.0,22.0,39.0,81.0,0.0,0.0,Kollam,55.0,28107.594130427744,28107.594130427744,33602720.25793817,Administrative Boundary,Survey of India (SOI),Kerala,8.834659183207128,76.91560569750273
360,360,34809.0,Kummil,628427,Kummil,18,Chadayamangalam,134,Kottarakkara,5687,Kottarakkara,Kollam,559,Kollam,KL,32, ,India,Rural,5301.0,20383.0,3.84512356,1946.0,9257.0,11126.0,Available,Available,Available,Available,Available,Available,Available,Available,Available,Available,Available,Available,Available,Available,Not Available, , ,Available,Available,Not Available,Not Available,Not Available,Available,0.0,97.0,0.0,0.0,0.0,7.0,5.0,5.0,1835.0,1672.0,170.0,0.0,25.0,13.0,0.0,132.0,Attingal,25.0,20155.118288150323,20155.118288150323,17911113.25066376,Administrative Boundary,Survey of India (SOI),Kerala,8.792224221314154,76.92777805948025
359,359,34808.0,Mancode,628428,Chithara,80,Chadayamangalam,134,Kottarakkara,5687,Kottarakkara,Kollam,559,Kollam,KL,32, ,India,Rural,6531.0,24988.0,3.82606033,2447.0,11574.0,13414.0,Available,Available,Not Available, , ,Available,Available,Available,Available,Not Available,Not Available,Available,Not Available,Not Available,Available,Not Available,Not Available,Not Available,Available,Not Available,Not Available,Not Available,Available,0.0,77.0,14.0,0.0,6.0,14.0,4.0,4.0,2328.0,1642.0,700.0,0.0,100.0,31.0,0.0,570.0,Punalur,28.0,30396.72438645608,30396.72438645608,31646714.303924624,Administrative Boundary,Survey of India (SOI),Kerala,8.792664516421143,76.97797955573614
413,413,34862.0,Thekkumbhagom,628362,Thekkumbhagom,05,Chavara,130,Karunagappally,5684,Karunagappally,Kollam,559,Kollam,KL,32, ,India,Rural,4388.0,16937.0,3.85984503,1660.0,8056.0,8881.0,Available,Available,Available,Available,Available,Available,Available,Available,Available,Available,Available,Available,Available,Available,Not Available, , ,Not Available,Available,Available,Available,Available,Available,0.0,1148.0,4.0,0.0,0.0,2.0,0.0,0.0,507.0,455.0,51.0,0.0,51.0,0.0,0.0,0.0,Kollam,15.0,17639.735175573238,17639.735175573238,15047769.928333772,Administrative Boundary,Survey of India (SOI),Kerala,8.961965189290524,76.56504642463149
416,416,34865.0,Thevalakkara,628361,Thevalakkara,04,Chavara,130,Karunagappally,5684,Karunagappally,Kollam,559,Kollam,KL,32, ,India,Rural,10473.0,42977.0,4.10359973,1692.0,20278.0,22699.0,Available,Available,Available,Available,Available,Available,Available,Available,Available,Available,Available,Available,Available,Available,Not Available, , ,Available,Available,Not Available,Not Available,Not Available,Available,0.0,955.0,0.0,0.0,0.0,0.0,0.0,0.0,737.0,613.0,124.0,0.0,77.0,12.0,0.0,35.0,Kollam,22.0,22885.524560549075,22885.524560549075,17526778.286949188,Administrative Boundary,Survey of India (SOI),Kerala,9.00479776337384,76.57577642985018
410,410,34859.0,Kizhakkekallada,628432,"Kizhakkekallada,Mundrothuruth","02, 01",Chittumala,137,Kollam,5688,Kollam,Kollam,559,Kollam,KL,32, ,India,Rural,5603.0,21820.0,3.89434232,1302.0,10292.0,11528.0,Available,Available,Available,Available,Available,Available,Available,Available,Not Available, , ,Not Available, , ,Not Available, , ,Available,Available,Not Available,Available,Not Available,Available,0.0,273.0,0.0,0.0,0.0,50.0,50.0,50.0,854.0,926.0,53.0,4.0,2.0,36.0,0.0,10.0,Kollam,22.0,24827.746357737844,24827.746357737844,12705303.618912982,Administrative Boundary,Survey of India (SOI),Kerala,9.010120374852896,76.6534245496884
414,414,34863.0,Mulavana,628433,"Perayam, Kundara","04, 03",Chittumala,137,Kollam,5688,Kollam,Kollam,559,Kollam,KL,32, ,India,Rural,9289.0,35887.0,3.8633868,2674.0,17038.0,18849.0,Available,Available,Available,Available,Available,Available,Available,Available,Not Available, , ,Available,Available,Available,Not Available, , ,Not Available,Available,Not Available,Not Available,Available,Available,0.0,1679.0,0.0,0.0,0.0,0.0,0.0,0.0,995.0,254.0,741.0,142.0,0.0,599.0,0.0,0.0,Kollam,12.0,29770.89288283865,29770.89288283865,28316680.413908266,Administrative Boundary,Survey of India (SOI),Kerala,8.9813385580251,76.66417530365374
415,415,34864.0,Mundrothuruth,628431,Mundrothuruth,01,Chittumala,137,Kollam,5688,Kollam,Kollam,559,Kollam,KL,32, ,India,Rural,2407.0,9054.0,3.76152887,1337.0,4318.0,4736.0,Available,Available,Available,Available,Available,Available,Available,Available,Not Available, , ,Available,Available,Available,Not Available, , ,Available,Available,Not Available,Not Available,Not Available,Available,0.0,0.0,0.0,0.0,0.0,0.0,3.0,3.0,1074.0,0.0,1337.0,0.0,0.0,413.0,0.0,924.0,Kollam,21.0,19484.21320489265,19484.21320489265,13277077.675459154,Administrative Boundary,Survey of India (SOI),Kerala,8.989976915656136,76.60496440102752
349,349,34798.0,Chirakkara,628435,"Chirakkara, Kalluvathukkal, Chathannur, Poothakkulam","06, 09, 07, 08",Ithikkara,138,Kollam,5688,Kollam,Kollam,559,Kollam,KL,32, ,India,Rural,4516.0,17342.0,3.840124,1270.0,8007.0,9335.0,Available,Available,Available,Not Available,Not Available,Available,Not Available,Not Available,Available,Available,Available,Not Available, , ,Not Available, , ,Available,Available,Not Available,Not Available,Available,Available,0.0,916.0,0.0,0.0,0.0,0.0,0.0,0.0,354.0,56.0,299.0,191.0,45.0,0.0,0.0,63.0,Kollam,3.0,21277.144951244136,21277.144951244136,11501580.076311383,Administrative Boundary,Survey of India (SOI),Kerala,8.830495448443868,76.71517517977821
369,369,34818.0,Pallimon,628434,Nedumpana,05,Ithikkara,138,Kollam,5688,Kollam,Kollam,559,Kollam,KL,32, ,India,Rural,5069.0,20677.0,4.07910831,1432.0,9850.0,10827.0,Available,Available,Not Available, , ,Available,Available,Available,Available,Available,Available,Available,Available,Available,Available,Available,Available,Available,Available,Not Available,Available,Available,Available,0.0,186.0,0.0,0.0,0.0,35.0,0.0,0.0,1210.0,1013.0,197.0,0.0,0.0,0.0,0.0,197.0,Kollam,17.0,21592.51951795034,21592.51951795034,14070292.136238605,Administrative Boundary,Survey of India (SOI),Kerala,8.901278430107235,76.7213319792715
393,393,34842.0,Paravoor Part,628436,Chirakkara,06,Ithikkara,138,Kollam,5688,Kollam,Kollam,559,Kollam,KL,32, ,India,Rural,1514.0,5817.0,3.84214003,428.0,2716.0,3101.0,Available,Available,Available,Available,Available,Available,Available,Available,Available,Available,Available,Available,Available,Available,Available,Available,Available,Available,Available,Not Available,Not Available,Not Available,Available,0.0,99.0,0.0,0.0,0.0,0.0,0.0,0.0,329.0,301.0,28.0,0.0,0.0,0.0,0.0,28.0,Paravoor,4.0,6183.287020658507,6183.287020658507,1997471.695566081,Administrative Boundary,Survey of India (SOI),Kerala,8.841487798845922,76.68454697771347
366,366,34815.0,Parippally,628437,"Kalluvathukkal, Chirakkara","09, 06",Ithikkara,138,Kollam,5688,Kollam,Kollam,559,Kollam,KL,32, ,India,Rural,7445.0,29371.0,3.9450638,1741.0,13526.0,15845.0,Available,Available,Available,Available,Available,Available,Available,Available,Available,Available,Available,Available,Available,Available,Available,Available,Available,Available,Available,Available,Available,Available,Available,0.0,51.0,0.0,0.0,0.0,0.0,37.0,37.0,1653.0,1530.0,160.0,0.0,0.0,0.0,0.0,160.0,Paravoor,10.0,28059.77777318044,28059.77777318044,22032425.99372671,Administrative Boundary,Survey of India (SOI),Kerala,8.813922712237462,76.75639268472993
296,296,34745.0,Alappad,628357,Alappad,01,Karunagappally,128,Karunagappally,5684,Karunagappally,Kollam,559,Kollam,KL,32, ,India,Rural,5229.0,21655.0,4.14132721,760.0,10689.0,10966.0,Available,Available,Not Available, , ,Available,Available,Available,Available,Available,Available,Available,Available,Available,Not Available, , ,Available,Available,Not Available,Available,Available,Available,0.0,300.0,11.0,0.0,0.0,0.0,0.0,0.0,157.0,449.0,0.0,0.0,0.0,0.0,0.0,0.0,Kollam,21.0,18869.557951069237,18869.557951069237,4294669.207493459,Administrative Boundary,Survey of India (SOI),Kerala,9.052509881353691,76.5035074255886
420,420,34869.0,Mynagappally,628380,Mynagappally,06,Karunagappally,128,Kunnathur,5685,Sasthamkotta,Kollam,559,Kollam,KL,32, ,India,Rural,10254.0,41027.0,4.00107275,1970.0,19494.0,21533.0,Available,Available,Available,Available,Available,Available,Available,Available,Available,Available,Available,Available,Available,Available,Not Available, , ,Available,Available,Not Available,Available,Available,Available,0.0,0.0,60.0,0.0,0.0,1.0,10.0,10.0,1701.0,1867.0,42.0,14.0,10.0,0.0,0.0,18.0,Kollam,20.0,21428.671904360977,21428.671904360977,20394444.03331179,Administrative Boundary,Survey of India (SOI),Kerala,9.03905877429757,76.58509301222274
371,371,34820.0,Kareepra,628414,"Kareepra, Ezhukone","09, 02",Kottarakkara,136,Kottarakkara,5687,Kottarakkara,Kollam,559,Kollam,KL,32, ,India,Rural,7774.0,30099.0,3.87175199,2330.0,14090.0,16009.0,Available,Available,Available,Available,Available,Available,Available,Available,Available,Not Available,Available,Available,Not Available,Available,Not Available, , ,Available,Available,Not Available,Available,Available,Available,0.0,1696.0,4.0,0.0,0.0,180.0,0.0,0.0,431.0,338.0,113.0,33.0,80.0,0.0,0.0,0.0,Kollam,20.0,23031.307337624687,23031.307337624687,23035605.378928497,Administrative Boundary,Survey of India (SOI),Kerala,8.945886767923477,76.72617895279528
409,409,34858.0,Neduvathoor,628412,Neduvathoor,03,Kottarakkara,136,Kottarakkara,5687,Kottarakkara,Kollam,559,Kollam,KL,32, ,India,Rural,6478.0,24749.0,3.82046928,1970.0,11768.0,12981.0,Available,Available,Available,Available,Available,Available,Available,Available,Not Available, , ,Not Available, , ,Not Available, , ,Available,Available,Not Available,Not Available,Available,Available,0.0,326.0,0.0,0.0,0.0,0.0,0.0,0.0,1644.0,1619.0,25.0,25.0,0.0,0.0,0.0,0.0,Punalur,20.0,24202.49485368296,24202.49485368296,17401617.35463812,Administrative Boundary,Survey of India (SOI),Kerala,9.00533271895099,76.73917697773858
294,294,34743.0,Clappana,628358,Clappana,02,Oachira,129,Karunagappally,5684,Karunagappally,Kollam,559,Kollam,KL,32, ,India,Rural,5699.0,22250.0,3.90419372,1022.0,10428.0,11822.0,Available,Not Available,Available,Available,Available,Available,Available,Available,Not Available, , ,Available,Available,Available,Not Available, , ,Not Available,Available,Not Available,Not Available,Available,Available,0.0,261.0,0.0,0.0,0.0,0.0,0.0,0.0,761.0,631.0,130.0,0.0,130.0,0.0,0.0,0.0,Kayamkulam,10.0,16436.089201935487,16436.089201935487,13960886.555931956,Administrative Boundary,Survey of India (SOI),Kerala,9.110047484132968,76.4903769834304
400,400,34849.0,Pavumba,628360,Thazhava,03,Oachira,129,Karunagappally,5684,Karunagappally,Kollam,559,Kollam,KL,32, ,India,Rural,4482.0,17230.0,3.84426595,1182.0,8059.0,9171.0,Available,Available,Available,Available,Available,Available,Available,Available,Available,Available,Available,Available,Available,Available,Not Available, , ,Available,Available,Not Available,Not Available,Available,Available,0.0,821.0,1.0,0.0,0.0,271.0,0.0,0.0,0.0,10.0,78.0,42.0,29.0,8.0,0.0,0.0,Kayamkulam,15.0,19298.056625008725,19298.056625008725,12461437.76109864,Administrative Boundary,Survey of India (SOI),Kerala,9.108155940207011,76.58711212097768
399,399,34848.0,Thazhava,628359,Thazhava,03,Oachira,129,Karunagappally,5684,Karunagappally,Kollam,559,Kollam,KL,32, ,India,Rural,5995.0,23341.0,3.89341118,1194.0,10818.0,12523.0,Available,Available,Available,Available,Available,Available,Available,Available,Available,Available,Available,Available,Available,Available,Not Available, , ,Available,Available,Available,Available,Available,Available,0.0,69.0,0.0,0.0,0.0,0.0,148.0,148.0,793.0,1116.0,10.0,0.0,10.0,0.0,0.0,0.0,Kayamkulam,14.0,18420.733053648622,18420.733053648622,12143655.78772731,Administrative Boundary,Survey of India (SOI),Kerala,9.096953360696135,76.55168286606997
427,427,34876.0,Pathanapuram,628387,"Pathanapuram,Piravanthur, Kalanjoor","05, 06, 95",Parakode (Part),127,Pathanapuram,5686,Punalur,Kollam,559,Kollam,KL,32, ,India,Rural,8413.0,32339.0,3.84393201,2420.0,15129.0,17210.0,Available,Available,Available,Available,Available,Available,Available,Available,Available,Available,Available,Available,Available,Available,Available,Not Available,Not Available,Available,Available,Available,Not Available,Available,Available,1103.0,719.0,0.0,0.0,0.0,118.0,20.0,20.0,230.0,342.0,138.0,94.0,44.0,0.0,0.0,0.0,Punalur,13.0,31476.939092475204,31476.939092475204,26913175.769672927,Administrative Boundary,Survey of India (SOI),Kerala,9.107016839816302,76.88209570858159
433,433,34882.0,Pattazhy Vadakkekara,628382,Pattazhy Vadakkekara,01,Pathanapuram,132,Pathanapuram,5686,Punalur,Kollam,559,Kollam,KL,32, ,India,Rural,4101.0,15160.0,3.69665935,2048.0,7082.0,8078.0,Not Available,Available,Not Available, , ,Available,Available,Available,Available,Available,Available,Available,Available,Available,Not Available, , ,Available,Available,Not Available,Not Available,Available,Available,0.0,210.0,9.0,0.0,0.0,0.0,0.0,0.0,1492.0,1533.0,295.0,0.0,293.0,0.0,0.0,2.0,Punalur,20.0,30512.40784291019,30512.40784291019,21932022.267384943,Administrative Boundary,Survey of India (SOI),Kerala,9.09299572587961,76.80803562294066
431,431,34880.0,Pidavoor,628386,Thalavoor,03,Pathanapuram,132,Pathanapuram,5686,Punalur,Kollam,559,Kollam,KL,32, ,India,Rural,2676.0,9843.0,3.67825112,1667.0,4687.0,5156.0,Not Available,Available,Available,Available,Available,Available,Available,Available,Available,Not Available,Available,Available,Available,Available,Available,Available,Available,Available,Available,Not Available,Not Available,Available,Available,0.0,317.0,0.0,0.0,0.0,0.0,0.0,0.0,1350.0,0.0,1350.0,0.0,0.0,0.0,0.0,1350.0,Punalur,5.0,24419.450701698726,24419.450701698726,15380930.907147223,Administrative Boundary,Survey of India (SOI),Kerala,9.058514134488217,76.8675232451114
428,428,34877.0,Piravanthur,628389,"Piravanthur, Thenmala","06, 07",Pathanapuram,132,Pathanapuram,5686,Punalur,Kollam,559,Kollam,KL,32, ,India,Rural,6217.0,22380.0,3.59980698,6907.0,10584.0,11796.0,Available,Not Available,Not Available, , ,Available,Available,Available,Available,Available,Available,Available,Available,Available,Available,Available,Available,Available,Available,Not Available,Available,Not Available,Available,4911.0,186.0,6.0,0.0,0.0,0.0,0.0,0.0,1804.0,6.0,1798.0,66.0,31.0,5.0,1691.0,5.0,Punalur,5.0,52411.97970690466,52411.97970690466,71646856.32292363,Administrative Boundary,Survey of India (SOI),Kerala,9.083752664883676,76.96921053198729
429,429,34878.0,Punnala,628388,Piravanthur,06,Pathanapuram,132,Pathanapuram,5686,Punalur,Kollam,559,Kollam,KL,32, ,India,Rural,3243.0,12104.0,3.73234659,6093.0,5802.0,6302.0,Available,Available,Available,Available,Available,Available,Available,Available,Available,Not Available,Not Available,Available,Available,Available,Available,Not Available,Not Available,Available,Available,Not Available,Not Available,Not Available,Available,4418.0,34.0,0.0,0.0,0.0,36.0,52.0,52.0,1505.0,705.0,900.0,0.0,27.0,0.0,0.0,873.0,Punalur,8.0,57628.408351526574,57628.408351526574,65208330.20254176,Administrative Boundary,Survey of India (SOI),Kerala,9.11024842091518,76.93398320353889
445,445,34894.0,Thalavoor,628384,Thalavoor,03,Pathanapuram,132,Pathanapuram,5686,Punalur,Kollam,559,Kollam,KL,32, ,India,Rural,6489.0,24385.0,3.75789798,2260.0,11459.0,12926.0,Not Available,Available,Not Available, , ,Available,Available,Available,Available,Not Available,Available,Available,Not Available,Available,Available,Not Available,Not Available,Available,Available,Not Available,Not Available,Not Available,Available,0.0,313.0,0.0,0.0,0.0,0.0,0.0,0.0,1947.0,1554.0,393.0,381.0,12.0,0.0,0.0,0.0,Punalur,12.0,23990.878128997312,23990.878128997312,24124068.977058426,Administrative Boundary,Survey of India (SOI),Kerala,9.042818870353539,76.82621929212844
450,450,34899.0,Valacode Part,628390,Piravanthur,06,Pathanapuram,132,Punalur,5947,Punalur,Kollam,559,Kollam,KL,32, ,India,Rural,21.0,73.0,3.47619048,25.0,36.0,37.0,Available,Not Available,Not Available, , ,Available,Available,Available,Not Available, , ,Available,Available,Available,Not Available, , ,Available,Not Available,Not Available,Not Available,Not Available,Available,0.0,0.0,0.0,0.0,2.0,0.0,22.0,22.0,1.0,10.0,15.0,0.0,0.0,0.0,0.0,15.0,Punalur,2.0,7030.773565910592,7030.773565910592,1396318.3247151116,Administrative Boundary,Survey of India (SOI),Kerala,9.037799209188634,76.95387883125728
422,422,34871.0,Kunnathur,628377,Kunnathur,03,Sasthamkotta,131,Kunnathur,5685,Sasthamkotta,Kollam,559,Kollam,KL,32, ,India,Rural,6544.0,25009.0,3.8216687,2143.0,11853.0,13156.0,Available,Available,Available,Available,Available,Available,Available,Available,Available,Available,Available,Available,Available,Available,Available,Available,Available,Available,Available,Not Available,Not Available,Not Available,Available,0.0,214.0,0.0,0.0,0.0,3.0,60.0,60.0,1846.0,1607.0,319.0,300.0,0.0,19.0,0.0,0.0,Kollam,40.0,26196.771244095005,26196.771244095005,22983691.747122284,Administrative Boundary,Survey of India (SOI),Kerala,9.064804680009138,76.68648193213373
424,424,34873.0,Poruvazhy,628376,Poruvazhy,02,Sasthamkotta,131,Kunnathur,5685,Sasthamkotta,Kollam,559,Kollam,KL,32, ,India,Rural,7231.0,28722.0,3.97206472,1935.0,13669.0,15053.0,Available,Available,Available,Available,Available,Available,Available,Available,Available,Available,Available,Available,Available,Available,Available,Available,Available,Available,Available,Available,Available,Available,Available,0.0,109.0,0.0,0.0,0.0,10.0,55.0,55.0,1730.0,1724.0,92.0,45.0,12.0,15.0,0.0,20.0,Kollam,38.0,21493.092441563276,21493.092441563276,20034785.61030192,Administrative Boundary,Survey of India (SOI),Kerala,9.09061682746127,76.6574265892271
401,401,34850.0,Sooranad North,628375,Sooranad North,01,Sasthamkotta,131,Kunnathur,5685,Sasthamkotta,Kollam,559,Kollam,KL,32, ,India,Rural,7378.0,28471.0,3.85890485,2269.0,13478.0,14993.0,Available,Available,Available,Available,Available,Available,Available,Available,Available,Available,Available,Available,Available,Available,Not Available, , ,Available,Available,Not Available,Not Available,Available,Available,0.0,105.0,1.0,0.0,0.0,4.0,200.0,200.0,1891.0,1269.0,890.0,388.0,69.0,0.0,0.0,433.0,Kollam,38.0,23475.91924971909,23475.91924971909,22927472.520819902,Administrative Boundary,Survey of India (SOI),Kerala,9.111256704077972,76.62307887515708
423,423,34872.0,Sooranad South,628379,Sooranad South,05,Sasthamkotta,131,Kunnathur,5685,Sasthamkotta,Kollam,559,Kollam,KL,32, ,India,Rural,6136.0,24766.0,4.03617992,1714.0,11806.0,12960.0,Available,Available,Not Available, , ,Available,Available,Available,Available,Available,Available,Available,Available,Available,Not Available, , ,Available,Available,Not Available,Not Available,Available,Available,0.0,285.0,2.0,0.0,0.0,0.0,263.0,263.0,1015.0,830.0,597.0,572.0,17.0,0.0,0.0,8.0,Karunagappally,15.0,24859.175510190777,24859.175510190777,18346881.28372329,Administrative Boundary,Survey of India (SOI),Kerala,9.07233793299553,76.60898794503245
417,417,34866.0,West Kallada,628381,West Kallada,07,Sasthamkotta,131,Kunnathur,5685,Sasthamkotta,Kollam,559,Kollam,KL,32, ,India,Rural,4655.0,18176.0,3.90461869,1335.0,8693.0,9483.0,Available,Available,Available,Available,Available,Available,Available,Available,Not Available, , ,Available,Available,Available,Not Available, , ,Available,Available,Not Available,Not Available,Available,Available,0.0,518.0,35.0,0.0,0.0,70.0,20.0,20.0,672.0,356.0,356.0,15.0,0.0,0.0,0.0,341.0,Kollam,28.0,19874.94478173465,19874.94478173465,13680584.080077948,Administrative Boundary,Survey of India (SOI),Kerala,9.017540724732706,76.62401479584709
436,436,34885.0,Chakkuvarakkal,628410,Vettikkavala,08,Vettikkavala,135,Kottarakkara,5687,Kottarakkara,Kollam,559,Kollam,KL,32, ,India,Rural,4237.0,16086.0,3.79655417,1760.0,7470.0,8616.0,Not Available,Available,Available,Available,Available,Available,Available,Available,Available,Not Available,Available,Available,Available,Available,Available,Available,Available,Available,Available,Not Available,Not Available,Available,Available,0.0,410.0,0.0,0.0,71.0,0.0,0.0,0.0,1279.0,900.0,450.0,200.0,250.0,0.0,0.0,0.0,Punalur,9.0,19807.635765250838,19807.635765250838,16364567.53706832,Administrative Boundary,Survey of India (SOI),Kerala,8.99175781665676,76.8685267500376
419,419,34868.0,Pavithreswaram,628404,"Pavithreswaram, Ezhukone, Neduvathoor","01, 02, 03",Vettikkavala,135,Kottarakkara,5687,Kottarakkara,Kollam,559,Kollam,KL,32, ,India,Rural,6888.0,26041.0,3.78063298,2221.0,12282.0,13759.0,Available,Available,Available,Not Available,Available,Available,Available,Available,Available,Not Available,Available,Available,Not Available,Available,Not Available, , ,Available,Available,Not Available,Not Available,Not Available,Available,0.0,262.0,0.0,0.0,0.0,104.0,11.0,11.0,1828.0,965.0,890.0,0.0,429.0,192.0,0.0,269.0,Kollam,23.0,26504.274461552508,26504.274461552508,20254587.2761804,Administrative Boundary,Survey of India (SOI),Kerala,9.024112209300233,76.69333361705122
418,418,34867.0,Puthur,628405,"Pavithreswaram, Mylom, Neduvathoor, Kulakkada","01, 05, 03, 04",Vettikkavala,135,Kottarakkara,5687,Kottarakkara,Kollam,559,Kollam,KL,32, ,India,Rural,5181.0,19786.0,3.81895387,1376.0,9326.0,10460.0,Available,Available,Not Available, , ,Available,Available,Available,Available,Available,Available,Available,Available,Available,Not Available, , ,Available,Available,Available,Not Available,Available,Available,0.0,177.0,0.0,0.0,0.0,44.0,0.0,0.0,1135.0,1126.0,29.0,14.0,0.0,10.0,0.0,4.0,Kollam,28.0,20179.559348856987,20179.559348856987,13790580.456355702,Administrative Boundary,Survey of India (SOI),Kerala,9.035954831368496,76.72305154436138
442,442,34891.0,Vettikkavala,628411,Vettikkavala,08,Vettikkavala,135,Kottarakkara,5687,Kottarakkara,Kollam,559,Kollam,KL,32, ,India,Rural,5313.0,20118.0,3.78656126,1871.0,9394.0,10724.0,Available,Available,Available,Available,Available,Available,Available,Available,Available,Not Available,Available,Available,Available,Available,Not Available, , ,Available,Available,Not Available,Not Available,Available,Available,0.0,345.0,0.0,0.0,0.0,0.0,0.0,0.0,1522.0,1326.0,200.0,200.0,0.0,0.0,0.0,0.0,Punalur,15.0,21140.32443750357,21140.32443750357,20274546.39741681,Administrative Boundary,Survey of India (SOI),Kerala,8.980917961977989,76.82435556405493
816,816,35265.0,Moonilavu,628120,"Melukavu, Moonilavu","06, 07",Erattupetta,98,Meenachil,5668,Palai,Kottayam,560,Kottayam,KL,32, ,India,Rural,2223.0,9213.0,4.14439946,3072.0,4654.0,4559.0,Not Available,Available,Available,Available,Available,Available,Available,Available,Available,Available,Available,Available,Available,Available,Available,Available,Available,Available,Available,Not Available,Available,Available,Available,0.0,517.0,0.0,0.0,0.0,0.0,0.0,0.0,2555.0,2555.0,0.0,0.0,0.0,0.0,0.0,0.0,Palai,20.0,29267.230972284466,29267.230972284466,33385776.00752276,Administrative Boundary,Survey of India (SOI),Kerala,9.754326880828973,76.79613177629113
547,547,34996.0,Poonjar Thekkekara,628136,"Poonjar Thekkekara, Poonjar","21, 22",Erattupetta,98,Meenachil,5668,Palai,Kottayam,560,Kottayam,KL,32, ,India,Rural,4642.0,19470.0,4.1943128,5562.0,9660.0,9810.0,Not Available,Available,Available,Available,Available,Available,Available,Available,Available,Available,Available,Available,Not Available,Not Available,Available,Available,Available,Available,Available,Not Available,Not Available,Available,Available,0.0,1466.0,0.0,0.0,0.0,250.0,73.0,73.0,3737.0,3846.0,0.0,0.0,0.0,0.0,0.0,0.0,Palai,15.0,33204.27298077427,33204.27298077427,45391554.1009837,Administrative Boundary,Survey of India (SOI),Kerala,9.649945232346694,76.83396092847907
813,813,35262.0,Poonjar Vadakkekara,628121,"Thalanad, Teekoy","08, 09",Erattupetta,98,Meenachil,5668,Palai,Kottayam,560,Kottayam,KL,32, ,India,Rural,1997.0,8222.0,4.11717576,3573.0,4074.0,4148.0,Available,Not Available,Not Available, , ,Available,Available,Available,Available,Available,Available,Available,Available,Available,Available,Available,Available,Available,Available,Not Available,Not Available,Available,Available,0.0,822.0,0.0,0.0,0.0,0.0,0.0,0.0,2751.0,2751.0,0.0,0.0,0.0,0.0,0.0,0.0,Palai,24.0,36997.51861047572,36997.51861047572,34961511.51270844,Administrative Boundary,Survey of India (SOI),Kerala,9.72549713941558,76.83537123514263
326,326,34775.0,Kaipuzha,628156,"Arpookara, Neendoor","01, 02",Ettumanoor,99,Kottayam,5670,Kottayam,Kottayam,560,Kottayam,KL,32, ,India,Rural,1650.0,6328.0,3.83515152,1322.0,3120.0,3208.0,Available,Not Available,Not Available, , ,Available,Available,Available,Available,Available,Available,Available,Available,Available,Not Available, , ,Available,Available,Not Available,Not Available,Not Available,Available,0.0,48.0,0.0,0.0,0.0,0.0,0.0,0.0,1274.0,243.0,1031.0,1031.0,0.0,0.0,0.0,0.0,Kottayam,12.0,20149.65513192778,20149.65513192778,16064690.428972771,Administrative Boundary,Survey of India (SOI),Kerala,9.662868926246023,76.48626553707217
338,338,34787.0,Kumarakam,628166,"Kumarakam, Aimanam","10, 11",Ettumanoor,99,Kottayam,5670,Kottayam,Kottayam,560,Kottayam,KL,32, ,India,Rural,5382.0,22422.0,4.16610925,5208.0,11049.0,11373.0,Available,Available,Available,Available,Available,Available,Available,Available,Not Available, , ,Not Available, , ,Not Available, , ,Available,Available,Not Available,Not Available,Not Available,Available,0.0,1040.0,0.0,0.0,0.0,313.0,0.0,0.0,2122.0,1855.0,2000.0,0.0,0.0,0.0,0.0,2000.0,Kottayam,10.0,33437.40113359285,33437.40113359285,53370809.1009454,Administrative Boundary,Survey of India (SOI),Kerala,9.590156760521348,76.42464263684033
330,330,34779.0,Onamthuruth,628157,Neendoor,02,Ettumanoor,99,Kottayam,5670,Kottayam,Kottayam,560,Kottayam,KL,32, ,India,Rural,3372.0,13375.0,3.96648873,1186.0,6525.0,6850.0,Not Available,Available,Not Available, , ,Available,Available,Available,Available,Available,Available,Available,Not Available,Not Available,Not Available, , ,Available,Available,Not Available,Not Available,Available,Available,0.0,68.0,86.0,0.0,0.0,0.0,62.0,62.0,862.0,946.0,86.0,0.0,0.0,0.0,0.0,86.0,Kottayam,15.0,18843.024877796503,18843.024877796503,13165833.196519606,Administrative Boundary,Survey of India (SOI),Kerala,9.686086057885086,76.5025284523403
529,529,34978.0,Peroor,628158,Ettumanoor,03,Ettumanoor,99,Kottayam,5670,Kottayam,Kottayam,560,Kottayam,KL,32, ,India,Rural,4583.0,18691.0,4.07833297,1175.0,9137.0,9554.0,Available,Not Available,Not Available, , ,Available,Available,Available,Not Available, , ,Available,Available,Available,Not Available, , ,Available,Available,Not Available,Not Available,Available,Available,0.0,104.0,0.0,0.0,0.0,0.0,0.0,0.0,1071.0,911.0,160.0,0.0,0.0,5.0,0.0,155.0,Kottayam,10.0,15982.87937190041,15982.87937190041,12391555.19333273,Administrative Boundary,Survey of India (SOI),Kerala,9.644328547017205,76.56125514738747
660,660,35109.0,Kaduthuruthy,628143," Mulakulam, Kaduthuruthy","03, 05",Kaduthuruthy,101,Vaikom,5669,Vaikom,Kottayam,560,Kottayam,KL,32, ,India,Rural,4722.0,19352.0,4.09826345,1862.0,9609.0,9743.0,Available,Available,Available,Available,Available,Available,Available,Available,Available,Not Available,Not Available,Available,Not Available,Not Available,Not Available, , ,Not Available,Available,Available,Not Available,Available,Available,0.0,43.0,0.0,0.0,0.0,0.0,81.0,81.0,1738.0,1236.0,583.0,0.0,0.0,0.0,0.0,583.0,Vaikom,16.0,27275.49510628144,27275.49510628144,20146485.3429732,Administrative Boundary,Survey of India (SOI),Kerala,9.775636563983698,76.48483061723648
667,667,35116.0,Kallara,628151,Kallara,12,Kaduthuruthy,101,Vaikom,5669,Vaikom,Kottayam,560,Kottayam,KL,32, ,India,Rural,3412.0,13562.0,3.97479484,2748.0,6686.0,6876.0,Available,Available,Not Available, , ,Available,Available,Available,Available,Not Available,Not Available,Available,Available,Available,Not Available, , ,Available,Available,Not Available,Available,Available,Available,0.0,304.0,0.0,0.0,0.0,0.0,40.0,40.0,2384.0,386.0,2058.0,0.0,0.0,0.0,0.0,2058.0,Kottayam,12.0,24850.837473892847,24850.837473892847,28723967.00762382,Administrative Boundary,Survey of India (SOI),Kerala,9.713362680019157,76.46121967686443
668,668,35117.0,Muttuchira,628152,"Njeezhoor, Kaduthuruthy","04,05",Kaduthuruthy,101,Vaikom,5669,Vaikom,Kottayam,560,Kottayam,KL,32, ,India,Rural,3798.0,15962.0,4.20273828,1676.0,7864.0,8098.0,Available,Available,Available,Available,Available,Available,Available,Available,Available,Not Available,Not Available,Available,Not Available,Not Available,Available,Not Available,Not Available,Available,Available,Not Available,Available,Available,Available,0.0,86.0,0.0,0.0,0.0,0.0,110.0,110.0,1330.0,0.0,1590.0,0.0,0.0,0.0,0.0,1590.0,Vaikom,16.0,27357.36230794286,27357.36230794286,19104767.929314964,Administrative Boundary,Survey of India (SOI),Kerala,9.749450684660976,76.48931156368177
661,661,35110.0,Vadayar,628144,Thalayolaparambu,06,Kaduthuruthy,101,Vaikom,5669,Vaikom,Kottayam,560,Kottayam,KL,32, ,India,Rural,5612.0,22571.0,4.02191732,2067.0,11101.0,11470.0,Available,Available,Available,Available,Available,Available,Available,Available,Available,Available,Available,Available,Available,Available,Not Available, , ,Available,Available,Not Available,Available,Available,Available,0.0,0.0,0.0,0.0,0.0,0.0,22.0,22.0,2029.0,0.0,2067.0,0.0,0.0,0.0,0.0,2067.0,Vaikom,9.0,23352.704666301248,23352.704666301248,20690747.313943308,Administrative Boundary,Survey of India (SOI),Kerala,9.777034606323648,76.44832061796882
546,546,34995.0,Erumeli North,628203,"Mundakayam, Koruthode","02, 07",Kanjirappally,107,Kanjirappally,5672,Kanjirappally,Kottayam,560,Kottayam,KL,32, ,India,Rural,10125.0,40511.0,4.00108642,5511.0,19820.0,20691.0,Not Available,Available,Available,Available,Available,Available,Available,Available,Available,Available,Available,Available,Available,Available,Available,Not Available,Not Available,Available,Available,Not Available,Not Available,Not Available,Available,2844.0,208.0,0.0,0.0,0.0,80.0,0.0,0.0,2379.0,2379.0,0.0,0.0,0.0,0.0,0.0,0.0,Kottayam,50.0,53951.4119327154,53951.4119327154,55488030.8134545,Administrative Boundary,Survey of India (SOI),Kerala,9.494976241469825,76.91920838008619
543,543,34992.0,Koovappally,628202,"Parathode, Kanjirappally","03, 04",Kanjirappally,107,Kanjirappally,5672,Kanjirappally,Kottayam,560,Kottayam,KL,32, ,India,Rural,4821.0,20182.0,4.18626841,3047.0,9924.0,10258.0,Available,Available,Available,Not Available,Not Available,Available,Not Available,Not Available,Available,Available,Available,Available,Available,Available,Available,Not Available,Not Available,Available,Available,Not Available,Available,Available,Available,0.0,2567.0,0.0,0.0,0.0,0.0,0.0,0.0,480.0,0.0,480.0,0.0,0.0,0.0,0.0,480.0,Kottayam,48.0,37196.42005670606,37196.42005670606,31339500.03985883,Administrative Boundary,Survey of India (SOI),Kerala,9.523046781151836,76.81587769355077
552,552,35001.0,Manimala,628205,Manimala,09,Kanjirappally,107,Kanjirappally,5672,Kanjirappally,Kottayam,560,Kottayam,KL,32, ,India,Rural,5124.0,21053.0,4.10870414,3742.0,10213.0,10840.0,Available,Not Available,Available,Available,Available,Available,Not Available,Not Available,Available,Not Available,Not Available,Available,Available,Available,Available,Available,Available,Available,Available,Not Available,Not Available,Available,Available,1190.0,120.0,0.0,0.0,0.0,0.0,0.0,0.0,2432.0,2407.0,25.0,0.0,0.0,0.0,0.0,25.0,Kottayam,40.0,35796.62201143865,35796.62201143865,39085470.08336707,Administrative Boundary,Survey of India (SOI),Kerala,9.473115140419166,76.77514211728287
551,551,35000.0,Mundakayam,628195,"Koottickal, Mundakayam, Parathode","01, 02, 03",Kanjirappally,107,Kanjirappally,5672,Kanjirappally,Kottayam,560,Kottayam,KL,32, ,India,Rural,4961.0,19939.0,4.01914937,4100.0,9726.0,10213.0,Available,Available,Available,Not Available,Not Available,Available,Not Available,Not Available,Available,Not Available,Not Available,Available,Not Available,Not Available,Available,Not Available,Not Available,Available,Available,Not Available,Available,Available,Available,0.0,650.0,0.0,0.0,0.0,0.0,0.0,0.0,3450.0,3450.0,0.0,0.0,0.0,0.0,0.0,0.0,Palai,24.0,33005.079053080204,33005.079053080204,27980869.310234778,Administrative Boundary,Survey of India (SOI),Kerala,9.571085257089777,76.86086810015105
825,825,35274.0,Lalam Part,628125,"Bharananganam,, Karoor","11, 12",Lalam,97,Meenachil,5668,Palai,Kottayam,560,Kottayam,KL,32, ,India,Rural,2152.0,9137.0,4.24581784,1459.0,4528.0,4609.0,Available,Available,Available,Not Available,Not Available,Available,Not Available,Not Available,Available,Not Available,Not Available,Available,Not Available,Not Available,Available,Available,Available,Available,Available,Not Available,Available,Available,Available,0.0,137.0,33.0,0.0,0.0,0.0,0.0,0.0,1289.0,1260.0,29.0,0.0,0.0,0.0,0.0,29.0,Palai,1.0,22535.18996242929,22535.18996242929,14760650.460452609,Administrative Boundary,Survey of India (SOI),Kerala,9.750375162993416,76.67970445526902
519,519,34968.0,Meenachil Part,628133,"Mutholy, Kozhuvanal, Meenachil","17, 18, 19",Lalam,97,Meenachil,5668,Palai,Kottayam,560,Kottayam,KL,32, ,India,Rural,3844.0,15608.0,4.0603538,2170.0,7777.0,7831.0,Available,Available,Available,Available,Available,Available,Available,Available,Available,Available,Available,Available,Available,Available,Available,Not Available,Not Available,Available,Available,Not Available,Available,Not Available,Available,0.0,112.0,14.0,0.0,0.0,0.0,0.0,0.0,2044.0,1972.0,72.0,0.0,0.0,0.0,0.0,72.0,Palai,8.0,23879.35488359939,23879.35488359939,21242283.188213337,Administrative Boundary,Survey of India (SOI),Kerala,9.670490188202349,76.67989508632606
518,518,34967.0,Poovarany,628134,Meenachil,19,Lalam,97,Meenachil,5668,Palai,Kottayam,560,Kottayam,KL,32, ,India,Rural,3848.0,16102.0,4.18451143,2773.0,7959.0,8143.0,Not Available,Available,Not Available, , ,Available,Available,Available,Available,Available,Available,Available,Available,Available,Available,Available,Available,Available,Available,Not Available,Not Available,Available,Available,0.0,323.0,0.0,0.0,0.0,0.0,0.0,0.0,2405.0,2290.0,159.0,0.0,0.0,0.0,0.0,159.0,Palai,8.0,29523.289654875894,29523.289654875894,29654391.75301922,Administrative Boundary,Survey of India (SOI),Kerala,9.675478160229641,76.71862405761466
521,521,34970.0,Puliyannoor Part,628132,"Mutholy, Kozhuvanal","17, 18",Lalam,97,Meenachil,5668,Palai,Kottayam,560,Kottayam,KL,32, ,India,Rural,3667.0,15414.0,4.20343605,1930.0,7487.0,7927.0,Available,Available,Not Available, , ,Available,Available,Available,Available,Available,Available,Available,Available,Available,Available,Available,Available,Available,Available,Not Available,Not Available,Available,Available,0.0,70.0,0.0,0.0,0.0,0.0,0.0,0.0,1824.0,1676.0,184.0,0.0,0.0,0.0,0.0,184.0,Palai,5.0,35235.647462738765,35235.647462738765,22423616.205496438,Administrative Boundary,Survey of India (SOI),Kerala,9.688653258874155,76.65181652436276
827,827,35276.0,Vallichira,628126,Karoor,12,Lalam,97,Meenachil,5668,Palai,Kottayam,560,Kottayam,KL,32, ,India,Rural,3380.0,13716.0,4.05798817,2221.0,6834.0,6882.0,Not Available,Available,Available,Available,Available,Available,Available,Available,Available,Available,Available,Available,Available,Available,Not Available, , ,Available,Available,Not Available,Not Available,Available,Available,0.0,139.0,0.0,0.0,0.0,155.0,0.0,0.0,1927.0,1772.0,155.0,0.0,0.0,0.0,0.0,155.0,Palai,4.0,27080.73878698136,27080.73878698136,23069172.08519848,Administrative Boundary,Survey of India (SOI),Kerala,9.746670951536382,76.642022442469
341,341,34790.0,Kurichy,628181,Kurichy,02,Madappally,105,Changanassery,5671,Changanassery,Kottayam,560,Kottayam,KL,32, ,India,Rural,8812.0,35815.0,4.06434408,1622.0,17502.0,18313.0,Available,Available,Available,Available,Available,Available,Available,Available,Available,Not Available,Not Available,Available,Available,Available,Not Available, , ,Not Available,Available,Not Available,Available,Available,Available,0.0,97.0,97.0,0.0,0.0,0.0,25.0,25.0,1403.0,1428.0,0.0,0.0,0.0,0.0,0.0,0.0,Changanassery,8.0,22190.311813815257,22190.311813815257,16533438.471206022,Administrative Boundary,Survey of India (SOI),Kerala,9.497187550609782,76.52719740006516
537,537,34986.0,Madappally,628184,Madappally,05,Madappally,105,Changanassery,5671,Changanassery,Kottayam,560,Kottayam,KL,32, ,India,Rural,8765.0,35176.0,4.01323446,2402.0,17158.0,18018.0,Available,Not Available,Not Available, , ,Available,Available,Available,Available,Available,Available,Available,Not Available,Not Available,Available,Available,Available,Available,Available,Not Available,Available,Available,Available,0.0,258.0,0.0,0.0,0.0,0.0,572.0,572.0,1571.0,1203.0,941.0,0.0,0.0,0.0,0.0,941.0,Changanassery,6.0,23262.35214928139,23262.35214928139,23393950.43584089,Administrative Boundary,Survey of India (SOI),Kerala,9.48157277944274,76.59490341246655
525,525,34974.0,Thottackad,628185,"Vakathanam, Karukachal","01, 06",Madappally,105,Changanassery,5671,Changanassery,Kottayam,560,Kottayam,KL,32, ,India,Rural,3476.0,13990.0,4.02474108,1190.0,6841.0,7149.0,Available,Available,Available,Available,Available,Available,Available,Available,Available,Not Available,Not Available,Available,Not Available,Not Available,Available,Not Available,Not Available,Available,Available,Not Available,Not Available,Available,Available,0.0,62.0,62.0,0.0,8.0,9.0,0.0,0.0,1049.0,1052.0,5.0,3.0,2.0,0.0,0.0,0.0,Changanassery,13.0,18963.194586928865,18963.194586928865,12215246.678820273,Administrative Boundary,Survey of India (SOI),Kerala,9.520985905750036,76.59758197733541
515,515,34964.0,Vakathanam,628180,Vakathanam,01,Madappally,105,Changanassery,5671,Changanassery,Kottayam,560,Kottayam,KL,32, ,India,Rural,4972.0,19589.0,3.93986323,1457.0,9429.0,10160.0,Available,Not Available,Available,Available,Available,Available,Available,Available,Available,Not Available,Not Available,Available,Available,Available,Not Available, , ,Available,Available,Not Available,Available,Available,Available,0.0,38.0,0.0,0.0,6.0,567.0,32.0,32.0,780.0,852.0,0.0,0.0,0.0,0.0,0.0,0.0,Changanassery,12.0,19851.29706723698,19851.29706723698,15360252.855849134,Administrative Boundary,Survey of India (SOI),Kerala,9.513177859444927,76.56941593002611
340,340,34789.0,Vazhappally West,628182,Vazhappally,03,Madappally,105,Changanassery,5671,Changanassery,Kottayam,560,Kottayam,KL,32, ,India,Rural,2622.0,10655.0,4.06369184,1154.0,5173.0,5482.0,Available,Not Available,Available,Available,Available,Available,Available,Available,Not Available, , ,Available,Available,Available,Not Available, , ,Available,Available,Not Available,Not Available,Not Available,Available,0.0,136.0,7.0,0.0,2.0,95.0,20.0,20.0,878.0,916.0,0.0,0.0,0.0,0.0,0.0,0.0,Changanassery,2.0,22196.926792081427,22196.926792081427,15298603.580785094,Administrative Boundary,Survey of India (SOI),Kerala,9.463679953477648,76.51382825317745
527,527,34976.0,Manarcad,628164,"Ayarkunnam, Manarcad,  Putuppally","04, 05, 15",Pallom,102,Kottayam,5670,Kottayam,Kottayam,560,Kottayam,KL,32, ,India,Rural,8421.0,33501.0,3.97826861,2002.0,16410.0,17091.0,Available,Not Available,Available,Available,Available,Available,Available,Available,Available,Available,Available,Available,Not Available,Not Available,Available,Not Available,Not Available,Available,Available,Not Available,Available,Available,Available,0.0,62.0,0.0,0.0,47.0,0.0,0.0,0.0,1768.0,1591.0,349.0,0.0,0.0,20.0,0.0,329.0,Kottayam,8.0,35288.41691974338,35288.41691974338,22690925.72490057,Administrative Boundary,Survey of India (SOI),Kerala,9.607061907690145,76.58794942192563
516,516,34965.0,Meenadam,628169,"Meenadam, Putuppally, Pampady","14, 15,16",Pallom,102,Kottayam,5670,Kottayam,Kottayam,560,Kottayam,KL,32, ,India,Rural,3268.0,12904.0,3.94859241,1142.0,6363.0,6541.0,Available,Available,Available,Available,Available,Available,Available,Available,Not Available, , ,Available,Available,Available,Available,Available,Available,Not Available,Available,Not Available,Available,Available,Available,0.0,54.0,0.0,0.0,0.0,0.0,0.0,0.0,1088.0,1077.0,12.0,0.0,0.0,0.0,0.0,12.0,Kottayam,10.0,17061.875223148974,17061.875223148974,10477112.74272178,Administrative Boundary,Survey of India (SOI),Kerala,9.551754385525694,76.61174380282677
536,536,34985.0,Muttampalam Part,628165,Vijayapuram,09,Pallom,102,Kottayam,5670,Kottayam,Kottayam,560,Kottayam,KL,32, ,India,Rural,417.0,1590.0,3.81294964,168.0,770.0,820.0,Available,Available,Available,Available,Available,Available,Available,Available,Available,Available,Available,Available,Available,Available,Not Available, , ,Not Available,Available,Not Available,Available,Available,Available,0.0,8.0,0.0,0.0,0.0,0.0,0.0,0.0,160.0,136.0,24.0,0.0,0.0,0.0,0.0,24.0,Kottayam,2.0,4338.00174468179,4338.00174468179,1020955.6333899891,Administrative Boundary,Survey of India (SOI),Kerala,9.57452780440591,76.54859065408496
333,333,34782.0,Veloor Part,628168,Nattakam,13,Pallom,102,Kottayam,5670,Kottayam,Kottayam,560,Kottayam,KL,32, ,India,Rural,352.0,1533.0,4.35511364,201.0,782.0,751.0,Available,Not Available,Available,Available,Available,Available,Not Available,Not Available,Available,Available,Available,Available,Not Available,Not Available,Not Available, , ,Available,Available,Not Available,Not Available,Available,Available,0.0,0.0,0.0,0.0,0.0,0.0,0.0,0.0,201.0,0.0,201.0,0.0,0.0,0.0,0.0,201.0,Kottayam,4.0,8665.72337150177,8665.72337150177,3703731.270751741,Administrative Boundary,Survey of India (SOI),Kerala,9.567258967567136,76.50256705092609
535,535,34984.0,Chengalam East,628161,"Akalakunnam, Pallikkathode","06, 07",Pampady,103,Kottayam,5670,Kottayam,Kottayam,560,Kottayam,KL,32, ,India,Rural,1215.0,5226.0,4.30123457,1144.0,2519.0,2707.0,Available,Not Available,Not Available, , ,Available,Available,Available,Available,Available,Available,Available,Available,Available,Available,Available,Available,Not Available,Available,Not Available,Not Available,Available,Available,0.0,15.0,10.0,0.0,0.0,26.0,0.0,0.0,1093.0,1087.0,6.0,0.0,0.0,0.0,0.0,6.0,Palai,15.0,17521.11935723883,17521.11935723883,11643137.631163854,Administrative Boundary,Survey of India (SOI),Kerala,9.628993710309304,76.69667707213854
528,528,34977.0,Elikkulam,628198,Elikkulam,05,Pampady,103,Kanjirappally,5672,Kanjirappally,Kottayam,560,Kottayam,KL,32, ,India,Rural,2458.0,10419.0,4.23881204,1895.0,5147.0,5272.0,Available,Not Available,Available,Available,Available,Available,Available,Available,Available,Available,Available,Available,Available,Available,Available,Available,Available,Not Available,Available,Not Available,Available,Available,Available,0.0,80.0,0.0,0.0,0.0,0.0,0.0,0.0,1815.0,1741.0,74.0,0.0,0.0,0.0,0.0,74.0,Palai,10.0,21409.519138261287,21409.519138261287,20082678.133344688,Administrative Boundary,Survey of India (SOI),Kerala,9.637422594367514,76.73690627363196
532,532,34981.0,Kooroppada,628163,"Pallikkathode, Kooroppada","07, 08",Pampady,103,Kottayam,5670,Kottayam,Kottayam,560,Kottayam,KL,32, ,India,Rural,6551.0,25999.0,3.96870707,2760.0,12762.0,13237.0,Available,Available,Available,Available,Available,Available,Available,Available,Available,Available,Available,Available,Available,Available,Not Available, , ,Not Available,Not Available,Not Available,Not Available,Available,Available,0.0,111.0,1.0,0.0,3.0,8.0,108.0,108.0,2529.0,2640.0,0.0,0.0,0.0,0.0,0.0,0.0,Kottayam,16.0,33772.244171979,33772.244171979,27630016.47188207,Administrative Boundary,Survey of India (SOI),Kerala,9.595230823040163,76.64752097416621
812,812,35261.0,Elackad,628130,"Marangattupilly, Kadaplamattom"," 03, 15",Uzhavoor,96,Meenachil,5668,Palai,Kottayam,560,Kottayam,KL,32, ,India,Rural,3249.0,13333.0,4.10372422,2311.0,6587.0,6746.0,Available,Available,Available,Available,Available,Available,Available,Available,Available,Not Available,Not Available,Available,Available,Available,Available,Not Available,Not Available,Available,Available,Not Available,Available,Available,Available,0.0,623.0,0.0,0.0,0.0,0.0,0.0,0.0,1688.0,1629.0,59.0,0.0,0.0,0.0,0.0,59.0,Palai,11.0,26259.574105759708,26259.574105759708,23433377.81311241,Administrative Boundary,Survey of India (SOI),Kerala,9.730163237907355,76.59552323202077
818,818,35267.0,Uzhavoor,628115,"Veliyannoor, Uzhavoor","01,02",Uzhavoor,96,Meenachil,5668,Palai,Kottayam,560,Kottayam,KL,32, ,India,Rural,2454.0,9063.0,3.69315403,1255.0,4485.0,4578.0,Available,Available,Available,Available,Available,Available,Available,Available,Available,Available,Available,Available,Available,Available,Available,Available,Available,Not Available,Available,Not Available,Not Available,Not Available,Available,0.0,179.0,0.0,0.0,0.0,82.0,4.0,4.0,989.0,987.0,7.0,0.0,0.0,0.0,0.0,7.0,Palai,12.0,19849.696809926696,19849.696809926696,12885998.129602669,Administrative Boundary,Survey of India (SOI),Kerala,9.791514249334753,76.6098419303412
824,824,35273.0,Vellilappally,628116,"Ramapuram, Kadanad","04, 05",Uzhavoor,96,Meenachil,5668,Palai,Kottayam,560,Kottayam,KL,32, ,India,Rural,3994.0,16509.0,4.13345018,2981.0,8162.0,8347.0,Available,Available,Available,Available,Available,Available,Available,Available,Available,Available,Available,Available,Available,Available,Available,Not Available,Available,Not Available,Available,Not Available,Available,Available,Available,0.0,28.0,125.0,0.0,0.0,189.0,0.0,0.0,2638.0,2483.0,155.0,0.0,0.0,0.0,0.0,155.0,Palai,10.0,39383.60852331143,39383.60852331143,30361548.69464625,Administrative Boundary,Survey of India (SOI),Kerala,9.78459507081089,76.65998176919824
675,675,35124.0,Kulasekharamangalam,628145,Maravanthuruthu,07,Vaikom,100,Vaikom,5669,Vaikom,Kottayam,560,Kottayam,KL,32, ,India,Rural,5369.0,21728.0,4.04693611,1569.0,10612.0,11116.0,Available,Available,Not Available, , ,Available,Available,Available,Not Available, , ,Not Available, , ,Not Available, , ,Available,Available,Not Available,Not Available,Not Available,Available,0.0,1148.0,75.0,0.0,0.0,0.0,60.0,60.0,276.0,172.0,174.0,0.0,0.0,0.0,0.0,174.0,Vaikom,8.0,25286.48285164445,25286.48285164445,15824234.335145038,Administrative Boundary,Survey of India (SOI),Kerala,9.796063403842885,76.40225317283668
672,672,35121.0,Naduvile Part,628147,Udayanapuram,08,Vaikom,100,Vaikom,5669,Vaikom,Kottayam,560,Kottayam,KL,32, ,India,Rural,2131.0,8593.0,4.03237916,908.0,4169.0,4424.0,Available,Not Available,Not Available, , ,Available,Available,Available,Available,Available,Available,Available,Available,Available,Not Available, , ,Available,Available,Not Available,Not Available,Available,Available,0.0,117.0,15.0,0.0,0.0,18.0,220.0,220.0,513.0,99.0,659.0,0.0,0.0,0.0,0.0,659.0,Vaikom,4.0,12867.33721996346,12867.33721996346,6067982.839733874,Administrative Boundary,Survey of India (SOI),Kerala,9.758839442599744,76.41980117789873
673,673,35122.0,Thalayazham,628149,Thalayazham,10,Vaikom,100,Vaikom,5669,Vaikom,Kottayam,560,Kottayam,KL,32, ,India,Rural,4884.0,20151.0,4.12592138,2240.0,9927.0,10224.0,Available,Not Available,Available,Available,Available,Available,Available,Available,Available,Available,Available,Available,Available,Available,Not Available, , ,Available,Available,Not Available,Not Available,Available,Available,0.0,0.0,0.0,0.0,0.0,0.0,0.0,0.0,2240.0,0.0,2240.0,0.0,0.0,0.0,0.0,2240.0,Vaikom,6.0,23057.08489286121,23057.08489286121,23394936.48999041,Administrative Boundary,Survey of India (SOI),Kerala,9.712327081888105,76.42259794521102
674,674,35123.0,Vadakkemuri Part,628146,Udayanapuram,08,Vaikom,100,Vaikom,5669,Vaikom,Kottayam,560,Kottayam,KL,32, ,India,Rural,4267.0,17019.0,3.98851652,1107.0,8296.0,8723.0,Available,Available,Available,Available,Available,Available,Available,Available,Available,Available,Available,Available,Available,Available,Available,Available,Available,Available,Available,Not Available,Not Available,Available,Available,0.0,215.0,50.0,0.0,0.0,1.0,149.0,149.0,640.0,708.0,133.0,0.0,0.0,0.0,0.0,133.0,Vaikom,3.0,19545.92619390584,19545.92619390584,11439281.603792274,Administrative Boundary,Survey of India (SOI),Kerala,9.78010777789222,76.39473624277255
337,337,34786.0,Vechoor,628150,Vechoor,11,Vaikom,100,Vaikom,5669,Vaikom,Kottayam,560,Kottayam,KL,32, ,India,Rural,4168.0,17041.0,4.08853167,2913.0,8315.0,8726.0,Available,Not Available,Available,Available,Available,Available,Available,Available,Available,Available,Available,Available,Available,Available,Not Available, , ,Available,Available,Not Available,Not Available,Available,Available,0.0,0.0,0.0,0.0,0.0,0.0,145.0,145.0,2313.0,161.0,2752.0,0.0,0.0,0.0,0.0,2752.0,Vaikom,10.0,22937.105275812883,22937.105275812883,29014146.104491383,Administrative Boundary,Survey of India (SOI),Kerala,9.670601469281085,76.42740496865005
524,524,34973.0,Cheruvally,628201,Chirakkadavu,06,Vazhoor,106,Kanjirappally,5672,Kanjirappally,Kottayam,560,Kottayam,KL,32, ,India,Rural,1645.0,6447.0,3.91914894,1120.0,3197.0,3250.0,Not Available,Not Available,Available,Available,Available,Available,Available,Available,Not Available, , ,Available,Available,Available,Not Available, , ,Available,Not Available,Not Available,Not Available,Not Available,Available,0.0,0.0,0.0,0.0,52.0,0.0,0.0,0.0,1068.0,52.0,1068.0,0.0,0.0,0.0,0.0,1068.0,Kottayam,41.0,16922.943254459067,16922.943254459067,12549772.777494447,Administrative Boundary,Survey of India (SOI),Kerala,9.518703013887198,76.75894353917498
526,526,34975.0,Kangazha,628189,"Vazhoor, Kangazha","08, 09",Vazhoor,106,Changanassery,5671,Changanassery,Kottayam,560,Kottayam,KL,32, ,India,Rural,5326.0,21340.0,4.00675929,2718.0,10349.0,10991.0,Available,Not Available,Available,Not Available,Not Available,Available,Not Available,Not Available,Available,Not Available,Not Available,Available,Available,Available,Not Available, , ,Not Available,Available,Not Available,Not Available,Available,Available,0.0,66.0,0.0,0.0,0.0,0.0,20.0,20.0,2632.0,2626.0,26.0,0.0,0.0,0.0,0.0,26.0,Changanassery,25.0,24884.664161004657,24884.664161004657,27421969.386763427,Administrative Boundary,Survey of India (SOI),Kerala,9.515157512656254,76.69898634896332
517,517,34966.0,Vazhoor,628188,"Vazhoor, Kangazha","08, 09",Vazhoor,106,Changanassery,5671,Changanassery,Kottayam,560,Kottayam,KL,32, ,India,Rural,6110.0,23909.0,3.91309329,2860.0,11634.0,12275.0,Available,Available,Available,Available,Available,Available,Available,Available,Available,Available,Available,Available,Available,Available,Not Available, , ,Not Available,Available,Not Available,Not Available,Not Available,Available,0.0,266.0,0.0,0.0,0.0,266.0,0.0,0.0,2328.0,2303.0,25.0,0.0,0.0,0.0,0.0,25.0,Changanassery,1.0,29535.33361760052,29535.33361760052,30104698.938592605,Administrative Boundary,Survey of India (SOI),Kerala,9.554201434499278,76.70946391187793
310,310,34759.0,Changanassery Part,628183,"Paippad, Muttar","04, 91",Veliyanad (Part),104,Changanassery,5671,Changanassery,Kottayam,560,Kottayam,KL,32, ,India,Rural,1116.0,4754.0,4.25985663,1389.0,2269.0,2485.0,Available,Not Available,Available,Available,Available,Available,Available,Available,Not Available, , ,Not Available, , ,Not Available, , ,Available,Available,Not Available,Not Available,Available,Available,0.0,135.0,90.0,0.0,0.0,0.0,0.0,0.0,1163.0,48.0,1115.0,1115.0,0.0,0.0,0.0,0.0,Changanassery,1.0,21143.67247303553,21143.67247303553,11375049.343826124,Administrative Boundary,Survey of India (SOI),Kerala,9.421857147679471,76.52191752317897
1310,1310,35759.0,Kottur,627377,Kottur,10,Balusseri,23,Koyilandi,5639,Quilandy,Kozhikode,561,Kozhikode,KL,32, ,India,Rural,2978.0,12205.0,4.09838818,1178.0,5814.0,6391.0,Not Available,Not Available,Not Available, , ,Available,Available,Available,Available,Available,Available,Available,Available,Available,Not Available, , ,Available,Available,Not Available,Not Available,Available,Available,0.0,147.0,140.0,0.0,0.0,127.0,130.0,130.0,509.0,698.0,66.0,66.0,0.0,0.0,0.0,0.0,Quilandy,18.0,18851.18292431139,18851.18292431139,11899987.220092729,Administrative Boundary,Survey of India (SOI),Kerala,11.49899538956281,75.7937830596288
1303,1303,35752.0,Sivapuram,627385,Unnikulam,14,Balusseri,23,Thamarassery,5938,Quilandy,Kozhikode,561,Kozhikode,KL,32, ,India,Rural,5974.0,24436.0,4.0903917,1958.0,11578.0,12858.0,Available,Available,Available,Not Available,Not Available,Available,Available,Available,Available,Available,Available,Available,Available,Available,Not Available, , ,Not Available,Available,Not Available,Available,Available,Available,0.0,474.0,0.0,0.0,0.0,0.0,0.0,0.0,1174.0,1376.0,108.0,0.0,103.0,5.0,0.0,0.0,Quilandy,19.0,32695.383719450558,32695.383719450558,19519526.195404463,Administrative Boundary,Survey of India (SOI),Kerala,11.42983613165764,75.86537263277093
1317,1317,35766.0,Unnikulam,627384,Unnikulam,14,Balusseri,23,Thamarassery,5938,Quilandy,Kozhikode,561,Kozhikode,KL,32, ,India,Rural,5739.0,24912.0,4.34082593,1868.0,11860.0,13052.0,Available,Available,Available,Not Available,Not Available,Available,Available,Available,Available,Available,Available,Available,Available,Available,Available,Not Available,Not Available,Available,Available,Not Available,Available,Available,Available,0.0,473.0,0.0,0.0,0.0,115.0,46.0,46.0,1014.0,1128.0,152.0,0.0,140.0,12.0,0.0,0.0,Quilandy,22.0,29091.070778945865,29091.070778945865,17870818.243718475,Administrative Boundary,Survey of India (SOI),Kerala,11.443067303975743,75.89223188199543
1309,1309,35758.0,Kakkur,627401,Kakkur,01,Chelannur,26,Kozhikode,5640,Kozhikode,Kozhikode,561,Kozhikode,KL,32, ,India,Rural,5551.0,22788.0,4.10520627,2041.0,10696.0,12092.0,Available,Not Available,Available,Not Available,Not Available,Available,Available,Available,Available,Available,Available,Available,Available,Available,Available,Available,Available,Available,Available,Not Available,Available,Available,Available,0.0,611.0,48.0,0.0,32.0,0.0,0.0,0.0,1350.0,1341.0,42.0,42.0,0.0,0.0,0.0,0.0,Kozhikode,18.0,29749.24152746373,29749.24152746373,20423632.56608032,Administrative Boundary,Survey of India (SOI),Kerala,11.387328667676476,75.82912269744679
1292,1292,35741.0,Chathamangalam,627416,"Chathamangalam,Omassery","12, 06",Koduvally,25,Kozhikode,5640,Kozhikode,Kozhikode,561,Kozhikode,KL,32, ,India,Rural,4063.0,18918.0,4.6561654,1157.0,9903.0,9015.0,Available,Not Available,Available,Not Available,Not Available,Available,Available,Available,Available,Available,Available,Available,Available,Available,Not Available, , ,Available,Available,Not Available,Available,Available,Available,0.0,415.0,0.0,0.0,0.0,100.0,0.0,0.0,642.0,427.0,215.0,0.0,0.0,0.0,0.0,215.0,Kozhikode,17.0,23952.065828563445,23952.065828563445,11898377.011214068,Administrative Boundary,Survey of India (SOI),Kerala,11.328835855578129,75.9365970253203
1320,1320,35769.0,Engapuzha,627408,"Puthuppadi,Kattippara","07,55",Koduvally,25,Thamarassery,5938,Kozhikode,Kozhikode,561,Kozhikode,KL,32, ,India,Rural,4240.0,18244.0,4.30283019,2414.0,8745.0,9499.0,Not Available,Not Available,Available,Not Available,Not Available,Available,Available,Available,Not Available, , ,Not Available, , ,Not Available, , ,Available,Not Available,Not Available,Available,Available,Available,0.0,610.0,0.0,0.0,0.0,0.0,0.0,0.0,1804.0,1804.0,0.0,0.0,0.0,0.0,0.0,0.0,Kozhikode,35.0,25739.770662036542,25739.770662036542,20698234.52890857,Administrative Boundary,Survey of India (SOI),Kerala,11.454735827149864,75.97309426810214
1295,1295,35744.0,Kizhakkoth,627403,Kizhakkoth,03,Koduvally,25,Thamarassery,5938,Kozhikode,Kozhikode,561,Kozhikode,KL,32, ,India,Rural,6940.0,31261.0,4.50446686,1991.0,14855.0,16406.0,Available,Available,Available,Not Available,Not Available,Available,Available,Available,Available,Available,Available,Available,Available,Available,Not Available, , ,Available,Available,Not Available,Not Available,Available,Available,0.0,490.0,0.0,0.0,0.0,230.0,0.0,0.0,1021.0,1271.0,0.0,0.0,0.0,0.0,0.0,0.0,Kozhikode,23.0,24789.467067027323,24789.467067027323,19772426.088229906,Administrative Boundary,Survey of India (SOI),Kerala,11.385810307168699,75.89696275720199
1328,1328,35777.0,Kodencheri,627410,"Kodencheri,Puthuppadi","08,07",Koduvally,25,Thamarassery,5938,Kozhikode,Kozhikode,561,Kozhikode,KL,32, ,India,Rural,4589.0,18738.0,4.08324254,4757.0,9211.0,9527.0,Available,Available,Not Available, , ,Available,Available,Available,Available,Available,Available,Not Available, , ,Available,Available,Available,Available,Not Available,Not Available,Not Available,Available,Available,1577.0,0.0,0.0,0.0,0.0,0.0,0.0,0.0,3178.0,3178.0,2.0,2.0,0.0,0.0,0.0,0.0,Kozhikode,43.0,52653.95687038402,52653.95687038402,25900029.94553957,Administrative Boundary,Survey of India (SOI),Kerala,11.452710282828871,76.01444002870714
1325,1325,35774.0,Koodathayi,627409,"Omassery,Kodencheri","06,08",Koduvally,25,Thamarassery,5938,Kozhikode,Kozhikode,561,Kozhikode,KL,32, ,India,Rural,3294.0,13563.0,4.11748634,2354.0,6489.0,7074.0,Available,Not Available,Available,Not Available,Not Available,Available,Available,Available,Not Available, , ,Available,Available,Available,Not Available, , ,Available,Available,Not Available,Not Available,Available,Available,0.0,0.0,0.0,0.0,0.0,0.0,56.0,56.0,2298.0,2337.0,17.0,0.0,0.0,0.0,0.0,17.0,Kozhikode,35.0,30894.30440113856,30894.30440113856,23283587.627267968,Administrative Boundary,Survey of India (SOI),Kerala,11.409057541307012,75.97789494413739
1280,1280,35729.0,Madavoor,627417,Madavoor,13,Koduvally,25,Kozhikode,5640,Kozhikode,Kozhikode,561,Kozhikode,KL,32, ,India,Rural,6598.0,28672.0,4.34555926,1935.0,13747.0,14925.0,Not Available,Not Available,Available,Not Available,Not Available,Available,Available,Available,Not Available, , ,Available,Available,Available,Not Available, , ,Available,Not Available,Not Available,Not Available,Available,Available,0.0,1056.0,0.0,0.0,10.0,20.0,0.0,0.0,849.0,859.0,0.0,0.0,0.0,0.0,0.0,0.0,Kozhikode,20.0,34669.876580520526,34669.876580520526,19382531.1631581,Administrative Boundary,Survey of India (SOI),Kerala,11.347356697124289,75.86606779943021
1294,1294,35743.0,Puthur,627415,"Koduvally,Omassery","04, 06",Koduvally,25,Thamarassery,5938,Kozhikode,Kozhikode,561,Kozhikode,KL,32, ,India,Rural,4791.0,21466.0,4.48048424,1196.0,10336.0,11130.0,Available,Not Available,Not Available, , ,Available,Available,Available,Not Available, , ,Available,Available,Available,Not Available, , ,Not Available,Available,Not Available,Available,Available,Available,0.0,0.0,0.0,0.0,0.0,0.0,0.0,0.0,916.0,1051.0,145.0,0.0,0.0,0.0,0.0,145.0,Kozhikode,23.0,26843.43970018773,26843.43970018773,16493962.63321402,Administrative Boundary,Survey of India (SOI),Kerala,11.367567951754127,75.94995400350804
1332,1332,35781.0,Thiruvambadi,627413,Thiruvambadi,10,Koduvally,25,Thamarassery,5938,Kozhikode,Kozhikode,561,Kozhikode,KL,32, ,India,Rural,6771.0,28820.0,4.25638754,8396.0,13988.0,14832.0,Available,Not Available,Available,Not Available,Not Available,Available,Available,Available,Available,Available,Available,Available,Available,Available,Available,Available,Available,Available,Available,Not Available,Available,Available,Available,3644.0,40.0,60.0,0.0,20.0,30.0,0.0,0.0,4602.0,4502.0,120.0,0.0,20.0,25.0,0.0,75.0,Kozhikode,34.0,82003.42311074905,82003.42311074905,87908557.33104053,Administrative Boundary,Survey of India (SOI),Kerala,11.426504768759823,76.06234854304218
1316,1316,35765.0,Vavad,627404,Koduvally,04,Koduvally,25,Thamarassery,5938,Kozhikode,Kozhikode,561,Kozhikode,KL,32, ,India,Rural,3239.0,14818.0,4.57486879,789.0,6938.0,7880.0,Available,Available,Available,Not Available,Not Available,Available,Available,Available,Available,Available,Available,Available,Available,Available,Not Available, , ,Available,Available,Not Available,Available,Available,Available,0.0,100.0,90.0,0.0,0.0,90.0,100.0,100.0,299.0,509.0,0.0,0.0,0.0,0.0,0.0,0.0,Kozhikode,26.0,17606.458413692326,17606.458413692326,8096157.322273008,Administrative Boundary,Survey of India (SOI),Kerala,11.385853847021224,75.923455836195
1296,1296,35745.0,Kakkad,627419,Karassery,14,Kunnamangalam,27,Kozhikode,5640,Kozhikode,Kozhikode,561,Kozhikode,KL,32, ,India,Rural,2547.0,11950.0,4.69179427,1021.0,5871.0,6079.0,Not Available,Available,Available,Available,Available,Available,Available,Available,Available,Available,Available,Available,Available,Available,Not Available, , ,Available,Available,Not Available,Not Available,Available,Available,0.0,175.0,62.0,0.0,49.0,0.0,0.0,0.0,735.0,703.0,81.0,0.0,0.0,0.0,0.0,81.0,Kozhikode,30.0,15994.415623038698,15994.415623038698,11013686.1103701,Administrative Boundary,Survey of India (SOI),Kerala,11.299077364133336,76.0027680856381
1291,1291,35740.0,Kumaranallur,627418,Karassery,14,Kunnamangalam,27,Kozhikode,5640,Kozhikode,Kozhikode,561,Kozhikode,KL,32, ,India,Rural,3969.0,18105.0,4.56160242,2670.0,8531.0,9574.0,Not Available,Available,Not Available, , ,Available,Available,Available,Available,Available,Available,Available,Available,Available,Available,Not Available,Not Available,Available,Available,Not Available,Not Available,Available,Available,76.0,405.0,0.0,0.0,0.0,0.0,0.0,0.0,2189.0,1343.0,846.0,0.0,0.0,0.0,0.0,846.0,Kozhikode,30.0,23155.09894946746,23155.09894946746,18569230.6552238,Administrative Boundary,Survey of India (SOI),Kerala,11.31898133288876,76.02536450617855
1411,1411,35860.0,Kuttiadi,627351,Kuttiadi,10,Kunnummal,19,Vatakara,5638,Vadakara,Kozhikode,561,Kozhikode,KL,32, ,India,Rural,4511.0,19351.0,4.2897362,1523.0,9100.0,10251.0,Available,Not Available,Available,Not Available,Not Available,Available,Available,Available,Available,Available,Available,Available,Available,Available,Available,Not Available,Not Available,Available,Available,Not Available,Available,Available,Available,0.0,20.0,0.0,0.0,0.0,3.0,0.0,0.0,1475.0,2.0,1498.0,0.0,50.0,1.0,0.0,1446.0,Vadakara,23.0,20502.49642892497,20502.49642892497,14675154.487862883,Administrative Boundary,Survey of India (SOI),Kerala,11.650637048379531,75.73099497088323
1407,1407,35856.0,Maruthonkara,627352,Maruthonkara,11,Kunnummal,19,Vatakara,5638,Vadakara,Kozhikode,561,Kozhikode,KL,32, ,India,Rural,5689.0,23487.0,4.12849358,2991.0,11306.0,12181.0,Not Available,Available,Available,Not Available,Not Available,Available,Available,Available,Available,Available,Available,Available,Available,Available,Available,Not Available,Not Available,Available,Available,Not Available,Not Available,Available,Available,146.0,193.0,0.0,0.0,0.0,0.0,0.0,0.0,2652.0,941.0,1711.0,37.0,8.0,0.0,0.0,1666.0,Vadakara,29.0,32807.27687262329,32807.27687262329,29052946.017639022,Administrative Boundary,Survey of India (SOI),Kerala,11.650318753118661,75.79668069286487
1410,1410,35859.0,Narippatta,627347,Narippatta,04,Kunnummal,19,Vatakara,5638,Vadakara,Kozhikode,561,Kozhikode,KL,32, ,India,Rural,4977.0,21381.0,4.29596142,1540.0,10045.0,11336.0,Not Available,Available,Available,Not Available,Not Available,Available,Available,Available,Available,Available,Available,Available,Available,Available,Available,Not Available,Not Available,Available,Available,Not Available,Available,Available,Available,0.0,6.0,27.0,0.0,2.0,2.0,0.0,0.0,1504.0,87.0,1419.0,0.0,0.0,0.0,0.0,1419.0,Vadakara,23.0,29407.047689561183,29407.047689561183,20894489.29080468,Administrative Boundary,Survey of India (SOI),Kerala,11.714102242905529,75.71882153616271
1418,1418,35867.0,Thinoor,627344,Narippatta,04,Kunnummal,19,Vatakara,5638,Vadakara,Kozhikode,561,Kozhikode,KL,32, ,India,Rural,1229.0,5148.0,4.18877136,3516.0,2580.0,2568.0,Not Available,Available,Available,Not Available,Not Available,Available,Available,Available,Available,Available,Available,Available,Available,Available,Available,Available,Available,Available,Available,Available,Not Available,Available,Available,1571.0,0.0,0.0,0.0,0.0,0.0,0.0,0.0,1945.0,0.0,1945.0,0.0,0.0,0.0,0.0,1945.0,Vadakara,32.0,27289.721674525263,27289.721674525263,30488557.541288253,Administrative Boundary,Survey of India (SOI),Kerala,11.745359238864207,75.76712804172456
1,1,31554.0,Payyoli,627367,Payyoli,01,Melady,21,Koyilandi,5639,Quilandy,Kozhikode,561,Kozhikode,KL,32, ,India,Rural,5324.0,23576.0,4.42824944,971.0,11013.0,12563.0,Available,Not Available,Available,Not Available,Not Available,Available,Available,Available,Available,Available,Available,Available,Available,Available,Not Available, , ,Available,Available,Not Available,Available,Available,Available,0.0,116.0,0.0,0.0,0.0,41.0,12.0,12.0,802.0,814.0,0.0,0.0,0.0,0.0,0.0,0.0,Quilandy,12.0,16770.6626001123,16770.6626001123,9388515.314735716,Administrative Boundary,Survey of India (SOI),Kerala,11.521203871257976,75.62550246524701
1312,1312,35761.0,Arikkulam Part,627376,Arikkulam,09,Panthalayani,24,Koyilandi,5639,Quilandy,Kozhikode,561,Kozhikode,KL,32, ,India,Rural,4409.0,18378.0,4.16829213,1568.0,8651.0,9727.0,Available,Not Available,Available,Not Available,Not Available,Available,Available,Available,Available,Available,Available,Available,Available,Available,Not Available, , ,Available,Available,Available,Available,Available,Available,0.0,221.0,0.0,0.0,0.0,215.0,87.0,87.0,1045.0,943.0,189.0,189.0,0.0,0.0,0.0,0.0,Quilandy,9.0,25308.447804660624,25308.447804660624,15652630.965942057,Administrative Boundary,Survey of India (SOI),Kerala,11.50068017468392,75.72557229382802
1315,1315,35764.0,Chengottukavu,627382,Chengottukavu,13,Panthalayani,24,Koyilandi,5639,Quilandy,Kozhikode,561,Kozhikode,KL,32, ,India,Rural,6409.0,26791.0,4.18021532,1360.0,12446.0,14345.0,Available,Not Available,Available,Not Available,Not Available,Available,Available,Available,Available,Available,Available,Available,Available,Available,Not Available, , ,Available,Available,Not Available,Available,Available,Available,0.0,200.0,0.0,0.0,0.0,50.0,85.0,85.0,1009.0,1025.0,84.0,34.0,0.0,0.0,0.0,50.0,Quilandy,4.0,18698.322101754595,18698.322101754595,14132715.020143706,Administrative Boundary,Survey of India (SOI),Kerala,11.4206963873438,75.72181458974912
1313,1313,35762.0,Moodadi,627375,Moodadi,08,Panthalayani,24,Koyilandi,5639,Quilandy,Kozhikode,561,Kozhikode,KL,32, ,India,Rural,6906.0,30170.0,4.36866493,1601.0,13910.0,16260.0,Available,Not Available,Available,Not Available,Not Available,Available,Available,Available,Available,Available,Available,Available,Available,Available,Not Available, , ,Available,Available,Not Available,Available,Available,Available,0.0,151.0,50.0,0.0,0.0,0.0,0.0,0.0,1287.0,2.0,1398.0,85.0,163.0,0.0,0.0,1150.0,Quilandy,8.0,27037.46375532068,27037.46375532068,17158682.984562837,Administrative Boundary,Survey of India (SOI),Kerala,11.479820511639703,75.65328017640338
1334,1334,35783.0,Chakkittapara,627372,"Chakkittapara,Koorachundu","04,05",Perambra,22,Koyilandi,5639,Quilandy,Kozhikode,561,Kozhikode,KL,32, ,India,Rural,2904.0,11763.0,4.05061983,12420.0,5854.0,5909.0,Available,Available,Available,Not Available,Not Available,Available,Available,Available,Available,Available,Available,Available,Available,Available,Available,Available,Available,Available,Available,Not Available,Not Available,Available,Available,4723.0,2674.0,0.0,0.0,0.0,0.0,0.0,0.0,5023.0,4863.0,160.0,0.0,0.0,0.0,0.0,160.0,Quilandy,28.0,70559.7615368983,70559.7615368983,117793582.61697684,Administrative Boundary,Survey of India (SOI),Kerala,11.570047046054405,75.89310004603186
1304,1304,35753.0,Changaroth,627370,Changaroth,03,Perambra,22,Koyilandi,5639,Quilandy,Kozhikode,561,Kozhikode,KL,32, ,India,Rural,4169.0,17427.0,4.18013912,1733.0,8369.0,9058.0,Available,Available,Available,Not Available,Not Available,Available,Available,Available,Available,Available,Available,Available,Available,Available,Not Available, , ,Available,Available,Not Available,Available,Available,Available,0.0,1232.0,0.0,0.0,0.0,0.0,0.0,0.0,501.0,338.0,163.0,163.0,0.0,0.0,0.0,0.0,Quilandy,35.0,22502.31349565101,22502.31349565101,17799725.81577695,Administrative Boundary,Survey of India (SOI),Kerala,11.606923465542321,75.78109955832767
1415,1415,35864.0,Chempanoda,627371,Chakkittapara,04,Perambra,22,Koyilandi,5639,Quilandy,Kozhikode,561,Kozhikode,KL,32, ,India,Rural,1361.0,5398.0,3.96620132,5381.0,2671.0,2727.0,Available,Available,Available,Not Available,Not Available,Available,Available,Available,Available,Available,Available,Not Available, , ,Available,Available,Available,Available,Available,Not Available,Not Available,Available,Available,2223.0,1831.0,0.0,0.0,0.0,0.0,0.0,0.0,1327.0,894.0,433.0,0.0,283.0,0.0,0.0,150.0,Quilandy,40.0,38038.76176805781,38038.76176805781,51913660.58021169,Administrative Boundary,Survey of India (SOI),Kerala,11.636881914793902,75.85744050000422
1300,1300,35749.0,Cheruvannur,627368,Cheruvannur,02,Perambra,22,Koyilandi,5639,Quilandy,Kozhikode,561,Kozhikode,KL,32, ,India,Rural,5556.0,23388.0,4.20950324,2161.0,11054.0,12334.0,Available,Available,Available,Not Available,Not Available,Available,Available,Available,Available,Available,Available,Available,Available,Available,Not Available, , ,Available,Available,Not Available,Available,Available,Available,0.0,350.0,250.0,0.0,0.0,0.0,100.0,100.0,1461.0,1517.0,44.0,40.0,4.0,0.0,0.0,0.0,Vadakara,6.0,26330.76967895294,26330.76967895294,21211698.50890453,Administrative Boundary,Survey of India (SOI),Kerala,11.571038065392113,75.7044341864224
1308,1308,35757.0,Kayanna,627378,"Kayanna, Koorachundu","11, 05",Perambra,22,Koyilandi,5639,Quilandy,Kozhikode,561,Kozhikode,KL,32, ,India,Rural,4163.0,16776.0,4.02978621,2129.0,8131.0,8645.0,Available,Available,Available,Not Available,Not Available,Available,Available,Available,Available,Available,Available,Available,Available,Available,Available,Available,Available,Available,Available,Not Available,Available,Available,Available,20.0,172.0,0.0,0.0,0.0,0.0,0.0,0.0,1937.0,1865.0,72.0,44.0,28.0,0.0,0.0,0.0,Quilandy,22.0,26972.534459302373,26972.534459302373,22594649.552269388,Administrative Boundary,Survey of India (SOI),Kerala,11.53285696222038,75.8156211939673
1311,1311,35760.0,Koorachundu,627379,"Kayanna, Koorachundu,   Kottur ,Panangad","11,05, 10, 12",Perambra,22,Koyilandi,5639,Quilandy,Kozhikode,561,Kozhikode,KL,32, ,India,Rural,3003.0,12302.0,4.0965701,2256.0,6097.0,6205.0,Available,Available,Available,Not Available,Not Available,Available,Available,Available,Available,Available,Available,Available,Available,Available,Available,Available,Available,Available,Available,Not Available,Available,Available,Available,233.0,100.0,0.0,0.0,0.0,0.0,0.0,0.0,1923.0,1923.0,0.0,0.0,0.0,0.0,0.0,0.0,Quilandy,30.0,33656.658857249065,33656.658857249065,30686509.80740402,Administrative Boundary,Survey of India (SOI),Kerala,11.499252002625157,75.86053789717016
1307,1307,35756.0,Nochad,627374,Nochad,07,Perambra,22,Koyilandi,5639,Quilandy,Kozhikode,561,Kozhikode,KL,32, ,India,Rural,6456.0,26857.0,4.1600062,2364.0,12815.0,14042.0,Available,Available,Available,Not Available,Not Available,Available,Available,Available,Available,Available,Available,Available,Available,Available,Not Available, , ,Available,Available,Not Available,Available,Available,Available,0.0,78.0,0.0,0.0,0.0,83.0,1.0,1.0,2200.0,1905.0,298.0,237.0,55.0,6.0,0.0,0.0,Quilandy,20.0,29764.002148372823,29764.002148372823,25035389.9019667,Administrative Boundary,Survey of India (SOI),Kerala,11.532099239860688,75.75714635963004
1306,1306,35755.0,Palery,627369,Changaroth,03,Perambra,22,Koyilandi,5639,Quilandy,Kozhikode,561,Kozhikode,KL,32, ,India,Rural,3379.0,14680.0,4.34448062,1291.0,6933.0,7747.0,Available,Not Available,Available,Not Available,Not Available,Available,Available,Available,Not Available, , ,Available,Available,Available,Not Available, , ,Available,Available,Not Available,Available,Available,Available,0.0,827.0,4.0,0.0,0.0,64.0,0.0,0.0,397.0,185.0,212.0,117.0,32.0,32.0,0.0,31.0,Quilandy,30.0,24480.661642066363,24480.661642066363,13244189.580563445,Administrative Boundary,Survey of India (SOI),Kerala,11.618642762322168,75.7556376789775
1302,1302,35751.0,Perambra,627373,"Chakkittapara,Koothali","04,06",Perambra,22,Koyilandi,5639,Quilandy,Kozhikode,561,Kozhikode,KL,32, ,India,Rural,2722.0,11336.0,4.16458486,1446.0,5383.0,5953.0,Available,Available,Not Available, , ,Available,Available,Available,Not Available, , ,Available,Available,Available,Not Available, , ,Available,Available,Available,Available,Available,Available,0.0,59.0,0.0,0.0,0.0,217.0,0.0,0.0,1170.0,756.0,414.0,120.0,14.0,0.0,0.0,280.0,Quilandy,30.0,24872.76916567767,24872.76916567767,14698397.272443837,Administrative Boundary,Survey of India (SOI),Kerala,11.576369905243983,75.80326661510148
1301,1301,35750.0,Thiruvallur,627349,Thiruvallur,08,Thodannur,20,Vatakara,5638,Vadakara,Kozhikode,561,Kozhikode,KL,32, ,India,Rural,3235.0,14429.0,4.46027821,1150.0,6743.0,7686.0,Available,Not Available,Available,Not Available,Not Available,Available,Available,Available,Available,Available,Available,Available,Available,Available,Available,Available,Available,Available,Available,Not Available,Available,Available,Available,0.0,440.0,0.0,0.0,0.0,0.0,0.0,0.0,710.0,624.0,87.0,26.0,61.0,0.0,0.0,0.0,Vadakara,12.0,16405.118310470316,16405.118310470316,11033924.015476584,Administrative Boundary,Survey of India (SOI),Kerala,11.585544823565238,75.67870482073384
1413,1413,35862.0,Vanimel,627342,Vanimel,02,Thuneri,18,Vatakara,5638,Vadakara,Kozhikode,561,Kozhikode,KL,32, ,India,Rural,5587.0,25680.0,4.59638446,2271.0,12368.0,13312.0,Available,Available,Not Available, , ,Available,Available,Available,Available,Available,Available,Available,Available,Available,Available,Available,Available,Available,Available,Not Available,Not Available,Available,Available,0.0,642.0,0.0,0.0,0.0,0.0,0.0,0.0,1629.0,984.0,645.0,0.0,400.0,4.0,0.0,240.0,Vadakara,23.0,30836.164069031383,30836.164069031383,24422240.86121952,Administrative Boundary,Survey of India (SOI),Kerala,11.740512369936186,75.70641295546818
1419,1419,35868.0,Vilangad,627343,"Vanimel,Valayam","02,03",Thuneri,18,Vatakara,5638,Vadakara,Kozhikode,561,Kozhikode,KL,32, ,India,Rural,916.0,3778.0,4.12445415,2283.0,1930.0,1848.0,Available,Not Available,Available,Not Available,Not Available,Available,Available,Available,Available,Available,Available,Available,Available,Available,Not Available, , ,Available,Not Available,Not Available,Available,Available,Available,966.0,53.0,0.0,0.0,0.0,53.0,0.0,0.0,1211.0,597.0,614.0,0.0,226.0,0.0,0.0,388.0,Vadakara,30.0,24818.060536697365,24818.060536697365,20776422.281787604,Administrative Boundary,Survey of India (SOI),Kerala,11.781766981541887,75.75964493356871
6,6,31559.0,Onchiam,627341,Onchiam,01,Vadakara,17,Vatakara,5638,Vadakara,Kozhikode,561,Kozhikode,KL,32, ,India,Rural,6289.0,28650.0,4.55557322,873.0,13224.0,15426.0,Available,Available,Available,Available,Available,Available,Available,Available,Available,Available,Available,Available,Available,Available,Available,Available,Available,Available,Available,Available,Available,Available,Available,0.0,7.0,0.0,0.0,9.0,260.0,0.0,0.0,596.0,3.0,603.0,0.0,24.0,1.0,0.0,577.0,Vadakara,6.0,15057.325775061592,15057.325775061592,9435782.438376984,Administrative Boundary,Survey of India (SOI),Kerala,11.650071821400607,75.57355496762614
1286,1286,35735.0,Areekode,627447,Areekode,05,Areekode,29,Ernad,5641,Manjeri,Malappuram,562,Malappuram,KL,32, ,India,Rural,6037.0,31563.0,5.22825907,1703.0,15628.0,15935.0,Available,Not Available,Available,Available,Available,Available,Available,Available,Available,Available,Available,Available,Available,Available,Available,Not Available,Not Available,Available,Available,Not Available,Available,Available,Available,0.0,168.0,10.0,0.0,0.0,10.0,0.0,0.0,1515.0,1275.0,240.0,0.0,30.0,10.0,0.0,200.0,Manjeri,16.0,22267.18007542517,22267.18007542517,16615916.653190624,Administrative Boundary,Survey of India (SOI),Kerala,11.221812975311495,76.03685314554255
1282,1282,35731.0,Kavanoor,627452,Kavanoor,08,Areekode,29,Ernad,5641,Manjeri,Malappuram,562,Malappuram,KL,32, ,India,Rural,7259.0,37977.0,5.23171236,3133.0,18813.0,19164.0,Available,Available,Available,Available,Available,Available,Available,Available,Available,Available,Available,Available,Available,Available,Available,Available,Available,Available,Available,Not Available,Not Available,Available,Available,0.0,1084.0,50.0,0.0,0.0,0.0,25.0,25.0,1971.0,1379.0,620.0,0.0,600.0,0.0,0.0,20.0,Manjeri,7.0,32473.13752564763,32473.13752564763,30661078.686730828,Administrative Boundary,Survey of India (SOI),Kerala,11.191942123272062,76.07043891631726
1285,1285,35734.0,Kuzhimanna,627453,Kuzhimanna,09,Areekode,29,Kondotty,5941,Manjeri,Malappuram,562,Malappuram,KL,32, ,India,Rural,6492.0,34413.0,5.30083179,2366.0,16879.0,17534.0,Available,Not Available,Available,Available,Available,Available,Available,Available,Available,Available,Available,Available,Available,Available,Available,Not Available,Not Available,Available,Available,Not Available,Available,Available,Available,0.0,243.0,0.0,0.0,0.0,100.0,0.0,0.0,1863.0,1904.0,119.0,0.0,96.0,24.0,0.0,0.0,Manjeri,16.0,32374.1597871764,32374.1597871764,22845087.06207156,Administrative Boundary,Survey of India (SOI),Kerala,11.176605760537871,76.00839066528594
1288,1288,35737.0,Muthuvallur,627454,"Muthuvallur, Cheekkode","10, 04",Areekode,29,Kondotty,5941,Manjeri,Malappuram,562,Malappuram,KL,32, ,India,Rural,6905.0,36482.0,5.28341781,2713.0,17931.0,18551.0,Available,Not Available,Available,Not Available,Not Available,Available,Available,Available,Available,Available,Available,Available,Available,Available,Available,Not Available,Not Available,Not Available,Available,Not Available,Available,Available,Available,0.0,675.0,0.0,0.0,0.0,0.0,0.0,0.0,2038.0,1788.0,250.0,0.0,100.0,50.0,0.0,100.0,Manjeri,25.0,37673.514084545386,37673.514084545386,27232975.28230001,Administrative Boundary,Survey of India (SOI),Kerala,11.198058125241603,75.98910547896963
1284,1284,35733.0,Pulpatta,627458,Pulpatta,14,Areekode,29,Ernad,5641,Manjeri,Malappuram,562,Malappuram,KL,32, ,India,Rural,7973.0,42683.0,5.35344287,3021.0,21151.0,21532.0,Available,Available,Available,Not Available,Not Available,Available,Available,Available,Available,Available,Available,Available,Available,Available,Not Available, , ,Not Available,Not Available,Not Available,Not Available,Available,Available,0.0,51.0,85.0,0.0,121.0,76.0,33.0,33.0,2546.0,193.0,2616.0,0.0,55.0,0.0,0.0,2561.0,Manjeri,8.0,37610.05137117039,37610.05137117039,30406639.761821773,Administrative Boundary,Survey of India (SOI),Kerala,11.154196298663848,76.05737617265576
1353,1353,35802.0,Vettilappara,627443,Urangattiri,01,Areekode,29,Ernad,5641,Manjeri,Malappuram,562,Malappuram,KL,32, ,India,Rural,1973.0,8696.0,4.40750127,4798.0,4310.0,4386.0,Available,Not Available,Available,Available,Available,Available,Available,Available,Available,Available,Available,Available,Available,Available,Available,Not Available,Not Available,Available,Available,Not Available,Available,Available,Available,2057.0,555.0,0.0,0.0,0.0,202.0,0.0,0.0,1984.0,1619.0,364.0,0.0,40.0,81.0,0.0,243.0,Manjeri,26.0,37641.1482635582,37641.1482635582,47649265.46428874,Administrative Boundary,Survey of India (SOI),Kerala,11.287537521064623,76.10489078294387
1156,1156,35605.0,Nediyiruppu,627455,Nediyiruppu,11,Kondotty,30,Kondotty,5941,Manjeri,Malappuram,562,Malappuram,KL,32, ,India,Rural,5676.0,30462.0,5.36680761,2020.0,14859.0,15603.0,Not Available,Available,Available,Available,Available,Available,Available,Available,Available,Available,Available,Available,Available,Available,Not Available, , ,Not Available,Available,Not Available,Available,Available,Available,0.0,718.0,0.0,0.0,10.0,10.0,5.0,5.0,1261.0,10.0,1282.0,0.0,290.0,0.0,0.0,992.0,Manjeri,20.0,22797.264702382203,22797.264702382203,20139446.039839625,Administrative Boundary,Survey of India (SOI),Kerala,11.127440944188791,75.98678338281742
1283,1283,35732.0,Pulikkal,627445,Pulikkal,03,Kondotty,30,Kondotty,5941,Manjeri,Malappuram,562,Malappuram,KL,32, ,India,Rural,7611.0,40133.0,5.27302588,2814.0,19695.0,20438.0,Not Available,Available,Available,Available,Available,Available,Available,Available,Available,Available,Available,Available,Available,Available,Not Available, , ,Not Available,Not Available,Not Available,Not Available,Available,Available,0.0,586.0,0.0,0.0,0.0,0.0,0.0,0.0,2228.0,2148.0,80.0,32.0,48.0,0.0,0.0,0.0,Kozhikode,23.0,34767.78145728778,34767.78145728778,28065282.401875854,Administrative Boundary,Survey of India (SOI),Kerala,11.189707160543149,75.93720515221943
1289,1289,35738.0,Vazhakkad,627444,Vazhakkad,02,Kondotty,30,Kondotty,5941,Manjeri,Malappuram,562,Malappuram,KL,32, ,India,Rural,7435.0,35774.0,4.81156691,2389.0,17280.0,18494.0,Available,Available,Available,Available,Available,Available,Available,Available,Available,Available,Available,Available,Available,Available,Available,Available,Available,Available,Available,Available,Available,Available,Available,4.0,763.0,200.0,0.0,0.0,0.0,50.0,50.0,1303.0,1174.0,248.0,130.0,45.0,16.0,0.0,57.0,Kozhikode,25.0,26984.682780192485,26984.682780192485,24659366.777023666,Administrative Boundary,Survey of India (SOI),Kerala,11.240279901087945,75.95431339930435
948,948,35397.0,Athavanad,627521,Athavanad,08,Kuttippuram,37,Tirur,5644,Tirur,Malappuram,562,Malappuram,KL,32, ,India,Rural,3769.0,20480.0,5.43380207,1344.0,9612.0,10868.0,Not Available,Available,Not Available, , ,Available,Available,Available,Available,Available,Available,Available,Available,Available,Not Available, , ,Not Available,Available,Not Available,Not Available,Available,Available,0.0,300.0,0.0,0.0,0.0,3.0,21.0,21.0,1017.0,215.0,826.0,0.0,826.0,0.0,0.0,0.0,Tirur,16.0,18330.508341045548,18330.508341045548,12998654.57757358,Administrative Boundary,Survey of India (SOI),Kerala,10.901604112362898,76.02780458596192
1158,1158,35607.0,Edayoor,627520,Edayoor,07,Kuttippuram,37,Tirur,5644,Tirur,Malappuram,562,Malappuram,KL,32, ,India,Rural,6811.0,36498.0,5.35868448,3063.0,17763.0,18735.0,Not Available,Available,Available,Not Available,Not Available,Available,Available,Available,Available,Available,Available,Available,Available,Available,Available,Available,Available,Not Available,Available,Not Available,Not Available,Available,Available,0.0,959.0,0.0,0.0,0.0,261.0,0.0,0.0,1155.0,1155.0,688.0,0.0,620.0,68.0,0.0,0.0,Tirur,24.0,30124.83944771603,30124.83944771603,31144954.65331159,Administrative Boundary,Survey of India (SOI),Kerala,10.922729913967178,76.09172533945984
951,951,35400.0,Kurumbathur,627522,Athavanad,08,Kuttippuram,37,Tirur,5644,Tirur,Malappuram,562,Malappuram,KL,32, ,India,Rural,3804.0,20707.0,5.44348055,1333.0,9686.0,11021.0,Available,Available,Available,Available,Available,Available,Available,Available,Available,Available,Available,Available,Available,Available,Available,Not Available,Not Available,Available,Available,Not Available,Not Available,Not Available,Available,0.0,110.0,2.0,0.0,0.0,4.0,9.0,9.0,1205.0,897.0,320.0,10.0,269.0,1.0,0.0,40.0,Tirur,16.0,18334.771931264822,18334.771931264822,13255460.327819483,Administrative Boundary,Survey of India (SOI),Kerala,10.923193608900538,76.01038959502581
954,954,35403.0,Melmuri,627519,Marakkara,05,Kuttippuram,37,Tirur,5644,Tirur,Malappuram,562,Malappuram,KL,32, ,India,Rural,4249.0,22217.0,5.22875971,1676.0,10637.0,11580.0,Available,Available,Not Available, , ,Available,Available,Available,Available,Available,Available,Available,Available,Available,Not Available, , ,Not Available,Available,Not Available,Available,Not Available,Available,0.0,673.0,6.0,0.0,0.0,140.0,146.0,146.0,687.0,421.0,436.0,0.0,171.0,239.0,0.0,25.0,Tirur,16.0,22570.51353553192,22570.51353553192,17524686.565792996,Administrative Boundary,Survey of India (SOI),Kerala,10.947305736871797,76.05159344854046
1236,1236,35685.0,Pandalur,627461,Anakkayam,15,Malappuram,32,Ernad,5641,Manjeri,Malappuram,562,Malappuram,KL,32, ,India,Rural,3364.0,17375.0,5.16498216,2079.0,8287.0,9088.0,Available,Not Available,Available,Available,Available,Available,Available,Available,Available,Available,Available,Available,Available,Available,Available,Not Available,Not Available,Available,Available,Not Available,Available,Available,Available,0.0,1761.0,0.0,0.0,0.0,0.0,134.0,134.0,92.0,257.0,61.0,0.0,18.0,2.0,0.0,40.0,Manjeri,11.0,24441.142021900658,24441.142021900658,21274799.88728545,Administrative Boundary,Survey of India (SOI),Kerala,11.075073753838987,76.1777290502059
1160,1160,35609.0,Ponmala,627518,Ponmala,06,Malappuram,32,Tirur,5644,Tirur,Malappuram,562,Malappuram,KL,32, ,India,Rural,6237.0,33922.0,5.43883277,2164.0,16087.0,17835.0,Available,Not Available,Not Available, , ,Available,Available,Available,Available,Available,Available,Available,Available,Available,Available,Available,Available,Available,Available,Available,Not Available,Available,Available,0.0,82.0,0.0,0.0,0.0,0.0,0.0,0.0,2072.0,2004.0,78.0,78.0,0.0,0.0,0.0,0.0,Malappuram,12.0,29526.951499439325,29526.951499439325,22073392.164642096,Administrative Boundary,Survey of India (SOI),Kerala,10.99672656785438,76.05868599965274
1242,1242,35691.0,Kuruva,627495,Kuruva,06,Mankada,35,Perinthalmanna,5643,Perinthalmanna,Malappuram,562,Malappuram,KL,32, ,India,Rural,7233.0,38153.0,5.27485138,3102.0,18252.0,19901.0,Not Available,Available,Available,Available,Available,Available,Available,Available,Available,Available,Available,Available,Available,Available,Available,Not Available,Not Available,Available,Available,Not Available,Available,Available,Available,0.0,775.0,0.0,0.0,0.0,0.0,0.0,0.0,2327.0,2271.0,56.0,0.0,0.0,15.0,0.0,41.0,Malappuram,9.0,38662.47862343595,38662.47862343595,30959742.247281622,Administrative Boundary,Survey of India (SOI),Kerala,10.977608886855135,76.10384027443348
1255,1255,35704.0,Kuruvambalam,627507,Pulamanthole,13,Mankada,35,Perinthalmanna,5643,Perinthalmanna,Malappuram,562,Malappuram,KL,32, ,India,Rural,2077.0,10756.0,5.17862301,1028.0,4951.0,5805.0,Available,Not Available,Available,Available,Available,Available,Available,Available,Available,Available,Available,Available,Available,Available,Not Available, , ,Available,Available,Available,Not Available,Not Available,Available,0.0,233.0,0.0,0.0,0.0,0.0,0.0,0.0,795.0,779.0,16.0,0.0,0.0,0.0,0.0,16.0,Perinthalmanna,14.0,18075.77612718199,18075.77612718199,10306802.92843505,Administrative Boundary,Survey of India (SOI),Kerala,10.939190571636614,76.1624268362389
1240,1240,35689.0,Mankada,627493,Mankada,04,Mankada,35,Perinthalmanna,5643,Perinthalmanna,Malappuram,562,Malappuram,KL,32, ,India,Rural,6530.0,32748.0,5.01500766,3106.0,15599.0,17149.0,Available,Available,Available,Available,Available,Available,Available,Available,Available,Available,Available,Available,Available,Available,Available,Available,Available,Not Available,Available,Not Available,Available,Available,Available,120.0,300.0,0.0,0.0,0.0,100.0,0.0,0.0,2486.0,2547.0,39.0,0.0,19.0,1.0,0.0,19.0,Perinthalmanna,12.0,26815.497810950303,26815.497810950303,31876602.22203356,Administrative Boundary,Survey of India (SOI),Kerala,11.035179423205786,76.16997994618632
1256,1256,35705.0,Moorkkanad,627508,Moorkkanad,14,Mankada,35,Perinthalmanna,5643,Perinthalmanna,Malappuram,562,Malappuram,KL,32, ,India,Rural,6944.0,36324.0,5.23099078,3064.0,17165.0,19159.0,Not Available,Available,Not Available, , ,Available,Available,Available,Available,Available,Available,Available,Available,Available,Not Available, , ,Available,Available,Not Available,Not Available,Available,Available,0.0,90.0,0.0,0.0,0.0,200.0,556.0,556.0,1717.0,2065.0,709.0,0.0,607.0,0.0,0.0,101.0,Perinthalmanna,13.0,27214.15055486996,27214.15055486996,31449810.30956513,Administrative Boundary,Survey of India (SOI),Kerala,10.928168684178527,76.13754855925367
1253,1253,35702.0,Pulamanthole,627506,Pulamanthole,13,Mankada,35,Perinthalmanna,5643,Perinthalmanna,Malappuram,562,Malappuram,KL,32, ,India,Rural,5310.0,27029.0,5.09020716,2186.0,12604.0,14425.0,Available,Not Available,Not Available, , ,Available,Available,Available,Available,Available,Available,Available,Available,Available,Available,Available,Available,Available,Available,Not Available,Available,Available,Available,0.0,39.0,0.0,0.0,12.0,15.0,100.0,100.0,1995.0,1212.0,920.0,179.0,97.0,142.0,0.0,502.0,Perinthalmanna,10.0,21457.61955927734,21457.61955927734,21577459.399772204,Administrative Boundary,Survey of India (SOI),Kerala,10.92395717742831,76.19076319137663
1237,1237,35686.0,Puzhakkattiri,627496,Puzhakkattiri,07,Mankada,35,Perinthalmanna,5643,Perinthalmanna,Malappuram,562,Malappuram,KL,32, ,India,Rural,5883.0,29886.0,5.08006119,2272.0,14204.0,15682.0,Available,Not Available,Available,Available,Available,Available,Available,Available,Available,Available,Available,Available,Available,Available,Available,Available,Available,Available,Available,Not Available,Not Available,Available,Available,0.0,253.0,56.0,0.0,10.0,50.0,0.0,0.0,1899.0,1559.0,354.0,0.0,354.0,0.0,0.0,0.0,Perinthalmanna,9.0,29295.3441651028,29295.3441651028,23175732.184924748,Administrative Boundary,Survey of India (SOI),Kerala,10.98156146373937,76.14506174694372
1243,1243,35692.0,Vadakkangara,627494,Makkaraparamba,05,Mankada,35,Perinthalmanna,5643,Perinthalmanna,Malappuram,562,Malappuram,KL,32, ,India,Rural,3644.0,18702.0,5.13227223,1127.0,8920.0,9782.0,Available,Available,Available,Available,Available,Available,Available,Available,Available,Available,Available,Available,Available,Available,Available,Available,Available,Available,Available,Not Available,Not Available,Available,Available,0.0,130.0,0.0,0.0,0.0,0.0,0.0,0.0,997.0,967.0,30.0,0.0,0.0,0.0,0.0,30.0,Malappuram,5.0,15958.791949932776,15958.791949932776,10953678.692977607,Administrative Boundary,Survey of India (SOI),Kerala,11.018989124742372,76.13426771061964
1347,1347,35796.0,Akampadam,627471,Chaliyar,02,Nilambur,33,Nilambur,5642,Nilambur,Malappuram,562,Malappuram,KL,32, ,India,Rural,3731.0,16964.0,4.5467703,9198.0,8165.0,8799.0,Not Available,Not Available,Available,Available,Available,Available,Available,Available,Not Available, , ,Available,Available,Available,Not Available, , ,Available,Available,Not Available,Not Available,Available,Available,1811.0,3062.0,0.0,0.0,0.0,1243.0,0.0,0.0,3081.0,2225.0,856.0,0.0,10.0,7.0,0.0,839.0,Manjeri,26.0,61931.34733656654,61931.34733656654,93070625.3599762,Administrative Boundary,Survey of India (SOI),Kerala,11.347612393433783,76.16265214933141
1352,1352,35801.0,Amarambalam,627476,Amarambalam,08,Nilambur,33,Nilambur,5642,Nilambur,Malappuram,562,Malappuram,KL,32, ,India,Rural,7841.0,35975.0,4.58806275,14262.0,17355.0,18620.0,Available,Not Available,Available,Available,Available,Available,Available,Available,Available,Available,Available,Available,Available,Available,Available,Available,Available,Available,Available,Not Available,Available,Available,Available,0.0,202.0,10.0,0.0,0.0,4.0,4.0,4.0,14035.0,13840.0,206.0,0.0,0.0,0.0,0.0,206.0,Manjeri,37.0,60902.44787130108,60902.44787130108,78168024.0596648,Administrative Boundary,Survey of India (SOI),Kerala,11.2485721960366,76.35513236781121
1350,1350,35799.0,Chokkad,627482,Chekkode,13,Nilambur,33,Nilambur,5642,Nilambur,Malappuram,562,Malappuram,KL,32, ,India,Rural,3841.0,19510.0,5.0794064,5113.0,9153.0,10357.0,Not Available,Not Available,Available,Available,Available,Available,Available,Available,Not Available, , ,Available,Available,Available,Not Available, , ,Available,Not Available,Not Available,Not Available,Not Available,Available,809.0,95.0,0.0,0.0,0.0,0.0,2.0,1.0,4205.0,3854.0,354.0,39.0,45.0,145.0,0.0,125.0,Manjeri,30.0,49301.08758544064,49301.08758544064,61900319.58387203,Administrative Boundary,Survey of India (SOI),Kerala,11.21639806973376,76.35907319731639
1354,1354,35803.0,Chungathara,627473,"Chungathara,Pothukal","04,03",Nilambur,33,Nilambur,5642,Nilambur,Malappuram,562,Malappuram,KL,32, ,India,Rural,7897.0,35406.0,4.48347474,5026.0,16939.0,18467.0,Not Available,Available,Available,Available,Available,Available,Available,Available,Available,Available,Available,Available,Available,Available,Available,Available,Available,Available,Available,Not Available,Available,Available,Available,336.0,0.0,0.0,0.0,0.0,0.0,0.0,0.0,4690.0,1074.0,3615.0,288.0,224.0,60.0,0.0,3043.0,Manjeri,35.0,80905.5642624737,80905.5642624737,77639544.48275535,Administrative Boundary,Survey of India (SOI),Kerala,11.406705172461884,76.26070794081316
1348,1348,35797.0,Edakkara,627474,"Edakkara, Pothukal , Moothedam","06,03,05",Nilambur,33,Nilambur,5642,Nilambur,Malappuram,562,Malappuram,KL,32, ,India,Rural,13071.0,60573.0,4.63415194,8388.0,28744.0,31829.0,Available,Available,Available,Available,Available,Available,Available,Available,Available,Available,Available,Available,Available,Available,Not Available, , ,Available,Available,Not Available,Available,Available,Available,3173.0,0.0,4.0,0.0,0.0,0.0,119.0,119.0,5079.0,4057.0,1154.0,223.0,607.0,202.0,20.0,102.0,Manjeri,36.0,62751.435899887,62751.435899887,86698568.28968652,Administrative Boundary,Survey of India (SOI),Kerala,11.384573140304935,76.2974375253371
1339,1339,35788.0,Kalikavu,627483,"Kalikavu, Chekkode","14, 13",Nilambur,33,Nilambur,5642,Nilambur,Malappuram,562,Malappuram,KL,32, ,India,Rural,4435.0,22018.0,4.96459977,14182.0,10290.0,11728.0,Not Available,Not Available,Not Available, , ,Available,Available,Available,Available,Available,Available,Available,Available,Available,Not Available, , ,Available,Available,Not Available,Available,Not Available,Available,0.0,254.0,0.0,0.0,0.0,0.0,0.0,1850.0,12078.0,13700.0,229.0,229.0,0.0,0.0,0.0,0.0,Manjeri,32.0,28208.43031360095,28208.43031360095,33437619.339169733,Administrative Boundary,Survey of India (SOI),Kerala,11.17768598384336,76.34895556667306
1346,1346,35795.0,Karulai,627477,"Karulai,Moothedam","09,05",Nilambur,33,Nilambur,5642,Nilambur,Malappuram,562,Malappuram,KL,32, ,India,Rural,5537.0,25758.0,4.65197761,13253.0,12174.0,13584.0,Not Available,Available,Available,Available,Available,Available,Available,Available,Available,Available,Available,Available,Available,Available,Available,Not Available,Not Available,Available,Not Available,Not Available,Not Available,Not Available,Available,0.0,612.0,0.0,0.0,0.0,0.0,0.0,0.0,12641.0,12515.0,126.0,0.0,0.0,0.0,0.0,126.0,Manjeri,35.0,100877.34815871935,100877.34815871935,296003636.86389315,Administrative Boundary,Survey of India (SOI),Kerala,11.312352274958618,76.42736157776456
1356,1356,35805.0,Kurumbilangode,627472,"Chungathara, Chaliyar, Pothukal","04,02,03",Nilambur,33,Nilambur,5642,Nilambur,Malappuram,562,Malappuram,KL,32, ,India,Rural,4718.0,21803.0,4.62123781,16836.0,10579.0,11224.0,Not Available,Available,Not Available, , ,Available,Available,Available,Not Available, , ,Not Available, , ,Not Available, , ,Available,Available,Not Available,Not Available,Available,Available,13485.0,713.0,0.0,0.0,0.0,0.0,38.0,38.0,2358.0,2149.0,489.0,90.0,33.0,20.0,0.0,346.0,Manjeri,42.0,68962.08912924738,68962.08912924738,161133846.66595083,Administrative Boundary,Survey of India (SOI),Kerala,11.412738496227215,76.20096940831932
1355,1355,35804.0,Vazhikkadavu,627475,Vazhikkadavu,07,Nilambur,33,Nilambur,5642,Nilambur,Malappuram,562,Malappuram,KL,32, ,India,Rural,9972.0,47322.0,4.74548736,12837.0,22470.0,24852.0,Available,Available,Available,Available,Available,Available,Available,Available,Available,Available,Available,Available,Available,Available,Available,Not Available,Not Available,Available,Available,Not Available,Available,Available,Available,8695.0,85.0,0.0,0.0,0.0,0.0,0.0,0.0,4057.0,1916.0,2141.0,202.0,40.0,8.0,0.0,1890.0,Manjeri,40.0,58637.443541799184,58637.443541799184,136145996.880102,Administrative Boundary,Survey of India (SOI),Kerala,11.407043456431921,76.36498674504513
1340,1340,35789.0,Vellayur,627484,"Kalikavu, Chekkode","14, 13",Nilambur,33,Nilambur,5642,Nilambur,Malappuram,562,Malappuram,KL,32, ,India,Rural,5106.0,25906.0,5.07363886,2429.0,12240.0,13666.0,Available,Not Available,Available,Available,Available,Available,Available,Available,Available,Available,Available,Available,Available,Available,Not Available, , ,Available,Available,Not Available,Available,Available,Available,0.0,95.0,0.0,0.0,0.0,8.0,420.0,300.0,1605.0,2317.0,8.0,0.0,0.0,0.0,0.0,8.0,Manjeri,24.0,30515.487957280977,30515.487957280977,23589061.08992604,Administrative Boundary,Survey of India (SOI),Kerala,11.171574751998408,76.29230515382575
1259,1259,35708.0,Arakkuparamba,627501,Thazhekode,10,Perintalmanna,34,Perinthalmanna,5643,Perinthalmanna,Malappuram,562,Malappuram,KL,32, ,India,Rural,3401.0,18098.0,5.32137607,2099.0,8625.0,9473.0,Not Available,Not Available,Available,Available,Available,Available,Available,Available,Available,Available,Available,Available,Available,Available,Not Available, , ,Not Available,Available,Not Available,Not Available,Not Available,Available,40.0,104.0,43.0,0.0,0.0,22.0,55.0,55.0,1733.0,1789.0,101.0,0.0,61.0,40.0,0.0,0.0,Perinthalmanna,17.0,25587.045556981644,25587.045556981644,21626538.11597932,Administrative Boundary,Survey of India (SOI),Kerala,10.986123846305803,76.33073325716927
1251,1251,35700.0,Edappatta,627489,Edappatta,01,Perintalmanna,34,Perinthalmanna,5643,Perinthalmanna,Malappuram,562,Malappuram,KL,32, ,India,Rural,4532.0,22729.0,5.01522507,2586.0,10710.0,12019.0,Available,Not Available,Not Available, , ,Available,Available,Available,Not Available, , ,Available,Available,Available,Not Available, , ,Available,Available,Not Available,Not Available,Available,Available,0.0,480.0,0.0,0.0,0.0,449.0,307.0,307.0,830.0,1155.0,502.0,0.0,0.0,0.0,0.0,502.0,Perinthalmanna,19.0,35892.20485168738,35892.20485168738,25770571.517699603,Administrative Boundary,Survey of India (SOI),Kerala,11.073394431116858,76.30677874490073
1257,1257,35706.0,Kariavattom,627499,Vettathur,09,Perintalmanna,34,Perinthalmanna,5643,Perinthalmanna,Malappuram,562,Malappuram,KL,32, ,India,Rural,2875.0,15064.0,5.23965217,1893.0,7192.0,7872.0,Not Available,Not Available,Not Available, , ,Available,Available,Available,Not Available, , ,Available,Available,Available,Not Available, , ,Not Available,Available,Not Available,Not Available,Available,Available,201.0,51.0,31.0,0.0,0.0,0.0,0.0,0.0,1510.0,1322.0,288.0,33.0,167.0,89.0,0.0,0.0,Perinthalmanna,8.0,24288.807257917484,24288.807257917484,20855689.548945308,Administrative Boundary,Survey of India (SOI),Kerala,11.00745396713668,76.26059326032313
1241,1241,35690.0,Keezhattur,627491,Keezhattur,03,Perintalmanna,34,Perinthalmanna,5643,Perinthalmanna,Malappuram,562,Malappuram,KL,32, ,India,Rural,4042.0,20457.0,5.06110836,2024.0,9787.0,10670.0,Not Available,Available,Not Available, , ,Available,Available,Available,Available,Available,Available,Available,Available,Available,Not Available, , ,Available,Available,Not Available,Not Available,Available,Available,0.0,810.0,0.0,0.0,0.0,0.0,0.0,0.0,1214.0,53.0,1160.0,0.0,0.0,0.0,1079.0,81.0,Perinthalmanna,7.0,26670.36624165847,26670.36624165847,19250704.129766338,Administrative Boundary,Survey of India (SOI),Kerala,11.038389794449223,76.23580324823341
1249,1249,35698.0,Thazhekode,627502,Thazhekode,10,Perintalmanna,34,Perinthalmanna,5643,Perinthalmanna,Malappuram,562,Malappuram,KL,32, ,India,Rural,4550.0,23884.0,5.24923077,2403.0,11429.0,12455.0,Available,Available,Not Available, , ,Available,Available,Available,Available,Available,Available,Available,Available,Available,Available,Not Available,Available,Not Available,Available,Not Available,Available,Available,Available,0.0,744.0,0.0,0.0,0.0,4.0,4.0,4.0,1015.0,1546.0,110.0,1.0,97.0,12.0,0.0,0.0,Perinthalmanna,10.0,29134.55872334531,29134.55872334531,24184955.39271517,Administrative Boundary,Survey of India (SOI),Kerala,10.964628539816639,76.28785708354167
1239,1239,35688.0,Vettathur,627500,Vettathur,09,Perintalmanna,34,Perinthalmanna,5643,Perinthalmanna,Malappuram,562,Malappuram,KL,32, ,India,Rural,2473.0,13040.0,5.27294784,1673.0,6243.0,6797.0,Available,Available,Available,Available,Available,Available,Available,Available,Available,Available,Available,Available,Available,Available,Available,Not Available,Not Available,Not Available,Available,Not Available,Not Available,Available,Available,115.0,275.0,25.0,0.0,0.0,0.0,0.0,0.0,1138.0,1242.0,16.0,0.0,13.0,1.0,0.0,3.0,Perinthalmanna,15.0,20585.55435820993,20585.55435820993,17636763.11049935,Administrative Boundary,Survey of India (SOI),Kerala,11.007951337719048,76.30120434970121
942,942,35391.0,Nannamukku,627561,Nannamukku,05,Perumpadppa,42,Ponnani,5646,Ponnani,Malappuram,562,Malappuram,KL,32, ,India,Rural,6221.0,28989.0,4.65986176,1939.0,13040.0,15949.0,Available,Not Available,Available,Available,Available,Available,Available,Available,Available,Available,Available,Available,Available,Available,Not Available, , ,Not Available,Available,Not Available,Available,Available,Available,0.0,85.0,0.0,0.0,0.0,0.0,20.0,20.0,1834.0,0.0,1854.0,0.0,1854.0,0.0,0.0,0.0,Ponnani,17.0,20783.51444472166,20783.51444472166,17641616.148555435,Administrative Boundary,Survey of India (SOI),Kerala,10.721635200010505,76.01709758585515
941,941,35390.0,Perumpadappa,627560,Perumpadappa,04,Perumpadppa,42,Ponnani,5646,Ponnani,Malappuram,562,Malappuram,KL,32, ,India,Rural,5876.0,29766.0,5.06569095,1493.0,13553.0,16213.0,Available,Not Available,Available,Available,Available,Available,Available,Available,Available,Available,Available,Available,Available,Available,Not Available, , ,Available,Available,Not Available,Not Available,Available,Available,0.0,79.0,0.0,0.0,0.0,0.0,44.0,44.0,1370.0,0.0,1414.0,60.0,1144.0,201.0,0.0,9.0,Ponnani,17.0,27877.7148646488,27877.7148646488,14889828.711138166,Administrative Boundary,Survey of India (SOI),Kerala,10.700325677331898,75.98308340877229
937,937,35386.0,Veliyankode,627559,Veliyankode,03,Perumpadppa,42,Ponnani,5646,Ponnani,Malappuram,562,Malappuram,KL,32, ,India,Rural,6211.0,32554.0,5.241346,1521.0,15054.0,17500.0,Available,Available,Available,Available,Available,Available,Available,Available,Available,Available,Available,Available,Available,Available,Not Available, , ,Available,Available,Not Available,Not Available,Available,Available,0.0,187.0,16.0,0.0,0.0,25.0,24.0,24.0,1232.0,570.0,722.0,0.0,205.0,10.0,0.0,507.0,Ponnani,15.0,27586.757621850997,27586.757621850997,17899879.337194208,Administrative Boundary,Survey of India (SOI),Kerala,10.724010504708238,75.9628105091578
939,939,35388.0,Tavanur,627557,Tavanur,01,Ponnani,41,Ponnani,5646,Ponnani,Malappuram,562,Malappuram,KL,32, ,India,Rural,6924.0,34500.0,4.98266898,2528.0,16288.0,18212.0,Available,Not Available,Available,Available,Available,Available,Available,Available,Available,Available,Available,Available,Available,Available,Not Available, , ,Available,Available,Available,Not Available,Not Available,Available,0.0,567.0,0.0,0.0,0.0,0.0,0.0,0.0,1961.0,1497.0,464.0,464.0,0.0,0.0,0.0,0.0,Ponnani,12.0,27215.89831061474,27215.89831061474,27084246.63270356,Administrative Boundary,Survey of India (SOI),Kerala,10.840397647107245,75.99491588140147
938,938,35387.0,Vattamkulam,627558,Vattamkulam,02,Ponnani,41,Ponnani,5646,Ponnani,Malappuram,562,Malappuram,KL,32, ,India,Rural,7454.0,36147.0,4.84934263,2073.0,17233.0,18914.0,Available,Available,Available,Available,Available,Available,Available,Available,Available,Available,Available,Available,Available,Available,Not Available, , ,Not Available,Available,Not Available,Available,Available,Available,0.0,40.0,0.0,0.0,0.0,0.0,0.0,0.0,2033.0,1525.0,508.0,0.0,508.0,0.0,0.0,0.0,Ponnani,14.0,31067.673846238693,31067.673846238693,21615313.71827982,Administrative Boundary,Survey of India (SOI),Kerala,10.789467870174246,76.02377005485167
1164,1164,35613.0,Niramaruthur,627514,Niramaruthur,02,Tanur,36,Tirur,5644,Tirur,Malappuram,562,Malappuram,KL,32, ,India,Rural,5259.0,29846.0,5.67522343,1003.0,14198.0,15648.0,Available,Available,Not Available, , ,Available,Available,Available,Not Available, , ,Not Available, , ,Not Available, , ,Available,Available,Not Available,Not Available,Not Available,Available,0.0,263.0,0.0,0.0,0.0,0.0,0.0,0.0,740.0,230.0,510.0,0.0,410.0,0.0,0.0,100.0,Tirur,4.0,14271.490727455306,14271.490727455306,9720245.193370096,Administrative Boundary,Survey of India (SOI),Kerala,10.925412473078076,75.89391484256869
947,947,35396.0,Ozhur,627513,Ozhur,01,Tanur,36,Tirur,5644,Tirur,Malappuram,562,Malappuram,KL,32, ,India,Rural,6277.0,34016.0,5.41914928,1592.0,15807.0,18209.0,Available,Not Available,Not Available, , ,Available,Available,Available,Available,Available,Available,Available,Available,Available,Available,Available,Available,Available,Available,Not Available,Not Available,Available,Available,0.0,130.0,10.0,0.0,0.0,0.0,10.0,10.0,1432.0,994.0,458.0,0.0,456.0,2.0,0.0,0.0,Tirur,9.0,20917.227168472007,20917.227168472007,15684987.772357816,Administrative Boundary,Survey of India (SOI),Kerala,10.975052920572384,75.92078097770711
949,949,35398.0,Parappanangadi,627540,"Parappanangadi,Tanur","02,56",Tanur,36,Tirurangadi,5645,Tirurangadi,Malappuram,562,Malappuram,KL,32, ,India,Rural,6027.0,35243.0,5.8475195,744.0,17035.0,18208.0,Available,Available,Available,Available,Available,Available,Available,Available,Available,Available,Available,Available,Available,Available,Not Available, , ,Available,Available,Not Available,Available,Available,Available,0.0,18.0,26.0,0.0,0.0,0.0,1.0,1.0,699.0,211.0,489.0,0.0,476.0,14.0,0.0,0.0,Thirurangadi,20.0,18138.23109639203,18138.23109639203,7195650.542737704,Administrative Boundary,Survey of India (SOI),Kerala,11.046682960663338,75.85461202442097
1162,1162,35611.0,Tanur,627512,Tanur,56,Tanur,36,Tirur,5644,Tirur,Malappuram,562,Malappuram,KL,32, ,India,Rural,7261.0,44973.0,6.19377496,960.0,21452.0,23521.0,Available,Available,Available,Available,Available,Available,Available,Available,Available,Available,Available,Available,Available,Available,Not Available, , ,Available,Available,Not Available,Available,Available,Available,0.0,74.0,5.0,0.0,0.0,3.0,162.0,162.0,655.0,543.0,335.0,42.0,142.0,62.0,0.0,89.0,Tirur,8.0,20384.303227261888,20384.303227261888,9713887.135282423,Administrative Boundary,Survey of India (SOI),Kerala,10.97694881183104,75.8763604542976
952,952,35401.0,Valavannur,627515,Valavannur,03,Tanur,36,Tirur,5644,Tirur,Malappuram,562,Malappuram,KL,32, ,India,Rural,6151.0,33159.0,5.39083076,1528.0,15255.0,17904.0,Not Available,Not Available,Not Available, , ,Available,Available,Available,Available,Available,Available,Available,Available,Available,Not Available, , ,Not Available,Available,Not Available,Not Available,Available,Available,0.0,526.0,0.0,0.0,0.0,0.0,174.0,174.0,827.0,755.0,247.0,0.0,247.0,0.0,0.0,0.0,Tirur,10.0,25589.472767653107,25589.472767653107,15317447.123339662,Administrative Boundary,Survey of India (SOI),Kerala,10.923558487897864,75.97174145023264
933,933,35382.0,Ananthavoor,627523,Thirunavaya,09,Tirur,38,Tirur,5644,Tirur,Malappuram,562,Malappuram,KL,32, ,India,Rural,3868.0,21058.0,5.44415719,857.0,9714.0,11344.0,Not Available,Available,Not Available, , ,Available,Available,Available,Available,Available,Available,Available,Available,Available,Available,Not Available,Not Available,Available,Available,Not Available,Not Available,Available,Available,0.0,17.0,1.0,0.0,0.0,0.0,0.0,0.0,834.0,809.0,30.0,0.0,30.0,0.0,0.0,0.0,Tirur,13.0,17500.757550675014,17500.757550675014,8533372.657220906,Administrative Boundary,Survey of India (SOI),Kerala,10.895555601832447,75.99281461808923
940,940,35389.0,Mangalam,627526,Mangalam,12,Tirur,38,Tirur,5644,Tirur,Malappuram,562,Malappuram,KL,32, ,India,Rural,5664.0,33442.0,5.90430791,1212.0,15754.0,17688.0,Available,Not Available,Available,Available,Available,Available,Available,Available,Available,Available,Available,Available,Available,Available,Not Available, , ,Available,Available,Available,Available,Available,Available,0.0,466.0,0.0,0.0,0.0,0.0,81.0,81.0,664.0,81.0,665.0,60.0,350.0,254.0,0.0,0.0,Tirur,10.0,23390.52858747227,23390.52858747227,12311484.471486948,Administrative Boundary,Survey of India (SOI),Kerala,10.846450656235783,75.9172963033793
934,934,35383.0,Purathur,627525,Purathur,11,Tirur,38,Tirur,5644,Tirur,Malappuram,562,Malappuram,KL,32, ,India,Rural,5787.0,31915.0,5.5149473,1915.0,15062.0,16853.0,Available,Not Available,Available,Available,Available,Available,Available,Available,Not Available, , ,Available,Available,Available,Not Available, , ,Available,Not Available,Not Available,Available,Not Available,Available,0.0,785.0,0.0,0.0,0.0,0.0,0.0,0.0,1130.0,0.0,1130.0,81.0,31.0,6.0,0.0,1011.0,Tirur,12.0,20909.79103318703,20909.79103318703,20754002.80466048,Administrative Boundary,Survey of India (SOI),Kerala,10.81243193008909,75.92383849641325
935,935,35384.0,Vettom,627524,Vettom,10,Tirur,38,Tirur,5644,Tirur,Malappuram,562,Malappuram,KL,32, ,India,Rural,6577.0,37456.0,5.69499772,1513.0,17401.0,20055.0,Available,Available,Available,Available,Available,Available,Available,Available,Available,Available,Available,Available,Available,Available,Available,Available,Available,Available,Available,Not Available,Available,Available,Available,0.0,268.0,0.0,0.0,0.0,46.0,0.0,0.0,1198.0,1112.0,87.0,0.0,85.0,2.0,0.0,0.0,Tirur,9.0,22912.28607229438,22912.28607229438,15967577.965481948,Administrative Boundary,Survey of India (SOI),Kerala,10.883569107333471,75.90320432240176
1155,1155,35604.0,Vallikkunnu,627539,Vallikkunnu,01,Tirurangadi,39,Tirurangadi,5645,Tirurangadi,Malappuram,562,Malappuram,KL,32, ,India,Rural,5161.0,25448.0,4.93082736,1345.0,12019.0,13429.0,Available,Not Available,Available,Available,Available,Available,Available,Available,Available,Available,Available,Available,Available,Available,Available,Available,Available,Available,Available,Available,Available,Not Available,Available,0.0,837.0,0.0,0.0,0.0,141.0,0.0,0.0,196.0,176.0,191.0,0.0,73.0,20.0,0.0,98.0,Thirurangadi,14.0,15543.809429803086,15543.809429803086,12250846.48782301,Administrative Boundary,Survey of India (SOI),Kerala,11.124292624649458,75.8479026327112
1246,1246,35695.0,Chembrasseri,627463,Pandikkad,16,Wandoor,31,Ernad,5641,Manjeri,Malappuram,562,Malappuram,KL,32, ,India,Rural,2876.0,14474.0,5.03268428,1689.0,6828.0,7646.0,Available,Available,Available,Available,Available,Available,Available,Available,Not Available, , ,Available,Available,Available,Available,Not Available,Not Available,Available,Available,Not Available,Not Available,Available,Available,0.0,1621.0,0.0,0.0,0.0,0.0,6.0,6.0,62.0,0.0,68.0,19.0,0.0,0.0,49.0,0.0,Manjeri,18.0,20167.66645192811,20167.66645192811,17227297.374632616,Administrative Boundary,Survey of India (SOI),Kerala,11.132986099994973,76.25575569723706
1349,1349,35798.0,Edavanna,627450,Edavanna,06,Wandoor,31,Ernad,5641,Manjeri,Malappuram,562,Malappuram,KL,32, ,India,Rural,5271.0,26432.0,5.01460823,2754.0,12765.0,13667.0,Available,Available,Available,Available,Available,Available,Available,Available,Available,Available,Available,Available,Available,Available,Available,Available,Available,Available,Available,Available,Available,Available,Available,0.0,382.0,0.0,0.0,0.0,0.0,250.0,250.0,2122.0,327.0,2045.0,0.0,1583.0,87.0,300.0,75.0,Manjeri,11.0,30263.40583565794,30263.40583565794,28057435.04240344,Administrative Boundary,Survey of India (SOI),Kerala,11.214552375333392,76.14506881424619
1337,1337,35786.0,Elankur,627460,Trikkalangode,07,Wandoor,31,Ernad,5641,Manjeri,Malappuram,562,Malappuram,KL,32, ,India,Rural,4069.0,20453.0,5.02654215,3018.0,9706.0,10747.0,Not Available,Available,Available,Available,Available,Available,Available,Available,Available,Available,Available,Available,Available,Available,Not Available, , ,Available,Available,Not Available,Not Available,Available,Available,0.0,1223.0,0.0,0.0,28.0,12.0,0.0,0.0,1755.0,1702.0,81.0,0.0,0.0,81.0,0.0,0.0,Manjeri,12.0,30336.19579624742,30336.19579624742,30868553.512592312,Administrative Boundary,Survey of India (SOI),Kerala,11.155035973593844,76.1747906360738
1338,1338,35787.0,Karakunnu,627451,Trikkalangode,07,Wandoor,31,Ernad,5641,Manjeri,Malappuram,562,Malappuram,KL,32, ,India,Rural,3275.0,16525.0,5.04580153,1512.0,8049.0,8476.0,Available,Not Available,Not Available, , ,Available,Available,Available,Available,Available,Available,Available,Available,Available,Not Available, , ,Not Available,Available,Not Available,Not Available,Available,Available,0.0,197.0,63.0,0.0,45.0,0.0,0.0,0.0,981.0,381.0,871.0,0.0,470.0,0.0,0.0,401.0,Manjeri,7.0,25070.87105596109,25070.87105596109,15382451.334226072,Administrative Boundary,Survey of India (SOI),Kerala,11.176250976783319,76.12293817831376
1232,1232,35681.0,Pandikkad,627464,Pandikkad,16,Wandoor,31,Ernad,5641,Manjeri,Malappuram,562,Malappuram,KL,32, ,India,Rural,3578.0,18406.0,5.14421465,1737.0,8729.0,9677.0,Available,Not Available,Available,Available,Available,Available,Available,Available,Available,Available,Available,Available,Available,Available,Not Available, , ,Available,Available,Not Available,Available,Available,Available,0.0,169.0,0.0,0.0,76.0,0.0,466.0,466.0,913.0,47.0,1521.0,36.0,109.0,0.0,1215.0,161.0,Manjeri,13.0,24091.608863208392,24091.608863208392,18935220.685470253,Administrative Boundary,Survey of India (SOI),Kerala,11.102188055597999,76.25025225001399
1342,1342,35791.0,Perakamanna,627449,Edavanna,06,Wandoor,31,Ernad,5641,Manjeri,Malappuram,562,Malappuram,KL,32, ,India,Rural,3777.0,19696.0,5.21472068,2362.0,9631.0,10065.0,Available,Available,Not Available, , ,Available,Available,Available,Available,Available,Available,Available,Available,Available,Available,Not Available,Not Available,Available,Available,Not Available,Not Available,Available,Available,0.0,1076.0,0.0,0.0,0.0,0.0,0.0,0.0,1286.0,253.0,1033.0,0.0,810.0,0.0,202.0,20.0,Manjeri,16.0,34788.40021388947,34788.40021388947,24504975.52349289,Administrative Boundary,Survey of India (SOI),Kerala,11.225918827008938,76.11538697079291
1345,1345,35794.0,Pullipadam,627470,"Mambad,Chaliyar","01,02",Wandoor,31,Nilambur,5642,Nilambur,Malappuram,562,Malappuram,KL,32, ,India,Rural,2315.0,11095.0,4.79265659,6789.0,5434.0,5661.0,Available,Available,Available,Available,Available,Available,Available,Available,Available,Available,Available,Available,Available,Available,Available,Not Available,Not Available,Available,Available,Not Available,Available,Available,Available,3115.0,1800.0,50.0,0.0,0.0,60.0,0.0,0.0,1764.0,1713.0,51.0,0.0,36.0,0.0,0.0,16.0,Manjeri,16.0,44639.54696555815,44639.54696555815,66243728.833494574,Administrative Boundary,Survey of India (SOI),Kerala,11.287669407907403,76.16645304065865
1335,1335,35784.0,Thiruvali,627479,Thiruvali,10,Wandoor,31,Nilambur,5642,Nilambur,Malappuram,562,Malappuram,KL,32, ,India,Rural,6086.0,27734.0,4.5570161,3386.0,13278.0,14456.0,Available,Not Available,Available,Available,Available,Available,Available,Available,Available,Available,Available,Available,Available,Available,Available,Not Available,Not Available,Available,Available,Available,Not Available,Available,Available,0.0,2657.0,0.0,0.0,0.0,0.0,16.0,0.0,713.0,691.0,37.0,20.0,0.0,18.0,0.0,0.0,Manjeri,14.0,39509.8331749934,39509.8331749934,32821600.34719417,Administrative Boundary,Survey of India (SOI),Kerala,11.200132072139482,76.19544708426953
1247,1247,35696.0,Thuvvur,627485,Thuvvur,15,Wandoor,31,Nilambur,5642,Nilambur,Malappuram,562,Malappuram,KL,32, ,India,Rural,5907.0,29991.0,5.07719655,3157.0,14237.0,15754.0,Available,Available,Available,Available,Available,Available,Available,Available,Available,Available,Available,Available,Available,Available,Available,Available,Available,Available,Available,Not Available,Available,Not Available,Available,0.0,386.0,0.0,0.0,0.0,40.0,0.0,0.0,2731.0,2630.0,101.0,0.0,40.0,40.0,0.0,20.0,Manjeri,22.0,33315.75153728991,33315.75153728991,31354195.470237847,Administrative Boundary,Survey of India (SOI),Kerala,11.128256899858018,76.30253535009521
1343,1343,35792.0,Trikkalangode,627459,Trikkalangode,07,Wandoor,31,Ernad,5641,Manjeri,Malappuram,562,Malappuram,KL,32, ,India,Rural,3071.0,15112.0,4.92087268,1483.0,7385.0,7727.0,Available,Not Available,Available,Available,Available,Available,Available,Available,Available,Available,Available,Available,Available,Available,Not Available, , ,Not Available,Available,Not Available,Available,Available,Available,0.0,14.0,0.0,0.0,0.0,0.0,0.0,0.0,1469.0,1275.0,194.0,75.0,65.0,19.0,0.0,35.0,Manjeri,4.0,25898.566418035392,25898.566418035392,15669585.396481266,Administrative Boundary,Survey of India (SOI),Kerala,11.150953348945809,76.12580815101245
1245,1245,35694.0,Vettikkattiri,627462,Pandikkad,16,Wandoor,31,Ernad,5641,Manjeri,Malappuram,562,Malappuram,KL,32, ,India,Rural,4336.0,22333.0,5.15059963,2301.0,10742.0,11591.0,Available,Not Available,Available,Available,Available,Available,Available,Available,Available,Available,Available,Available,Available,Available,Available,Available,Available,Available,Available,Not Available,Not Available,Not Available,Available,0.0,1897.0,0.0,0.0,0.0,0.0,0.0,0.0,404.0,306.0,98.0,0.0,0.0,1.0,61.0,36.0,Manjeri,12.0,27767.125262127745,27767.125262127745,23279608.355793294,Administrative Boundary,Survey of India (SOI),Kerala,11.11091021084692,76.21024644261992
1336,1336,35785.0,Wandoor,627481,"Wandoor, Mambad","12, 01",Wandoor,31,Nilambur,5642,Nilambur,Malappuram,562,Malappuram,KL,32, ,India,Rural,10663.0,50973.0,4.780362,4732.0,24516.0,26457.0,Available,Available,Not Available, , ,Available,Available,Available,Available,Available,Available,Available,Available,Available,Not Available, , ,Available,Available,Not Available,Not Available,Available,Available,0.0,466.0,2.0,0.0,0.0,10.0,0.0,178.0,4075.0,3265.0,989.0,0.0,946.0,43.0,0.0,0.0,Manjeri,20.0,38187.26681099082,38187.26681099082,32889495.180066127,Administrative Boundary,Survey of India (SOI),Kerala,11.205360705969127,76.25668823771679
793,793,35242.0,Kannambra I,627704,"Kannambra, Vadakkancheri, Puducode","13, 11, 12",Alathur,55,Alathur,5651,Alathur,Palakkad,563,Palakkad,KL,32, ,India,Rural,3407.0,14303.0,4.19812151,2293.0,6984.0,7319.0,Available,Available,Not Available, , ,Available,Available,Available,Available,Available,Available,Available,Available,Available,Not Available, , ,Available,Available,Not Available,Not Available,Available,Available,47.0,320.0,0.0,0.0,0.0,1307.0,213.0,213.0,186.0,366.0,253.0,101.0,0.0,34.0,0.0,118.0,Palakkad,40.0,31363.788942480824,31363.788942480824,24181582.46606856,Administrative Boundary,Survey of India (SOI),Kerala,10.596364065411471,76.43213442283957
801,801,35250.0,Kannambra Ii,627705,Kannambra,13,Alathur,55,Alathur,5651,Alathur,Palakkad,563,Palakkad,KL,32, ,India,Rural,2591.0,10768.0,4.15592435,679.0,5197.0,5571.0,Available,Not Available,Available,Available,Available,Available,Available,Available,Available,Available,Available,Available,Available,Available,Not Available, , ,Available,Available,Not Available,Not Available,Available,Available,5.0,0.0,0.0,0.0,0.0,0.0,0.0,0.0,674.0,342.0,332.0,332.0,0.0,0.0,0.0,0.0,Palakkad,40.0,16523.924697069146,16523.924697069146,7927816.345262324,Administrative Boundary,Survey of India (SOI),Kerala,10.620652567608218,76.47412223763709
802,802,35251.0,Kizhakkencheri Ii,627711,Kizhakkenchery,15,Alathur,55,Alathur,5651,Alathur,Palakkad,563,Palakkad,KL,32, ,India,Rural,4188.0,17584.0,4.19866285,5644.0,8661.0,8923.0,Available,Available,Available,Available,Available,Available,Available,Available,Available,Available,Available,Available,Available,Available,Not Available, , ,Available,Available,Not Available,Not Available,Available,Available,2033.0,0.0,0.0,0.0,0.0,0.0,0.0,0.0,3611.0,2488.0,1123.0,936.0,137.0,22.0,0.0,28.0,Palakkad,41.0,53945.73277637957,53945.73277637957,65554179.02760683,Administrative Boundary,Survey of India (SOI),Kerala,10.501941862332703,76.52532340944896
921,921,35370.0,Mangalam Dam,627710,Vandazhi,14,Alathur,55,Alathur,5651,Alathur,Palakkad,563,Palakkad,KL,32, ,India,Rural,1441.0,6012.0,4.17210271,3000.0,2985.0,3027.0,Not Available,Available,Available,Available,Available,Available,Available,Available,Available,Available,Available,Available,Available,Available,Not Available, , ,Available,Available,Not Available,Not Available,Not Available,Available,1364.0,40.0,0.0,0.0,0.0,0.0,0.0,0.0,1596.0,1524.0,72.0,72.0,0.0,0.0,0.0,0.0,Palakkad,42.0,31384.43108140141,31384.43108140141,30002098.896133,Administrative Boundary,Survey of India (SOI),Kerala,10.49121536076009,76.56562264829057
1204,1204,35653.0,Tarur I,627696,Tarur,08,Alathur,55,Alathur,5651,Alathur,Palakkad,563,Palakkad,KL,32, ,India,Rural,3096.0,12617.0,4.0752584,1382.0,6031.0,6586.0,Available,Available,Available,Available,Available,Available,Available,Available,Available,Available,Available,Available,Available,Available,Not Available, , ,Available,Available,Not Available,Available,Available,Available,123.0,189.0,0.0,0.0,57.0,58.0,0.0,0.0,955.0,508.0,504.0,488.0,0.0,16.0,0.0,0.0,Palakkad,34.0,21727.12441001069,21727.12441001069,13741775.256582553,Administrative Boundary,Survey of India (SOI),Kerala,10.686866394619665,76.46592459904325
797,797,35246.0,Vadakkancheri I,627706,Vadakkancheri,11,Alathur,55,Alathur,5651,Alathur,Palakkad,563,Palakkad,KL,32, ,India,Rural,4876.0,20973.0,4.30127153,2113.0,10189.0,10784.0,Available,Available,Available,Available,Available,Available,Available,Available,Available,Available,Available,Available,Available,Available,Available,Available,Available,Available,Available,Not Available,Available,Available,Available,0.0,18.0,70.0,0.0,30.0,0.0,0.0,0.0,600.0,1713.0,312.0,289.0,0.0,23.0,0.0,0.0,Palakkad,32.0,28167.637260159558,28167.637260159558,21890107.885969408,Administrative Boundary,Survey of India (SOI),Kerala,10.584908825893175,76.46452463896016
804,804,35253.0,Vadakkancheri Ii,627707,"Vadakkancheri, Kannambra","11, 13",Alathur,55,Alathur,5651,Alathur,Palakkad,563,Palakkad,KL,32, ,India,Rural,3502.0,14918.0,4.25985151,1675.0,7160.0,7758.0,Not Available,Available,Available,Available,Available,Available,Available,Available,Available,Available,Available,Available,Available,Available,Not Available, , ,Available,Available,Not Available,Available,Available,Available,158.0,258.0,9.0,0.0,0.0,0.0,0.0,0.0,1250.0,823.0,427.0,422.0,0.0,5.0,0.0,0.0,Palakkad,33.0,26591.03588765993,26591.03588765993,15707787.504276527,Administrative Boundary,Survey of India (SOI),Kerala,10.613049443521655,76.49857971728065
796,796,35245.0,Vandazhi Ii,627708,Vandazhi,14,Alathur,55,Alathur,5651,Alathur,Palakkad,563,Palakkad,KL,32, ,India,Rural,3050.0,12789.0,4.19311475,1881.0,6278.0,6511.0,Available,Available,Available,Available,Available,Available,Available,Available,Available,Available,Available,Available,Available,Available,Available,Available,Available,Available,Available,Available,Not Available,Available,Available,18.0,86.0,0.0,0.0,0.0,0.0,0.0,0.0,932.0,1383.0,394.0,394.0,0.0,0.0,0.0,0.0,Palakkad,35.0,16541.5575926983,16541.5575926983,11069338.717807945,Administrative Boundary,Survey of India (SOI),Kerala,10.594625151345292,76.52255702055362
1403,1403,35852.0,Agali,627611,Agali,05,Attappady,49,Mannarkad,5648,Mannarkad,Palakkad,563,Palakkad,KL,32, ,India,Rural,5783.0,22327.0,3.86079889,7600.0,11239.0,11088.0,Available,Not Available,Available,Available,Available,Available,Available,Available,Available,Available,Available,Available,Available,Available,Available,Available,Available,Available,Available,Available,Available,Available,Available,3000.0,200.0,0.0,0.0,0.0,590.0,620.0,620.0,2610.0,551.0,3259.0,0.0,0.0,0.0,0.0,3259.0,Coimbatore,45.0,57264.55140856586,57264.55140856586,87640919.36208108,Administrative Boundary,Survey of India (SOI),Kerala,11.0917511874585,76.62864274767345
1401,1401,35850.0,Kallamala,627614,Agali,05,Attappady,49,Mannarkad,5648,Mannarkad,Palakkad,563,Palakkad,KL,32, ,India,Rural,2912.0,12614.0,4.33173077,7700.0,6154.0,6460.0,Available,Not Available,Available,Not Available,Not Available,Available,Not Available,Available,Available,Available,Available,Available,Available,Available,Not Available, , ,Available,Available,Not Available,Not Available,Available,Available,3000.0,1370.0,0.0,0.0,0.0,48.0,15.0,15.0,3228.0,152.0,3130.0,1350.0,0.0,0.0,0.0,1780.0,Palakkad,59.0,52970.09756711036,52970.09756711036,56330531.78543855,Administrative Boundary,Survey of India (SOI),Kerala,11.05343572834438,76.55511336367637
1402,1402,35851.0,Kottathara,627612,Sholayar,06,Attappady,49,Mannarkad,5648,Mannarkad,Palakkad,563,Palakkad,KL,32, ,India,Rural,2790.0,10195.0,3.65412186,7220.0,5072.0,5123.0,Available,Available,Available,Available,Available,Available,Available,Available,Available,Available,Available,Available,Available,Available,Available,Available,Available,Available,Not Available,Not Available,Not Available,Available,Available,3490.0,143.0,0.0,0.0,0.0,0.0,0.0,0.0,3588.0,3215.0,372.0,0.0,168.0,10.0,0.0,194.0,Coimbatore,41.0,37658.36650702178,37658.36650702178,41506199.759105004,Administrative Boundary,Survey of India (SOI),Kerala,11.121302500823436,76.70670773798179
1278,1278,35727.0,Padavayal,627609,Pudur,04,Attappady,49,Mannarkad,5648,Mannarkad,Palakkad,563,Palakkad,KL,32, ,India,Rural,1719.0,6144.0,3.57417103,32026.0,3053.0,3091.0,Not Available,Available,Available,Available,Available,Available,Available,Available,Available,Not Available,Not Available,Not Available, , ,Available,Available,Available,Available,Available,Not Available,Not Available,Not Available,Available,25452.0,0.0,0.0,0.0,0.0,680.0,600.0,600.0,4604.0,1219.0,4675.0,0.0,0.0,0.0,0.0,4675.0,Palakkad,70.0,99524.67059601317,99524.67059601317,254620536.65899372,Administrative Boundary,Survey of India (SOI),Kerala,11.135977562646211,76.48929957937368
1406,1406,35855.0,Pudur,627610,Pudur,04,Attappady,49,Mannarkad,5648,Mannarkad,Palakkad,563,Palakkad,KL,32, ,India,Rural,1776.0,6026.0,3.39301802,9320.0,3010.0,3016.0,Available,Available,Available,Available,Available,Available,Available,Available,Available,Available,Available,Available,Available,Available,Available,Available,Available,Available,Available,Available,Not Available,Available,Available,7426.0,0.0,0.0,0.0,0.0,0.0,0.0,0.0,1894.0,1694.0,200.0,0.0,0.0,0.0,0.0,200.0,Coimbatore,48.0,57250.36570012214,57250.36570012214,127286791.12914585,Administrative Boundary,Survey of India (SOI),Kerala,11.176566601312977,76.64318201484753
1404,1404,35853.0,Sholayur,627613,Sholayar,06,Attappady,49,Mannarkad,5648,Mannarkad,Palakkad,563,Palakkad,KL,32, ,India,Rural,1885.0,7012.0,3.7198939,9596.0,3507.0,3505.0,Available,Available,Available,Available,Available,Available,Available,Available,Available,Available,Available,Available,Available,Available,Not Available, , ,Available,Available,Not Available,Not Available,Available,Available,7187.0,0.0,0.0,0.0,0.0,0.0,0.0,0.0,2409.0,2259.0,150.0,0.0,0.0,0.0,0.0,150.0,Coimbatore,43.0,63537.19080266125,63537.19080266125,95178200.7081342,Administrative Boundary,Survey of India (SOI),Kerala,11.05962681763506,76.70070203961187
1389,1389,35838.0,Chittur Part,627656,Nalleppilly,03,Chittur,53,Chittur,5650,Chittur,Palakkad,563,Palakkad,KL,32, ,India,Rural,1269.0,5244.0,4.13238771,765.0,2540.0,2704.0,Available,Not Available,Not Available, , ,Available,Available,Available,Available,Not Available,Not Available,Available,Available,Available,Not Available, , ,Available,Available,Not Available,Available,Available,Available,0.0,55.0,100.0,0.0,120.0,0.0,80.0,80.0,310.0,54.0,556.0,556.0,0.0,0.0,0.0,0.0,Chittur,9.0,12524.598760909174,12524.598760909174,5619835.4616035735,Administrative Boundary,Survey of India (SOI),Kerala,10.698548866398744,76.76503567689367
1400,1400,35849.0,Eruthempathy,627662,Eruthempathy,06,Chittur,53,Chittur,5650,Chittur,Palakkad,563,Palakkad,KL,32, ,India,Rural,2542.0,9469.0,3.72501967,1986.0,4701.0,4768.0,Available,Available,Available,Not Available,Not Available,Available,Available,Available,Available,Available,Available,Available,Available,Available,Not Available, , ,Available,Available,Available,Available,Available,Available,0.0,760.0,45.0,0.0,54.0,75.0,0.0,0.0,1052.0,945.0,161.0,61.0,100.0,0.0,0.0,0.0,Chittur,15.0,25211.411840455617,25211.411840455617,21391500.342577465,Administrative Boundary,Survey of India (SOI),Kerala,10.74524175335146,76.8743294469178
1391,1391,35840.0,Kozhinjampara,627659,Kozhinjampara,04,Chittur,53,Chittur,5650,Chittur,Palakkad,563,Palakkad,KL,32, ,India,Rural,2919.0,12311.0,4.21754025,1106.0,6042.0,6269.0,Available,Not Available,Available,Available,Available,Available,Available,Available,Available,Available,Available,Available,Available,Available,Not Available, , ,Available,Available,Not Available,Available,Available,Available,0.0,243.0,0.0,0.0,0.0,3.0,0.0,0.0,860.0,222.0,638.0,432.0,193.0,12.0,0.0,0.0,Chittur,12.0,18045.927828459888,18045.927828459888,12054589.151938869,Administrative Boundary,Survey of India (SOI),Kerala,10.747993627395571,76.83107147761329
1396,1396,35845.0,Kozhipathy,627663,"Eruthempathy, Kozhinjampara","06, 04",Chittur,53,Chittur,5650,Chittur,Palakkad,563,Palakkad,KL,32, ,India,Rural,3318.0,12265.0,3.69650392,3014.0,6071.0,6194.0,Available,Available,Available,Available,Available,Available,Available,Available,Available,Available,Available,Available,Available,Available,Not Available, , ,Available,Available,Not Available,Not Available,Available,Available,0.0,1470.0,0.0,0.0,101.0,33.0,59.0,59.0,1231.0,202.0,1310.0,257.0,1053.0,0.0,0.0,0.0,Chittur,12.0,32945.43389540712,32945.43389540712,30440504.361844927,Administrative Boundary,Survey of India (SOI),Kerala,10.691957355887693,76.84997164974305
1393,1393,35842.0,Ozhalapathy,627661,Vadakarapathy,05,Chittur,53,Chittur,5650,Chittur,Palakkad,563,Palakkad,KL,32, ,India,Rural,2386.0,8742.0,3.66387259,2293.0,4306.0,4436.0,Available,Not Available,Not Available, , ,Available,Available,Available,Available,Available,Available,Not Available, , ,Not Available, , ,Not Available,Available,Not Available,Not Available,Not Available,Available,0.0,1128.0,0.0,0.0,0.0,0.0,390.0,390.0,395.0,0.0,1165.0,0.0,1152.0,12.0,0.0,0.0,Chittur,38.0,29646.751751863598,29646.751751863598,22156974.662023563,Administrative Boundary,Survey of India (SOI),Kerala,10.78705768773593,76.88261395166688
928,928,35377.0,Thathamangalam Part,627655,Pattanchery,02,Chittur,53,Chittur,5650,Chittur,Palakkad,563,Palakkad,KL,32, ,India,Rural,1650.0,7306.0,4.42787879,776.0,3604.0,3702.0,Available,Available,Available,Available,Available,Available,Available,Available,Available,Available,Available,Available,Available,Available,Available,Available,Available,Available,Available,Not Available,Not Available,Available,Available,0.0,213.0,0.0,0.0,0.0,16.0,0.0,0.0,547.0,45.0,502.0,477.0,1.0,24.0,0.0,0.0,Tathamangalam,0.0,17582.39338394446,17582.39338394446,6224678.705726453,Administrative Boundary,Survey of India (SOI),Kerala,10.657930959759,76.7166788856251
1395,1395,35844.0,Thekkedesom,627657,Nalleppilly,03,Chittur,53,Chittur,5650,Chittur,Palakkad,563,Palakkad,KL,32, ,India,Rural,3131.0,13108.0,4.18652188,2038.0,6430.0,6678.0,Available,Not Available,Available,Available,Available,Available,Available,Available,Available,Available,Available,Available,Available,Available,Not Available, , ,Available,Available,Not Available,Available,Available,Available,0.0,1010.0,8.0,0.0,2.0,0.0,0.0,0.0,1018.0,914.0,106.0,19.0,33.0,54.0,0.0,0.0,Chittur,12.0,23124.89434773473,23124.89434773473,21250160.02666928,Administrative Boundary,Survey of India (SOI),Kerala,10.702463949188902,76.79707637481724
1372,1372,35821.0,Koduvayur Ii,627654,Koduvayur,01,Kollengode,52,Chittur,5650,Chittur,Palakkad,563,Palakkad,KL,32, ,India,Rural,2018.0,8494.0,4.20911794,1026.0,4167.0,4327.0,Available,Available,Available,Available,Available,Available,Available,Available,Available,Available,Available,Available,Available,Available,Not Available, , ,Available,Available,Not Available,Available,Available,Available,81.0,455.0,0.0,0.0,0.0,0.0,0.0,0.0,489.0,0.0,489.0,463.0,0.0,26.0,0.0,0.0,Palakkad,13.0,18691.25778904737,18691.25778904737,11441762.50033481,Administrative Boundary,Survey of India (SOI),Kerala,10.664332542372554,76.63976937166208
909,909,35358.0,Kollengode I,627679,Kollengode,13,Kollengode,52,Chittur,5650,Chittur,Palakkad,563,Palakkad,KL,32, ,India,Rural,4217.0,18258.0,4.32961821,1656.0,8911.0,9347.0,Available,Available,Available,Available,Available,Available,Available,Available,Available,Available,Available,Available,Available,Available,Available,Available,Available,Available,Available,Available,Available,Not Available,Available,8.0,544.0,0.0,0.0,0.0,0.0,0.0,0.0,1104.0,150.0,954.0,944.0,0.0,1.0,0.0,9.0,Chittur,16.0,21775.129675081527,21775.129675081527,17731924.68029214,Administrative Boundary,Survey of India (SOI),Kerala,10.603292929180906,76.71223282175457
915,915,35364.0,Kollengode Ii,627678,Kollengode,13,Kollengode,52,Chittur,5650,Chittur,Palakkad,563,Palakkad,KL,32, ,India,Rural,2704.0,11329.0,4.18971893,1525.0,5463.0,5866.0,Available,Available,Available,Available,Available,Available,Available,Available,Available,Available,Available,Available,Available,Available,Available,Available,Available,Available,Available,Not Available,Not Available,Available,Available,36.0,694.0,0.0,0.0,0.0,4.0,0.0,0.0,776.0,76.0,714.0,436.0,99.0,73.0,0.0,107.0,Chittur,20.0,38575.05840347269,38575.05840347269,32932475.78248023,Administrative Boundary,Survey of India (SOI),Kerala,10.568805682190654,76.69898638468935
917,917,35366.0,Muthalamada I,627680,Muthalamada,14,Kollengode,52,Chittur,5650,Chittur,Palakkad,563,Palakkad,KL,32, ,India,Rural,5385.0,21868.0,4.06090994,4652.0,10976.0,10892.0,Available,Available,Available,Not Available,Not Available,Available,Available,Available,Available,Available,Available,Available,Available,Available,Not Available, , ,Available,Available,Not Available,Available,Available,Available,3366.0,0.0,0.0,0.0,0.0,0.0,0.0,0.0,1286.0,223.0,1063.0,678.0,294.0,0.0,0.0,91.0,Chittur,14.0,50128.0123371776,50128.0123371776,93920784.67900296,Administrative Boundary,Survey of India (SOI),Kerala,10.573096106516838,76.79505286098744
926,926,35375.0,Muthalamada Ii,627681,Muthalamada,14,Kollengode,52,Chittur,5650,Chittur,Palakkad,563,Palakkad,KL,32, ,India,Rural,3313.0,15192.0,4.58557199,1957.0,7425.0,7767.0,Available,Available,Available,Available,Available,Available,Available,Available,Available,Available,Available,Available,Available,Available,Not Available, , ,Available,Available,Not Available,Available,Not Available,Available,455.0,556.0,0.0,0.0,2.0,0.0,556.0,556.0,388.0,83.0,863.0,783.0,23.0,36.0,20.0,0.0,Chittur,14.0,71781.16902317434,71781.16902317434,100175949.78112614,Administrative Boundary,Survey of India (SOI),Kerala,10.536261924576797,76.7488454412439
919,919,35368.0,Vadavannur,627669,Vadavannur,08,Kollengode,52,Chittur,5650,Chittur,Palakkad,563,Palakkad,KL,32, ,India,Rural,3927.0,17126.0,4.36108989,1714.0,8477.0,8649.0,Available,Not Available,Not Available, , ,Available,Available,Available,Available,Not Available,Not Available,Available,Available,Available,Not Available, , ,Available,Available,Not Available,Not Available,Available,Available,0.0,655.0,0.0,0.0,0.0,0.0,150.0,150.0,749.0,0.0,1059.0,1059.0,0.0,0.0,0.0,0.0,Chittur,14.0,35342.57099865067,35342.57099865067,28665381.81605514,Administrative Boundary,Survey of India (SOI),Kerala,10.637474162458863,76.68502767325643
1388,1388,35837.0,Kannadi I,627640,Kannadi,61,Kuzhalmannam,51,Palakkad,5649,Palakkad,Palakkad,563,Palakkad,KL,32, ,India,Rural,3632.0,15422.0,4.24614537,1437.0,7541.0,7881.0,Available,Available,Available,Available,Available,Available,Available,Available,Available,Available,Available,Available,Available,Available,Not Available, , ,Available,Available,Not Available,Available,Available,Available,0.0,152.0,0.0,0.0,0.0,152.0,0.0,0.0,1132.0,196.0,936.0,0.0,936.0,0.0,0.0,0.0,Palakkad,5.0,19976.898300313664,19976.898300313664,14199684.83538905,Administrative Boundary,Survey of India (SOI),Kerala,10.736836810473848,76.62992293495638
1206,1206,35655.0,Kuthannur Ii,627695,"Kuthannur, Peringottukurissi","02, 01",Kuzhalmannam,51,Alathur,5651,Alathur,Palakkad,563,Palakkad,KL,32, ,India,Rural,1531.0,6620.0,4.32397126,1132.0,3227.0,3393.0,Available,Available,Not Available, , ,Available,Available,Available,Available,Available,Available,Available,Available,Available,Not Available, , ,Available,Available,Not Available,Not Available,Not Available,Available,290.0,27.0,0.0,0.0,0.0,0.0,0.0,0.0,815.0,470.0,345.0,304.0,0.0,41.0,0.0,0.0,Palakkad,25.0,19624.5239769676,19624.5239769676,12362226.884431347,Administrative Boundary,Survey of India (SOI),Kerala,10.714961491355087,76.50731547340965
1375,1375,35824.0,Kuzhalmannam I,627693,Kuzhalmannam,05,Kuzhalmannam,51,Alathur,5651,Alathur,Palakkad,563,Palakkad,KL,32, ,India,Rural,4128.0,17848.0,4.32364341,1856.0,8700.0,9148.0,Available,Available,Available,Available,Available,Available,Available,Available,Available,Available,Available,Available,Available,Available,Not Available, , ,Available,Available,Available,Available,Not Available,Available,45.0,263.0,0.0,0.0,0.0,0.0,0.0,0.0,1548.0,495.0,1053.0,1009.0,6.0,36.0,0.0,2.0,Palakkad,12.0,31304.21904891065,31304.21904891065,19221957.47183757,Administrative Boundary,Survey of India (SOI),Kerala,10.703309621617787,76.5810374861628
1365,1365,35814.0,Kuzhalmannam Ii,627690,Kuzhalmannam,05,Kuzhalmannam,51,Alathur,5651,Alathur,Palakkad,563,Palakkad,KL,32, ,India,Rural,2187.0,9354.0,4.27709191,1206.0,4500.0,4854.0,Available,Available,Available,Available,Available,Available,Available,Available,Available,Available,Available,Available,Available,Available,Not Available, , ,Available,Available,Not Available,Available,Not Available,Available,4.0,241.0,0.0,0.0,0.0,0.0,0.0,0.0,961.0,110.0,851.0,796.0,40.0,15.0,0.0,0.0,Palakkad,12.0,28609.77911598837,28609.77911598837,12261046.591800548,Administrative Boundary,Survey of India (SOI),Kerala,10.70940844302511,76.60579330851354
1201,1201,35650.0,Peringottukurissi Ii,627684,Peringottukurissi,01,Kuzhalmannam,51,Alathur,5651,Alathur,Palakkad,563,Palakkad,KL,32, ,India,Rural,2925.0,12514.0,4.2782906,1967.0,6042.0,6472.0,Not Available,Available,Not Available, , ,Available,Available,Available,Available,Available,Available,Available,Available,Available,Not Available, , ,Available,Available,Not Available,Not Available,Available,Available,499.0,392.0,0.0,0.0,0.0,498.0,0.0,0.0,578.0,149.0,429.0,429.0,0.0,0.0,0.0,0.0,Palakkad,23.0,24630.069022411317,24630.069022411317,21625367.54115337,Administrative Boundary,Survey of India (SOI),Kerala,10.730724044085633,76.48437421435118
1384,1384,35833.0,Malampuzha I,627638,Malampuzha,06,Malampuzha,50,Palakkad,5649,Palakkad,Palakkad,563,Palakkad,KL,32, ,India,Rural,2842.0,11879.0,4.17980296,17458.0,5839.0,6040.0,Available,Not Available,Available,Available,Available,Available,Available,Available,Available,Available,Available,Available,Available,Available,Available,Available,Available,Available,Available,Available,Not Available,Available,Available,15762.0,1553.0,0.0,0.0,0.0,0.0,0.0,0.0,143.0,0.0,143.0,143.0,0.0,0.0,0.0,0.0,Palakkad,6.0,59039.25620898524,59039.25620898524,94785282.82336988,Administrative Boundary,Survey of India (SOI),Kerala,10.86921532524865,76.68849934227696
1381,1381,35830.0,Malampuzha Ii,627639,"Malampuzha, Marutharode","06, 07",Malampuzha,50,Palakkad,5649,Palakkad,Palakkad,563,Palakkad,KL,32, ,India,Rural,2830.0,12264.0,4.3335689,1902.0,6065.0,6199.0,Available,Not Available,Available,Available,Available,Available,Available,Available,Available,Available,Available,Available,Available,Available,Not Available, , ,Available,Available,Not Available,Available,Not Available,Available,399.0,0.0,0.0,0.0,0.0,0.0,543.0,543.0,961.0,461.0,1043.0,491.0,5.0,5.0,0.0,542.0,Palakkad,6.0,18791.72763651306,18791.72763651306,17569804.039945103,Administrative Boundary,Survey of India (SOI),Kerala,10.808983683721936,76.69420393363967
1373,1373,35822.0,Peruvemba,627643,Peruvemba,09,Malampuzha,50,Palakkad,5649,Palakkad,Palakkad,563,Palakkad,KL,32, ,India,Rural,4522.0,19312.0,4.27067669,2037.0,9471.0,9841.0,Not Available,Available,Not Available, , ,Available,Available,Available,Available,Available,Available,Available,Available,Available,Not Available, , ,Available,Available,Not Available,Not Available,Available,Available,0.0,270.0,0.0,0.0,0.0,18.0,0.0,0.0,899.0,657.0,1092.0,1060.0,0.0,12.0,0.0,20.0,Palakkad,10.0,32474.16365855657,32474.16365855657,20926308.56451992,Administrative Boundary,Survey of India (SOI),Kerala,10.703396139811229,76.68400182531377
1376,1376,35825.0,Polpully,627644,Polpully,10,Malampuzha,50,Palakkad,5649,Palakkad,Palakkad,563,Palakkad,KL,32, ,India,Rural,3894.0,16500.0,4.23728814,1994.0,8029.0,8471.0,Available,Not Available,Not Available, , ,Available,Available,Available,Available,Available,Available,Available,Available,Available,Not Available, , ,Available,Available,Available,Available,Available,Available,0.0,637.0,0.0,0.0,12.0,10.0,10.0,10.0,1314.0,462.0,885.0,885.0,0.0,0.0,0.0,0.0,Chittur,4.0,27524.72659076441,27524.72659076441,19573942.824635964,Administrative Boundary,Survey of India (SOI),Kerala,10.723947502663595,76.73647922763467
1394,1394,35843.0,Pudussery East,627647,Pudussery,12,Malampuzha,50,Palakkad,5649,Palakkad,Palakkad,563,Palakkad,KL,32, ,India,Rural,3589.0,14416.0,4.01671775,7960.0,7143.0,7273.0,Available,Available,Available,Not Available,Not Available,Available,Not Available,Not Available,Available,Available,Available,Available,Available,Available,Available,Not Available,Not Available,Available,Available,Not Available,Available,Available,Available,5725.0,61.0,0.0,0.0,0.0,0.0,0.0,0.0,2174.0,769.0,1405.0,1405.0,0.0,0.0,0.0,0.0,Palakkad,20.0,60495.61839773737,60495.61839773737,101278723.66314372,Administrative Boundary,Survey of India (SOI),Kerala,10.844680661058883,76.78740763219403
1367,1367,35816.0,Puthuppariyaram Ii,627637,Puduppariyaram,05,Malampuzha,50,Palakkad,5649,Palakkad,Palakkad,563,Palakkad,KL,32, ,India,Rural,1950.0,8533.0,4.37589744,1750.0,4153.0,4380.0,Available,Available,Available,Available,Available,Available,Available,Available,Available,Available,Available,Available,Available,Available,Available,Available,Available,Available,Available,Available,Available,Available,Available,341.0,0.0,0.0,0.0,5.0,497.0,350.0,350.0,550.0,686.0,226.0,226.0,0.0,0.0,0.0,0.0,Palakkad,8.0,43935.07436539869,43935.07436539869,75515927.21593711,Administrative Boundary,Survey of India (SOI),Kerala,10.885678052035546,76.60918475956764
1263,1263,35712.0,Alanallur Iii,627605,Alanallur,01,Mannarkad,48,Mannarkad,5648,Mannarkad,Palakkad,563,Palakkad,KL,32, ,India,Rural,4321.0,21312.0,4.93219162,3225.0,10231.0,11081.0,Not Available,Available,Available,Available,Available,Available,Available,Available,Available,Available,Available,Available,Available,Available,Not Available, , ,Available,Available,Not Available,Available,Available,Available,630.0,0.0,0.0,0.0,0.0,0.0,0.0,0.0,2594.0,1057.0,1538.0,0.0,1538.0,0.0,0.0,0.0,Perinthalmanna,40.0,33771.44697023225,33771.44697023225,33995774.7535606,Administrative Boundary,Survey of India (SOI),Kerala,11.063238048382043,76.35252264680446
1267,1267,35716.0,Karakurissi,627622,Karakurissi,12,Mannarkad,48,Mannarkad,5648,Mannarkad,Palakkad,563,Palakkad,KL,32, ,India,Rural,5768.0,27999.0,4.85419556,3036.0,13411.0,14588.0,Not Available,Available,Not Available, , ,Available,Available,Available,Available,Available,Available,Available,Available,Available,Available,Not Available,Not Available,Available,Available,Not Available,Not Available,Available,Available,0.0,105.0,0.0,0.0,0.0,0.0,0.0,0.0,2097.0,577.0,2354.0,135.0,0.0,0.0,16.0,2203.0,Palakkad,33.0,29867.874851797045,29867.874851797045,30435505.41999667,Administrative Boundary,Survey of India (SOI),Kerala,10.944627416267004,76.48601226611332
1202,1202,35651.0,Karimba Ii,627621,Karimba,09,Mannarkad,48,Mannarkad,5648,Mannarkad,Palakkad,563,Palakkad,KL,32, ,India,Rural,2700.0,11930.0,4.41851852,935.0,5744.0,6186.0,Available,Available,Available,Available,Available,Available,Available,Available,Available,Available,Available,Available,Available,Available,Not Available, , ,Available,Available,Not Available,Available,Available,Available,0.0,0.0,0.0,0.0,0.0,302.0,20.0,20.0,603.0,543.0,90.0,90.0,0.0,0.0,0.0,0.0,Palakkad,23.0,21175.319683588445,21175.319683588445,11559029.872782713,Administrative Boundary,Survey of India (SOI),Kerala,10.90100063217129,76.54001381094794
1262,1262,35711.0,Kottoppadam I,627606,Kottoppadam,02,Mannarkad,48,Mannarkad,5648,Mannarkad,Palakkad,563,Palakkad,KL,32, ,India,Rural,2696.0,14085.0,5.22440653,4427.0,6711.0,7374.0,Available,Not Available,Available,Available,Available,Available,Available,Available,Available,Available,Available,Available,Available,Available,Available,Available,Available,Available,Available,Not Available,Not Available,Available,Available,2279.0,400.0,0.0,0.0,10.0,539.0,0.0,0.0,1199.0,1181.0,28.0,0.0,0.0,0.0,0.0,28.0,Palakkad,53.0,33675.211850612155,33675.211850612155,40597720.76917476,Administrative Boundary,Survey of India (SOI),Kerala,11.051791592878102,76.39147431664038
1272,1272,35721.0,Kottoppadam Ii,627624,Kottoppadam,02,Mannarkad,48,Mannarkad,5648,Mannarkad,Palakkad,563,Palakkad,KL,32, ,India,Rural,2217.0,11351.0,5.11998196,1409.0,5431.0,5920.0,Not Available,Available,Available,Available,Available,Available,Available,Available,Available,Available,Available,Available,Available,Available,Not Available, , ,Not Available,Available,Not Available,Available,Available,Available,0.0,337.0,0.0,0.0,50.0,0.0,16.0,16.0,1006.0,0.0,1072.0,88.0,0.0,0.0,0.0,984.0,Perinthalmanna,24.0,23555.691190912567,23555.691190912567,14445631.5673861,Administrative Boundary,Survey of India (SOI),Kerala,10.980746637094471,76.39487430760921
1276,1276,35725.0,Kottoppadam Iii,627607,Kottappadam,02,Mannarkad,48,Mannarkad,5648,Mannarkad,Palakkad,563,Palakkad,KL,32, ,India,Rural,3504.0,17847.0,5.09332192,2570.0,8560.0,9287.0,Not Available,Available,Available,Available,Available,Available,Available,Available,Available,Available,Available,Available,Available,Available,Not Available, , ,Not Available,Not Available,Not Available,Not Available,Available,Available,681.0,0.0,0.0,0.0,0.0,0.0,0.0,0.0,1889.0,309.0,1581.0,0.0,150.0,0.0,0.0,1431.0,Perinthalmanna,28.0,32990.86567718357,32990.86567718357,22109343.262995586,Administrative Boundary,Survey of India (SOI),Kerala,11.023553293071402,76.4076663172029
1271,1271,35720.0,Kumaramputhur,627623,Kumaramputhur,03,Mannarkad,48,Mannarkad,5648,Mannarkad,Palakkad,563,Palakkad,KL,32, ,India,Rural,3430.0,16600.0,4.83965015,1763.0,8003.0,8597.0,Available,Not Available,Not Available, , ,Available,Available,Available,Available,Available,Available,Available,Available,Available,Available,Available,Available,Available,Not Available,Not Available,Not Available,Available,Available,0.0,0.0,0.0,0.0,0.0,0.0,0.0,0.0,210.0,0.0,1763.0,0.0,0.0,0.0,0.0,1763.0,Palakkad,44.0,20565.4411072871,20565.4411072871,18340393.63682079,Administrative Boundary,Survey of India (SOI),Kerala,10.972541739233218,76.42992326197293
1275,1275,35724.0,Mannarkad Ii,627616,"Thenkara, Mannarkad","10, 11",Mannarkad,48,Mannarkad,5648,Mannarkad,Palakkad,563,Palakkad,KL,32, ,India,Rural,4723.0,22545.0,4.77344908,1736.0,11053.0,11492.0,Available,Not Available,Available,Available,Available,Available,Available,Available,Available,Available,Available,Available,Available,Available,Available,Available,Available,Available,Available,Available,Available,Available,Available,0.0,0.0,0.0,0.0,0.0,13.0,5.0,5.0,1713.0,86.0,1637.0,451.0,226.0,0.0,0.0,960.0,Palakkad,39.0,22900.889653653663,22900.889653653663,17303904.214682117,Administrative Boundary,Survey of India (SOI),Kerala,11.018156911068615,76.48760876524712
1277,1277,35726.0,Payyanadam,627608,Kumaramputhur,03,Mannarkad,48,Mannarkad,5648,Mannarkad,Palakkad,563,Palakkad,KL,32, ,India,Rural,3315.0,16260.0,4.90497738,1973.0,7708.0,8552.0,Available,Not Available,Not Available, , ,Available,Available,Available,Available,Available,Available,Available,Available,Available,Available,Available,Available,Available,Available,Available,Not Available,Available,Available,553.0,44.0,0.0,0.0,0.0,265.0,0.0,0.0,1112.0,263.0,849.0,0.0,0.0,51.0,0.0,798.0,Perinthalmanna,31.0,26236.585364541254,26236.585364541254,18328726.762419883,Administrative Boundary,Survey of India (SOI),Kerala,11.031069486797092,76.43688972203657
1273,1273,35722.0,Pottassery I,627617,Kanjirampuzha,07,Mannarkad,48,Mannarkad,5648,Mannarkad,Palakkad,563,Palakkad,KL,32, ,India,Rural,4690.0,20873.0,4.45053305,2041.0,10052.0,10821.0,Not Available,Available,Available,Available,Available,Available,Available,Available,Available,Available,Available,Available,Available,Available,Available,Available,Available,Available,Available,Available,Not Available,Not Available,Available,0.0,0.0,0.0,0.0,0.0,552.0,0.0,0.0,1489.0,891.0,598.0,450.0,10.0,0.0,0.0,138.0,Palakkad,39.0,33597.706390417654,33597.706390417654,20665529.78198581,Administrative Boundary,Survey of India (SOI),Kerala,10.99832346538922,76.52571715919484
1270,1270,35719.0,Pottassery Ii,627618,Kanhirapuzha,07,Mannarkad,48,Mannarkad,5648,Mannarkad,Palakkad,563,Palakkad,KL,32, ,India,Rural,2103.0,10391.0,4.94103661,2282.0,5001.0,5390.0,Available,Available,Available,Available,Available,Available,Available,Available,Available,Available,Available,Available,Available,Available,Available,Not Available,Not Available,Available,Available,Available,Available,Available,Available,32.0,1358.0,0.0,0.0,83.0,0.0,0.0,0.0,809.0,805.0,87.0,77.0,0.0,0.0,0.0,10.0,Palakkad,35.0,17210.721576874304,17210.721576874304,9146767.67076368,Administrative Boundary,Survey of India (SOI),Kerala,10.985387657200715,76.49071744833289
1269,1269,35718.0,Thachampara,627619,Thachampara,08,Mannarkad,48,Mannarkad,5648,Mannarkad,Palakkad,563,Palakkad,KL,32, ,India,Rural,3058.0,13733.0,4.49084369,1299.0,6542.0,7191.0,Available,Not Available,Available,Available,Available,Available,Available,Available,Available,Available,Available,Available,Available,Available,Available,Not Available,Not Available,Available,Available,Not Available,Not Available,Available,Available,0.0,0.0,0.0,0.0,0.0,0.0,0.0,0.0,1299.0,1130.0,169.0,158.0,0.0,0.0,0.0,11.0,Palakkad,30.0,23108.34208626076,23108.34208626076,13323832.792895706,Administrative Boundary,Survey of India (SOI),Kerala,10.96639342743856,76.51658867736
1268,1268,35717.0,Thachanattukara I,627625,Thachanattukara,13,Mannarkad,48,Mannarkad,5648,Mannarkad,Palakkad,563,Palakkad,KL,32, ,India,Rural,3545.0,18864.0,5.3212976,2306.0,9255.0,9609.0,Available,Available,Not Available, , ,Available,Available,Available,Available,Available,Available,Not Available, , ,Not Available, , ,Available,Available,Not Available,Available,Available,Available,0.0,0.0,0.0,0.0,0.0,0.0,0.0,0.0,2306.0,0.0,2306.0,0.0,0.0,3.0,0.0,2303.0,Perinthalmanna,17.0,23940.567301592542,23940.567301592542,23593955.932541672,Administrative Boundary,Survey of India (SOI),Kerala,10.957826795869162,76.3570215894142
925,925,35374.0,Ayiloor,627673,Ayiloor,10,Nemmara,54,Chittur,5650,Chittur,Palakkad,563,Palakkad,KL,32, ,India,Rural,2188.0,8999.0,4.11288848,859.0,4394.0,4605.0,Available,Available,Available,Available,Available,Available,Available,Available,Available,Available,Available,Available,Available,Available,Available,Available,Available,Available,Available,Not Available,Not Available,Not Available,Available,0.0,79.0,0.0,0.0,46.0,6.0,0.0,0.0,728.0,276.0,498.0,498.0,0.0,0.0,0.0,0.0,Chittur,34.0,16320.547929434882,16320.547929434882,7865014.70380336,Administrative Boundary,Survey of India (SOI),Kerala,10.573758545100569,76.56371721357552
912,912,35361.0,Elavancherry,627677,Elavancherry,12,Nemmara,54,Chittur,5650,Chittur,Palakkad,563,Palakkad,KL,32, ,India,Rural,4120.0,17940.0,4.35436893,3228.0,8741.0,9199.0,Available,Available,Available,Available,Available,Available,Available,Available,Available,Available,Available,Available,Available,Available,Available,Available,Available,Available,Available,Not Available,Available,Available,Available,542.0,1976.0,0.0,0.0,0.0,0.0,0.0,0.0,710.0,0.0,710.0,710.0,0.0,0.0,0.0,0.0,Chittur,25.0,29572.975203776485,29572.975203776485,32391028.671308573,Administrative Boundary,Survey of India (SOI),Kerala,10.586590610845079,76.65782697390223
910,910,35359.0,Melarcode,627700,"Melarcode,  Erimayur","10, 07",Nemmara,54,Alathur,5651,Alathur,Palakkad,563,Palakkad,KL,32, ,India,Rural,6156.0,26155.0,4.24870045,2552.0,12715.0,13440.0,Available,Not Available,Available,Available,Available,Available,Available,Available,Available,Available,Available,Available,Available,Available,Not Available, , ,Available,Available,Not Available,Available,Available,Available,171.0,60.0,0.0,0.0,0.0,933.0,217.0,217.0,180.0,156.0,1231.0,1203.0,0.0,0.0,0.0,28.0,Palakkad,24.0,28129.76788965654,28129.76788965654,26213935.685929306,Administrative Boundary,Survey of India (SOI),Kerala,10.604258300855046,76.56827216294393
927,927,35376.0,Nelliyampathy,627676,Nelliyampathy,11,Nemmara,54,Chittur,5650,Chittur,Palakkad,563,Palakkad,KL,32, ,India,Rural,1534.0,5545.0,3.61473272,57653.0,2815.0,2730.0,Available,Not Available,Not Available, , ,Available,Available,Available,Available,Available,Available,Available,Available,Available,Available,Available,Available,Available,Available,Not Available,Not Available,Not Available,Available,33805.0,720.0,61.0,0.0,0.0,3.0,1489.0,1489.0,21575.0,21912.0,1152.0,0.0,0.0,0.0,0.0,1152.0,Chittur,48.0,152582.0574401351,152582.0574401351,448630445.5587115,Administrative Boundary,Survey of India (SOI),Kerala,10.44307828771241,76.71118314907923
924,924,35373.0,Nemmara,627672,Nemmara,09,Nemmara,54,Chittur,5650,Chittur,Palakkad,563,Palakkad,KL,32, ,India,Rural,4564.0,18745.0,4.10714286,1589.0,9105.0,9640.0,Available,Available,Available,Available,Available,Available,Available,Available,Available,Available,Available,Available,Available,Available,Available,Available,Available,Available,Available,Available,Available,Available,Available,5.0,214.0,0.0,0.0,0.0,0.0,0.0,0.0,1369.0,581.0,788.0,772.0,3.0,2.0,0.0,12.0,Palakkad,25.0,33824.22537729631,33824.22537729631,16608347.69710945,Administrative Boundary,Survey of India (SOI),Kerala,10.564922020797939,76.60466494598684
918,918,35367.0,Pallassana,627670,Pallassana,62,Nemmara,54,Chittur,5650,Chittur,Palakkad,563,Palakkad,KL,32, ,India,Rural,5457.0,23581.0,4.32123878,2937.0,11718.0,11863.0,Available,Available,Not Available, , ,Available,Available,Available,Available,Available,Available,Available,Available,Available,Available,Available,Available,Available,Available,Available,Not Available,Available,Available,240.0,1306.0,0.0,0.0,0.0,0.0,0.0,0.0,1391.0,0.0,1391.0,1242.0,38.0,85.0,0.0,25.0,Chittur,18.0,20554.02622239342,20554.02622239342,17891641.15756903,Administrative Boundary,Survey of India (SOI),Kerala,10.625703571202145,76.62872797421342
911,911,35360.0,Vallanghy,627671,Nemmara,09,Nemmara,54,Chittur,5650,Chittur,Palakkad,563,Palakkad,KL,32, ,India,Rural,4246.0,17804.0,4.19312294,2174.0,8661.0,9143.0,Available,Available,Available,Available,Available,Available,Available,Available,Available,Available,Available,Available,Available,Available,Available,Available,Available,Available,Available,Not Available,Available,Available,Available,5.0,833.0,0.0,0.0,0.0,110.0,159.0,159.0,1053.0,402.0,823.0,659.0,10.0,23.0,0.0,132.0,Palakkad,28.0,22333.062230421903,22333.062230421903,17935984.994600892,Administrative Boundary,Survey of India (SOI),Kerala,10.584709101268338,76.61812642976362
1198,1198,35647.0,Ambalapara I,627593,Ambalapara,23,Ottappalam,46,Ottappalam,5647,Ottappalam,Palakkad,563,Palakkad,KL,32, ,India,Rural,3126.0,13387.0,4.28246961,2089.0,6421.0,6966.0,Available,Not Available,Not Available, , ,Available,Available,Available,Available,Not Available,Not Available,Available,Available,Available,Available,Not Available,Not Available,Available,Available,Not Available,Not Available,Available,Available,57.0,455.0,0.0,0.0,0.0,10.0,766.0,766.0,801.0,1070.0,497.0,153.0,0.0,101.0,0.0,243.0,Ottappalam,9.0,27497.472545061577,27497.472545061577,19960195.508249134,Administrative Boundary,Survey of India (SOI),Kerala,10.821458148455084,76.43617391019464
1211,1211,35660.0,Ambalapara Ii,627592,Ambalapara,23,Ottappalam,46,Ottappalam,5647,Ottappalam,Palakkad,563,Palakkad,KL,32, ,India,Rural,5561.0,24889.0,4.47563388,2919.0,11804.0,13085.0,Available,Available,Not Available, , ,Available,Available,Available,Available,Available,Available,Available,Available,Available,Available,Not Available,Not Available,Available,Available,Not Available,Not Available,Available,Available,552.0,852.0,240.0,0.0,52.0,120.0,0.0,0.0,1103.0,520.0,634.0,202.0,27.0,101.0,0.0,304.0,Ottappalam,7.0,33100.69262024571,33100.69262024571,27450361.821963333,Administrative Boundary,Survey of India (SOI),Kerala,10.817191290810841,76.39741095107726
1199,1199,35648.0,Lakkidi Perur I,627594,Lakkidi-Perur,60,Ottappalam,46,Ottappalam,5647,Ottappalam,Palakkad,563,Palakkad,KL,32, ,India,Rural,3029.0,13358.0,4.41003632,1305.0,6433.0,6925.0,Available,Not Available,Not Available, , ,Available,Available,Available,Available,Available,Available,Available,Available,Available,Not Available, , ,Available,Available,Not Available,Available,Available,Available,0.0,0.0,0.0,0.0,92.0,90.0,110.0,110.0,1013.0,923.0,292.0,65.0,0.0,0.0,0.0,227.0,Ottappalam,8.0,23700.94633648932,23700.94633648932,14077006.218969384,Administrative Boundary,Survey of India (SOI),Kerala,10.787415633530939,76.43228442759859
1208,1208,35657.0,Lakkidi Perur Ii,627595,"Lakkidi-Perur,  Mannur, Mankara","60, 58, 59",Ottappalam,46,Ottappalam,5647,Ottappalam,Palakkad,563,Palakkad,KL,32, ,India,Rural,4443.0,19459.0,4.3796984,1774.0,9286.0,10173.0,Available,Available,Available,Available,Available,Available,Available,Available,Available,Available,Available,Available,Available,Available,Not Available, , ,Available,Available,Not Available,Available,Available,Available,0.0,239.0,0.0,0.0,0.0,0.0,0.0,0.0,1528.0,1001.0,534.0,324.0,115.0,4.0,0.0,91.0,Ottappalam,6.0,27016.448792284864,27016.448792284864,19559925.500970773,Administrative Boundary,Survey of India (SOI),Kerala,10.762811336379414,76.4527245095309
1200,1200,35649.0,Mannur,627630,"Mannur, Lakkidi - Perur","58, 60",Ottappalam,46,Palakkad,5649,Palakkad,Palakkad,563,Palakkad,KL,32, ,India,Rural,4601.0,19805.0,4.30449902,1925.0,9410.0,10395.0,Available,Available,Available,Available,Available,Available,Available,Available,Available,Available,Available,Available,Available,Available,Not Available, , ,Available,Available,Not Available,Not Available,Available,Available,68.0,302.0,0.0,0.0,0.0,0.0,5.0,5.0,1543.0,1213.0,341.0,325.0,3.0,3.0,0.0,10.0,Ottappalam,13.0,22087.02261997793,22087.02261997793,18751591.36880245,Administrative Boundary,Survey of India (SOI),Kerala,10.79765983865296,76.47273578690377
1217,1217,35666.0,Vaniyamkulam I,627591,Vaniyamkulam,22,Ottappalam,46,Ottappalam,5647,Ottappalam,Palakkad,563,Palakkad,KL,32, ,India,Rural,3813.0,15965.0,4.18699187,1548.0,7569.0,8396.0,Available,Not Available,Available,Available,Available,Available,Available,Available,Available,Available,Available,Available,Available,Available,Not Available, , ,Available,Available,Not Available,Available,Available,Available,0.0,32.0,0.0,0.0,31.0,488.0,0.0,0.0,997.0,984.0,44.0,16.0,10.0,17.0,0.0,1.0,Shoranur,6.0,20595.206639589167,20595.206639589167,14530109.951756788,Administrative Boundary,Survey of India (SOI),Kerala,10.784709414228258,76.3209054892767
1366,1366,35815.0,Kannadi Ii,627641,"Kannadi, Kodumba","61, 08",Palakkad,47,Palakkad,5649,Palakkad,Palakkad,563,Palakkad,KL,32, ,India,Rural,2642.0,11228.0,4.24981075,1183.0,5510.0,5718.0,Available,Available,Available,Available,Available,Available,Available,Available,Available,Available,Available,Available,Available,Available,Not Available, , ,Available,Available,Not Available,Available,Available,Available,0.0,0.0,0.0,0.0,0.0,32.0,166.0,166.0,965.0,499.0,652.0,652.0,0.0,0.0,0.0,0.0,Palakkad,5.0,26151.859263482114,26151.859263482114,11355140.249090243,Administrative Boundary,Survey of India (SOI),Kerala,10.731064185778893,76.66967782503592
1212,1212,35661.0,Keralassery,627629,Keralassery,02,Palakkad,47,Palakkad,5649,Palakkad,Palakkad,563,Palakkad,KL,32, ,India,Rural,3683.0,15022.0,4.07874016,2397.0,7123.0,7899.0,Not Available,Available,Available,Available,Available,Available,Available,Available,Available,Available,Available,Available,Available,Available,Not Available, , ,Available,Available,Not Available,Not Available,Available,Available,150.0,2125.0,0.0,0.0,0.0,0.0,0.0,0.0,122.0,0.0,122.0,122.0,0.0,0.0,0.0,0.0,Palakkad,25.0,24538.03325157165,24538.03325157165,24454183.73964886,Administrative Boundary,Survey of India (SOI),Kerala,10.832309997021671,76.49043194828567
1382,1382,35831.0,Mundur I,627634,Mundur,03,Palakkad,47,Palakkad,5649,Palakkad,Palakkad,563,Palakkad,KL,32, ,India,Rural,4644.0,20334.0,4.37855297,1829.0,9780.0,10554.0,Not Available,Available,Available,Available,Available,Available,Available,Available,Available,Available,Available,Available,Available,Available,Available,Available,Available,Available,Available,Available,Available,Available,Available,179.0,131.0,0.0,0.0,10.0,9.0,0.0,0.0,1500.0,1429.0,80.0,80.0,0.0,0.0,0.0,0.0,Palakkad,12.0,26602.365159141777,26602.365159141777,18590334.53836797,Administrative Boundary,Survey of India (SOI),Kerala,10.835796175655501,76.57113566977378
1383,1383,35832.0,Mundur Ii,627633,Mundur,03,Palakkad,47,Palakkad,5649,Palakkad,Palakkad,563,Palakkad,KL,32, ,India,Rural,2455.0,10314.0,4.201222,1486.0,5052.0,5262.0,Available,Available,Not Available, , ,Available,Available,Available,Available,Available,Available,Available,Available,Available,Available,Not Available,Not Available,Available,Available,Not Available,Available,Available,Available,68.0,399.0,0.0,0.0,0.0,154.0,0.0,0.0,312.0,731.0,134.0,0.0,70.0,30.0,0.0,34.0,Palakkad,20.0,25037.80789620557,25037.80789620557,14466898.920870071,Administrative Boundary,Survey of India (SOI),Kerala,10.863973182888648,76.55264878712366
1371,1371,35820.0,Parli I,627635,Parli,04,Palakkad,47,Palakkad,5649,Palakkad,Palakkad,563,Palakkad,KL,32, ,India,Rural,4072.0,17369.0,4.26547151,1579.0,8489.0,8880.0,Available,Available,Available,Available,Available,Available,Available,Available,Available,Available,Available,Available,Available,Available,Available,Available,Available,Available,Available,Not Available,Available,Available,Available,152.0,361.0,0.0,0.0,0.0,474.0,0.0,0.0,592.0,90.0,501.0,501.0,0.0,0.0,0.0,0.0,Palakkad,15.0,18997.87063545424,18997.87063545424,15677360.900274388,Administrative Boundary,Survey of India (SOI),Kerala,10.809156100404115,76.54735712461431
1380,1380,35829.0,Parli Ii,627636,Parli,04,Palakkad,47,Palakkad,5649,Palakkad,Palakkad,563,Palakkad,KL,32, ,India,Rural,4078.0,17082.0,4.18881805,1428.0,8321.0,8761.0,Available,Available,Available,Available,Available,Available,Available,Available,Available,Available,Available,Available,Available,Available,Available,Available,Available,Available,Available,Available,Available,Available,Available,20.0,365.0,0.0,0.0,521.0,0.0,0.0,0.0,522.0,0.0,1043.0,521.0,0.0,0.0,0.0,521.0,Palakkad,10.0,19750.50502871883,19750.50502871883,14197459.62924172,Administrative Boundary,Survey of India (SOI),Kerala,10.796851437991613,76.57079498002469
1165,1165,35614.0,Koppam,627585,Koppam,16,Pattambi,44,Pattambi,5940,Ottappalam,Palakkad,563,Palakkad,KL,32, ,India,Rural,6103.0,30169.0,4.94330657,2585.0,14498.0,15671.0,Available,Available,Available,Available,Available,Available,Available,Available,Available,Available,Available,Available,Available,Available,Available,Available,Available,Not Available,Available,Not Available,Available,Available,Available,0.0,687.0,52.0,0.0,0.0,31.0,61.0,61.0,1723.0,1793.0,22.0,0.0,0.0,0.0,0.0,22.0,Shoranur,25.0,29840.618390259147,29840.618390259147,26458706.082579784,Administrative Boundary,Survey of India (SOI),Kerala,10.860630092483342,76.186658195468
1175,1175,35624.0,Nellaya,627571,Nellaya,06,Pattambi,44,Ottappalam,5647,Ottappalam,Palakkad,563,Palakkad,KL,32, ,India,Rural,7282.0,36146.0,4.96374622,2741.0,16888.0,19258.0,Available,Available,Not Available, , ,Available,Available,Available,Available,Not Available,Available,Available,Not Available,Available,Not Available, , ,Available,Available,Not Available,Not Available,Not Available,Available,77.0,854.0,87.0,0.0,83.0,486.0,327.0,327.0,787.0,897.0,339.0,0.0,161.0,0.0,0.0,178.0,Shoranur,15.0,28123.72373015195,28123.72373015195,27825880.09992988,Administrative Boundary,Survey of India (SOI),Kerala,10.872367612899517,76.27565221150631
1173,1173,35622.0,Parudur,627567,Parudur,02,Pattambi,44,Pattambi,5940,Ottappalam,Palakkad,563,Palakkad,KL,32, ,India,Rural,5410.0,26638.0,4.92384473,2071.0,12597.0,14041.0,Available,Not Available,Not Available, , ,Available,Available,Available,Available,Available,Available,Available,Available,Available,Not Available, , ,Available,Available,Not Available,Not Available,Available,Available,0.0,363.0,0.0,0.0,0.0,28.0,13.0,13.0,1644.0,1300.0,380.0,209.0,111.0,52.0,0.0,8.0,Shoranur,24.0,21309.693233954447,21309.693233954447,21028254.00292068,Administrative Boundary,Survey of India (SOI),Kerala,10.829548793454538,76.11700770541576
1174,1174,35623.0,Thiruvegapura,627568,Thiruvegapura,03,Pattambi,44,Pattambi,5940,Ottappalam,Palakkad,563,Palakkad,KL,32, ,India,Rural,6518.0,33942.0,5.20742559,2016.0,16425.0,17517.0,Available,Available,Not Available, , ,Available,Available,Available,Available,Available,Available,Available,Available,Available,Not Available, , ,Available,Available,Not Available,Not Available,Available,Available,0.0,147.0,72.0,0.0,0.0,16.0,280.0,280.0,1211.0,1686.0,95.0,36.0,0.0,0.0,0.0,59.0,Tirur,15.0,27211.09767568665,27211.09767568665,20839733.69133469,Administrative Boundary,Survey of India (SOI),Kerala,10.865457713396333,76.13223626659915
1172,1172,35621.0,Vallapuzha,627584,Vallapuzha,15,Pattambi,44,Pattambi,5940,Ottappalam,Palakkad,563,Palakkad,KL,32, ,India,Rural,5282.0,28018.0,5.30443014,2164.0,13424.0,14594.0,Available,Available,Available,Available,Available,Available,Available,Available,Available,Available,Available,Available,Available,Available,Not Available, , ,Not Available,Available,Not Available,Available,Available,Available,87.0,0.0,0.0,0.0,0.0,7.0,112.0,112.0,1913.0,1500.0,570.0,68.0,48.0,47.0,0.0,407.0,Shoranur,12.0,26476.75679496319,26476.75679496319,22455951.746145904,Administrative Boundary,Survey of India (SOI),Kerala,10.83579266463334,76.24335581285901
1166,1166,35615.0,Cherpulacherry,627572,Cherpulacherry,07,Sreekrishnapuram,45,Ottappalam,5647,Ottappalam,Palakkad,563,Palakkad,KL,32, ,India,Rural,7538.0,34899.0,4.62974264,2760.0,16591.0,18308.0,Available,Not Available,Available,Available,Available,Available,Available,Available,Available,Available,Available,Available,Available,Available,Available,Available,Available,Available,Available,Not Available,Available,Available,Available,35.0,2.0,0.0,0.0,0.0,91.0,0.0,0.0,2632.0,1055.0,1577.0,666.0,18.0,1.0,0.0,892.0,Ottappalam,16.0,28004.24203628344,28004.24203628344,26724275.80845383,Administrative Boundary,Survey of India (SOI),Kerala,10.891310201128533,76.3071380125048
1214,1214,35663.0,Kadampazhipuram I,627577,Kadampazhipuram,57,Sreekrishnapuram,45,Ottappalam,5647,Ottappalam,Palakkad,563,Palakkad,KL,32, ,India,Rural,3757.0,16003.0,4.25951557,2119.0,7752.0,8251.0,Available,Not Available,Available,Available,Available,Available,Available,Available,Available,Available,Available,Available,Available,Available,Not Available, , ,Available,Available,Available,Available,Not Available,Available,227.0,0.0,0.0,0.0,0.0,0.0,188.0,188.0,1667.0,1305.0,587.0,55.0,0.0,9.0,0.0,523.0,Ottappalam,25.0,27578.528200370776,27578.528200370776,23453989.11989636,Administrative Boundary,Survey of India (SOI),Kerala,10.863841339803233,76.44411406144778
1266,1266,35715.0,Karimpuzha I,627574,Karimpuzha,10,Sreekrishnapuram,45,Ottappalam,5647,Ottappalam,Palakkad,563,Palakkad,KL,32, ,India,Rural,4208.0,19287.0,4.58341255,2691.0,9189.0,10098.0,Available,Available,Available,Available,Available,Available,Available,Available,Available,Available,Available,Available,Available,Available,Available,Available,Available,Available,Available,Available,Available,Available,Available,0.0,106.0,66.0,0.0,0.0,0.0,0.0,0.0,2519.0,2056.0,463.0,0.0,131.0,69.0,0.0,263.0,Ottappalam,23.0,27479.31841153293,27479.31841153293,27532268.704963043,Administrative Boundary,Survey of India (SOI),Kerala,10.939006571794424,76.40150629261636
1196,1196,35645.0,Sreekrishnapuram I,627578,Sreekrishnapuram,11,Sreekrishnapuram,45,Ottappalam,5647,Ottappalam,Palakkad,563,Palakkad,KL,32, ,India,Rural,3573.0,14797.0,4.14133781,2027.0,7004.0,7793.0,Available,Not Available,Available,Available,Available,Available,Available,Available,Available,Available,Available,Available,Available,Available,Available,Not Available,Not Available,Available,Available,Not Available,Not Available,Available,Available,41.0,13.0,0.0,0.0,0.0,0.0,0.0,0.0,1973.0,1746.0,227.0,0.0,57.0,28.0,0.0,142.0,Ottappalam,24.0,27334.498739100385,27334.498739100385,19442493.0501202,Administrative Boundary,Survey of India (SOI),Kerala,10.904604498113073,76.41805863359733
1215,1215,35664.0,Sreekrishnapuram Ii,627579,"Sreekrishnapuram, Pookkottukavu","11, 09",Sreekrishnapuram,45,Ottappalam,5647,Ottappalam,Palakkad,563,Palakkad,KL,32, ,India,Rural,3683.0,14736.0,4.00108607,2044.0,6984.0,7752.0,Available,Not Available,Not Available, , ,Available,Available,Available,Available,Available,Available,Available,Available,Available,Available,Available,Available,Available,Available,Not Available,Not Available,Available,Available,103.0,260.0,0.0,0.0,0.0,0.0,0.0,0.0,1681.0,1371.0,310.0,0.0,309.0,0.0,0.0,1.0,Ottappalam,17.0,31504.70610532479,31504.70610532479,20863267.292627376,Administrative Boundary,Survey of India (SOI),Kerala,10.872570217938003,76.40951798186504
1213,1213,35662.0,Thrikkadeeri I,627581,"Thrikkadeeri, Pookkottukavu","12, 09",Sreekrishnapuram,45,Ottappalam,5647,Ottappalam,Palakkad,563,Palakkad,KL,32, ,India,Rural,3239.0,15005.0,4.63260266,1936.0,7126.0,7879.0,Available,Not Available,Available,Available,Available,Available,Available,Available,Available,Available,Available,Available,Available,Available,Not Available, , ,Available,Available,Not Available,Not Available,Available,Available,485.0,261.0,180.0,0.0,0.0,260.0,180.0,180.0,320.0,609.0,141.0,0.0,46.0,75.0,0.0,20.0,Ottappalam,13.0,23101.2821750509,23101.2821750509,18634512.342815176,Administrative Boundary,Survey of India (SOI),Kerala,10.848715308379187,76.36085661824764
1195,1195,35644.0,Thrikkadeeri Ii,627580,Thrikkadeeri,12,Sreekrishnapuram,45,Ottappalam,5647,Ottappalam,Palakkad,563,Palakkad,KL,32, ,India,Rural,3139.0,15357.0,4.8923224,1346.0,7349.0,8008.0,Not Available,Available,Not Available, , ,Available,Available,Available,Available,Available,Available,Available,Available,Available,Not Available, , ,Available,Available,Not Available,Not Available,Not Available,Available,23.0,62.0,0.0,0.0,0.0,13.0,120.0,120.0,1118.0,1197.0,51.0,4.0,23.0,24.0,0.0,0.0,Ottappalam,20.0,29016.6379593942,29016.6379593942,13273598.026328582,Administrative Boundary,Survey of India (SOI),Kerala,10.870112452140066,76.33900054639453
945,945,35394.0,Anakkara,627566,Anakkara,01,Thrithala,43,Pattambi,5940,Ottappalam,Palakkad,563,Palakkad,KL,32, ,India,Rural,5214.0,24699.0,4.73705409,2095.0,11623.0,13076.0,Available,Available,Available,Available,Available,Available,Available,Available,Available,Available,Available,Available,Available,Available,Available,Not Available,Not Available,Available,Available,Not Available,Available,Available,Available,0.0,9.0,0.0,0.0,0.0,42.0,301.0,301.0,1398.0,1274.0,770.0,213.0,546.0,8.0,0.0,3.0,Ponnani,20.0,24884.370126779813,24884.370126779813,21256132.57268277,Administrative Boundary,Survey of India (SOI),Kerala,10.825576462822186,76.05870892245143
1169,1169,35618.0,Nagalassery,627589,Nagalassery,20,Thrithala,43,Pattambi,5940,Ottappalam,Palakkad,563,Palakkad,KL,32, ,India,Rural,6262.0,27606.0,4.40849569,2620.0,13168.0,14438.0,Available,Available,Available,Available,Available,Available,Available,Available,Available,Available,Available,Available,Available,Available,Available,Not Available,Not Available,Not Available,Available,Not Available,Available,Available,Available,136.0,465.0,0.0,0.0,83.0,100.0,150.0,150.0,1636.0,1536.0,383.0,0.0,382.0,1.0,0.0,0.0,Kunnamkulam,16.0,30585.41379549722,30585.41379549722,27379853.885650165,Administrative Boundary,Survey of India (SOI),Kerala,10.747750515877945,76.13403213010972
1167,1167,35616.0,Pattithara,627586,Pattithara,17,Thrithala,43,Pattambi,5940,Ottappalam,Palakkad,563,Palakkad,KL,32, ,India,Rural,6962.0,33157.0,4.76256823,2870.0,15657.0,17500.0,Available,Available,Available,Available,Available,Available,Available,Available,Available,Available,Available,Available,Available,Available,Available,Not Available,Not Available,Available,Available,Not Available,Available,Available,Available,0.0,72.0,0.0,0.0,61.0,286.0,320.0,320.0,1823.0,281.0,2231.0,221.0,421.0,0.0,0.0,1589.0,Kunnamkulam,20.0,31304.529375629703,31304.529375629703,28083150.469073933,Administrative Boundary,Survey of India (SOI),Kerala,10.790191878104721,76.09692096830948
1170,1170,35619.0,Thirumittacode I,627590,Thirumittacode,21,Thrithala,43,Pattambi,5940,Ottappalam,Palakkad,563,Palakkad,KL,32, ,India,Rural,4094.0,19143.0,4.67586712,1707.0,9102.0,10041.0,Available,Available,Not Available, , ,Available,Available,Available,Available,Available,Available,Available,Available,Available,Not Available, , ,Available,Available,Not Available,Not Available,Not Available,Available,0.0,209.0,36.0,0.0,0.0,0.0,0.0,0.0,1462.0,1116.0,346.0,79.0,267.0,0.0,0.0,0.0,Shoranur,16.0,15966.367016678476,15966.367016678476,9862229.685606647,Administrative Boundary,Survey of India (SOI),Kerala,10.76485630974205,76.1881457892056
405,405,34854.0,Pallickal,628354,"Pallickal, Palamel","08, 94",Bharanikkavu (Part),120,Adoor,5683,Adoor,Pathanamthitta,564,Pathanamthitta,KL,32, ,India,Rural,5628.0,21143.0,3.75675195,2236.0,9872.0,11271.0,Available,Not Available,Available,Available,Available,Available,Available,Available,Available,Available,Available,Available,Available,Available,Not Available, , ,Available,Available,Not Available,Available,Available,Available,0.0,177.0,0.0,0.0,0.0,0.0,0.0,0.0,2059.0,1942.0,117.0,117.0,0.0,0.0,0.0,0.0,Adoor,11.0,26207.003923475208,26207.003923475208,24867596.90967171,Administrative Boundary,Survey of India (SOI),Kerala,9.13836304790127,76.66492562930327
471,471,34920.0,Elanthoor,628327,Elanthoor,04,Elanthoor,124,Kozhenchery,5682,Pathanamthitta,Pathanamthitta,564,Pathanamthitta,KL,32, ,India,Rural,4176.0,15344.0,3.6743295,1509.0,7135.0,8209.0,Available,Not Available,Available,Available,Available,Available,Available,Available,Available,Available,Available,Available,Available,Available,Available,Not Available,Not Available,Available,Available,Not Available,Available,Available,Available,0.0,77.0,0.0,0.0,0.0,0.0,0.0,0.0,1432.0,1325.0,107.0,107.0,0.0,0.0,0.0,0.0,Pathanamthitta,7.0,20600.8533160009,20600.8533160009,16004969.40910889,Administrative Boundary,Survey of India (SOI),Kerala,9.290972859727628,76.7358704022403
474,474,34923.0,Omalloor,628330,Omalloor,07,Elanthoor,124,Kozhenchery,5682,Pathanamthitta,Pathanamthitta,564,Pathanamthitta,KL,32, ,India,Rural,4858.0,17611.0,3.62515438,1454.0,8189.0,9422.0,Available,Available,Available,Available,Available,Available,Available,Available,Available,Not Available,Available,Available,Available,Available,Available,Not Available,Not Available,Available,Available,Available,Not Available,Available,Available,0.0,96.0,0.0,0.0,0.0,20.0,111.0,111.0,1227.0,1258.0,80.0,0.0,0.0,0.0,0.0,80.0,Pathanamthitta,4.0,21302.471214551875,21302.471214551875,14720956.29317564,Administrative Boundary,Survey of India (SOI),Kerala,9.2482352653335,76.7609781595601
497,497,34946.0,Koipuram,628300,Koipuram,07,Koipuram,122,Thiruvalla,5679,Thiruvalla,Pathanamthitta,564,Pathanamthitta,KL,32, ,India,Rural,7319.0,26425.0,3.61046591,2226.0,12231.0,14194.0,Available,Not Available,Available,Available,Available,Available,Available,Available,Available,Available,Available,Available,Available,Available,Not Available, , ,Available,Available,Not Available,Available,Available,Available,0.0,133.0,0.0,0.0,0.0,7.0,0.0,0.0,2086.0,1263.0,823.0,745.0,0.0,0.0,0.0,78.0,Thiruvalla,13.0,19647.559563397408,19647.559563397408,21645910.086306103,Administrative Boundary,Survey of India (SOI),Kerala,9.355468331435599,76.66342248530437
496,496,34945.0,Puramattam,628310,Puramattam,08,Koipuram,122,Mallappally,5680,Mallappally,Pathanamthitta,564,Pathanamthitta,KL,32, ,India,Rural,3778.0,14069.0,3.723928,1466.0,6660.0,7409.0,Available,Not Available,Not Available, , ,Available,Available,Available,Available,Available,Available,Available,Available,Available,Not Available, , ,Available,Available,Not Available,Available,Available,Available,0.0,195.0,2.0,0.0,0.0,15.0,35.0,35.0,1201.0,1181.0,73.0,73.0,0.0,0.0,0.0,0.0,Thiruvalla,10.0,27780.55618163531,27780.55618163531,14187568.075977312,Administrative Boundary,Survey of India (SOI),Kerala,9.395372139453217,76.66191298603103
492,492,34941.0,Thelliyoor,628309,Ezhumattoor,07,Koipuram,122,Mallappally,5680,Mallappally,Pathanamthitta,564,Pathanamthitta,KL,32, ,India,Rural,2210.0,8101.0,3.66561086,1015.0,3779.0,4322.0,Available,Not Available,Available,Available,Available,Available,Available,Available,Available,Available,Available,Available,Available,Available,Not Available, , ,Not Available,Available,Not Available,Not Available,Available,Available,0.0,55.0,0.0,0.0,0.0,5.0,11.0,11.0,925.0,954.0,0.0,0.0,0.0,0.0,0.0,0.0,Thiruvalla,18.0,15565.02933330203,15565.02933330203,10969602.495740805,Administrative Boundary,Survey of India (SOI),Kerala,9.392842798276245,76.69154694076552
484,484,34933.0,Thottapuzhassery,628301,Thottapuzhassery,08,Koipuram,122,Thiruvalla,5679,Thiruvalla,Pathanamthitta,564,Pathanamthitta,KL,32, ,India,Rural,3980.0,14469.0,3.63542714,1446.0,6833.0,7636.0,Available,Not Available,Available,Available,Available,Available,Available,Available,Available,Available,Available,Available,Available,Available,Available,Not Available,Not Available,Available,Available,Not Available,Available,Available,Available,0.0,133.0,10.0,0.0,0.0,30.0,0.0,0.0,1191.0,1069.0,204.0,163.0,20.0,0.0,3.0,17.0,Thiruvalla,15.0,18871.306059848444,18871.306059848444,14706578.356408771,Administrative Boundary,Survey of India (SOI),Kerala,9.357017926226973,76.69620162510323
456,456,34905.0,Aruvappulam,628339,Aruvappulam,12,Konni,125,Konni,5943,Pathanamthitta,Pathanamthitta,564,Pathanamthitta,KL,32, ,India,Rural,3872.0,13801.0,3.56430785,26587.0,6463.0,7338.0,Available,Available,Available,Available,Available,Available,Available,Available,Available,Available,Available,Available,Available,Available,Available,Available,Available,Available,Available,Available,Not Available,Not Available,Available,23228.0,245.0,0.0,0.0,0.0,0.0,5.0,5.0,2508.0,3074.0,40.0,0.0,40.0,0.0,0.0,0.0,Pathanamthitta,15.0,106776.0950331696,106776.0950331696,440368320.6992332,Administrative Boundary,Survey of India (SOI),Kerala,9.166162626561817,77.10509145425993
502,502,34951.0,Iravan,628340,"Konni, Aruvappulam","09, 12",Konni,125,Konni,5943,Pathanamthitta,Pathanamthitta,564,Pathanamthitta,KL,32, ,India,Rural,2726.0,9999.0,3.66801174,2058.0,4621.0,5378.0,Available,Available,Available,Available,Available,Available,Available,Available,Available,Available,Available,Available,Not Available,Not Available,Not Available, , ,Available,Available,Not Available,Available,Available,Available,973.0,313.0,0.0,0.0,0.0,171.0,0.0,0.0,601.0,349.0,252.0,0.0,252.0,0.0,0.0,0.0,Pathanamthitta,12.0,24137.515921547605,24137.515921547605,7771038.03525309,Administrative Boundary,Survey of India (SOI),Kerala,9.228342761461617,76.86835721484711
504,504,34953.0,Konnithazham,628335,"Konni, Thannithode, Malayalappuzha","09, 10, 77",Konni,125,Konni,5943,Pathanamthitta,Pathanamthitta,564,Pathanamthitta,KL,32, ,India,Rural,3530.0,13009.0,3.68526912,10198.0,6120.0,6889.0,Available,Available,Available,Available,Available,Available,Available,Available,Available,Available,Available,Available,Available,Available,Available,Available,Available,Available,Available,Available,Available,Available,Available,8020.0,392.0,0.0,0.0,0.0,0.0,0.0,0.0,1786.0,1786.0,0.0,0.0,0.0,0.0,0.0,0.0,Pathanamthitta,6.0,30396.99027465475,30396.99027465475,16636273.654711995,Administrative Boundary,Survey of India (SOI),Kerala,9.255446642094647,76.85875450001888
512,512,34961.0,Malayalapuzha Part,628334,"Malayalapuzha, Konni","77, 9",Konni,125,Konni,5943,Pathanamthitta,Pathanamthitta,564,Pathanamthitta,KL,32, ,India,Rural,4709.0,16664.0,3.53875557,2524.0,7822.0,8842.0,Available,Available,Available,Available,Available,Available,Available,Available,Available,Available,Available,Available,Available,Available,Not Available, , ,Available,Available,Not Available,Not Available,Available,Available,0.0,166.0,0.0,0.0,0.0,92.0,0.0,0.0,2266.0,2266.0,0.0,0.0,0.0,0.0,0.0,0.0,Pathanamthitta,6.0,32609.143860029133,32609.143860029133,31078047.46808664,Administrative Boundary,Survey of India (SOI),Kerala,9.286487590536556,76.8431501790797
514,514,34963.0,Pathanamthitta Part,628331,"Mylapra, Malayalapuzha","76, 77",Konni,125,Kozhenchery,5682,Pathanamthitta,Pathanamthitta,564,Pathanamthitta,KL,32, ,India,Rural,215.0,742.0,3.45116279,228.0,348.0,394.0,Available,Available,Available,Available,Available,Available,Available,Available,Not Available, , ,Not Available, , ,Not Available, , ,Available,Available,Not Available,Not Available,Available,Available,0.0,180.0,0.0,0.0,30.0,0.0,0.0,0.0,18.0,0.0,48.0,0.0,0.0,0.0,0.0,48.0,Pathanamthitta,1.0,4943.795961552674,4943.795961552674,1243362.8326410456,Administrative Boundary,Survey of India (SOI),Kerala,9.277000118143059,76.7994564439696
440,440,34889.0,Vallicode Kottayam,628337,Pramadom,11,Konni,125,Konni,5943,Pathanamthitta,Pathanamthitta,564,Pathanamthitta,KL,32, ,India,Rural,3258.0,11762.0,3.6101903,1984.0,5440.0,6322.0,Not Available,Available,Not Available, , ,Available,Available,Available,Available,Available,Available,Available,Available,Available,Available,Not Available,Not Available,Available,Available,Not Available,Not Available,Available,Available,0.0,714.0,0.0,0.0,0.0,0.0,0.0,0.0,1270.0,1270.0,0.0,0.0,0.0,0.0,0.0,0.0,Pathanamthitta,12.0,20326.55072466131,20326.55072466131,17221616.524170697,Administrative Boundary,Survey of India (SOI),Kerala,9.198766186737585,76.83132996977385
479,479,34928.0,Kidangannur,628324,Aranmula,02,Kulanada (Part),118,Kozhenchery,5682,Pathanamthitta,Pathanamthitta,564,Pathanamthitta,KL,32, ,India,Rural,3965.0,14264.0,3.59747793,1196.0,6486.0,7778.0,Available,Available,Available,Available,Available,Available,Available,Available,Available,Available,Available,Not Available, , ,Not Available, , ,Available,Available,Not Available,Not Available,Available,Available,0.0,0.0,0.0,0.0,0.0,0.0,95.0,95.0,950.0,946.0,250.0,250.0,0.0,0.0,0.0,0.0,Chengannur,10.0,15489.47917642091,15489.47917642091,11769440.535004186,Administrative Boundary,Survey of India (SOI),Kerala,9.301192833548859,76.67398975294971
541,541,34990.0,Anicad,628305,"Mallappally, Anicad","03, 04",Mallappally,121,Mallappally,5680,Mallappally,Pathanamthitta,564,Pathanamthitta,KL,32, ,India,Rural,3750.0,14678.0,3.91413333,1904.0,7025.0,7653.0,Available,Not Available,Available,Available,Available,Available,Available,Available,Available,Available,Available,Available,Available,Available,Not Available, , ,Available,Available,Not Available,Not Available,Available,Available,0.0,386.0,2.0,0.0,0.0,19.0,28.0,28.0,1445.0,1420.0,76.0,22.0,9.0,0.0,0.0,45.0,Thiruvalla,23.0,22526.38030754388,22526.38030754388,20716084.14370274,Administrative Boundary,Survey of India (SOI),Kerala,9.466063750637613,76.67381262831273
486,486,34935.0,Kaviyoor,628298,Kaviyoor,05,Mallappally,121,Thiruvalla,5679,Thiruvalla,Pathanamthitta,564,Pathanamthitta,KL,32, ,India,Rural,4499.0,16852.0,3.74572127,1308.0,7778.0,9074.0,Available,Not Available,Available,Available,Available,Available,Available,Available,Available,Available,Available,Available,Available,Available,Not Available, , ,Available,Available,Available,Not Available,Available,Available,0.0,0.0,0.0,0.0,0.0,0.0,0.0,0.0,1171.0,1158.0,150.0,150.0,0.0,0.0,0.0,0.0,Thiruvalla,8.0,18110.876240403173,18110.876240403173,14141281.258657388,Administrative Boundary,Survey of India (SOI),Kerala,9.405418251825477,76.61299539280824
495,495,34944.0,Mallappally,628304," Kallooppara, Mallappally","02, 03",Mallappally,121,Mallappally,5680,Mallappally,Pathanamthitta,564,Pathanamthitta,KL,32, ,India,Rural,4787.0,17693.0,3.69605181,1997.0,8392.0,9301.0,Not Available,Available,Available,Available,Available,Available,Available,Available,Available,Available,Available,Available,Available,Available,Available,Available,Available,Available,Available,Available,Available,Available,Available,0.0,84.0,18.0,0.0,0.0,19.0,36.0,36.0,1829.0,1716.0,161.0,70.0,21.0,0.0,0.0,70.0,Thiruvalla,16.0,28699.76968021117,28699.76968021117,20301837.57571578,Administrative Boundary,Survey of India (SOI),Kerala,9.438730904933491,76.66670634579704
490,490,34939.0,Perumpetty,628307,Kottanad,06,Mallappally,121,Mallappally,5680,Mallappally,Pathanamthitta,564,Pathanamthitta,KL,32, ,India,Rural,3881.0,14396.0,3.70935326,2285.0,6860.0,7536.0,Available,Available,Available,Available,Available,Available,Available,Available,Available,Available,Available,Available,Available,Available,Not Available, , ,Not Available,Available,Not Available,Not Available,Not Available,Available,645.0,74.0,0.0,0.0,0.0,0.0,57.0,57.0,1510.0,87.0,1479.0,0.0,0.0,0.0,0.0,1479.0,Thiruvalla,24.0,31624.19510348688,31624.19510348688,24687336.94558232,Administrative Boundary,Survey of India (SOI),Kerala,9.416715603610633,76.74589237261317
402,402,34851.0,Kurampala,628344,"Pandalam, Thumpamon","01, 02",Pandalam,126,Adoor,5683,Adoor,Pathanamthitta,564,Pathanamthitta,KL,32, ,India,Rural,5505.0,20822.0,3.78237965,1447.0,9641.0,11181.0,Available,Available,Available,Available,Available,Available,Available,Available,Available,Available,Available,Available,Available,Available,Not Available, , ,Available,Available,Available,Available,Available,Available,0.0,102.0,0.0,0.0,0.0,0.0,0.0,0.0,1345.0,965.0,380.0,380.0,0.0,0.0,0.0,0.0,Pandalam,1.0,20663.11249985758,20663.11249985758,13724457.06174939,Administrative Boundary,Survey of India (SOI),Kerala,9.20038221356693,76.69084376036344
473,473,34922.0,Pandalam,628343,Pandalam,01,Pandalam,126,Adoor,5683,Adoor,Pathanamthitta,564,Pathanamthitta,KL,32, ,India,Rural,5905.0,22635.0,3.83319221,1583.0,10551.0,12084.0,Available,Not Available,Available,Available,Available,Available,Available,Available,Available,Available,Available,Available,Available,Available,Not Available, , ,Available,Available,Available,Available,Available,Available,0.0,422.0,0.0,0.0,0.0,21.0,0.0,0.0,1062.0,630.0,510.0,382.0,0.0,0.0,0.0,128.0,Adoor,10.0,19472.05810687872,19472.05810687872,16332013.091234071,Administrative Boundary,Survey of India (SOI),Kerala,9.21947147988814,76.66403860047696
421,421,34870.0,Pandalam Thekkekara,628345,"Pandalam Thekkekara, Thumpamon","03, 02",Pandalam,126,Adoor,5683,Adoor,Pathanamthitta,564,Pathanamthitta,KL,32, ,India,Rural,6581.0,24069.0,3.65734691,2536.0,11098.0,12971.0,Available,Available,Available,Available,Available,Available,Available,Available,Available,Available,Available,Available,Available,Available,Available,Available,Available,Available,Available,Not Available,Available,Available,Available,0.0,231.0,21.0,0.0,0.0,115.0,11.0,11.0,2143.0,2067.0,103.0,103.0,0.0,0.0,0.0,0.0,Adoor,6.0,27266.28367066572,27266.28367066572,26242317.6966026,Administrative Boundary,Survey of India (SOI),Kerala,9.201207678550597,76.72564596049489
404,404,34853.0,Erathu,628352,Erathu,07,Parakode (Part),127,Adoor,5683,Adoor,Pathanamthitta,564,Pathanamthitta,KL,32, ,India,Rural,6730.0,24880.0,3.69687964,2174.0,11626.0,13254.0,Available,Available,Available,Available,Available,Available,Available,Available,Available,Available,Available,Available,Available,Available,Not Available, , ,Available,Available,Not Available,Not Available,Not Available,Available,0.0,123.0,14.0,0.0,0.0,22.0,0.0,0.0,1055.0,1317.0,698.0,66.0,19.0,0.0,0.0,614.0,Adoor,4.0,23515.01966142462,23515.01966142462,22610141.601279654,Administrative Boundary,Survey of India (SOI),Kerala,9.121995247872608,76.73391701799616
449,449,34898.0,Ezhamkulam,628351,Ezhamkulam,06,Parakode (Part),127,Adoor,5683,Adoor,Pathanamthitta,564,Pathanamthitta,KL,32, ,India,Rural,5005.0,18655.0,3.72727273,1734.0,8728.0,9927.0,Available,Available,Available,Available,Available,Available,Available,Available,Available,Available,Available,Available,Available,Available,Available,Available,Available,Available,Available,Not Available,Available,Available,Available,0.0,37.0,0.0,0.0,0.0,0.0,20.0,20.0,1497.0,1555.0,142.0,142.0,0.0,0.0,0.0,0.0,Adoor,6.0,37523.72828882263,37523.72828882263,18416410.657761,Administrative Boundary,Survey of India (SOI),Kerala,9.146446269403853,76.77840037671626
411,411,34860.0,Kadampanadu,628355,Kadampanadu,09,Parakode (Part),127,Adoor,5683,Adoor,Pathanamthitta,564,Pathanamthitta,KL,32, ,India,Rural,7126.0,26909.0,3.77617177,2395.0,12548.0,14361.0,Available,Not Available,Not Available, , ,Available,Available,Available,Available,Available,Available,Available,Available,Available,Not Available, , ,Available,Available,Not Available,Not Available,Available,Available,0.0,128.0,25.0,0.0,0.0,0.0,28.0,28.0,2204.0,1342.0,900.0,700.0,11.0,0.0,0.0,189.0,Adoor,10.0,31090.66982626948,31090.66982626948,24878411.045042675,Administrative Boundary,Survey of India (SOI),Kerala,9.099374683546655,76.70701598350894
426,426,34875.0,Koodal,628348,"Kalanjoor, Kodumon","95, 04",Parakode (Part),127,Konni,5943,Adoor,Pathanamthitta,564,Pathanamthitta,KL,32, ,India,Rural,4461.0,15979.0,3.5819323,3305.0,7355.0,8624.0,Available,Not Available,Available,Available,Available,Available,Available,Available,Available,Available,Available,Available,Available,Available,Available,Available,Available,Available,Available,Not Available,Available,Available,Available,264.0,82.0,0.0,0.0,0.0,0.0,43.0,43.0,2831.0,2585.0,373.0,156.0,65.0,4.0,0.0,148.0,Pathanapuram,6.0,26985.591297945222,26985.591297945222,24470575.41293196,Administrative Boundary,Survey of India (SOI),Kerala,9.161371560734604,76.85273711516507
407,407,34856.0,Peringanadu Part,628353,Pallickal,08,Parakode (Part),127,Adoor,5683,Adoor,Pathanamthitta,564,Pathanamthitta,KL,32, ,India,Rural,5581.0,20638.0,3.6979036,1894.0,9642.0,10996.0,Available,Not Available,Available,Available,Available,Available,Available,Available,Available,Available,Available,Available,Available,Available,Available,Available,Available,Available,Available,Not Available,Not Available,Not Available,Available,0.0,0.0,0.0,0.0,1.0,0.0,0.0,0.0,1893.0,1387.0,507.0,310.0,126.0,10.0,0.0,61.0,Adoor,2.0,20136.325887308827,20136.325887308827,17051765.113860246,Administrative Boundary,Survey of India (SOI),Kerala,9.151779406935441,76.7012418516457
485,485,34934.0,Kavumbhagom Part,628296,Peringara,03,Pulikkeezh (Part),114,Thiruvalla,5679,Thiruvalla,Pathanamthitta,564,Pathanamthitta,KL,32, ,India,Rural,1662.0,6644.0,3.99759326,761.0,3173.0,3471.0,Available,Available,Not Available, , ,Available,Available,Available,Not Available, , ,Not Available, , ,Not Available, , ,Available,Available,Not Available,Not Available,Available,Available,0.0,660.0,7.0,0.0,0.0,0.0,24.0,24.0,68.0,94.0,0.0,0.0,0.0,0.0,0.0,0.0,Thiruvalla,2.0,20565.312914862392,20565.312914862392,10856190.33802428,Administrative Boundary,Survey of India (SOI),Kerala,9.402143640576735,76.54952232257907
499,499,34948.0,Kuttoor,628297,Kuttoor,04,Pulikkeezh (Part),114,Thiruvalla,5679,Thiruvalla,Pathanamthitta,564,Pathanamthitta,KL,32, ,India,Rural,5146.0,19652.0,3.81888846,1249.0,9170.0,10482.0,Available,Not Available,Available,Available,Available,Available,Available,Available,Available,Available,Available,Available,Available,Available,Available,Available,Available,Available,Available,Not Available,Not Available,Available,Available,0.0,693.0,0.0,0.0,20.0,0.0,35.0,35.0,330.0,23.0,533.0,533.0,0.0,0.0,0.0,0.0,Thiruvalla,4.0,14471.264867193537,14471.264867193537,6404810.02622367,Administrative Boundary,Survey of India (SOI),Kerala,9.35550879622874,76.59739019716088
318,318,34767.0,Nedumpuram,628294,Nedumpuram,92,Pulikkeezh (Part),114,Thiruvalla,5679,Thiruvalla,Pathanamthitta,564,Pathanamthitta,KL,32, ,India,Rural,3397.0,12694.0,3.73682661,849.0,5971.0,6723.0,Available,Available,Available,Available,Available,Available,Available,Available,Not Available, , ,Not Available, , ,Not Available, , ,Available,Available,Not Available,Not Available,Not Available,Available,0.0,128.0,0.0,0.0,0.0,81.0,0.0,0.0,554.0,336.0,304.0,0.0,0.0,304.0,0.0,0.0,Thiruvalla,3.0,19918.215720961027,19918.215720961027,9248193.712636927,Administrative Boundary,Survey of India (SOI),Kerala,9.367225022265753,76.5385076362508
319,319,34768.0,Niranam,628292,Niranam,01,Pulikkeezh (Part),114,Thiruvalla,5679,Thiruvalla,Pathanamthitta,564,Pathanamthitta,KL,32, ,India,Rural,2837.0,10770.0,3.79626366,1101.0,5084.0,5686.0,Available,Not Available,Available,Available,Available,Available,Available,Available,Available,Available,Available,Not Available, , ,Not Available, , ,Available,Available,Not Available,Not Available,Available,Available,0.0,117.0,3.0,0.0,37.0,50.0,33.0,33.0,715.0,186.0,744.0,0.0,0.0,0.0,0.0,744.0,Thiruvalla,10.0,19177.69118879866,19177.69118879866,11114885.186593847,Administrative Boundary,Survey of India (SOI),Kerala,9.340787490921109,76.50415937947538
500,500,34949.0,Angadi,628316,Ranni-Angadi,05,Ranni,123,Ranni,5681,Ranni,Pathanamthitta,564,Pathanamthitta,KL,32, ,India,Rural,3989.0,14855.0,3.72399098,3072.0,7079.0,7776.0,Available,Not Available,Available,Available,Available,Available,Available,Available,Available,Available,Available,Available,Available,Available,Available,Available,Available,Available,Available,Not Available,Not Available,Available,Available,1000.0,132.0,0.0,0.0,0.0,80.0,45.0,45.0,1784.0,1597.0,262.0,0.0,32.0,0.0,0.0,230.0,Pathanamthitta,20.0,26340.331889528803,26340.331889528803,21094235.93910405,Administrative Boundary,Survey of India (SOI),Kerala,9.401600047955096,76.77186191298883
509,509,34958.0,Athikkayam,628314,"Ranni-Pazhavangadi, Naranamoozhi","01, 03",Ranni,123,Ranni,5681,Ranni,Pathanamthitta,564,Pathanamthitta,KL,32, ,India,Rural,2477.0,9548.0,3.8546629,2156.0,4645.0,4903.0,Not Available,Available,Available,Available,Available,Available,Available,Available,Available,Available,Available,Available,Available,Available,Available,Available,Available,Available,Available,Not Available,Not Available,Available,Available,346.0,444.0,32.0,0.0,0.0,27.0,169.0,169.0,1138.0,1308.0,0.0,0.0,0.0,0.0,0.0,0.0,Pathanamthitta,30.0,24709.64988718059,24709.64988718059,17291861.743834652,Administrative Boundary,Survey of India (SOI),Kerala,9.395939248461183,76.85013072309124
511,511,34960.0,Chethakkal,628311,"Ranni-Pazhavangadi, Vecchoochira, Naranamoozhi","01, 02, 03",Ranni,123,Ranni,5681,Ranni,Pathanamthitta,564,Pathanamthitta,KL,32, ,India,Rural,3982.0,15027.0,3.77373179,4793.0,7209.0,7818.0,Available,Not Available,Not Available, , ,Available,Available,Available,Available,Available,Available,Available,Available,Available,Not Available, , ,Not Available,Available,Not Available,Not Available,Available,Available,963.0,415.0,3.0,0.0,0.0,0.0,876.0,876.0,2536.0,3391.0,21.0,0.0,0.0,0.0,0.0,21.0,Pathanamthitta,25.0,31989.29014877737,31989.29014877737,29869012.63959002,Administrative Boundary,Survey of India (SOI),Kerala,9.430958344692645,76.8232639799896
501,501,34950.0,Mylapra Part,628333,"Mylapra, Ranni","76, 75",Ranni,123,Konni,5943,Pathanamthitta,Pathanamthitta,564,Pathanamthitta,KL,32, ,India,Rural,2710.0,10082.0,3.7202952,1039.0,4732.0,5350.0,Available,Available,Available,Available,Available,Available,Available,Available,Available,Available,Available,Available,Available,Available,Not Available, , ,Available,Available,Available,Not Available,Available,Available,0.0,40.0,21.0,0.0,0.0,48.0,14.0,14.0,901.0,797.0,133.0,133.0,0.0,0.0,0.0,0.0,Pathanamthitta,5.0,15627.714003116424,15627.714003116424,10175954.436314058,Administrative Boundary,Survey of India (SOI),Kerala,9.30690012331279,76.79504932399647
558,558,35007.0,Perunad,628313,"Ranni-Perunad, Chittar","04, 78",Ranni,123,Ranni,5681,Ranni,Pathanamthitta,564,Pathanamthitta,KL,32, ,India,Rural,4130.0,15018.0,3.63631961,7523.0,7192.0,7826.0,Available,Not Available,Not Available, , ,Available,Available,Available,Available,Available,Available,Available,Available,Available,Available,Available,Available,Available,Available,Not Available,Not Available,Available,Available,4006.0,580.0,0.0,0.0,0.0,0.0,0.0,0.0,2937.0,2937.0,0.0,0.0,0.0,0.0,0.0,0.0,Pathanamthitta,24.0,115185.0188349338,115185.0188349338,195318725.3432153,Administrative Boundary,Survey of India (SOI),Kerala,9.394209526934972,76.98768213729717
505,505,34954.0,Thannithode,628341,"Thannithode, Chittar","10, 78",Ranni,123,Konni,5943,Pathanamthitta,Pathanamthitta,564,Pathanamthitta,KL,32, ,India,Rural,3475.0,12508.0,3.59942446,34802.0,5963.0,6545.0,Available,Not Available,Available,Available,Available,Available,Available,Available,Available,Available,Available,Available,Available,Available,Available,Available,Available,Available,Available,Available,Not Available,Not Available,Available,33028.0,2.0,0.0,0.0,0.0,210.0,0.0,0.0,1562.0,1562.0,0.0,0.0,0.0,0.0,0.0,0.0,Pathanamthitta,26.0,81879.43320010287,81879.43320010287,142950407.4417789,Administrative Boundary,Survey of India (SOI),Kerala,9.249740673947159,76.94556830258789
507,507,34956.0,Vadasserikkara,628320,"Vadasserikkara, Malayalapuzha","07, 77",Ranni,123,Ranni,5681,Ranni,Pathanamthitta,564,Pathanamthitta,KL,32, ,India,Rural,5827.0,21933.0,3.76402952,6007.0,10589.0,11344.0,Available,Available,Available,Available,Available,Available,Available,Available,Available,Available,Available,Available,Available,Available,Available,Available,Available,Available,Available,Not Available,Available,Available,Available,1144.0,685.0,0.0,0.0,0.0,0.0,0.0,0.0,4178.0,4178.0,0.0,0.0,0.0,0.0,0.0,0.0,Pathanamthitta,12.0,47341.73522285194,47341.73522285194,45616926.06975009,Administrative Boundary,Survey of India (SOI),Kerala,9.330688053420554,76.84217765724858
321,321,34770.0,Peringara,628295,"Peringara, Muttar","03, 91",Veliyanad (Part),104,Thiruvalla,5679,Thiruvalla,Pathanamthitta,564,Pathanamthitta,KL,32, ,India,Rural,3744.0,14440.0,3.85683761,1249.0,6640.0,7800.0,Available,Available,Not Available, , ,Available,Available,Available,Not Available, , ,Not Available, , ,Not Available, , ,Available,Available,Not Available,Not Available,Available,Available,0.0,97.0,0.0,0.0,0.0,20.0,173.0,173.0,958.0,95.0,1037.0,0.0,0.0,0.0,0.0,1037.0,Thiruvalla,5.0,17298.102442661442,17298.102442661442,12082197.895329658,Administrative Boundary,Survey of India (SOI),Kerala,9.390674938819418,76.53008500127838
264,264,34713.0,Karumkulam,628536,Karumkulam,17,Athiyannur,150,Neyyattinkara,5692,Neyyattinkara,Thiruvananthapuram,565,Thiruvananthapuram,KL,32, ,India,Rural,6255.0,27481.0,4.39344524,324.0,13506.0,13975.0,Available,Not Available,Not Available, , ,Available,Available,Available,Available,Available,Available,Available,Available,Available,Available,Available,Available,Available,Available,Not Available,Not Available,Available,Available,0.0,0.0,0.0,0.0,0.0,0.0,0.0,0.0,324.0,223.0,101.0,101.0,0.0,0.0,0.0,0.0,Neyyattinkara,10.0,12675.43712860954,12675.43712860954,5805451.601359893,Administrative Boundary,Survey of India (SOI),Kerala,8.336324861319147,77.0487902138684
266,266,34715.0,Vizhinjam Part,628538,"Vizhinjam, Kottukal","20, 18",Athiyannur,150,Neyyattinkara,5692,Neyyattinkara,Thiruvananthapuram,565,Thiruvananthapuram,KL,32, ,India,Rural,5040.0,20714.0,4.10992063,794.0,10277.0,10437.0,Available,Available,Available,Available,Available,Available,Available,Available,Available,Available,Available,Available,Available,Available,Available,Available,Available,Available,Available,Not Available,Not Available,Available,Available,0.0,62.0,0.0,0.0,6.0,11.0,0.0,0.0,715.0,603.0,118.0,37.0,11.0,20.0,0.0,49.0,Thiruvananthapuram,12.0,13281.128707959431,13281.128707959431,8393441.490140451,Administrative Boundary,Survey of India (SOI),Kerala,8.382114992711177,77.00927624239989
256,256,34705.0,Attingal,628470,"Kizhuvalam, Mudakkal","17, 16",Chirayinkeezhu,143,Chirayinkeezhu,5689,Attingal,Thiruvananthapuram,565,Thiruvananthapuram,KL,32, ,India,Rural,1353.0,5290.0,3.90983001,153.0,2450.0,2840.0,Available,Available,Available,Available,Available,Available,Available,Available,Not Available, , ,Available,Not Available,Not Available,Not Available, , ,Available,Available,Available,Available,Available,Available,0.0,0.0,0.0,0.0,0.0,0.0,0.0,0.0,153.0,123.0,30.0,0.0,0.0,0.0,0.0,30.0,Attingal,4.0,5526.661857756752,5526.661857756752,1454928.0103799333,Administrative Boundary,Survey of India (SOI),Kerala,8.697251454219094,76.84223960394435
254,254,34703.0,Elamba,628469,Mudakkal,16,Chirayinkeezhu,143,Chirayinkeezhu,5689,Attingal,Thiruvananthapuram,565,Thiruvananthapuram,KL,32, ,India,Rural,5288.0,20314.0,3.84152799,1695.0,9381.0,10933.0,Available,Not Available,Available,Available,Available,Available,Available,Available,Available,Not Available,Not Available,Available,Available,Available,Not Available, , ,Available,Available,Not Available,Available,Available,Available,0.0,113.0,17.0,0.0,0.0,13.0,0.0,0.0,1533.0,835.0,717.0,0.0,0.0,717.0,0.0,0.0,Attingal,5.0,22773.742334903716,22773.742334903716,17513437.234720167,Administrative Boundary,Survey of India (SOI),Kerala,8.694172098948702,76.8673633711931
250,250,34699.0,Kadakkavoor,628471,"Kadakkavoor, Anjuthengu","18, 19",Chirayinkeezhu,143,Chirayinkeezhu,5689,Attingal,Thiruvananthapuram,565,Thiruvananthapuram,KL,32, ,India,Rural,5144.0,22632.0,4.39968896,532.0,10880.0,11752.0,Available,Available,Available,Available,Available,Available,Available,Available,Available,Available,Available,Available,Available,Available,Available,Available,Available,Available,Available,Not Available,Not Available,Available,Available,0.0,223.0,4.0,0.0,0.0,0.0,0.0,0.0,304.0,30.0,275.0,0.0,257.0,18.0,0.0,0.0,Attingal,7.0,14875.422688766606,14875.422688766606,7162129.668605069,Administrative Boundary,Survey of India (SOI),Kerala,8.676863919653412,76.76112231194482
244,244,34693.0,Andoorkonam,628508,"Andoorkonam, Pothencode","04, 03",Kazhakkoottam,147,Thiruvananthapuram,5691,Thiruvananthapuram,Thiruvananthapuram,565,Thiruvananthapuram,KL,32, ,India,Rural,3796.0,15557.0,4.09826133,924.0,7488.0,8069.0,Available,Not Available,Available,Available,Available,Available,Available,Available,Available,Available,Available,Available,Available,Available,Available,Available,Available,Available,Available,Not Available,Available,Available,Available,0.0,456.0,0.0,0.0,0.0,0.0,0.0,0.0,468.0,303.0,165.0,83.0,28.0,54.0,0.0,0.0,Thiruvananthapuram,23.0,15226.992310279917,15226.992310279917,9712302.385742756,Administrative Boundary,Survey of India (SOI),Kerala,8.612646099221328,76.87819633715888
382,382,34831.0,Karavaram,628465,Karavaram,11,Kilimanoor,142,Chirayinkeezhu,5689,Attingal,Thiruvananthapuram,565,Thiruvananthapuram,KL,32, ,India,Rural,4052.0,15898.0,3.92349457,1333.0,7275.0,8623.0,Available,Available,Available,Available,Available,Available,Available,Available,Available,Available,Available,Available,Available,Available,Available,Available,Available,Available,Available,Available,Not Available,Available,Available,0.0,37.0,0.0,0.0,0.0,0.0,0.0,0.0,1296.0,1082.0,215.0,0.0,3.0,0.0,0.0,212.0,Attingal,10.0,17358.577553014868,17358.577553014868,13901682.043802116,Administrative Boundary,Survey of India (SOI),Kerala,8.7530607266789,76.81329973485404
377,377,34826.0,Koduvazhannoor,628463,Pulimath,10,Kilimanoor,142,Chirayinkeezhu,5689,Attingal,Thiruvananthapuram,565,Thiruvananthapuram,KL,32, ,India,Rural,2755.0,10248.0,3.71978221,808.0,4663.0,5585.0,Available,Not Available,Available,Available,Available,Available,Available,Available,Available,Available,Available,Available,Available,Available,Available,Not Available,Available,Available,Available,Not Available,Not Available,Available,Available,0.0,112.0,12.0,0.0,0.0,0.0,55.0,55.0,624.0,586.0,98.0,0.0,0.0,98.0,0.0,0.0,Attingal,10.0,14253.172939841736,14253.172939841736,8803555.886113392,Administrative Boundary,Survey of India (SOI),Kerala,8.737092545885547,76.87117862278801
388,388,34837.0,Kudavoor,628458,Navaikulam,04,Kilimanoor,142,Varkala,5946,Attingal,Thiruvananthapuram,565,Thiruvananthapuram,KL,32, ,India,Rural,3501.0,14151.0,4.041988,1196.0,6449.0,7702.0,Available,Not Available,Available,Available,Available,Available,Available,Available,Available,Available,Available,Available,Available,Available,Not Available, , ,Not Available,Available,Available,Available,Not Available,Available,0.0,78.0,2.0,0.0,5.0,15.0,20.0,20.0,1066.0,915.0,186.0,0.0,0.0,18.0,0.0,168.0,Attingal,12.0,24108.0341184436,24108.0341184436,15553321.613196809,Administrative Boundary,Survey of India (SOI),Kerala,8.782087061042581,76.80183408109549
394,394,34843.0,Navaikulam,628455,Navaikulam,04,Kilimanoor,142,Varkala,5946,Attingal,Thiruvananthapuram,565,Thiruvananthapuram,KL,32, ,India,Rural,6721.0,26551.0,3.9504538,1627.0,12209.0,14342.0,Available,Not Available,Not Available, , ,Available,Available,Available,Available,Available,Available,Available,Available,Available,Not Available, , ,Not Available,Available,Not Available,Available,Not Available,Available,0.0,355.0,0.0,0.0,0.0,0.0,0.0,0.0,1272.0,782.0,491.0,0.0,300.0,190.0,0.0,0.0,Attingal,10.0,17754.569211942944,17754.569211942944,14768136.130879072,Administrative Boundary,Survey of India (SOI),Kerala,8.790250583291117,76.77843786483484
391,391,34840.0,Pallickal,628456,"Pallickal, Madavoor","05, 06",Kilimanoor,142,Varkala,5946,Attingal,Thiruvananthapuram,565,Thiruvananthapuram,KL,32, ,India,Rural,4261.0,16873.0,3.95986858,1618.0,7823.0,9050.0,Available,Not Available,Available,Available,Available,Available,Available,Available,Available,Available,Available,Available,Available,Available,Not Available, , ,Available,Available,Not Available,Not Available,Available,Available,0.0,192.0,0.0,0.0,0.0,0.0,0.0,0.0,1426.0,1174.0,251.0,0.0,250.0,1.0,0.0,0.0,Attingal,22.0,24477.8679516994,24477.8679516994,17168409.07681584,Administrative Boundary,Survey of India (SOI),Kerala,8.837291770899148,76.80185836390956
387,387,34836.0,Pazhayakunnummel,628461,Pazhayakunnummel,09,Kilimanoor,142,Chirayinkeezhu,5689,Attingal,Thiruvananthapuram,565,Thiruvananthapuram,KL,32, ,India,Rural,6578.0,24608.0,3.7409547,2531.0,11289.0,13319.0,Available,Available,Available,Available,Available,Available,Available,Available,Available,Available,Available,Available,Available,Available,Available,Available,Available,Available,Available,Not Available,Not Available,Available,Available,0.0,60.0,7.0,0.0,0.0,0.0,50.0,50.0,2379.0,1390.0,1075.0,0.0,843.0,0.0,0.0,232.0,Attingal,13.0,22651.332934614147,22651.332934614147,23064916.63757491,Administrative Boundary,Survey of India (SOI),Kerala,8.783718155893451,76.89123378103861
289,289,34738.0,Panavoor,628487,Panavoor,08,Nedumangad,146,Nedumangad,5690,Nedumangad,Thiruvananthapuram,565,Thiruvananthapuram,KL,32, ,India,Rural,5253.0,20348.0,3.87359604,2190.0,9597.0,10751.0,Available,Not Available,Available,Available,Available,Available,Available,Available,Available,Available,Available,Available,Available,Available,Not Available, , ,Available,Available,Not Available,Not Available,Available,Available,123.0,207.0,0.0,0.0,0.0,0.0,0.0,0.0,1860.0,1664.0,196.0,0.0,98.0,0.0,0.0,98.0,Nedumangad,8.0,30707.560511752537,30707.560511752537,22110053.0887336,Administrative Boundary,Survey of India (SOI),Kerala,8.67298013062602,76.99498276175795
246,246,34695.0,Vembayam,628498,Vembayam,11,Nedumangad,146,Nedumangad,5690,Nedumangad,Thiruvananthapuram,565,Thiruvananthapuram,KL,32, ,India,Rural,5328.0,20716.0,3.88813814,1562.0,9905.0,10811.0,Available,Available,Available,Available,Available,Available,Available,Available,Available,Available,Available,Available,Available,Available,Available,Available,Available,Not Available,Available,Not Available,Available,Available,Available,0.0,5.0,1.0,0.0,12.0,0.0,0.0,0.0,1217.0,1385.0,171.0,0.0,171.0,0.0,0.0,0.0,Nedumangad,12.0,23216.738449057768,23216.738449057768,15819764.979436142,Administrative Boundary,Survey of India (SOI),Kerala,8.615171079763776,76.92920536981254
271,271,34720.0,Kottukal Part,628537,"Kottukal, Karumkulam, Balaramapuram","18, 17, 19",Nemom,149,Neyyattinkara,5692,Neyyattinkara,Thiruvananthapuram,565,Thiruvananthapuram,KL,32, ,India,Rural,11725.0,46915.0,4.00127932,1633.0,23202.0,23713.0,Available,Available,Available,Available,Available,Available,Available,Available,Available,Available,Available,Available,Available,Available,Not Available, , ,Available,Available,Not Available,Available,Available,Available,0.0,37.0,0.0,0.0,0.0,0.0,0.0,0.0,1478.0,935.0,661.0,475.0,35.0,0.0,0.0,150.0,Neyyattinkara,8.0,24689.705061592067,24689.705061592067,18818023.46385337,Administrative Boundary,Survey of India (SOI),Kerala,8.382806230083167,77.03318110692284
272,272,34721.0,Maranalloor,628527,"Maranalloor, Malayinkeezhu","06, 07",Nemom,149,Kattakkada,5945,Neyyattinkara,Thiruvananthapuram,565,Thiruvananthapuram,KL,32, ,India,Rural,9679.0,36550.0,3.77621655,2513.0,17816.0,18734.0,Available,Available,Available,Available,Available,Available,Available,Available,Available,Available,Available,Available,Available,Available,Available,Available,Available,Available,Available,Not Available,Available,Available,Available,0.0,77.0,10.0,0.0,0.0,0.0,0.0,0.0,2423.0,1882.0,544.0,511.0,16.0,12.0,0.0,4.0,Neyyattinkara,8.0,32579.433868217573,32579.433868217573,31106787.78823043,Administrative Boundary,Survey of India (SOI),Kerala,8.459191116380525,77.07181457690297
269,269,34718.0,Chenkal Part,628533,"Chenkal, Karode, Kulathoor","13, 12, 14",Parassala,152,Neyyattinkara,5692,Neyyattinkara,Thiruvananthapuram,565,Thiruvananthapuram,KL,32, ,India,Rural,9549.0,36891.0,3.86333648,1937.0,18047.0,18844.0,Available,Available,Not Available, , ,Available,Available,Available,Available,Available,Available,Available,Available,Available,Not Available, , ,Available,Available,Not Available,Not Available,Available,Available,0.0,87.0,0.0,0.0,0.0,0.0,0.0,0.0,1850.0,1252.0,598.0,408.0,82.0,108.0,0.0,0.0,Neyyattinkara,8.0,19555.961509961744,19555.961509961744,18850681.636683635,Administrative Boundary,Survey of India (SOI),Kerala,8.361868592313927,77.10968375542487
268,268,34717.0,Karode,628532,Karode,12,Parassala,152,Neyyattinkara,5692,Neyyattinkara,Thiruvananthapuram,565,Thiruvananthapuram,KL,32, ,India,Rural,8041.0,31918.0,3.96940679,1413.0,15651.0,16267.0,Available,Available,Available,Available,Available,Available,Available,Available,Available,Available,Available,Available,Available,Available,Available,Available,Available,Available,Available,Not Available,Not Available,Available,Available,0.0,50.0,0.0,0.0,0.0,0.0,2.0,2.0,1361.0,106.0,1257.0,565.0,506.0,186.0,0.0,0.0,Neyyattinkara,14.0,25933.110185908798,25933.110185908798,13960057.68871606,Administrative Boundary,Survey of India (SOI),Kerala,8.325095589105999,77.11961066294613
259,259,34708.0,Anavoor,628529,"Kunnathukal, Vellarada","10, 04",Perumkadavila,151,Neyyattinkara,5692,Neyyattinkara,Thiruvananthapuram,565,Thiruvananthapuram,KL,32, ,India,Rural,3905.0,14667.0,3.75595391,1370.0,7221.0,7446.0,Available,Not Available,Available,Available,Available,Available,Available,Available,Available,Available,Available,Not Available, , ,Not Available, , ,Not Available,Available,Not Available,Not Available,Available,Available,0.0,49.0,0.0,0.0,0.0,0.0,0.0,0.0,1321.0,597.0,724.0,300.0,0.0,141.0,0.0,283.0,Neyyattinkara,10.0,22363.191640151897,22363.191640151897,12478299.569980953,Administrative Boundary,Survey of India (SOI),Kerala,8.432815154791363,77.14660205801539
277,277,34726.0,Kallikkad,628522,Kallikkad,02,Perumkadavila,151,Kattakkada,5945,Neyyattinkara,Thiruvananthapuram,565,Thiruvananthapuram,KL,32, ,India,Rural,2499.0,9413.0,3.76670668,7874.0,4605.0,4808.0,Available,Available,Available,Available,Available,Available,Available,Available,Available,Available,Available,Available,Available,Available,Not Available, , ,Available,Available,Not Available,Available,Available,Available,727.0,4261.0,0.0,0.0,0.0,0.0,0.0,0.0,2863.0,2801.0,85.0,60.0,3.0,22.0,0.0,0.0,Neyyattinkara,22.0,20483.561244585897,20483.561244585897,15442665.609323004,Administrative Boundary,Survey of India (SOI),Kerala,8.53560997145819,77.13643896300951
273,273,34722.0,Kunnathukal,628530,"Kunnathukal, Vellarada","10, 04",Perumkadavila,151,Neyyattinkara,5692,Neyyattinkara,Thiruvananthapuram,565,Thiruvananthapuram,KL,32, ,India,Rural,8424.0,33274.0,3.94990503,1775.0,16221.0,17053.0,Available,Available,Available,Available,Available,Available,Available,Available,Available,Available,Available,Available,Available,Available,Not Available, , ,Available,Available,Not Available,Not Available,Available,Available,0.0,66.0,0.0,0.0,0.0,0.0,0.0,0.0,1709.0,1470.0,239.0,0.0,79.0,0.0,0.0,160.0,Neyyattinkara,15.0,23818.19541763544,23818.19541763544,18557571.760231424,Administrative Boundary,Survey of India (SOI),Kerala,8.410640564179142,77.17026927555332
260,260,34709.0,Perumkadavila,628528,"Perumkadavila, Aryancode, Kollayil, Kunnathukal","08, 05, 09, 10",Perumkadavila,151,Neyyattinkara,5692,Neyyattinkara,Thiruvananthapuram,565,Thiruvananthapuram,KL,32, ,India,Rural,6311.0,23580.0,3.73633339,1754.0,11495.0,12085.0,Available,Not Available,Available,Available,Available,Available,Available,Available,Available,Available,Available,Available,Available,Available,Available,Available,Available,Available,Available,Not Available,Available,Available,Available,0.0,80.0,0.0,0.0,0.0,21.0,0.0,0.0,1648.0,1282.0,371.0,340.0,7.0,14.0,0.0,10.0,Neyyattinkara,8.0,21184.017070994996,21184.017070994996,17864585.89812874,Administrative Boundary,Survey of India (SOI),Kerala,8.429921384661275,77.11589471071137
378,378,34827.0,Kallara,628481,Kallara,03,Vamanapuram,144,Nedumangad,5690,Nedumangad,Thiruvananthapuram,565,Thiruvananthapuram,KL,32, ,India,Rural,6981.0,25844.0,3.70204842,2816.0,11848.0,13996.0,Available,Not Available,Not Available, , ,Available,Available,Available,Available,Available,Available,Available,Available,Available,Not Available, , ,Available,Available,Not Available,Not Available,Available,Available,382.0,0.0,0.0,0.0,0.0,13.0,0.0,0.0,2334.0,23.0,2398.0,0.0,4.0,0.0,0.0,2394.0,Attingal,20.0,22650.543738855587,22650.543738855587,10532231.862395087,Administrative Boundary,Survey of India (SOI),Kerala,8.735094098375807,76.96363918865356
249,249,34698.0,Koliyakode,628489,Manikkal,10,Vamanapuram,144,Nedumangad,5690,Nedumangad,Thiruvananthapuram,565,Thiruvananthapuram,KL,32, ,India,Rural,5004.0,19274.0,3.85171863,1700.0,9102.0,10172.0,Available,Available,Not Available, , ,Available,Available,Available,Available,Available,Available,Available,Available,Available,Not Available, , ,Available,Available,Not Available,Not Available,Not Available,Available,0.0,24.0,0.0,0.0,0.0,0.0,0.0,0.0,1676.0,1378.0,297.0,215.0,0.0,0.0,0.0,82.0,Nedumangad,14.0,22957.847715475196,22957.847715475196,17623582.340590637,Administrative Boundary,Survey of India (SOI),Kerala,8.650634864339764,76.89761781589159
287,287,34736.0,Kurupuzha,628486,Nanniyode,06,Vamanapuram,144,Nedumangad,5690,Nedumangad,Thiruvananthapuram,565,Thiruvananthapuram,KL,32, ,India,Rural,2848.0,10167.0,3.5698736,1940.0,4719.0,5448.0,Not Available,Available,Available,Available,Available,Available,Available,Available,Available,Available,Available,Available,Available,Available,Available,Available,Available,Available,Available,Available,Not Available,Available,Available,1002.0,80.0,20.0,0.0,0.0,0.0,70.0,70.0,735.0,514.0,325.0,0.0,154.0,9.0,0.0,162.0,Nedumangad,12.0,22983.970510784733,22983.970510784733,20386565.85289876,Administrative Boundary,Survey of India (SOI),Kerala,8.679179061730938,77.02848044829744
248,248,34697.0,Manikkal,628490,Manikkal,10,Vamanapuram,144,Nedumangad,5690,Nedumangad,Thiruvananthapuram,565,Thiruvananthapuram,KL,32, ,India,Rural,4822.0,18632.0,3.86395686,1634.0,8861.0,9771.0,Not Available,Available,Available,Available,Available,Available,Available,Available,Not Available, , ,Available,Available,Available,Not Available, , ,Available,Available,Not Available,Available,Not Available,Available,0.0,0.0,0.0,0.0,0.0,0.0,0.0,0.0,1634.0,1633.0,1.0,0.0,0.0,0.0,0.0,1.0,Nedumangad,12.0,21543.65313127428,21543.65313127428,17331586.51111889,Administrative Boundary,Survey of India (SOI),Kerala,8.654849690264163,76.93461673888719
290,290,34739.0,Palode,628485,Nanniyode,06,Vamanapuram,144,Nedumangad,5690,Nedumangad,Thiruvananthapuram,565,Thiruvananthapuram,KL,32, ,India,Rural,4084.0,14922.0,3.65377081,1786.0,7005.0,7917.0,Available,Available,Available,Available,Available,Available,Available,Available,Available,Available,Available,Available,Available,Available,Available,Available,Available,Available,Available,Not Available,Not Available,Available,Available,497.0,438.0,0.0,0.0,0.0,0.0,21.0,21.0,812.0,701.0,150.0,0.0,100.0,0.0,0.0,50.0,Nedumangad,17.0,30956.141064857427,30956.141064857427,20556400.386538416,Administrative Boundary,Survey of India (SOI),Kerala,8.714305443408557,77.0160977303807
383,383,34832.0,Pangode,628482,Pangode,04,Vamanapuram,144,Nedumangad,5690,Nedumangad,Thiruvananthapuram,565,Thiruvananthapuram,KL,32, ,India,Rural,7786.0,29039.0,3.72964295,3728.0,13511.0,15528.0,Available,Available,Available,Available,Available,Available,Available,Available,Available,Available,Available,Available,Available,Available,Available,Available,Available,Available,Available,Not Available,Not Available,Not Available,Available,607.0,404.0,0.0,0.0,0.0,0.0,0.0,0.0,2717.0,2707.0,10.0,0.0,0.0,0.0,0.0,10.0,Nedumangad,30.0,33188.18590781806,33188.18590781806,38984412.61846629,Administrative Boundary,Survey of India (SOI),Kerala,8.756997203951684,76.98822437674855
252,252,34701.0,Pullampara,628488,Pullampara,09,Vamanapuram,144,Nedumangad,5690,Nedumangad,Thiruvananthapuram,565,Thiruvananthapuram,KL,32, ,India,Rural,5570.0,21817.0,3.91687612,2673.0,10111.0,11706.0,Available,Available,Available,Available,Available,Available,Available,Available,Not Available, , ,Available,Available,Available,Available,Available,Available,Available,Available,Not Available,Available,Available,Available,0.0,21.0,21.0,0.0,0.0,0.0,0.0,0.0,2574.0,58.0,2573.0,2497.0,0.0,0.0,0.0,76.0,Attingal,10.0,38203.31932437382,38203.31932437382,35238796.25521882,Administrative Boundary,Survey of India (SOI),Kerala,8.693654841338015,76.94823665849079
376,376,34825.0,Vamanapuram,628480,Vamanapuram,02,Vamanapuram,144,Nedumangad,5690,Nedumangad,Thiruvananthapuram,565,Thiruvananthapuram,KL,32, ,India,Rural,5645.0,21038.0,3.72683791,2178.0,9653.0,11385.0,Available,Not Available,Available,Available,Available,Available,Available,Available,Available,Available,Available,Available,Available,Available,Not Available, , ,Available,Available,Available,Available,Available,Available,0.0,231.0,0.0,0.0,0.0,6.0,0.0,0.0,1941.0,1681.0,260.0,0.0,0.0,44.0,0.0,216.0,Attingal,12.0,43188.3174022114,43188.3174022114,28844323.61278195,Administrative Boundary,Survey of India (SOI),Kerala,8.72500570799612,76.92794929370635
386,386,34835.0,Ayiroor,628453,Elakamon,02,Varkala,141,Varkala,5946,Attingal,Thiruvananthapuram,565,Thiruvananthapuram,KL,32, ,India,Rural,6508.0,25307.0,3.88859865,1775.0,11413.0,13894.0,Available,Not Available,Not Available, , ,Available,Available,Available,Available,Available,Available,Not Available, , ,Not Available, , ,Available,Available,Not Available,Not Available,Available,Available,0.0,113.0,0.0,0.0,0.0,22.0,40.0,40.0,1590.0,1368.0,271.0,271.0,0.0,0.0,0.0,0.0,Varkala,8.0,22664.41131158848,22664.41131158848,18642167.66547361,Administrative Boundary,Survey of India (SOI),Kerala,8.783939280889,76.72521789457778
373,373,34822.0,Chemmaruthy,628454,Chemmaruthy,03,Varkala,141,Varkala,5946,Attingal,Thiruvananthapuram,565,Thiruvananthapuram,KL,32, ,India,Rural,8238.0,32444.0,3.93833455,1754.0,14751.0,17693.0,Available,Not Available,Not Available, , ,Available,Available,Available,Available,Available,Available,Available,Available,Available,Not Available, , ,Available,Available,Not Available,Not Available,Not Available,Available,0.0,49.0,4.0,0.0,0.0,0.0,0.0,0.0,1701.0,1671.0,30.0,0.0,0.0,0.0,0.0,30.0,Varkala,8.0,19985.379800180377,19985.379800180377,17440659.17831985,Administrative Boundary,Survey of India (SOI),Kerala,8.759972161388259,76.75106244131277
380,380,34829.0,Ottoor,628466,Ottoor,12,Varkala,141,Varkala,5946,Attingal,Thiruvananthapuram,565,Thiruvananthapuram,KL,32, ,India,Rural,4260.0,16085.0,3.7758216,947.0,7234.0,8851.0,Available,Available,Available,Available,Available,Available,Available,Available,Available,Available,Available,Available,Available,Available,Not Available, , ,Not Available,Available,Not Available,Not Available,Available,Available,0.0,315.0,0.0,0.0,0.0,10.0,2.0,2.0,617.0,551.0,71.0,42.0,29.0,0.0,0.0,0.0,Attingal,6.0,15689.763681139975,15689.763681139975,9685031.24726667,Administrative Boundary,Survey of India (SOI),Kerala,8.74222677380866,76.77832575673129
374,374,34823.0,Vettoor,628467,"Vettoor, Cherunniyoor","13, 14",Varkala,141,Varkala,5946,Attingal,Thiruvananthapuram,565,Thiruvananthapuram,KL,32, ,India,Rural,8694.0,36818.0,4.23487463,1769.0,16409.0,20409.0,Available,Available,Available,Available,Available,Available,Available,Available,Not Available, , ,Available,Available,Available,Available,Not Available,Not Available,Available,Available,Not Available,Not Available,Available,Available,0.0,255.0,0.0,0.0,4.0,9.0,4.0,4.0,1497.0,979.0,526.0,0.0,267.0,130.0,0.0,129.0,Varkala,2.0,20545.32996812977,20545.32996812977,18178763.677671053,Administrative Boundary,Survey of India (SOI),Kerala,8.718993927072427,76.74685850299029
279,279,34728.0,Aruvikkara,628499,"Aruvikkara, Vellanad","17, 18",Vellanad,145,Nedumangad,5690,Nedumangad,Thiruvananthapuram,565,Thiruvananthapuram,KL,32, ,India,Rural,8871.0,33909.0,3.82245519,2080.0,16427.0,17482.0,Available,Not Available,Available,Available,Available,Available,Available,Available,Available,Available,Available,Available,Available,Available,Not Available, , ,Available,Available,Not Available,Available,Available,Available,0.0,69.0,0.0,0.0,8.0,0.0,0.0,0.0,2003.0,154.0,1858.0,290.0,0.0,0.0,0.0,1568.0,Nedumangad,6.0,22399.553392670183,22399.553392670183,11823394.451631056,Administrative Boundary,Survey of India (SOI),Kerala,8.574042309757337,77.00902047900239
284,284,34733.0,Aryanad,628496,Aryanad,15,Vellanad,145,Nedumangad,5690,Nedumangad,Thiruvananthapuram,565,Thiruvananthapuram,KL,32, ,India,Rural,7086.0,26361.0,3.72015241,10435.0,12491.0,13870.0,Available,Not Available,Available,Available,Available,Available,Available,Available,Available,Available,Available,Available,Available,Available,Not Available, , ,Available,Available,Available,Not Available,Not Available,Available,8140.0,123.0,5.0,0.0,0.0,0.0,0.0,0.0,2167.0,720.0,1447.0,0.0,1433.0,0.0,0.0,15.0,Nedumangad,11.0,38900.62735259358,38900.62735259358,31883414.825542506,Administrative Boundary,Survey of India (SOI),Kerala,8.598131310076235,77.09810481415111
274,274,34723.0,Mannoorkara,628495,Kuttichal,14,Vellanad,145,Kattakkada,5945,Nedumangad,Thiruvananthapuram,565,Thiruvananthapuram,KL,32, ,India,Rural,4793.0,18343.0,3.82703943,1977.0,8682.0,9661.0,Available,Not Available,Available,Available,Available,Available,Available,Available,Not Available, , ,Available,Available,Available,Not Available, , ,Not Available,Available,Available,Available,Available,Available,0.0,280.0,0.0,0.0,0.0,16.0,0.0,0.0,1681.0,1305.0,376.0,0.0,161.0,0.0,0.0,215.0,Nedumangad,5.0,67327.48901101657,67327.48901101657,96269752.64232694,Administrative Boundary,Survey of India (SOI),Kerala,8.600766379135324,77.16888521849147
278,278,34727.0,Perumkulam,628501,"Poovachal, Vellanad","19, 18",Vellanad,145,Kattakkada,5945,Nedumangad,Thiruvananthapuram,565,Thiruvananthapuram,KL,32, ,India,Rural,4888.0,19202.0,3.92839607,1327.0,9337.0,9865.0,Available,Available,Available,Available,Available,Available,Available,Available,Available,Available,Available,Available,Available,Available,Available,Available,Available,Available,Available,Not Available,Not Available,Not Available,Available,0.0,119.0,40.0,0.0,0.0,18.0,2.0,2.0,1088.0,959.0,191.0,0.0,48.0,35.0,0.0,108.0,Nedumangad,6.0,35796.85477094973,35796.85477094973,23533705.385875937,Administrative Boundary,Survey of India (SOI),Kerala,8.543788309115229,77.05368428894275
286,286,34735.0,Tholicode,628493,"Vithura, Tholicode","07, 13",Vellanad,145,Nedumangad,5690,Nedumangad,Thiruvananthapuram,565,Thiruvananthapuram,KL,32, ,India,Rural,8156.0,31784.0,3.89700834,2936.0,14925.0,16859.0,Available,Not Available,Available,Available,Available,Available,Available,Available,Available,Available,Available,Available,Available,Available,Not Available, , ,Available,Available,Not Available,Not Available,Available,Available,654.0,530.0,0.0,0.0,0.0,36.0,0.0,0.0,916.0,1136.0,580.0,0.0,143.0,359.0,0.0,78.0,Nedumangad,12.0,25074.53566604419,25074.53566604419,27792278.41155488,Administrative Boundary,Survey of India (SOI),Kerala,8.650198213072844,77.06476898876778
282,282,34731.0,Uzhamalackal,628497,Uzhamalackal,16,Vellanad,145,Nedumangad,5690,Nedumangad,Thiruvananthapuram,565,Thiruvananthapuram,KL,32, ,India,Rural,5636.0,21472.0,3.80979418,1875.0,10322.0,11150.0,Available,Available,Available,Available,Available,Available,Available,Available,Available,Available,Available,Available,Available,Available,Available,Not Available,Not Available,Available,Available,Not Available,Not Available,Available,Available,33.0,169.0,0.0,0.0,0.0,0.0,0.0,0.0,1673.0,1400.0,273.0,0.0,15.0,75.0,0.0,183.0,Nedumangad,8.0,23406.20536011798,23406.20536011798,19253294.54827173,Administrative Boundary,Survey of India (SOI),Kerala,8.601762028888789,77.0564575323445
778,778,35227.0,Alappad,627821,Chazhoor,07,Anthicad,64,Thrissur,5654,Thrissur,Thrissur,566,Thrissur,KL,32, ,India,Rural,1112.0,4448.0,4.0,572.0,2036.0,2412.0,Available,Not Available,Available,Available,Available,Available,Available,Available,Available,Available,Available,Available,Available,Available,Available,Not Available,Not Available,Available,Available,Available,Not Available,Available,Available,0.0,242.0,0.0,0.0,0.0,0.0,300.0,300.0,30.0,46.0,284.0,282.0,0.0,1.0,0.0,0.0,Thrissur,10.0,10471.859453678891,10471.859453678891,5920933.810625388,Administrative Boundary,Survey of India (SOI),Kerala,10.43707491436573,76.16183165750553
747,747,35196.0,Inchamudi,627823,Chazhoor,07,Anthicad,64,Thrissur,5654,Thrissur,Thrissur,566,Thrissur,KL,32, ,India,Rural,811.0,3341.0,4.11960543,365.0,1504.0,1837.0,Available,Not Available,Available,Available,Available,Available,Available,Available,Not Available, , ,Available,Available,Available,Not Available, , ,Available,Available,Not Available,Not Available,Available,Available,0.0,47.0,0.0,0.0,0.0,32.0,54.0,54.0,232.0,40.0,246.0,162.0,0.0,1.0,0.0,81.0,Thrissur,20.0,11303.668963062728,11303.668963062728,3809104.5258707474,Administrative Boundary,Survey of India (SOI),Kerala,10.416061926113866,76.17764145429176
779,779,35228.0,Pullu,627819,Chazhoor,07,Anthicad,64,Thrissur,5654,Thrissur,Thrissur,566,Thrissur,KL,32, ,India,Rural,292.0,1196.0,4.09589041,383.0,556.0,640.0,Available,Available,Available,Available,Available,Available,Available,Available,Not Available, , ,Available,Available,Available,Not Available, , ,Available,Available,Not Available,Available,Available,Available,0.0,65.0,0.0,0.0,0.0,0.0,0.0,0.0,318.0,0.0,318.0,296.0,20.0,2.0,0.0,0.0,Thrissur,10.0,8054.470782416855,8054.470782416855,3663674.7337830337,Administrative Boundary,Survey of India (SOI),Kerala,10.459071345235797,76.15151726395344
754,754,35203.0,Elanjipra,627904,Kodassery,12,Chalakudy (Part),73,Chalakkudy,5939,Irinjalakuda,Thrissur,566,Thrissur,KL,32, ,India,Rural,1254.0,4895.0,3.90350877,216.0,2420.0,2475.0,Available,Available,Available,Available,Available,Available,Available,Available,Available,Available,Available,Available,Available,Available,Available,Available,Available,Available,Available,Not Available,Available,Available,Available,0.0,23.0,2.0,0.0,21.0,0.0,3.0,3.0,150.0,105.0,87.0,85.0,0.0,0.0,0.0,2.0,Chalakudy,5.0,7789.984282041467,7789.984282041467,2307205.973676361,Administrative Boundary,Survey of India (SOI),Kerala,10.323678620544563,76.35664189337841
755,755,35204.0,Kuttichira,627901,"Kodassery, Athirappally","12, 86",Chalakudy (Part),73,Chalakkudy,5939,Irinjalakuda,Thrissur,566,Thrissur,KL,32, ,India,Rural,4558.0,17808.0,3.90697674,22183.0,8765.0,9043.0,Available,Not Available,Available,Available,Available,Available,Available,Available,Available,Not Available,Not Available,Available,Available,Available,Available,Not Available,Not Available,Available,Available,Not Available,Available,Available,Available,20793.0,471.0,0.0,0.0,0.0,0.0,0.0,0.0,679.0,413.0,506.0,389.0,97.0,20.0,0.0,0.0,Chalakudy,13.0,22226.55480449039,22226.55480449039,15673613.58810067,Administrative Boundary,Survey of India (SOI),Kerala,10.339557840474743,76.42659419835876
760,760,35209.0,Melur,627913,Melur,17,Chalakudy (Part),73,Chalakkudy,5939,Irinjalakuda,Thrissur,566,Thrissur,KL,32, ,India,Rural,5660.0,22678.0,4.00671378,2027.0,10958.0,11720.0,Available,Not Available,Available,Available,Available,Available,Available,Available,Available,Available,Available,Available,Available,Available,Not Available, , ,Available,Available,Not Available,Not Available,Available,Available,0.0,275.0,0.0,0.0,0.0,0.0,0.0,0.0,1752.0,231.0,1522.0,1522.0,0.0,0.0,0.0,0.0,Chalakudy,5.0,24466.58301960128,24466.58301960128,21115965.229766216,Administrative Boundary,Survey of India (SOI),Kerala,10.294344128271579,76.3774389075481
907,907,35356.0,Pariyaram,627903,"Pariyaram, Athirappally","13, 86",Chalakudy (Part),73,Chalakkudy,5939,Irinjalakuda,Thrissur,566,Thrissur,KL,32, ,India,Rural,8122.0,31195.0,3.84080276,35867.0,15236.0,15959.0,Available,Available,Available,Available,Available,Available,Available,Available,Available,Available,Available,Available,Available,Available,Available,Available,Available,Available,Available,Available,Available,Available,Available,32635.0,19.0,0.0,0.0,0.0,0.0,211.0,211.0,2758.0,1509.0,1705.0,1103.0,602.0,0.0,0.0,0.0,Chalakudy,5.0,224071.92276137765,224071.92276137765,706354557.9186846,Administrative Boundary,Survey of India (SOI),Kerala,10.358261379210653,76.5715915788713
718,718,35167.0,Kadappuram,627785,"Kadappuram,Orumanayur ,Engandiyur","02,01,03",Chavakkad,59,Chavakkad,5653,Chavakkad,Thrissur,566,Thrissur,KL,32, ,India,Rural,4624.0,22938.0,4.96064014,896.0,10522.0,12416.0,Available,Available,Available,Available,Available,Available,Available,Available,Available,Available,Available,Available,Available,Available,Not Available, , ,Available,Available,Not Available,Available,Available,Available,0.0,293.0,0.0,0.0,0.0,0.0,0.0,0.0,603.0,429.0,174.0,0.0,154.0,19.0,0.0,1.0,Chavakkad,3.0,21990.513532774,21990.513532774,8239756.6456889715,Administrative Boundary,Survey of India (SOI),Kerala,10.548211852581673,76.02603353415881
751,751,35200.0,Arattupuzha,627824,Vallachira,09,Cherpu,65,Thrissur,5654,Thrissur,Thrissur,566,Thrissur,KL,32, ,India,Rural,1793.0,7263.0,4.05075293,414.0,3460.0,3803.0,Not Available,Available,Available,Available,Available,Available,Available,Available,Available,Available,Available,Available,Available,Available,Not Available, , ,Available,Available,Not Available,Not Available,Available,Available,0.0,47.0,0.0,0.0,0.0,0.0,0.0,0.0,367.0,76.0,291.0,187.0,104.0,0.0,0.0,0.0,Thrissur,11.0,8553.162747717413,8553.162747717413,3125266.6326643177,Administrative Boundary,Survey of India (SOI),Kerala,10.420122692056706,76.22463387860529
774,774,35223.0,Pallippuram,627820,Paralam,08,Cherpu,65,Thrissur,5654,Thrissur,Thrissur,566,Thrissur,KL,32, ,India,Rural,617.0,2450.0,3.97082658,427.0,1178.0,1272.0,Available,Not Available,Available,Available,Available,Available,Available,Available,Not Available, , ,Not Available, , ,Not Available, , ,Not Available,Not Available,Not Available,Not Available,Available,Available,0.0,20.0,0.0,0.0,0.0,4.0,354.0,354.0,50.0,50.0,354.0,205.0,148.0,0.0,0.0,0.0,Thrissur,15.0,9801.845521948402,9801.845521948402,4101656.4604831287,Administrative Boundary,Survey of India (SOI),Kerala,10.452701815455551,76.17329445086322
789,789,35238.0,Chemmanthatta,627739,Chowwannur,13,Chowwannur,56,Kunnamkulam,6598,Wadakkanchery,Thrissur,566,Thrissur,KL,32, ,India,Rural,1468.0,6538.0,4.45367847,486.0,3063.0,3475.0,Not Available,Available,Not Available, , ,Available,Available,Available,Available,Available,Available,Available,Available,Available,Not Available, , ,Available,Available,Not Available,Not Available,Available,Available,0.0,10.0,0.0,0.0,20.0,0.0,62.0,62.0,394.0,68.0,408.0,0.0,347.0,43.0,0.0,18.0,Kunnamkulam,6.0,12459.395413346963,12459.395413346963,4835848.23865434,Administrative Boundary,Survey of India (SOI),Kerala,10.642796958398538,76.10182634039298
721,721,35170.0,Chowwannur,627736,Chowwannur,13,Chowwannur,56,Kunnamkulam,6598,Wadakkanchery,Thrissur,566,Thrissur,KL,32, ,India,Rural,1616.0,6907.0,4.27413366,126.0,3244.0,3663.0,Not Available,Available,Not Available, , ,Available,Available,Available,Available,Available,Available,Available,Available,Available,Not Available, , ,Available,Available,Not Available,Not Available,Available,Available,0.0,0.0,0.0,0.0,45.0,0.0,0.0,0.0,81.0,0.0,126.0,0.0,78.0,48.0,0.0,0.0,Kunnamkulam,1.0,17403.697445384132,17403.697445384132,6889200.442955966,Administrative Boundary,Survey of India (SOI),Kerala,10.659898618393546,76.0908383802865
722,722,35171.0,Kanipayyur,627738,Chowwannur,13,Chowwannur,56,Kunnamkulam,6598,Wadakkanchery,Thrissur,566,Thrissur,KL,32, ,India,Rural,782.0,3245.0,4.14961637,116.0,1511.0,1734.0,Available,Not Available,Not Available, , ,Available,Available,Available,Available,Available,Available,Available,Available,Available,Not Available, , ,Not Available,Available,Not Available,Available,Available,Available,0.0,0.0,0.0,0.0,20.0,0.0,19.0,19.0,68.0,0.0,116.0,0.0,116.0,0.0,0.0,0.0,Kunnamkulam,1.0,13961.052344435133,13961.052344435133,4629038.199487788,Administrative Boundary,Survey of India (SOI),Kerala,10.63380414102133,76.08001829297102
946,946,35395.0,Mangad Part,627737,Porkulam,14,Chowwannur,56,Kunnamkulam,6598,Wadakkanchery,Thrissur,566,Thrissur,KL,32, ,India,Rural,934.0,3989.0,4.27087794,111.0,1853.0,2136.0,Available,Not Available,Not Available, , ,Available,Available,Available,Available,Available,Available,Available,Available,Available,Not Available, , ,Available,Available,Not Available,Not Available,Available,Available,0.0,0.0,0.0,0.0,0.0,0.0,0.0,0.0,111.0,0.0,111.0,0.0,111.0,0.0,0.0,0.0,Kunnamkulam,5.0,10191.306347880603,10191.306347880603,3761514.195229409,Administrative Boundary,Survey of India (SOI),Kerala,10.671281338345294,76.04939237064251
1185,1185,35634.0,Perumpilavu,627714,Kadavallur,01,Chowwannur,56,Kunnamkulam,6598,Wadakkanchery,Thrissur,566,Thrissur,KL,32, ,India,Rural,2228.0,9896.0,4.44165171,1003.0,4655.0,5241.0,Available,Not Available,Not Available, , ,Available,Available,Available,Available,Available,Available,Available,Available,Available,Available,Not Available,Not Available,Not Available,Available,Not Available,Not Available,Available,Available,0.0,27.0,16.0,0.0,0.0,0.0,0.0,0.0,960.0,725.0,235.0,0.0,235.0,0.0,0.0,0.0,Kunnamkulam,6.0,14905.245384887345,14905.245384887345,9300126.738824433,Administrative Boundary,Survey of India (SOI),Kerala,10.706960211365525,76.10812118903212
743,743,35192.0,Anandapuram,627894,Muriyad,06,Irinjalakuda,70,Mukundapuram,5656,Irinjalakuda,Thrissur,566,Thrissur,KL,32, ,India,Rural,1733.0,6741.0,3.8897865,610.0,3204.0,3537.0,Available,Not Available,Available,Available,Available,Available,Available,Available,Not Available, , ,Available,Available,Available,Not Available, , ,Available,Available,Not Available,Not Available,Available,Available,0.0,129.0,0.0,0.0,0.0,65.0,0.0,0.0,318.0,222.0,194.0,99.0,95.0,0.0,0.0,0.0,Irinjalakuda,10.0,11721.562952140424,11721.562952140424,6585602.028016843,Administrative Boundary,Survey of India (SOI),Kerala,10.379876670267596,76.26049835281675
753,753,35202.0,Irinjalakuda,627896,Porathissery,07,Irinjalakuda,70,Mukundapuram,5656,Irinjalakuda,Thrissur,566,Thrissur,KL,32, ,India,Rural,709.0,2868.0,4.04513399,180.0,1388.0,1480.0,Available,Not Available,Available,Available,Available,Available,Available,Available,Available,Available,Available,Available,Available,Available,Available,Available,Available,Not Available,Available,Not Available,Available,Available,Available,0.0,15.0,0.0,0.0,0.0,0.0,0.0,0.0,165.0,109.0,56.0,56.0,0.0,0.0,0.0,0.0,Irinjalakuda,1.0,6564.430366439682,6564.430366439682,1477953.8683846656,Administrative Boundary,Survey of India (SOI),Kerala,10.364392653135612,76.22186643925637
727,727,35176.0,Karalam,627886,Karalam,01,Irinjalakuda,70,Mukundapuram,5656,Irinjalakuda,Thrissur,566,Thrissur,KL,32, ,India,Rural,4251.0,16594.0,3.90355211,1430.0,7684.0,8910.0,Available,Available,Available,Available,Available,Available,Available,Available,Available,Available,Available,Available,Available,Available,Not Available, , ,Available,Available,Not Available,Not Available,Available,Available,0.0,150.0,37.0,0.0,0.0,1.0,0.0,0.0,1242.0,749.0,493.0,307.0,150.0,17.0,0.0,19.0,Irinjalakuda,3.0,25488.172212458496,25488.172212458496,14307542.343678595,Administrative Boundary,Survey of India (SOI),Kerala,10.386974425646404,76.18729397511655
725,725,35174.0,Nellayi,627893,Parappukkara,02,Irinjalakuda,70,Mukundapuram,5656,Irinjalakuda,Thrissur,566,Thrissur,KL,32, ,India,Rural,2546.0,9998.0,3.92694423,720.0,4822.0,5176.0,Available,Available,Available,Available,Available,Available,Available,Available,Available,Not Available,Not Available,Not Available, , ,Not Available, , ,Available,Available,Not Available,Available,Available,Available,0.0,101.0,0.0,0.0,0.0,0.0,0.0,0.0,504.0,197.0,422.0,222.0,200.0,0.0,0.0,0.0,Chalakudy,10.0,14701.990695064727,14701.990695064727,7419647.1158664385,Administrative Boundary,Survey of India (SOI),Kerala,10.384424585853747,76.28702692847999
772,772,35221.0,Kallur,627888,Trikkur,03,Kodakara,71,Mukundapuram,5656,Irinjalakuda,Thrissur,566,Thrissur,KL,32, ,India,Rural,4578.0,18716.0,4.08824814,1750.0,9190.0,9526.0,Available,Not Available,Available,Not Available,Not Available,Available,Not Available,Not Available,Available,Available,Available,Available,Available,Available,Available,Not Available,Not Available,Available,Available,Not Available,Not Available,Available,Available,100.0,359.0,0.0,0.0,0.0,425.0,0.0,0.0,866.0,342.0,524.0,200.0,62.0,0.0,0.0,262.0,Thrissur,12.0,29096.665059811265,29096.665059811265,19154350.060230985,Administrative Boundary,Survey of India (SOI),Kerala,10.45548037748904,76.31651825846696
761,761,35210.0,Kodassery,627902,"Kodassery, Mattathur","12, 11",Kodakara,71,Chalakkudy,5939,Irinjalakuda,Thrissur,566,Thrissur,KL,32, ,India,Rural,3159.0,12575.0,3.98069009,4063.0,5970.0,6605.0,Available,Not Available,Not Available, , ,Available,Available,Available,Available,Not Available,Not Available,Not Available, , ,Not Available, , ,Available,Available,Available,Not Available,Available,Available,1587.0,1064.0,0.0,0.0,0.0,341.0,0.0,0.0,970.0,278.0,793.0,445.0,347.0,1.0,0.0,0.0,Chalakudy,10.0,32044.1576428798,32044.1576428798,25895543.858666945,Administrative Boundary,Survey of India (SOI),Kerala,10.349969102090828,76.37189187311218
762,762,35211.0,Mupliyam,627890,Varandarappilly,04,Kodakara,71,Chalakkudy,5939,Irinjalakuda,Thrissur,566,Thrissur,KL,32, ,India,Rural,2005.0,8020.0,4.0,4043.0,3890.0,4130.0,Available,Not Available,Available,Available,Available,Available,Available,Available,Available,Available,Available,Available,Available,Available,Not Available, , ,Available,Available,Not Available,Available,Available,Available,3058.0,100.0,0.0,0.0,0.0,141.0,0.0,0.0,744.0,356.0,388.0,0.0,162.0,0.0,0.0,226.0,Thrissur,22.0,17761.008014358926,17761.008014358926,9180597.20430077,Administrative Boundary,Survey of India (SOI),Kerala,10.406407670440974,76.34835043746084
758,758,35207.0,Nandipulam,627891,Varandarappilly,04,Kodakara,71,Chalakkudy,5939,Irinjalakuda,Thrissur,566,Thrissur,KL,32, ,India,Rural,1438.0,5529.0,3.8449235,470.0,2663.0,2866.0,Available,Not Available,Available,Available,Available,Available,Available,Available,Not Available, , ,Not Available, , ,Available,Available,Available,Available,Not Available,Not Available,Not Available,Available,Available,0.0,39.0,0.0,0.0,0.0,40.0,0.0,0.0,391.0,2.0,389.0,0.0,162.0,0.0,0.0,227.0,Irinjalakuda,22.0,11211.28686870284,11211.28686870284,3843162.028189043,Administrative Boundary,Survey of India (SOI),Kerala,10.395300252339137,76.3240034578199
800,800,35249.0,Varandarappilly,627889,Varandarappilly,04,Kodakara,71,Chalakkudy,5939,Irinjalakuda,Thrissur,566,Thrissur,KL,32, ,India,Rural,6606.0,27343.0,4.13911596,5805.0,13099.0,14244.0,Available,Not Available,Available,Available,Available,Available,Available,Available,Available,Available,Available,Available,Available,Available,Not Available, , ,Available,Available,Not Available,Available,Available,Available,4473.0,122.0,0.0,0.0,0.0,58.0,0.0,0.0,1152.0,266.0,886.0,128.0,364.0,0.0,0.0,394.0,Thrissur,10.0,21112.42170655714,21112.42170655714,10313622.147141129,Administrative Boundary,Survey of India (SOI),Kerala,10.423934300138315,76.33170033846315
748,748,35197.0,Azhikode,627872,Eriyad,03,Kodungallur,67,Kodungallur,5655,Kodungallur,Thrissur,566,Thrissur,KL,32, ,India,Rural,4606.0,19935.0,4.32805037,724.0,9535.0,10400.0,Available,Not Available,Available,Available,Available,Available,Available,Available,Available,Not Available,Not Available,Available,Available,Available,Not Available, , ,Not Available,Available,Not Available,Not Available,Available,Available,0.0,58.0,0.0,0.0,0.0,0.0,0.0,0.0,666.0,194.0,472.0,0.0,312.0,111.0,0.0,49.0,Kodungallur,6.0,11273.254587386224,11273.254587386224,5986635.747214346,Administrative Boundary,Survey of India (SOI),Kerala,10.195078832587983,76.16718607033931
731,731,35180.0,Alathur,627915,Annamanada,19,Mala,68,Chalakkudy,5939,Irinjalakuda,Thrissur,566,Thrissur,KL,32, ,India,Rural,3236.0,12678.0,3.91779975,1258.0,6065.0,6613.0,Available,Not Available,Available,Available,Available,Available,Available,Available,Available,Available,Available,Available,Available,Available,Not Available, , ,Available,Available,Not Available,Not Available,Available,Available,0.0,102.0,0.0,0.0,0.0,40.0,0.0,0.0,1115.0,162.0,953.0,763.0,133.0,57.0,0.0,0.0,Chalakudy,18.0,18126.80012882316,18126.80012882316,13022410.60347391,Administrative Boundary,Survey of India (SOI),Kerala,10.233588288452378,76.30570828424806
726,726,35175.0,Kakkulissery,627917,Kuzhur,20,Mala,68,Chalakkudy,5939,Irinjalakuda,Thrissur,566,Thrissur,KL,32, ,India,Rural,2646.0,10448.0,3.94860166,856.0,5032.0,5416.0,Available,Not Available,Not Available, , ,Available,Available,Available,Not Available, , ,Not Available, , ,Not Available, , ,Available,Available,Not Available,Not Available,Available,Available,0.0,282.0,0.0,0.0,0.0,59.0,0.0,0.0,516.0,38.0,477.0,210.0,215.0,52.0,0.0,0.0,Chalakudy,18.0,17997.910030908064,17997.910030908064,8996805.349617854,Administrative Boundary,Survey of India (SOI),Kerala,10.209125987569198,76.29291608235455
737,737,35186.0,Thazhekkad,627906,Alur,09,Mala,68,Chalakkudy,5939,Irinjalakuda,Thrissur,566,Thrissur,KL,32, ,India,Rural,3369.0,13241.0,3.93024636,1196.0,6220.0,7021.0,Available,Available,Available,Available,Available,Available,Available,Available,Available,Available,Available,Available,Available,Available,Not Available, , ,Not Available,Not Available,Not Available,Available,Available,Available,0.0,220.0,0.0,0.0,0.0,59.0,202.0,202.0,594.0,33.0,884.0,493.0,391.0,0.0,0.0,0.0,Irinjalakuda,10.0,21251.626599238367,21251.626599238367,13854707.516881486,Administrative Boundary,Survey of India (SOI),Kerala,10.315199361731551,76.27264409631083
733,733,35182.0,Vadakkumbhagom,627911,Mala,16,Mala,68,Chalakkudy,5939,Irinjalakuda,Thrissur,566,Thrissur,KL,32, ,India,Rural,1814.0,7075.0,3.90022051,605.0,3291.0,3784.0,Available,Not Available,Available,Available,Available,Available,Available,Available,Not Available, , ,Available,Available,Available,Not Available, , ,Not Available,Available,Not Available,Available,Available,Available,0.0,97.0,0.0,0.0,0.0,0.0,60.0,60.0,418.0,195.0,313.0,93.0,220.0,0.0,0.0,0.0,Chalakudy,15.0,15852.95270080279,15852.95270080279,6079867.900109718,Administrative Boundary,Survey of India (SOI),Kerala,10.271825732348017,76.27517307580003
750,750,35199.0,Koolimuttam,627870,Mathilakom,01,Mathilakam,66,Kodungallur,5655,Kodungallur,Thrissur,566,Thrissur,KL,32, ,India,Rural,3147.0,12497.0,3.97108357,656.0,5643.0,6854.0,Available,Available,Not Available, , ,Available,Available,Available,Available,Available,Available,Available,Available,Available,Not Available, , ,Available,Available,Not Available,Not Available,Available,Available,0.0,21.0,0.0,0.0,0.0,0.0,0.0,0.0,635.0,182.0,453.0,0.0,283.0,170.0,0.0,0.0,Kodungallur,10.0,14332.672082887437,14332.672082887437,7092667.813097625,Administrative Boundary,Survey of India (SOI),Kerala,10.285027985556345,76.14248995956812
749,749,35198.0,Padinjare Vemballur,627871,S.N.Puram,02,Mathilakam,66,Kodungallur,5655,Kodungallur,Thrissur,566,Thrissur,KL,32, ,India,Rural,2905.0,11836.0,4.07435456,631.0,5556.0,6280.0,Available,Not Available,Not Available, , ,Available,Available,Available,Available,Available,Available,Available,Available,Available,Not Available, , ,Not Available,Available,Not Available,Not Available,Available,Available,0.0,7.0,7.0,0.0,0.0,0.0,0.0,0.0,617.0,316.0,301.0,82.0,147.0,72.0,0.0,0.0,Kodungallur,8.0,11952.673512940695,11952.673512940695,6670331.926295087,Administrative Boundary,Survey of India (SOI),Kerala,10.259695131679749,76.14636044669123
775,775,35224.0,Irimbranallur,627787,Venkidangu,05,Mullassery,61,Chavakkad,5653,Chavakkad,Thrissur,566,Thrissur,KL,32, ,India,Rural,784.0,3200.0,4.08163265,646.0,1406.0,1794.0,Available,Not Available,Available,Available,Available,Available,Available,Available,Not Available, , ,Available,Available,Available,Not Available, , ,Not Available,Available,Not Available,Not Available,Available,Available,0.0,45.0,0.0,0.0,0.0,0.0,0.0,0.0,601.0,569.0,32.0,8.0,16.0,7.0,0.0,1.0,Chavakkad,12.0,13067.06078409111,13067.06078409111,6727761.704089254,Administrative Boundary,Survey of India (SOI),Kerala,10.512200708653571,76.11525092313191
720,720,35169.0,Kundazhiyur,627788,Venkidangu,05,Mullassery,61,Chavakkad,5653,Chavakkad,Thrissur,566,Thrissur,KL,32, ,India,Rural,2338.0,10583.0,4.52651839,650.0,4742.0,5841.0,Available,Not Available,Available,Available,Available,Available,Available,Available,Not Available, , ,Available,Available,Available,Not Available, , ,Not Available,Available,Not Available,Not Available,Available,Available,0.0,100.0,0.0,0.0,0.0,0.0,0.0,0.0,550.0,525.0,26.0,5.0,12.0,5.0,0.0,4.0,Chavakkad,12.0,17606.936279972695,17606.936279972695,7038139.392865434,Administrative Boundary,Survey of India (SOI),Kerala,10.525595577741719,76.07301371067985
806,806,35255.0,Mannamangalam,627817,Puthur,05,Ollukkara,63,Thrissur,5654,Thrissur,Thrissur,566,Thrissur,KL,32, ,India,Rural,1874.0,7878.0,4.20384205,875.0,3927.0,3951.0,Available,Not Available,Available,Available,Available,Available,Available,Available,Available,Available,Available,Available,Available,Available,Available,Available,Available,Available,Not Available,Not Available,Available,Available,Available,630.0,200.0,0.0,0.0,0.0,0.0,0.0,0.0,45.0,0.0,45.0,0.0,0.0,0.0,0.0,45.0,Thrissur,10.0,23162.800857472845,23162.800857472845,9474730.085386146,Administrative Boundary,Survey of India (SOI),Kerala,10.48154658556567,76.3448968849445
776,776,35225.0,Mulayam,627818,Nadathara,06,Ollukkara,63,Thrissur,5654,Thrissur,Thrissur,566,Thrissur,KL,32, ,India,Rural,2206.0,9465.0,4.29057117,1112.0,4692.0,4773.0,Available,Available,Available,Available,Available,Available,Available,Available,Available,Available,Available,Available,Available,Available,Available,Not Available,Not Available,Available,Available,Not Available,Available,Available,Available,485.0,160.0,0.0,0.0,0.0,0.0,0.0,0.0,467.0,10.0,457.0,236.0,100.0,15.0,0.0,106.0,Thrissur,9.0,38801.8914012772,38801.8914012772,16642596.60397726,Administrative Boundary,Survey of India (SOI),Kerala,10.52513294021041,76.31071369015862
807,807,35256.0,Pananchery,627815,Pananchery,04,Ollukkara,63,Thrissur,5654,Thrissur,Thrissur,566,Thrissur,KL,32, ,India,Rural,4889.0,19832.0,4.05645326,8009.0,9656.0,10176.0,Available,Available,Available,Available,Available,Available,Available,Available,Available,Available,Available,Available,Available,Available,Available,Not Available,Not Available,Available,Available,Available,Not Available,Available,Available,6823.0,160.0,0.0,0.0,0.0,0.0,86.0,86.0,940.0,404.0,621.0,621.0,0.0,0.0,0.0,0.0,Thrissur,10.0,46078.42727525334,46078.42727525334,61584230.57833246,Administrative Boundary,Survey of India (SOI),Kerala,10.582958670386178,76.34125398191009
805,805,35254.0,Peechi,627816,"Pananchery,Puthur","04,05",Ollukkara,63,Thrissur,5654,Thrissur,Thrissur,566,Thrissur,KL,32, ,India,Rural,6706.0,26946.0,4.01819266,10162.0,13136.0,13810.0,Available,Not Available,Available,Available,Available,Available,Available,Available,Available,Not Available,Not Available,Available,Available,Available,Available,Available,Available,Available,Available,Not Available,Not Available,Available,Available,7447.0,0.0,0.0,0.0,0.0,0.0,1.0,1.0,2378.0,0.0,2715.0,73.0,0.0,1201.0,0.0,1441.0,Thrissur,10.0,78953.63111510403,78953.63111510403,143909021.77496308,Administrative Boundary,Survey of India (SOI),Kerala,10.517157002573587,76.39142093660088
808,808,35257.0,Elanad,627755,Pazhayannur,09,Pazhayannur,58,Talappilly,5652,Wadakkanchery,Thrissur,566,Thrissur,KL,32, ,India,Rural,2467.0,10284.0,4.16862586,2140.0,4980.0,5304.0,Available,Not Available,Available,Available,Available,Available,Available,Available,Available,Available,Available,Available,Available,Available,Not Available, , ,Not Available,Available,Not Available,Not Available,Available,Available,597.0,2.0,0.0,0.0,0.0,57.0,0.0,0.0,1484.0,1437.0,47.0,0.0,47.0,0.0,0.0,0.0,Ottappalam,32.0,29976.917055711758,29976.917055711758,20007168.34045805,Administrative Boundary,Survey of India (SOI),Kerala,10.622092443665624,76.39667518300517
1219,1219,35668.0,Kondazhy,627727,Kondazhy,07,Pazhayannur,58,Talappilly,5652,Wadakkanchery,Thrissur,566,Thrissur,KL,32, ,India,Rural,2715.0,11507.0,4.23830571,1570.0,5556.0,5951.0,Available,Not Available,Available,Available,Available,Available,Available,Available,Available,Available,Available,Available,Available,Available,Not Available, , ,Available,Available,Not Available,Available,Available,Available,469.0,41.0,0.0,5.0,0.0,41.0,0.0,0.0,956.0,387.0,628.0,58.0,160.0,202.0,0.0,208.0,Ottappalam,5.0,21237.92984837759,21237.92984837759,16274627.256300416,Administrative Boundary,Survey of India (SOI),Kerala,10.716075988658082,76.38983569768365
1230,1230,35679.0,Mayannur,627723,Kondazhy,07,Pazhayannur,58,Talappilly,5652,Wadakkanchery,Thrissur,566,Thrissur,KL,32, ,India,Rural,1524.0,6660.0,4.37007874,926.0,3218.0,3442.0,Available,Not Available,Available,Available,Available,Available,Available,Available,Available,Available,Available,Available,Available,Available,Not Available, , ,Available,Available,Not Available,Not Available,Available,Available,0.0,26.0,0.0,0.0,0.0,6.0,5.0,5.0,795.0,156.0,737.0,125.0,129.0,178.0,0.0,306.0,Ottappalam,5.0,14067.39474941416,14067.39474941416,8403905.597429805,Administrative Boundary,Survey of India (SOI),Kerala,10.75390964804997,76.37664851873747
1229,1229,35678.0,Painkulam,627722,Panjal,06,Pazhayannur,58,Talappilly,5652,Wadakkanchery,Thrissur,566,Thrissur,KL,32, ,India,Rural,2115.0,9517.0,4.49976359,1396.0,4551.0,4966.0,Available,Not Available,Not Available, , ,Available,Available,Available,Available,Available,Available,Available,Available,Available,Not Available, , ,Available,Available,Not Available,Not Available,Available,Available,285.0,114.0,0.0,0.0,0.0,41.0,0.0,0.0,899.0,698.0,258.0,166.0,34.0,17.0,0.0,40.0,Shoranur,4.0,21955.37581147825,21955.37581147825,12861534.52095447,Administrative Boundary,Survey of India (SOI),Kerala,10.739812596841263,76.32222686884097
1221,1221,35670.0,Pampady,627724,Thiruvilwamala,08,Pazhayannur,58,Talappilly,5652,Wadakkanchery,Thrissur,566,Thrissur,KL,32, ,India,Rural,880.0,3515.0,3.99431818,598.0,1652.0,1863.0,Available,Not Available,Available,Available,Available,Available,Available,Available,Available,Available,Available,Available,Available,Available,Available,Not Available,Not Available,Available,Available,Not Available,Not Available,Available,Available,0.0,70.0,4.0,0.0,0.0,81.0,43.0,43.0,306.0,415.0,28.0,27.0,1.0,0.0,0.0,0.0,Ottappalam,10.0,12585.598198554815,12585.598198554815,6945689.6979182605,Administrative Boundary,Survey of India (SOI),Kerala,10.74422245127922,76.44858166066214
811,811,35260.0,Pangarappilly,627751,Chelakkara,10,Pazhayannur,58,Talappilly,5652,Wadakkanchery,Thrissur,566,Thrissur,KL,32, ,India,Rural,1333.0,5467.0,4.10127532,812.0,2598.0,2869.0,Available,Available,Not Available, , ,Available,Available,Available,Available,Available,Available,Available,Available,Available,Not Available, , ,Available,Available,Not Available,Not Available,Available,Available,252.0,92.0,0.0,0.0,0.0,0.0,22.0,22.0,430.0,244.0,224.0,215.0,0.0,1.0,0.0,8.0,Shoranur,15.0,17833.236069769668,17833.236069769668,7765139.692864268,Administrative Boundary,Survey of India (SOI),Kerala,10.659052472982765,76.35125811972236
1223,1223,35672.0,Pazhayannur,627753,Pazhayannur,09,Pazhayannur,58,Talappilly,5652,Wadakkanchery,Thrissur,566,Thrissur,KL,32, ,India,Rural,3895.0,16688.0,4.28446727,2048.0,8126.0,8562.0,Available,Available,Available,Available,Available,Available,Available,Available,Available,Available,Available,Available,Available,Available,Not Available, , ,Available,Available,Not Available,Not Available,Available,Available,242.0,123.0,0.0,0.0,0.0,20.0,123.0,123.0,1540.0,1154.0,509.0,194.0,42.0,18.0,0.0,255.0,Ottappalam,25.0,26794.95482621177,26794.95482621177,20264446.26681928,Administrative Boundary,Survey of India (SOI),Kerala,10.669219895431072,76.42329327629899
1226,1226,35675.0,Pulakode,627752,Chelakkara,10,Pazhayannur,58,Talappilly,5652,Wadakkanchery,Thrissur,566,Thrissur,KL,32, ,India,Rural,1567.0,6456.0,4.11997447,1623.0,3114.0,3342.0,Available,Available,Not Available, , ,Available,Available,Available,Available,Available,Available,Available,Available,Available,Not Available, , ,Available,Available,Not Available,Not Available,Available,Available,809.0,85.0,0.0,0.0,0.0,0.0,34.0,34.0,670.0,529.0,199.0,0.0,170.0,30.0,0.0,0.0,Shoranur,15.0,22594.835729213268,22594.835729213268,16175804.319355572,Administrative Boundary,Survey of India (SOI),Kerala,10.668270588720512,76.37664675446067
1228,1228,35677.0,Thiruvilwamala,627725,Thiruvilwamala,08,Pazhayannur,58,Talappilly,5652,Wadakkanchery,Thrissur,566,Thrissur,KL,32, ,India,Rural,2929.0,11793.0,4.02628884,2061.0,5636.0,6157.0,Available,Available,Available,Not Available,Not Available,Available,Available,Available,Available,Not Available,Not Available,Available,Available,Available,Available,Not Available,Not Available,Available,Available,Not Available,Available,Available,Available,417.0,131.0,0.0,0.0,0.0,69.0,0.0,0.0,1344.0,1371.0,73.0,47.0,26.0,0.0,0.0,0.0,Ottappalam,10.0,20783.79086609784,20783.79086609784,19676161.90066413,Administrative Boundary,Survey of India (SOI),Kerala,10.719831155768386,76.44647198458692
1181,1181,35630.0,Thonnurkara,627750,Chelakkara,10,Pazhayannur,58,Talappilly,5652,Wadakkanchery,Thrissur,566,Thrissur,KL,32, ,India,Rural,1613.0,6799.0,4.21512709,780.0,3214.0,3585.0,Available,Available,Not Available, , ,Available,Available,Available,Available,Available,Available,Available,Available,Available,Not Available, , ,Available,Available,Not Available,Not Available,Available,Available,81.0,174.0,2.0,0.0,0.0,77.0,24.0,24.0,405.0,89.0,357.0,145.0,138.0,74.0,0.0,0.0,Shoranur,14.0,16875.18254089736,16875.18254089736,7763048.36353289,Administrative Boundary,Survey of India (SOI),Kerala,10.686897331627963,76.31734354286668
1220,1220,35669.0,Venganellur,627729,Chelakkara,10,Pazhayannur,58,Talappilly,5652,Wadakkanchery,Thrissur,566,Thrissur,KL,32, ,India,Rural,2596.0,10664.0,4.10785824,2053.0,5047.0,5617.0,Available,Available,Available,Available,Available,Available,Available,Available,Available,Available,Available,Available,Available,Available,Not Available, , ,Available,Available,Not Available,Not Available,Available,Available,130.0,1593.0,15.0,0.0,0.0,0.0,0.0,0.0,102.0,305.0,11.0,0.0,0.0,11.0,0.0,0.0,Thrissur,32.0,25716.48142364804,25716.48142364804,20401617.54909301,Administrative Boundary,Survey of India (SOI),Kerala,10.716264868243531,76.3552989006658
809,809,35258.0,Vennur,627754,Pazhayannur,09,Pazhayannur,58,Talappilly,5652,Wadakkanchery,Thrissur,566,Thrissur,KL,32, ,India,Rural,723.0,3023.0,4.18118949,956.0,1475.0,1548.0,Available,Not Available,Available,Available,Available,Available,Available,Available,Available,Available,Available,Available,Available,Available,Not Available, , ,Not Available,Available,Not Available,Not Available,Available,Available,600.0,5.0,0.0,0.0,0.0,0.0,0.0,0.0,351.0,322.0,29.0,0.0,29.0,0.0,0.0,0.0,Ottappalam,30.0,19942.73680679361,19942.73680679361,9694790.93795728,Administrative Boundary,Survey of India (SOI),Kerala,10.644507348473113,76.40138884135746
792,792,35241.0,Chalakkal,627814,Tholur,03,Puzhakkal,62,Thrissur,5654,Thrissur,Thrissur,566,Thrissur,KL,32, ,India,Rural,667.0,2938.0,4.4047976,639.0,1402.0,1536.0,Available,Not Available,Available,Available,Available,Available,Available,Available,Available,Not Available,Not Available,Available,Available,Available,Not Available, , ,Available,Available,Not Available,Available,Available,Available,0.0,128.0,0.0,0.0,0.0,30.0,0.0,0.0,481.0,18.0,462.0,462.0,0.0,0.0,0.0,0.0,Thrissur,10.0,13912.671602408996,13912.671602408996,6573255.928951399,Administrative Boundary,Survey of India (SOI),Kerala,10.547930827645205,76.12764696803362
784,784,35233.0,Velappaya,627812,Avanur,01,Puzhakkal,62,Thrissur,5654,Thrissur,Thrissur,566,Thrissur,KL,32, ,India,Rural,1185.0,4575.0,3.86075949,446.0,2233.0,2342.0,Available,Not Available,Available,Available,Available,Available,Available,Available,Available,Available,Available,Available,Available,Available,Not Available, , ,Available,Available,Not Available,Not Available,Available,Available,0.0,131.0,0.0,0.0,0.0,0.0,0.0,0.0,315.0,90.0,225.0,98.0,109.0,18.0,0.0,0.0,Thrissur,10.0,11273.173504853075,11273.173504853075,4492031.801743624,Administrative Boundary,Survey of India (SOI),Kerala,10.60829399316472,76.1963043114198
777,777,35226.0,Nattika,627790,Nattika,06,Talikkulam,60,Chavakkad,5653,Chavakkad,Thrissur,566,Thrissur,KL,32, ,India,Rural,4915.0,19406.0,3.94832146,960.0,8772.0,10634.0,Available,Not Available,Available,Available,Available,Available,Available,Available,Available,Available,Available,Not Available, , ,Not Available, , ,Available,Available,Not Available,Available,Available,Available,0.0,154.0,8.0,0.0,0.0,0.0,0.0,0.0,798.0,675.0,123.0,0.0,89.0,24.0,0.0,10.0,Chavakkad,22.0,18733.22959928819,18733.22959928819,10738186.576340944,Administrative Boundary,Survey of India (SOI),Kerala,10.418123691934886,76.10066781357236
730,730,35179.0,Karumathra,627909,Vellangallur,14,Vellangallur,72,Mukundapuram,5656,Irinjalakuda,Thrissur,566,Thrissur,KL,32, ,India,Rural,995.0,4041.0,4.06130653,251.0,1870.0,2171.0,Available,Available,Available,Available,Available,Available,Available,Available,Not Available, , ,Available,Available,Available,Not Available, , ,Available,Not Available,Available,Not Available,Available,Available,0.0,51.0,0.0,0.0,0.0,0.0,0.0,0.0,200.0,22.0,177.0,0.0,177.0,0.0,0.0,0.0,Irinjalakuda,10.0,6757.797772869861,6757.797772869861,2349067.7397591067,Administrative Boundary,Survey of India (SOI),Kerala,10.261142198158824,76.21574519078932
729,729,35178.0,Kottanellur,627907,Vellookkara,08,Vellangallur,72,Mukundapuram,5656,Irinjalakuda,Thrissur,566,Thrissur,KL,32, ,India,Rural,2916.0,11133.0,3.81790123,1134.0,5182.0,5951.0,Available,Available,Available,Available,Available,Available,Available,Available,Available,Available,Available,Available,Available,Available,Available,Available,Available,Available,Available,Not Available,Available,Available,Available,0.0,164.0,0.0,0.0,0.0,0.0,180.0,180.0,96.0,400.0,569.0,0.0,569.0,0.0,0.0,0.0,Irinjalakuda,6.0,17775.607249041586,17775.607249041586,11334929.873415891,Administrative Boundary,Survey of India (SOI),Kerala,10.300883116388784,76.24588338255049
735,735,35184.0,Vallivattom,627908,Vellangallur,14,Vellangallur,72,Mukundapuram,5656,Irinjalakuda,Thrissur,566,Thrissur,KL,32, ,India,Rural,2112.0,8537.0,4.04214015,845.0,3970.0,4567.0,Available,Available,Available,Available,Available,Available,Available,Available,Available,Available,Available,Available,Available,Available,Not Available, , ,Available,Available,Not Available,Not Available,Available,Available,0.0,186.0,0.0,0.0,0.0,402.0,0.0,0.0,257.0,245.0,12.0,0.0,12.0,0.0,0.0,0.0,Irinjalakuda,8.0,13112.235990147808,13112.235990147808,7492488.047971337,Administrative Boundary,Survey of India (SOI),Kerala,10.27562215492728,76.18997162427061
1189,1189,35638.0,Arangottukara,627717,Desamangalam,04,Wadakkanchery,57,Talappilly,5652,Wadakkanchery,Thrissur,566,Thrissur,KL,32, ,India,Rural,682.0,3013.0,4.41788856,329.0,1447.0,1566.0,Available,Not Available,Available,Available,Available,Available,Available,Available,Available,Available,Available,Available,Available,Available,Not Available, , ,Available,Available,Not Available,Not Available,Available,Available,0.0,15.0,5.0,0.0,0.0,42.0,0.0,0.0,258.0,134.0,134.0,0.0,3.0,1.0,0.0,130.0,Shoranur,11.0,11068.249465977744,11068.249465977744,3307414.9899863973,Administrative Boundary,Survey of India (SOI),Kerala,10.752700107008717,76.20515103530252
1183,1183,35632.0,Attoor,627732,"Mullurkara,Thekkumkara","11, 12",Wadakkanchery,57,Talappilly,5652,Wadakkanchery,Thrissur,566,Thrissur,KL,32, ,India,Rural,1590.0,7327.0,4.6081761,4796.0,3473.0,3854.0,Available,Available,Available,Available,Available,Available,Available,Available,Available,Available,Available,Available,Available,Available,Not Available, , ,Available,Available,Not Available,Not Available,Available,Available,2598.0,44.0,0.0,0.0,0.0,233.0,0.0,0.0,1921.0,199.0,1722.0,421.0,634.0,11.0,0.0,656.0,Shoranur,8.0,46937.23042664093,46937.23042664093,31291653.5468795,Administrative Boundary,Survey of India (SOI),Kerala,10.67491575211069,76.29410953544964
1184,1184,35633.0,Kadangode,627715,Kadangode,02,Wadakkanchery,57,Kunnamkulam,6598,Wadakkanchery,Thrissur,566,Thrissur,KL,32, ,India,Rural,2048.0,9016.0,4.40234375,1269.0,4282.0,4734.0,Not Available,Available,Available,Available,Available,Available,Available,Available,Not Available, , ,Available,Available,Available,Not Available, , ,Available,Available,Not Available,Not Available,Available,Available,47.0,65.0,0.0,0.0,0.0,100.0,200.0,200.0,856.0,895.0,161.0,0.0,49.0,0.0,0.0,113.0,Kunnamkulam,8.0,19681.30025979514,19681.30025979514,12376988.92462496,Administrative Boundary,Survey of India (SOI),Kerala,10.703368732402874,76.14399687903718
1191,1191,35640.0,Kanjirakode,627734,Erumapetty,05,Wadakkanchery,57,Talappilly,5652,Wadakkanchery,Thrissur,566,Thrissur,KL,32, ,India,Rural,1060.0,4474.0,4.22075472,820.0,2121.0,2353.0,Available,Available,Available,Available,Available,Available,Available,Available,Available,Available,Available,Available,Available,Available,Not Available, , ,Available,Available,Not Available,Not Available,Available,Available,463.0,20.0,0.0,0.0,0.0,32.0,0.0,0.0,171.0,90.0,215.0,0.0,127.0,0.0,0.0,88.0,Shoranur,18.0,21840.109246882254,21840.109246882254,9653476.400370546,Administrative Boundary,Survey of India (SOI),Kerala,10.692760755136149,76.23120542662305
788,788,35237.0,Karumathara,627746,Thekkumkara,12,Wadakkanchery,57,Talappilly,5652,Wadakkanchery,Thrissur,566,Thrissur,KL,32, ,India,Rural,902.0,3814.0,4.22838137,440.0,1848.0,1966.0,Not Available,Available,Not Available, , ,Available,Available,Available,Available,Available,Available,Available,Available,Available,Available,Not Available,Not Available,Available,Available,Not Available,Not Available,Available,Available,0.0,60.0,0.0,0.0,35.0,0.0,0.0,0.0,92.0,337.0,43.0,42.0,1.0,0.0,0.0,0.0,Thrissur,18.0,5955.115011705807,5955.115011705807,2108021.779386361,Administrative Boundary,Survey of India (SOI),Kerala,10.647241126028165,76.27383546348901
783,783,35232.0,Kiralur,627742,Velur,15,Wadakkanchery,57,Kunnamkulam,6598,Wadakkanchery,Thrissur,566,Thrissur,KL,32, ,India,Rural,545.0,2261.0,4.14862385,290.0,1140.0,1121.0,Available,Not Available,Not Available, , ,Available,Available,Available,Available,Available,Available,Not Available, , ,Not Available, , ,Available,Available,Not Available,Not Available,Available,Available,0.0,17.0,0.0,0.0,47.0,42.0,38.0,38.0,127.0,96.0,135.0,35.0,43.0,15.0,0.0,42.0,Kunnamkulam,11.0,8301.73487845359,8301.73487845359,2933420.970425212,Administrative Boundary,Survey of India (SOI),Kerala,10.62140724057261,76.16443646091285
810,810,35259.0,Manalithara,627748,Thekkumkara,12,Wadakkanchery,57,Talappilly,5652,Wadakkanchery,Thrissur,566,Thrissur,KL,32, ,India,Rural,1910.0,7581.0,3.96910995,1115.0,3671.0,3910.0,Available,Not Available,Not Available, , ,Available,Available,Available,Available,Available,Available,Available,Available,Available,Not Available, , ,Available,Available,Not Available,Not Available,Available,Available,654.0,296.0,0.0,0.0,0.0,0.0,0.0,0.0,165.0,61.0,104.0,104.0,0.0,0.0,0.0,0.0,Thrissur,18.0,50309.136386292725,50309.136386292725,47731670.296185374,Administrative Boundary,Survey of India (SOI),Kerala,10.623505542526594,76.32650661363574
1190,1190,35639.0,Pallur,627718,Desamangalam,04,Wadakkanchery,57,Talappilly,5652,Wadakkanchery,Thrissur,566,Thrissur,KL,32, ,India,Rural,1495.0,7197.0,4.81404682,981.0,3487.0,3710.0,Available,Not Available,Available,Available,Available,Available,Available,Available,Available,Available,Available,Available,Available,Available,Not Available, , ,Available,Available,Not Available,Available,Available,Available,19.0,134.0,0.0,0.0,0.0,101.0,66.0,66.0,599.0,433.0,295.0,181.0,64.0,0.0,0.0,49.0,Thrissur,36.0,19622.873803500275,19622.873803500275,9012655.926199265,Administrative Boundary,Survey of India (SOI),Kerala,10.769451184449286,76.2201613107299
787,787,35236.0,Parlikad,627743,Mundathikode,16,Wadakkanchery,57,Talappilly,5652,Wadakkanchery,Thrissur,566,Thrissur,KL,32, ,India,Rural,1160.0,4771.0,4.11293103,379.0,2286.0,2485.0,Available,Available,Available,Available,Available,Available,Available,Available,Available,Not Available,Not Available,Available,Available,Available,Not Available, , ,Available,Available,Not Available,Not Available,Available,Available,0.0,55.0,0.0,0.0,0.0,12.0,53.0,53.0,259.0,138.0,174.0,10.0,20.0,0.0,0.0,144.0,Thrissur,11.0,12495.42005356318,12495.42005356318,3748499.750505176,Administrative Boundary,Survey of India (SOI),Kerala,10.641298181740051,76.22518700292716
790,790,35239.0,Puthuruthy,627744,Mundathikode,16,Wadakkanchery,57,Talappilly,5652,Wadakkanchery,Thrissur,566,Thrissur,KL,32, ,India,Rural,1095.0,4390.0,4.00913242,528.0,2084.0,2306.0,Not Available,Available,Available,Available,Available,Available,Available,Available,Available,Available,Available,Available,Available,Available,Not Available, , ,Available,Available,Not Available,Not Available,Available,Available,108.0,44.0,0.0,0.0,0.0,1.0,0.0,0.0,375.0,193.0,182.0,143.0,39.0,0.0,0.0,0.0,Thrissur,14.0,14245.417612772184,14245.417612772184,5127590.231624124,Administrative Boundary,Survey of India (SOI),Kerala,10.65586014488041,76.2003003689054
1188,1188,35637.0,Thalassery,627719,Desamangalam,04,Wadakkanchery,57,Talappilly,5652,Wadakkanchery,Thrissur,566,Thrissur,KL,32, ,India,Rural,680.0,3318.0,4.87941176,219.0,1525.0,1793.0,Available,Not Available,Available,Available,Available,Available,Available,Available,Available,Not Available,Not Available,Available,Available,Available,Not Available, , ,Available,Available,Not Available,Not Available,Available,Available,0.0,40.0,10.0,0.0,0.0,14.0,0.0,0.0,155.0,80.0,75.0,0.0,2.0,1.0,0.0,72.0,Shoranur,10.0,7565.96652982113,7565.96652982113,2200001.3005257025,Administrative Boundary,Survey of India (SOI),Kerala,10.745355686889742,76.2166410537596
1180,1180,35629.0,Thayyur,627741,Velur,15,Wadakkanchery,57,Kunnamkulam,6598,Wadakkanchery,Thrissur,566,Thrissur,KL,32, ,India,Rural,1113.0,4740.0,4.25876011,757.0,2230.0,2510.0,Available,Not Available,Not Available, , ,Available,Available,Available,Available,Not Available,Not Available,Not Available, , ,Not Available, , ,Available,Available,Not Available,Not Available,Available,Available,133.0,39.0,0.0,0.0,0.0,80.0,60.0,60.0,379.0,170.0,335.0,0.0,193.0,33.0,0.0,110.0,Kunnamkulam,12.0,11873.936456568335,11873.936456568335,7248509.290639168,Administrative Boundary,Survey of India (SOI),Kerala,10.665918200143173,76.17077654699033
1179,1179,35628.0,Thichur,627716,Varavoor,03,Wadakkanchery,57,Talappilly,5652,Wadakkanchery,Thrissur,566,Thrissur,KL,32, ,India,Rural,1750.0,8165.0,4.66571429,778.0,3863.0,4302.0,Available,Available,Available,Available,Available,Available,Available,Available,Available,Not Available,Not Available,Available,Available,Available,Not Available, , ,Not Available,Available,Not Available,Not Available,Available,Available,66.0,40.0,0.0,0.0,0.0,117.0,0.0,0.0,555.0,366.0,189.0,0.0,2.0,1.0,0.0,186.0,Kunnamkulam,0.0,19653.349360467208,19653.349360467208,7094488.398755372,Administrative Boundary,Survey of India (SOI),Kerala,10.723228069472562,76.182840907179
791,791,35240.0,Vellattanjur,627740,Velur,15,Wadakkanchery,57,Kunnamkulam,6598,Wadakkanchery,Thrissur,566,Thrissur,KL,32, ,India,Rural,1575.0,6704.0,4.25650794,627.0,3234.0,3470.0,Not Available,Available,Not Available, , ,Available,Available,Available,Available,Available,Available,Available,Available,Available,Available,Not Available,Not Available,Available,Available,Not Available,Not Available,Available,Available,0.0,51.0,6.0,0.0,0.0,236.0,136.0,136.0,12.0,319.0,16.0,5.0,11.0,0.0,0.0,0.0,Kunnamkulam,7.0,14232.654520477696,14232.654520477696,5946315.482552548,Administrative Boundary,Survey of India (SOI),Kerala,10.65862143141169,76.1422677823423
786,786,35235.0,Viruppakka,627747,Thekkumkara,12,Wadakkanchery,57,Talappilly,5652,Wadakkanchery,Thrissur,566,Thrissur,KL,32, ,India,Rural,474.0,2037.0,4.29746835,440.0,934.0,1103.0,Not Available,Available,Not Available, , ,Available,Available,Available,Available,Available,Available,Available,Available,Available,Available,Available,Available,Available,Available,Not Available,Not Available,Available,Available,0.0,0.0,0.0,0.0,0.0,0.0,0.0,0.0,440.0,368.0,72.0,67.0,1.0,0.0,0.0,4.0,Thrissur,18.0,11463.380338117617,11463.380338117617,2719365.128751198,Administrative Boundary,Survey of India (SOI),Kerala,10.64124378976524,76.29186784888832
1322,1322,35771.0,Achooranam,627333,Pozhuthana,04,Kalpetta,15,Vythiri,5637,Kalpetta,Wayanad,567,Kalpetta,KL,32, ,India,Rural,2684.0,11998.0,4.47019374,2032.0,5753.0,6245.0,Available,Not Available,Not Available, , ,Available,Available,Available,Available,Available,Available,Available,Available,Available,Not Available, , ,Available,Available,Not Available,Not Available,Available,Available,22.0,214.0,0.0,0.0,0.0,29.0,0.0,0.0,1767.0,1117.0,650.0,0.0,0.0,0.0,0.0,650.0,Kalpetta,8.0,35048.69725712566,35048.69725712566,20955200.475064352,Administrative Boundary,Survey of India (SOI),Kerala,11.602343195240037,76.02070054035015
1321,1321,35770.0,Chundale,627336,Vythiri,05,Kalpetta,15,Vythiri,5637,Kalpetta,Wayanad,567,Kalpetta,KL,32, ,India,Rural,1891.0,7996.0,4.22845056,2207.0,3786.0,4210.0,Available,Not Available,Available,Available,Available,Available,Available,Available,Available,Available,Available,Available,Available,Available,Available,Available,Available,Available,Available,Not Available,Not Available,Available,Available,954.0,416.0,0.0,0.0,0.0,0.0,0.0,0.0,837.0,405.0,433.0,0.0,0.0,0.0,0.0,433.0,Kalpetta,6.0,20497.36375982273,20497.36375982273,16514720.369129434,Administrative Boundary,Survey of India (SOI),Kerala,11.567065832701912,76.04967779722496
1461,1461,35933.0,Kaniambetta,627327,"Kaniambetta, Muttil","52, 54",Kalpetta,15,Vythiri,5637,Kalpetta,Wayanad,567,Kalpetta,KL,32, ,India,Rural,6647.0,29363.0,4.41748157,3318.0,14521.0,14842.0,Available,Available,Not Available, , ,Available,Available,Available,Available,Available,Available,Available,Available,Available,Available,Available,Available,Available,Available,Not Available,Not Available,Available,Available,0.0,1014.0,0.0,0.0,0.0,0.0,168.0,168.0,1836.0,2162.0,142.0,24.0,57.0,0.0,0.0,61.0,Kalpetta,12.0,34920.70963138729,34920.70963138729,33313447.318122737,Administrative Boundary,Survey of India (SOI),Kerala,11.69360456671594,76.09401388883857
1424,1424,35873.0,Kavumannam,627331,"Thariyode, Kottathara","03, 51",Kalpetta,15,Vythiri,5637,Kalpetta,Wayanad,567,Kalpetta,KL,32, ,India,Rural,2358.0,10106.0,4.28583545,1622.0,5027.0,5079.0,Available,Not Available,Available,Available,Available,Available,Available,Available,Not Available, , ,Available,Available,Available,Available,Available,Available,Available,Available,Not Available,Available,Available,Available,0.0,0.0,0.0,0.0,0.0,98.0,0.0,0.0,1524.0,1266.0,258.0,0.0,0.0,6.0,0.0,251.0,Kalpetta,11.0,24121.14225346813,24121.14225346813,16521935.707743453,Administrative Boundary,Survey of India (SOI),Kerala,11.645241280787754,75.99096293527326
1360,1360,35809.0,Kottappadi Part,627337,"Meppady, Muppainad","06, 07",Kalpetta,15,Vythiri,5637,Kalpetta,Wayanad,567,Kalpetta,KL,32, ,India,Rural,5262.0,23384.0,4.44393767,5538.0,11228.0,12156.0,Available,Not Available,Not Available, , ,Available,Available,Available,Available,Available,Available,Available,Available,Available,Not Available, , ,Available,Available,Not Available,Not Available,Not Available,Available,2641.0,390.0,0.0,0.0,0.0,0.0,0.0,0.0,2507.0,1361.0,1146.0,0.0,0.0,0.0,0.0,1146.0,Kalpetta,11.0,37906.54621686353,37906.54621686353,52787418.98061016,Administrative Boundary,Survey of India (SOI),Kerala,11.543274878361347,76.10500224668274
1422,1422,35871.0,Kottathara,627326,"Kottathara, Padinharethara, Vengappally, Kaniambetta, Muttil","51, 01, 02, 52, 54",Kalpetta,15,Vythiri,5637,Kalpetta,Wayanad,567,Kalpetta,KL,32, ,India,Rural,3920.0,17295.0,4.4119898,3224.0,8489.0,8806.0,Available,Not Available,Not Available, , ,Available,Available,Available,Available,Available,Available,Available,Available,Available,Not Available, , ,Available,Available,Not Available,Not Available,Not Available,Available,4.0,311.0,0.0,0.0,0.0,45.0,0.0,0.0,2481.0,2779.0,86.0,0.0,0.0,0.0,0.0,86.0,Kalpetta,15.0,37559.79793188211,37559.79793188211,32216397.981602244,Administrative Boundary,Survey of India (SOI),Kerala,11.668005892492705,76.03915881011856
1329,1329,35778.0,Kunnathidavaka,627335,Vythiri,05,Kalpetta,15,Vythiri,5637,Kalpetta,Wayanad,567,Kalpetta,KL,32, ,India,Rural,2268.0,10309.0,4.54541446,2594.0,5029.0,5280.0,Available,Not Available,Not Available, , ,Available,Available,Available,Available,Available,Available,Available,Available,Available,Available,Available,Available,Available,Available,Not Available,Available,Available,Available,781.0,93.0,0.0,0.0,0.0,216.0,0.0,0.0,1504.0,1302.0,202.0,0.0,0.0,0.0,0.0,202.0,Kalpetta,10.0,27850.114179436656,27850.114179436656,32465414.36784121,Administrative Boundary,Survey of India (SOI),Kerala,11.52895130623852,76.04227314973241
1362,1362,35811.0,Muppainad,627339,"Muppainad, Meppady","07, 06",Kalpetta,15,Vythiri,5637,Kalpetta,Wayanad,567,Kalpetta,KL,32, ,India,Rural,5187.0,22892.0,4.41334104,5917.0,11140.0,11752.0,Available,Not Available,Available,Available,Available,Available,Available,Available,Available,Available,Available,Available,Available,Available,Available,Available,Available,Available,Available,Not Available,Available,Available,Available,1674.0,329.0,10.0,0.0,0.0,0.0,0.0,0.0,3904.0,2913.0,991.0,0.0,219.0,0.0,0.0,772.0,Kalpetta,26.0,46303.39963032726,46303.39963032726,62061176.6013092,Administrative Boundary,Survey of India (SOI),Kerala,11.541580319368189,76.18975431348213
1358,1358,35807.0,Muttil South,627329,"Muttil, Meenangadi","54, 53",Kalpetta,15,Vythiri,5637,Kalpetta,Wayanad,567,Kalpetta,KL,32, ,India,Rural,5060.0,22355.0,4.41798419,2825.0,10807.0,11548.0,Available,Not Available,Not Available, , ,Available,Available,Available,Available,Available,Available,Available,Available,Available,Available,Available,Available,Available,Available,Not Available,Not Available,Available,Available,92.0,449.0,13.0,0.0,0.0,0.0,50.0,50.0,2172.0,2228.0,43.0,0.0,8.0,0.0,0.0,35.0,Kalpetta,4.0,28063.345682265423,28063.345682265423,28143244.088218767,Administrative Boundary,Survey of India (SOI),Kerala,11.62772557229027,76.13947417309669
1436,1436,35885.0,Padinharethara,627324,Padinharethara,01,Kalpetta,15,Vythiri,5637,Kalpetta,Wayanad,567,Kalpetta,KL,32, ,India,Rural,3645.0,16146.0,4.42962963,3944.0,7796.0,8350.0,Available,Not Available,Available,Available,Available,Available,Available,Available,Available,Available,Available,Available,Available,Available,Available,Available,Available,Available,Available,Not Available,Available,Available,Available,1368.0,347.0,0.0,0.0,0.0,0.0,50.0,50.0,2060.0,2206.0,24.0,0.0,0.0,0.0,0.0,24.0,Kalpetta,18.0,35917.408127842056,35917.408127842056,43367762.00412353,Administrative Boundary,Survey of India (SOI),Kerala,11.671496148572883,75.94700750242936
1459,1459,35931.0,Purakkadi,627315,"Poothadi, Meenangadi, Muttil","02,10,11",Kalpetta,15,Sulthanbathery,5636,Sulthanbathery,Wayanad,567,Kalpetta,KL,32, ,India,Rural,5102.0,21022.0,4.12034496,3198.0,10388.0,10634.0,Available,Not Available,Available,Available,Available,Available,Available,Available,Available,Available,Available,Available,Available,Available,Not Available, , ,Available,Available,Not Available,Available,Available,Available,73.0,684.0,4.0,0.0,0.0,16.0,0.0,0.0,2421.0,1958.0,464.0,18.0,121.0,0.0,0.0,324.0,Kalpetta,13.0,30069.5647330862,30069.5647330862,31050567.484518133,Administrative Boundary,Survey of India (SOI),Kerala,11.675655733855487,76.16071182157614
1331,1331,35780.0,Thariyode,627332,Thariyode,03,Kalpetta,15,Vythiri,5637,Kalpetta,Wayanad,567,Kalpetta,KL,32, ,India,Rural,385.0,1653.0,4.29350649,5510.0,797.0,856.0,Available,Not Available,Not Available, , ,Available,Available,Available,Not Available, , ,Available,Available,Available,Available,Not Available,Not Available,Available,Available,Not Available,Not Available,Available,Available,2936.0,758.0,0.0,0.0,0.0,0.0,0.0,0.0,1816.0,1780.0,36.0,36.0,0.0,0.0,0.0,0.0,Kalpetta,14.0,45564.97128652429,45564.97128652429,54259248.468439154,Administrative Boundary,Survey of India (SOI),Kerala,11.621560127477197,75.94393960100437
1357,1357,35806.0,Thrikkaipatta Part,627338,"Meppadi, Muppainad","06, 07",Kalpetta,15,Vythiri,5637,Kalpetta,Wayanad,567,Kalpetta,KL,32, ,India,Rural,2063.0,8551.0,4.14493456,2337.0,4225.0,4326.0,Not Available,Available,Not Available, , ,Available,Available,Available,Available,Available,Available,Available,Available,Available,Available,Available,Available,Available,Available,Available,Not Available,Not Available,Available,1054.0,0.0,0.0,0.0,0.0,0.0,0.0,0.0,1283.0,1267.0,16.0,4.0,1.0,1.0,0.0,10.0,Kalpetta,12.0,25751.52451062433,25751.52451062433,25458179.079345968,Administrative Boundary,Survey of India (SOI),Kerala,11.594034219888524,76.13337499010615
1359,1359,35808.0,Vellarimala,627340,Meppadi,06,Kalpetta,15,Vythiri,5637,Kalpetta,Wayanad,567,Kalpetta,KL,32, ,India,Rural,1711.0,7548.0,4.41145529,5420.0,3692.0,3856.0,Available,Not Available,Not Available, , ,Available,Available,Available,Available,Available,Available,Available,Available,Available,Not Available, , ,Available,Available,Available,Not Available,Not Available,Available,3008.0,300.0,50.0,0.0,0.0,0.0,100.0,100.0,1962.0,534.0,1528.0,0.0,0.0,0.0,0.0,1528.0,Kalpetta,22.0,38252.0843935306,38252.0843935306,57730316.93745065,Administrative Boundary,Survey of India (SOI),Kerala,11.492020252479875,76.14675849356112
1426,1426,35875.0,Edavaka,627301,Edavaka,05,Mananthavady,14,Mananthavady,5635,Mananthavady,Wayanad,567,Kalpetta,KL,32, ,India,Rural,3727.0,16737.0,4.49074323,2514.0,8245.0,8492.0,Available,Available,Available,Available,Available,Available,Available,Available,Available,Available,Available,Available,Available,Available,Available,Available,Available,Available,Available,Not Available,Available,Available,Available,0.0,100.0,0.0,0.0,0.0,0.0,26.0,26.0,2378.0,2399.0,15.0,15.0,0.0,0.0,0.0,0.0,Kalpetta,52.0,30150.0309442732,30150.0309442732,26232340.353185184,Administrative Boundary,Survey of India (SOI),Kerala,11.773330086153429,75.96598011618262
1437,1437,35886.0,Kanjirangad,627308,Thondernad,04,Mananthavady,14,Mananthavady,5635,Mananthavady,Wayanad,567,Kalpetta,KL,32, ,India,Rural,2725.0,11811.0,4.33431193,3546.0,5877.0,5934.0,Not Available,Available,Available,Available,Available,Available,Available,Available,Not Available, , ,Not Available, , ,Available,Available,Available,Available,Available,Not Available,Not Available,Available,Available,805.0,3.0,0.0,0.0,0.0,0.0,0.0,0.0,2738.0,1939.0,799.0,47.0,59.0,0.0,0.0,693.0,Kalpetta,40.0,42054.87106400799,42054.87106400799,35018299.81217657,Administrative Boundary,Survey of India (SOI),Kerala,11.747738030800646,75.9069522217993
1465,1465,35937.0,Nadavayal,627309,"Pulpalli, Poothadi, Panamaram, Kaniambetta","01,02,50,52",Mananthavady,14,Sulthanbathery,5636,Sulthanbathery,Wayanad,567,Kalpetta,KL,32, ,India,Rural,3689.0,15795.0,4.28164814,4001.0,7760.0,8035.0,Available,Available,Available,Available,Available,Available,Available,Available,Available,Available,Available,Available,Available,Available,Available,Available,Available,Available,Available,Not Available,Available,Available,Available,1678.0,98.0,0.0,0.0,0.0,13.0,0.0,0.0,2212.0,1533.0,679.0,2.0,40.0,10.0,0.0,626.0,Kalpetta,24.0,32334.095262591916,32334.095262591916,43364995.55973255,Administrative Boundary,Survey of India (SOI),Kerala,11.75266570145546,76.1301287141734
1427,1427,35876.0,Nalloornad,627302,Edavaka,05,Mananthavady,14,Mananthavady,5635,Mananthavady,Wayanad,567,Kalpetta,KL,32, ,India,Rural,3812.0,16928.0,4.44071354,2216.0,8557.0,8371.0,Available,Not Available,Available,Available,Available,Available,Available,Available,Not Available, , ,Available,Available,Available,Available,Available,Available,Available,Available,Not Available,Not Available,Available,Available,0.0,83.0,30.0,0.0,80.0,0.0,36.0,36.0,1987.0,1567.0,536.0,339.0,129.0,0.0,0.0,68.0,Kalpetta,30.0,31502.291012818037,31502.291012818037,20807256.37156092,Administrative Boundary,Survey of India (SOI),Kerala,11.77150683924663,76.0102069195362
1429,1429,35878.0,Panamaram,627304,Panamaram,50,Mananthavady,14,Mananthavady,5635,Mananthavady,Wayanad,567,Kalpetta,KL,32, ,India,Rural,2916.0,12683.0,4.3494513,2668.0,6219.0,6464.0,Available,Not Available,Available,Available,Available,Available,Available,Available,Available,Available,Available,Available,Available,Available,Available,Available,Available,Available,Available,Not Available,Available,Available,Available,588.0,167.0,0.0,0.0,0.0,47.0,0.0,0.0,1866.0,1501.0,364.0,0.0,0.0,0.0,0.0,364.0,Kalpetta,18.0,35259.446024043296,35259.446024043296,26194738.91875284,Administrative Boundary,Survey of India (SOI),Kerala,11.753723766817183,76.08355130958817
1434,1434,35883.0,Payyampally,627295,Mananthavady,02,Mananthavady,14,Mananthavady,5635,Mananthavady,Wayanad,567,Kalpetta,KL,32, ,India,Rural,3193.0,13311.0,4.16880676,2555.0,6569.0,6742.0,Available,Not Available,Available,Available,Available,Available,Available,Available,Available,Available,Available,Available,Available,Available,Available,Available,Available,Available,Available,Not Available,Not Available,Available,Available,0.0,39.0,0.0,0.0,0.0,0.0,0.0,0.0,2516.0,1514.0,1002.0,602.0,101.0,0.0,0.0,299.0,Kalpetta,27.0,27493.26618371249,27493.26618371249,24962834.54502844,Administrative Boundary,Survey of India (SOI),Kerala,11.807950170937714,76.05484755487578
1453,1453,35902.0,Thirunelly,627293,Thirunelly,01,Mananthavady,14,Mananthavady,5635,Mananthavady,Wayanad,567,Kalpetta,KL,32, ,India,Rural,2989.0,12878.0,4.30846437,14861.0,6306.0,6572.0,Available,Available,Available,Available,Available,Available,Available,Available,Available,Available,Available,Available,Available,Available,Available,Available,Available,Available,Available,Not Available,Not Available,Available,Available,12356.0,118.0,8.0,0.0,0.0,246.0,61.0,61.0,2073.0,1842.0,291.0,20.0,118.0,0.0,0.0,153.0,Kalpetta,56.0,66302.67929229699,66302.67929229699,150807873.600328,Administrative Boundary,Survey of India (SOI),Kerala,11.915165658962486,76.03814062153971
1421,1421,35870.0,Thondernad,627299,Thondernad,04,Mananthavady,14,Mananthavady,5635,Mananthavady,Wayanad,567,Kalpetta,KL,32, ,India,Rural,2652.0,11752.0,4.43137255,9516.0,5882.0,5870.0,Not Available,Available,Available,Available,Available,Available,Available,Available,Available,Available,Available,Available,Available,Available,Available,Available,Available,Available,Available,Not Available,Not Available,Available,Available,6908.0,5.0,0.0,0.0,0.0,0.0,29.0,29.0,2564.0,1484.0,1119.0,0.0,202.0,0.0,0.0,916.0,Kalpetta,48.0,54334.597997904464,54334.597997904464,97568902.42832898,Administrative Boundary,Survey of India (SOI),Kerala,11.761550377613913,75.83771919535248
1428,1428,35877.0,Valat,627300,Thavinhal,03,Mananthavady,14,Mananthavady,5635,Mananthavady,Wayanad,567,Kalpetta,KL,32, ,India,Rural,2477.0,10799.0,4.35970933,2721.0,5350.0,5449.0,Available,Not Available,Available,Available,Available,Available,Available,Available,Not Available, , ,Available,Available,Available,Available,Available,Available,Available,Available,Not Available,Not Available,Available,Available,162.0,55.0,10.0,0.0,0.0,5.0,25.0,25.0,2448.0,2084.0,405.0,202.0,101.0,102.0,0.0,0.0,Kalpetta,52.0,28853.261179275323,28853.261179275323,27156530.226145465,Administrative Boundary,Survey of India (SOI),Kerala,11.793165497466322,75.91060809057599
1455,1455,35927.0,Ambalavayal,627322,Ambalavayal,07,Sulthan Bathery,16,Sulthanbathery,5636,Sulthanbathery,Wayanad,567,Kalpetta,KL,32, ,India,Rural,4117.0,16988.0,4.12630556,2823.0,8290.0,8698.0,Available,Not Available,Available,Available,Available,Available,Available,Available,Available,Available,Available,Available,Available,Available,Not Available, , ,Not Available,Available,Not Available,Not Available,Available,Available,0.0,69.0,0.0,0.0,0.0,49.0,0.0,0.0,2583.0,2674.0,30.0,19.0,0.0,0.0,0.0,11.0,Kalpetta,25.0,23837.06462826285,23837.06462826285,18552769.14700697,Administrative Boundary,Survey of India (SOI),Kerala,11.625329342197531,76.20545360267297
1463,1463,35935.0,Irulam,627314,Poothadi,02,Sulthan Bathery,16,Sulthanbathery,5636,Sulthanbathery,Wayanad,567,Kalpetta,KL,32, ,India,Rural,5259.0,21052.0,4.0030424,4943.0,10465.0,10587.0,Available,Available,Not Available, , ,Available,Available,Available,Available,Available,Available,Available,Available,Available,Available,Available,Available,Available,Available,Not Available,Not Available,Available,Available,1893.0,97.0,0.0,0.0,0.0,0.0,0.0,0.0,2953.0,2635.0,318.0,0.0,0.0,0.0,0.0,318.0,Kalpetta,27.0,36931.4869059667,36931.4869059667,53638932.49987935,Administrative Boundary,Survey of India (SOI),Kerala,11.731752638061383,76.20153578837059
1467,1467,35939.0,Kidanganad,627313,"Sulthanbathery, Noolpuzha","04,05",Sulthan Bathery,16,Sulthanbathery,5636,Sulthanbathery,Wayanad,567,Kalpetta,KL,32, ,India,Rural,2216.0,9122.0,4.11642599,17521.0,4515.0,4607.0,Available,Not Available,Available,Available,Available,Available,Available,Available,Available,Available,Available,Available,Available,Available,Not Available, , ,Available,Available,Not Available,Available,Available,Available,16326.0,14.0,0.0,0.0,0.0,0.0,0.0,0.0,1181.0,1175.0,6.0,6.0,0.0,0.0,0.0,0.0,Kalpetta,31.0,90173.68707055572,90173.68707055572,176060754.2362137,Administrative Boundary,Survey of India (SOI),Kerala,11.739565788191577,76.30075374052377
1364,1364,35813.0,Nenmeni,627321,Nenmeni,06,Sulthan Bathery,16,Sulthanbathery,5636,Sulthanbathery,Wayanad,567,Kalpetta,KL,32, ,India,Rural,7507.0,31225.0,4.15945118,4306.0,15262.0,15963.0,Available,Available,Available,Available,Available,Available,Available,Available,Available,Available,Available,Available,Available,Available,Available,Available,Available,Available,Available,Not Available,Not Available,Available,Available,0.0,81.0,0.0,0.0,18.0,50.0,0.0,0.0,4082.0,4175.0,0.0,0.0,0.0,0.0,0.0,0.0,Kalpetta,28.0,32945.26203945445,32945.26203945445,41579707.29934635,Administrative Boundary,Survey of India (SOI),Kerala,11.620873489905733,76.25647680950124
1466,1466,35938.0,Noolpuzha,627319,Noolpuzha,05,Sulthan Bathery,16,Sulthanbathery,5636,Sulthanbathery,Wayanad,567,Kalpetta,KL,32, ,India,Rural,3299.0,14133.0,4.28402546,12550.0,6965.0,7168.0,Available,Available,Available,Available,Available,Available,Available,Available,Available,Available,Available,Available,Available,Available,Available,Available,Available,Available,Available,Not Available,Available,Available,Available,10377.0,0.0,0.0,0.0,0.0,0.0,0.0,0.0,2173.0,2128.0,45.0,0.0,0.0,0.0,0.0,45.0,Kalpetta,33.0,80448.88205610086,80448.88205610086,125190899.59416804,Administrative Boundary,Survey of India (SOI),Kerala,11.654937284362928,76.36064015930663
1468,1468,35940.0,Padichira,627312,"Pulpalli, Mullenkolloy","01,03",Sulthan Bathery,16,Sulthanbathery,5636,Sulthanbathery,Wayanad,567,Kalpetta,KL,32, ,India,Rural,7152.0,28970.0,4.05061521,4951.0,14409.0,14561.0,Available,Not Available,Available,Available,Available,Available,Available,Available,Available,Available,Available,Available,Available,Available,Not Available, , ,Available,Available,Available,Available,Not Available,Available,24.0,136.0,0.0,0.0,0.0,0.0,0.0,0.0,4791.0,3253.0,1537.0,39.0,773.0,0.0,0.0,725.0,Kalpetta,45.0,32687.01427943162,32687.01427943162,48947460.45881078,Administrative Boundary,Survey of India (SOI),Kerala,11.826886664639531,76.18976562981648
1363,1363,35812.0,Thomattuchal,627323,Ambalavayal,07,Sulthan Bathery,16,Sulthanbathery,5636,Sulthanbathery,Wayanad,567,Kalpetta,KL,32, ,India,Rural,4392.0,17984.0,4.09471767,3485.0,8802.0,9182.0,Available,Not Available,Available,Available,Available,Available,Available,Available,Available,Available,Available,Available,Available,Available,Not Available, , ,Not Available,Available,Not Available,Not Available,Available,Available,0.0,1630.0,0.0,0.0,0.0,30.0,40.0,40.0,1665.0,1703.0,122.0,19.0,89.0,0.0,4.0,10.0,Kalpetta,31.0,27638.25871772521,27638.25871772521,37176596.60438731,Administrative Boundary,Survey of India (SOI),Kerala,11.581999878908059,76.20550679952126
