village,vlcode,coastal_hazard_score,flood_hazard_score,cyclone_hazard_score,rainfall_hazard_score,multi_hazard_score,multi_hazard_category,hazards_available,hazard_contribution
Birin Dola,396779,0.6528284254910168,0.3,0.6440498028276681,0.4446950457593799,0.5207999875060981,HIGH,4,COASTAL + FLOOD + CYCLONE + RAINFALL
Gopei,396731,0.6753780730266927,0.1,0.679886739487326,0.4303411416807771,0.48365333511599473,MODERATE,4,COASTAL + FLOOD + CYCLONE + RAINFALL
Bilabalarampur,396712,0.7028500495846586,0.3,0.6582414865644222,0.4446950457593799,0.5393543956683791,HIGH,4,COASTAL + FLOOD + CYCLONE + RAINFALL
Mandia,396795,0.6808241078565966,0.3,0.6330839115202904,0.4446950457593799,0.5264572193889275,HIGH,4,COASTAL + FLOOD + CYCLONE + RAINFALL
Arimula,396722,0.6155276586934608,0.0,0.6415192322690839,0.4446950457593799,0.4339771148271852,MODERATE,4,COASTAL + FLOOD + CYCLONE + RAINFALL
Gajipithi,396776,0.6882709509980838,0.3,0.6482119734798006,0.4446950457593799,0.5324732878212513,HIGH,4,COASTAL + FLOOD + CYCLONE + RAINFALL
Agar Bindha,396728,0.6900642519288118,0.3,0.6652936670800209,0.4303411416807771,0.5344109206848042,HIGH,4,COASTAL + FLOOD + CYCLONE + RAINFALL
Talagan,396710,0.622411618690017,0.1,0.6646661713501258,0.4446950457593799,0.46682903759641253,MODERATE,4,COASTAL + FLOOD + CYCLONE + RAINFALL
Karandia Patna,396715,0.6360389572884386,0.1,0.6440083227276632,0.4446950457593799,0.4657527770203233,MODERATE,4,COASTAL + FLOOD + CYCLONE + RAINFALL
Jalopoka,396702,0.6960212691706542,0.1,0.6883432000205362,0.4303411416807771,0.4919604090924857,MODERATE,4,COASTAL + FLOOD + CYCLONE + RAINFALL
Karilo Patana,396709,0.6623863128440912,0.1,0.6753651725735679,0.4303411416807771,0.47862541533277475,MODERATE,4,COASTAL + FLOOD + CYCLONE + RAINFALL
Akhuadakhini,396796,0.6901401350681151,0.3,0.6376552984963699,0.4446950457593799,0.530394874296403,HIGH,4,COASTAL + FLOOD + CYCLONE + RAINFALL
Pokshyot,396701,0.6909957833427163,0.1,0.6950777597638266,0.4303411416807771,0.4921364032799269,MODERATE,4,COASTAL + FLOOD + CYCLONE + RAINFALL
Hantapada,396708,0.6868404682611986,0.1,0.6721309448405199,0.4303411416807771,0.485153105024645,MODERATE,4,COASTAL + FLOOD + CYCLONE + RAINFALL
Abhaypur,396778,0.6922548651695029,0.3,0.6431490107934565,0.4446950457593799,0.532402721401091,HIGH,4,COASTAL + FLOOD + CYCLONE + RAINFALL
Orisbindha,396777,0.6846278077185379,0.3,0.6465928047415421,0.4446950457593799,0.5309755526528229,HIGH,4,COASTAL + FLOOD + CYCLONE + RAINFALL
Raichand,396732,0.6910966354291326,0.1,0.6795583042420472,0.4303411416807771,0.488286795025407,MODERATE,4,COASTAL + FLOOD + CYCLONE + RAINFALL
Gaudagan,396714,0.6688320926688467,0.3,0.6508378831983455,0.4446950457593799,0.5272981077521164,HIGH,4,COASTAL + FLOOD + CYCLONE + RAINFALL
Jokia,396780,0.6462786447655198,0.3,0.6403461729901515,0.4446950457593799,0.5179091458290698,HIGH,4,COASTAL + FLOOD + CYCLONE + RAINFALL
Dalaanta,396725,0.6778686504662699,0.3,0.6589086953594414,0.4446950457593799,0.5320267781316173,HIGH,4,COASTAL + FLOOD + CYCLONE + RAINFALL
Raghunatha Pur,396723,0.6458007034285904,0.3,0.644490807090135,0.4446950457593799,0.5188019219529868,HIGH,4,COASTAL + FLOOD + CYCLONE + RAINFALL
Jamapada,396724,0.6804218221961718,0.3,0.6518020868774536,0.4446950457593799,0.531016077530091,HIGH,4,COASTAL + FLOOD + CYCLONE + RAINFALL
Naranpur,396707,0.6847885467159942,0.1,0.6794084884853943,0.4303411416807771,0.4863569144723022,MODERATE,4,COASTAL + FLOOD + CYCLONE + RAINFALL
Dihabalarampur,396713,0.6241578503302969,0.3,0.6584325703969058,0.4446950457593799,0.5157945068501916,HIGH,4,COASTAL + FLOOD + CYCLONE + RAINFALL
Aitpur,396711,0.662343485811121,0.1,0.6701499385779697,0.4303411416807771,0.4773087587239841,MODERATE,4,COASTAL + FLOOD + CYCLONE + RAINFALL
Odang,396781,0.658682048823457,0.3,0.6357269997395096,0.4446950457593799,0.5204753737337905,HIGH,4,COASTAL + FLOOD + CYCLONE + RAINFALL
Surtipur,396490,0.7071464911247425,0.1,0.6873623785893105,0.4303411416807771,0.4950527703209057,MODERATE,4,COASTAL + FLOOD + CYCLONE + RAINFALL
Gobindpur,395658,0.47972977891583923,0.3,0.5563319122654389,0.6098682748579979,0.479975566712711,MODERATE,4,COASTAL + FLOOD + CYCLONE + RAINFALL
Laxmiprasad,395975,0.6229881669138839,0.0,0.5704620829931142,0.5378752947467564,0.43708702977179503,MODERATE,4,COASTAL + FLOOD + CYCLONE + RAINFALL
Padmanavpatna,396054,0.717379668239287,0.0,0.5440580060790823,0.5378752947467564,0.45880346094090796,MODERATE,4,COASTAL + FLOOD + CYCLONE + RAINFALL
Ratanpur,396893,0.6981078996999666,0.3,0.6008268866008877,0.4123689316052198,0.5171128778812558,HIGH,4,COASTAL + FLOOD + CYCLONE + RAINFALL
Khamaganbindha,396940,0.6500089557848308,0.3,0.6129279273636252,0.4446950457593799,0.5121736777282315,HIGH,4,COASTAL + FLOOD + CYCLONE + RAINFALL
Potari,396892,0.6859640399182623,1.0,0.6048792410618526,0.4123689316052198,0.6894828085619858,HIGH,4,COASTAL + FLOOD + CYCLONE + RAINFALL
Raipur,396958,0.6456726243111466,0.8,0.5936492345355167,0.4123689316052198,0.6245878822482671,HIGH,4,COASTAL + FLOOD + CYCLONE + RAINFALL
Samjori,396954,0.6002949846269071,0.8,0.5892053073539438,0.4123689316052198,0.609863608547602,HIGH,4,COASTAL + FLOOD + CYCLONE + RAINFALL
Pailo,396872,0.6787402884906402,1.0,0.6268565008338928,0.4123689316052198,0.6928099980767092,HIGH,4,COASTAL + FLOOD + CYCLONE + RAINFALL
Barunei,396075,0.6293740968739818,0.1,0.5321510808185288,0.5378752947467564,0.45442505821617807,MODERATE,4,COASTAL + FLOOD + CYCLONE + RAINFALL
Madhuraganda Khamar,396953,0.5235164543991259,0.8,0.5864943152080537,0.4123689316052198,0.5861523014427951,HIGH,4,COASTAL + FLOOD + CYCLONE + RAINFALL
Khurusia,396962,0.6740096674172553,0.8,0.5958352425862306,0.4123689316052198,0.6336354971927781,HIGH,4,COASTAL + FLOOD + CYCLONE + RAINFALL
Nachhipada,396888,0.6940839819993072,0.0,0.6114302596646016,0.4123689316052198,0.44355654583698656,MODERATE,4,COASTAL + FLOOD + CYCLONE + RAINFALL
Manikipur,396880,0.6834658600043848,0.3,0.6159273132743628,0.4446950457593799,0.5229605954717821,HIGH,4,COASTAL + FLOOD + CYCLONE + RAINFALL
Gopalapur,396948,0.47817911535341245,0.0,0.5968781828835172,0.4123689316052198,0.375147066647947,MODERATE,4,COASTAL + FLOOD + CYCLONE + RAINFALL
Mantei,396874,0.685448110599038,0.0,0.620718684068983,0.4123689316052198,0.4432878905180011,MODERATE,4,COASTAL + FLOOD + CYCLONE + RAINFALL
Antei,396873,0.6807485201035912,1.0,0.6223304372471206,0.4123689316052198,0.6922809516639015,HIGH,4,COASTAL + FLOOD + CYCLONE + RAINFALL
Beruhan,396942,0.5890823995966901,0.0,0.6035569872672355,0.4123689316052198,0.41008775301685985,MODERATE,4,COASTAL + FLOOD + CYCLONE + RAINFALL
Khamagan,396882,0.6872713143100129,0.3,0.6121152488896451,0.4123689316052198,0.516683992836459,HIGH,4,COASTAL + FLOOD + CYCLONE + RAINFALL
Naladiapalanda,396956,0.6747640503580432,0.1,0.596004483194529,0.4123689316052198,0.4589041222270892,MODERATE,4,COASTAL + FLOOD + CYCLONE + RAINFALL
Badaghai,396955,0.6286561784301672,0.3,0.5932994283093858,0.4123689316052198,0.49439549692744056,MODERATE,4,COASTAL + FLOOD + CYCLONE + RAINFALL
Batira,396887,0.6778404116040326,0.1,0.6099231908923584,0.4123689316052198,0.4633067075253433,MODERATE,4,COASTAL + FLOOD + CYCLONE + RAINFALL
Nuagan,396945,0.6690564407867261,0.0,0.5971157363839901,0.4123689316052198,0.4324696526530593,MODERATE,4,COASTAL + FLOOD + CYCLONE + RAINFALL
Dhaniapada,396944,0.6401380730178092,1.0,0.601304043080105,0.4123689316052198,0.674841218996413,HIGH,4,COASTAL + FLOOD + CYCLONE + RAINFALL
Madhusudanpur,396891,0.6121003036855619,0.3,0.604072651529159,0.4123689316052198,0.49212204030900225,MODERATE,4,COASTAL + FLOOD + CYCLONE + RAINFALL
Sereinpur,396951,0.48986028698236733,0.8,0.5920579257640408,0.4123689316052198,0.5774463538567645,HIGH,4,COASTAL + FLOOD + CYCLONE + RAINFALL
Ramachandrapur,396884,0.6785698314322661,0.3,0.6151378546563083,0.4123689316052198,0.5148291994148009,HIGH,4,COASTAL + FLOOD + CYCLONE + RAINFALL
Baripal,396886,0.6943002227148718,0.3,0.6144228935918984,0.4123689316052198,0.51936957653348,HIGH,4,COASTAL + FLOOD + CYCLONE + RAINFALL
Balighai,396885,0.6788210014966811,0.0,0.6179703576863964,0.4123689316052198,0.4406126761916474,MODERATE,4,COASTAL + FLOOD + CYCLONE + RAINFALL
Mangarajpur,396890,0.6396034026803463,1.0,0.6068097733732267,0.4123689316052198,0.6760572504684544,HIGH,4,COASTAL + FLOOD + CYCLONE + RAINFALL
Ameipal,396952,0.5516711656783646,0.8,0.5880255217712425,0.4123689316052198,0.594981516467364,HIGH,4,COASTAL + FLOOD + CYCLONE + RAINFALL
Tikhiri,396946,0.6225146881693562,1.0,0.5915861663819003,0.4123689316052198,0.6671247343673259,HIGH,4,COASTAL + FLOOD + CYCLONE + RAINFALL
Balisuan,396947,0.5364882027238419,0.0,0.5982960317046222,0.4123689316052198,0.39299425506435204,MODERATE,4,COASTAL + FLOOD + CYCLONE + RAINFALL
Mahanangala,396957,0.6261780586311141,0.8,0.5902791128634288,0.4123689316052198,0.6178969821262353,HIGH,4,COASTAL + FLOOD + CYCLONE + RAINFALL
Alifa,396943,0.6536986992069083,0.3,0.6082172169549996,0.4123689316052198,0.5056377003218664,HIGH,4,COASTAL + FLOOD + CYCLONE + RAINFALL
Kalagarh,396959,0.49117627015938814,0.8,0.5874095951117748,0.4123689316052198,0.5766790661468042,HIGH,4,COASTAL + FLOOD + CYCLONE + RAINFALL
Potari,396889,0.663986117437207,1.0,0.6068997376516189,0.4123689316052198,0.6833945559651108,HIGH,4,COASTAL + FLOOD + CYCLONE + RAINFALL
Bauda,396950,0.42305488185614726,0.8,0.5915038060584523,0.4123689316052198,0.5572662023925012,HIGH,4,COASTAL + FLOOD + CYCLONE + RAINFALL
Ramachandrapur,396974,0.6801324294463469,0.3,0.6063712224549341,0.4123689316052198,0.5131063207686816,HIGH,4,COASTAL + FLOOD + CYCLONE + RAINFALL
Jadupur,396933,0.37333516766599345,0.3,0.5819715809803749,0.4446950457593799,0.42143245469676777,MODERATE,4,COASTAL + FLOOD + CYCLONE + RAINFALL
Tekarapanga,396969,0.5600619866930727,0.0,0.5979162445930014,0.4123689316052198,0.39997144347721614,MODERATE,4,COASTAL + FLOOD + CYCLONE + RAINFALL
Gokha Khati,397104,0.4850569722474738,0.1,0.5932283189007834,0.4123689316052198,0.40129795772048193,MODERATE,4,COASTAL + FLOOD + CYCLONE + RAINFALL
Naladiasasan,396967,0.4662557149022659,0.0,0.5896751806872416,0.4123689316052198,0.36976929596353414,MODERATE,4,COASTAL + FLOOD + CYCLONE + RAINFALL
Rajendra Nagar,397117,0.49987956245424847,0.8,0.6019308712568545,,0.6255582331881101,HIGH,3,COASTAL + FLOOD + CYCLONE
Masakani,396932,0.41807091153089593,0.3,0.5857411996543569,0.4123689316052198,0.42933035969390193,MODERATE,4,COASTAL + FLOOD + CYCLONE + RAINFALL
Raula,396929,0.4372410897863625,0.0,0.5900719473758289,0.4123689316052198,0.36116410010090993,MODERATE,4,COASTAL + FLOOD + CYCLONE + RAINFALL
Tentuli Kandha,397118,0.48334390390669285,0.0,0.5980607969751648,0.4123689316052198,0.376992156736843,MODERATE,4,COASTAL + FLOOD + CYCLONE + RAINFALL
Chhanda,396976,0.6635864975980692,0.0,0.6055352875453176,0.4123689316052198,0.43293355748679413,MODERATE,4,COASTAL + FLOOD + CYCLONE + RAINFALL
Dekani,396964,0.6457129427710073,0.0,0.6018666280430898,0.4123689316052198,0.4266543261631186,MODERATE,4,COASTAL + FLOOD + CYCLONE + RAINFALL
Patalipanka,396970,0.6750467039515402,0.0,0.6059174968710601,0.4123689316052198,0.4364671717242711,MODERATE,4,COASTAL + FLOOD + CYCLONE + RAINFALL
Kodakan,396973,0.6854303446969154,1.0,0.6073316830341873,0.4123689316052198,0.6899358104886654,HIGH,4,COASTAL + FLOOD + CYCLONE + RAINFALL
Chheda Kani,397107,0.4339823482820066,0.1,0.5940510997429291,0.4123689316052198,0.38618126574137823,MODERATE,4,COASTAL + FLOOD + CYCLONE + RAINFALL
Khurusiapat,396963,0.6965503960911712,0.0,0.6027705406775705,0.4123689316052198,0.44213154031778795,MODERATE,4,COASTAL + FLOOD + CYCLONE + RAINFALL
Koratapanga,396965,0.5679605816187807,0.8,0.5990357573213677,0.4123689316052198,0.6026209001370201,HIGH,4,COASTAL + FLOOD + CYCLONE + RAINFALL
Akhadasali,397121,0.6584779436582906,0.0,0.6109953603762587,,0.4378652789894398,MODERATE,3,COASTAL + FLOOD + CYCLONE
Naladia,396971,0.6907478989340305,1.0,0.6090618701841328,0.4123689316052198,0.6919636235472864,HIGH,4,COASTAL + FLOOD + CYCLONE + RAINFALL
Dasarajapur,397120,0.6649745613579858,0.1,0.6083432764074572,0.4123689316052198,0.459051973830304,MODERATE,4,COASTAL + FLOOD + CYCLONE + RAINFALL
Bandhakud,396961,0.6265062640252288,0.8,0.5956440039645643,0.4123689316052198,0.6193366665197537,HIGH,4,COASTAL + FLOOD + CYCLONE + RAINFALL
Gatanai Nuasahi,396966,0.5386435774776808,0.0,0.5929092040801166,0.4123689316052198,0.3922941605843773,MODERATE,4,COASTAL + FLOOD + CYCLONE + RAINFALL
Purusottampur,396979,0.5783280258618825,0.1,0.5999294878696211,0.4123689316052198,0.430954566047014,MODERATE,4,COASTAL + FLOOD + CYCLONE + RAINFALL
Nuagan,396931,0.38083987002514635,0.0,0.586899587524556,0.4123689316052198,0.3434506442097268,MODERATE,4,COASTAL + FLOOD + CYCLONE + RAINFALL
Gararomita,396983,0.6409888351328263,0.3,0.6038972978584015,0.4123689316052198,0.5007447613254923,HIGH,4,COASTAL + FLOOD + CYCLONE + RAINFALL
Narayanpur,396968,0.4875699000546514,1.0,0.5936421162167913,0.4123689316052198,0.6271552853916372,HIGH,4,COASTAL + FLOOD + CYCLONE + RAINFALL
Harishpur,396048,0.6252932577898911,0.1,0.5362649883960691,0.5378752947467564,0.45422928338533586,MODERATE,4,COASTAL + FLOOD + CYCLONE + RAINFALL
Subala,396928,0.45968453802611176,0.0,0.5920804773433392,0.4123689316052198,0.36839926706471227,MODERATE,4,COASTAL + FLOOD + CYCLONE + RAINFALL
Sathiabati,397103,0.5005064466012563,0.1,0.596036951779167,0.4123689316052198,0.4066349582462126,MODERATE,4,COASTAL + FLOOD + CYCLONE + RAINFALL
Nalitajori Pal,397119,0.5951029182475311,0.0,0.6050883995181457,0.4123689316052198,0.41227676167483973,MODERATE,4,COASTAL + FLOOD + CYCLONE + RAINFALL
Nunimatia Kandha,397105,0.44453190985089563,0.3,0.5920462648853511,0.4123689316052198,0.4388449254976504,MODERATE,4,COASTAL + FLOOD + CYCLONE + RAINFALL
Anantapur,396977,0.6280872290975974,0.3,0.6022965211214839,0.4123689316052198,0.49647408533069415,MODERATE,4,COASTAL + FLOOD + CYCLONE + RAINFALL
Guptagiri,397116,0.41362302330846573,0.8,0.5961076587497681,,0.5913922770999771,HIGH,3,COASTAL + FLOOD + CYCLONE
Belar,396930,0.3577554406835103,0.0,0.5863658096624178,0.4446950457593799,0.3428570937725335,MODERATE,4,COASTAL + FLOOD + CYCLONE + RAINFALL
Madhusudanpur,396981,0.5656232535057262,0.3,0.5988252810525345,0.4123689316052198,0.47686708263589545,MODERATE,4,COASTAL + FLOOD + CYCLONE + RAINFALL
Taradeipur,396978,0.5522523665183603,0.0,0.5977940202625065,0.4123689316052198,0.3975980013421787,MODERATE,4,COASTAL + FLOOD + CYCLONE + RAINFALL
Karanjia,396049,0.6596744421339533,0.0,0.5355802273513727,0.5378752947467564,0.43937244842738044,MODERATE,4,COASTAL + FLOOD + CYCLONE + RAINFALL
Bahargadabadadandua,397122,0.5737760018049094,0.0,0.6049258880339077,,0.40420534068743713,MODERATE,3,COASTAL + FLOOD + CYCLONE
Thantapalanda,396960,0.5497164360225428,0.8,0.590550884233912,0.4123689316052198,0.5950264381862848,HIGH,4,COASTAL + FLOOD + CYCLONE + RAINFALL
Srirampur,396982,0.5710137191134487,0.3,0.5986309050206753,0.4123689316052198,0.4784356283102474,MODERATE,4,COASTAL + FLOOD + CYCLONE + RAINFALL
Nandanpur,396980,0.48763277282861683,0.0,0.5936917298763051,0.4123689316052198,0.3771865506387053,MODERATE,4,COASTAL + FLOOD + CYCLONE + RAINFALL
Paunsiapal,396975,0.7051188865344198,0.0,0.6074620932378205,0.4123689316052198,0.445874975590825,MODERATE,4,COASTAL + FLOOD + CYCLONE + RAINFALL
Raghunathpur,396972,0.6515513689144921,0.0,0.6061500510167026,0.4123689316052198,0.4294767097495672,MODERATE,4,COASTAL + FLOOD + CYCLONE + RAINFALL
Saralikud,397136,0.671977722886469,0.1,0.6347423611939651,,0.48159863395553987,MODERATE,3,COASTAL + FLOOD + CYCLONE
Jogidhankud,397135,0.6429597304204824,0.1,0.6342860293700787,,0.47057428308583044,MODERATE,3,COASTAL + FLOOD + CYCLONE
Kansardia,397132,0.6258381976709877,0.1,0.5948223609088252,,0.45182131191062824,MODERATE,3,COASTAL + FLOOD + CYCLONE
Palli Garh,397123,0.5413909522618073,0.0,0.6056854011406503,,0.3922982949546309,MODERATE,3,COASTAL + FLOOD + CYCLONE
Batighar,396060,0.5457852265264131,0.1,0.6149147854667314,,0.42808033040575844,MODERATE,3,COASTAL + FLOOD + CYCLONE
Barakoli Khala,397137,0.47334477615154547,0.1,0.6183907169172341,,0.4020013900934652,MODERATE,3,COASTAL + FLOOD + CYCLONE
Banabiharipur,397126,0.6453150442281381,0.8,0.6174468425360258,,0.6849452798780598,HIGH,3,COASTAL + FLOOD + CYCLONE
Nipania,397134,0.5781433727662297,0.1,0.6237537524284469,,0.4429768124212258,MODERATE,3,COASTAL + FLOOD + CYCLONE
Baraja Bahakuda,397125,0.5371170577520531,0.1,0.6088394141406104,,0.42293121357596064,MODERATE,3,COASTAL + FLOOD + CYCLONE
Ramanagar,397128,0.4156008633138033,0.3,0.602607929150375,,0.4379153016021684,MODERATE,3,COASTAL + FLOOD + CYCLONE
Bahakuda Pitapat,397124,0.6727127131902526,0.0,0.6151235414673251,,0.4444933741548838,MODERATE,3,COASTAL + FLOOD + CYCLONE
Badatubi,397127,0.5821228409712236,0.1,0.6181700998314011,,0.44272422156152164,MODERATE,3,COASTAL + FLOOD + CYCLONE
Sanatubi,397133,0.38774431011886495,0.1,0.6113693668151543,,0.36770704342431004,MODERATE,3,COASTAL + FLOOD + CYCLONE
Kentia,397114,0.37453672024365015,0.8,0.593074457574937,0.5378752947467564,0.5682046894161806,HIGH,4,COASTAL + FLOOD + CYCLONE + RAINFALL
Hetamundia,397138,0.6056946597681683,0.3,0.6108077326973597,,0.5117629138809879,HIGH,3,COASTAL + FLOOD + CYCLONE
Kasoti,396910,0.40839830098438323,0.1,0.6076391464723623,0.4446950457593799,0.3883682860652815,MODERATE,4,COASTAL + FLOOD + CYCLONE + RAINFALL
Badapaldia,396913,0.22956546514501786,0.1,0.5927922704441972,0.4446950457593799,0.33100671630643064,MODERATE,4,COASTAL + FLOOD + CYCLONE + RAINFALL
Kharinasi,396059,0.48731480520206283,0.1,0.5954171390063865,0.5378752947467564,0.42762378526156675,MODERATE,4,COASTAL + FLOOD + CYCLONE + RAINFALL
Bhitara Kharinasi,397130,0.6026699448335704,0.0,0.5941831307600756,0.5378752947467564,0.43692182508944133,MODERATE,4,COASTAL + FLOOD + CYCLONE + RAINFALL
Bikeikani,396020,0.6887642052026632,0.0,0.5450368790125402,0.5378752947467564,0.4504635402632853,MODERATE,4,COASTAL + FLOOD + CYCLONE + RAINFALL
Baulanga,396782,0.560828530239007,0.8,0.6245502833104366,0.4446950457593799,0.6133251390511874,HIGH,4,COASTAL + FLOOD + CYCLONE + RAINFALL
Bandha Kata,396720,0.4977127479516655,0.3,0.6219089817151766,0.4446950457593799,0.46873007896616975,MODERATE,4,COASTAL + FLOOD + CYCLONE + RAINFALL
Gobind Pur,397052,0.6686278923769575,0.1,0.5865929403078207,0.4446950457593799,0.4611756119419184,MODERATE,4,COASTAL + FLOOD + CYCLONE + RAINFALL
Gohipur,396053,0.7147672216721594,0.0,0.5435816111901739,0.5378752947467564,0.4579006282485426,MODERATE,4,COASTAL + FLOOD + CYCLONE + RAINFALL
Talasanga,396788,0.6115293701636868,0.1,0.6122080306406672,0.4446950457593799,0.4504498278611488,MODERATE,4,COASTAL + FLOOD + CYCLONE + RAINFALL
Sanagan,396935,0.3252892163043165,0.3,0.5778001200222975,0.4446950457593799,0.4059758040487453,MODERATE,4,COASTAL + FLOOD + CYCLONE + RAINFALL
Kuhudi,396536,0.6686742234360823,0.1,0.6068497905072068,0.4446950457593799,0.4662537238095023,MODERATE,4,COASTAL + FLOOD + CYCLONE + RAINFALL
Jaudia,396018,0.7088566966725434,0.0,0.5486982843517991,0.5378752947467564,0.4574066390390641,MODERATE,4,COASTAL + FLOOD + CYCLONE + RAINFALL
Badapal,396912,0.31567690539488236,0.1,0.5959670185547215,0.4446950457593799,0.35763383540902105,MODERATE,4,COASTAL + FLOOD + CYCLONE + RAINFALL
Narasingpur,396790,0.6610607592130844,0.8,0.627930159563324,0.4446950457593799,0.6442397768066324,HIGH,4,COASTAL + FLOOD + CYCLONE + RAINFALL
Manitiri,396894,0.6230097897046776,0.1,0.6232451455173023,0.4446950457593799,0.4566532324426048,MODERATE,4,COASTAL + FLOOD + CYCLONE + RAINFALL
Puruso Tamapur,396899,0.45276085682733247,0.1,0.6048048112210812,0.4446950457593799,0.400968469005346,MODERATE,4,COASTAL + FLOOD + CYCLONE + RAINFALL
Baikuntha Pur,396721,0.5264073733709492,0.8,0.6305156894105625,0.4446950457593799,0.6044901435158014,HIGH,4,COASTAL + FLOOD + CYCLONE + RAINFALL
Badagan,396937,0.3390425642090256,0.3,0.589297414256366,0.4446950457593799,0.41297613197867516,MODERATE,4,COASTAL + FLOOD + CYCLONE + RAINFALL
Tulasi Pur,396914,0.3208048007344778,0.1,0.5992802975028864,0.4446950457593799,0.3600005237479409,MODERATE,4,COASTAL + FLOOD + CYCLONE + RAINFALL
Bhagabanpur,396949,0.46546796662274054,0.0,0.6012583987812492,0.4446950457593799,0.3788939988340104,MODERATE,4,COASTAL + FLOOD + CYCLONE + RAINFALL
Gayaspur,397053,0.5398564480442998,0.3,0.5866549784606823,0.4446950457593799,0.47255968818033645,MODERATE,4,COASTAL + FLOOD + CYCLONE + RAINFALL
Posta,396540,0.5554866722395115,0.1,0.6011171739288746,0.4446950457593799,0.4308643043059481,MODERATE,4,COASTAL + FLOOD + CYCLONE + RAINFALL
Juna,396909,0.42499260459790567,0.1,0.6053742290087104,0.4446950457593799,0.39278034778342524,MODERATE,4,COASTAL + FLOOD + CYCLONE + RAINFALL
Narayanpur,396519,0.691942386997819,1.0,0.6124247615467502,0.4446950457593799,0.6996279156379093,HIGH,4,COASTAL + FLOOD + CYCLONE + RAINFALL
Jaripada,396542,0.6189801854097337,0.1,0.6017668562348681,0.4446950457593799,0.4500747788335131,MODERATE,4,COASTAL + FLOOD + CYCLONE + RAINFALL
Hatia,396896,0.6729749490599706,0.3,0.616475012557351,0.4446950457593799,0.5199502470092049,HIGH,4,COASTAL + FLOOD + CYCLONE + RAINFALL
Manikunda,396897,0.6361755707716461,0.1,0.6163956072676279,0.4446950457593799,0.45889058220027673,MODERATE,4,COASTAL + FLOOD + CYCLONE + RAINFALL
Bachharai,396717,0.6481842086442795,0.3,0.6266503882157657,0.4446950457593799,0.5150568687991013,HIGH,4,COASTAL + FLOOD + CYCLONE + RAINFALL
Godhan,396718,0.6030096368265525,0.3,0.6204482237447465,0.4446950457593799,0.4999539561360284,MODERATE,4,COASTAL + FLOOD + CYCLONE + RAINFALL
Baghadia,396016,0.7114614071069432,0.0,0.5508177537142238,0.5378752947467564,0.4587179195099902,MODERATE,4,COASTAL + FLOOD + CYCLONE + RAINFALL
Kurutunga,396539,0.5195891398714878,0.1,0.6041103345528125,0.4446950457593799,0.4208433347515254,MODERATE,4,COASTAL + FLOOD + CYCLONE + RAINFALL
Thauri,396541,0.5832956565505314,0.1,0.5962342299389141,0.4446950457593799,0.4379862636017639,MODERATE,4,COASTAL + FLOOD + CYCLONE + RAINFALL
Podana,396791,0.6462316451345773,0.8,0.6322656132656894,0.4446950457593799,0.6408749060086716,HIGH,4,COASTAL + FLOOD + CYCLONE + RAINFALL
Haladia,396941,0.5690626805304169,0.0,0.6079623417897612,0.4446950457593799,0.41164839875844134,MODERATE,4,COASTAL + FLOOD + CYCLONE + RAINFALL
Dara Bachha,396898,0.5447451362561511,0.1,0.6116946153959664,0.4446950457593799,0.4302862038777129,MODERATE,4,COASTAL + FLOOD + CYCLONE + RAINFALL
Bhusaranga,396879,0.6634944245147036,0.1,0.6141734601494531,0.4446950457593799,0.46653070154365034,MODERATE,4,COASTAL + FLOOD + CYCLONE + RAINFALL
Raghabapur,396792,0.6832154685425014,0.3,0.6320474635267755,0.4446950457593799,0.5269155155963203,HIGH,4,COASTAL + FLOOD + CYCLONE + RAINFALL
Athabatia,396938,0.3807435355342112,0.3,0.5952980007079873,0.4446950457593799,0.42698656998913614,MODERATE,4,COASTAL + FLOOD + CYCLONE + RAINFALL
Jay Chandrapur,396936,0.2973819539812843,0.1,0.5852881011741097,0.4446950457593799,0.3494756206397887,MODERATE,4,COASTAL + FLOOD + CYCLONE + RAINFALL
Sasanipada,396787,0.541283570960519,0.1,0.6112320002194758,0.4446950457593799,0.42913208049490065,MODERATE,4,COASTAL + FLOOD + CYCLONE + RAINFALL
Balikuda,396918,0.27628998796533977,0.1,0.5922161788216707,0.4446950457593799,0.34488005024689555,MODERATE,4,COASTAL + FLOOD + CYCLONE + RAINFALL
Garajanga,396939,0.4454074986130617,0.1,0.6035882167995161,0.4446950457593799,0.3984583129356735,MODERATE,4,COASTAL + FLOOD + CYCLONE + RAINFALL
Aitipur,396919,0.23563116307510243,0.1,0.5882866931214118,0.4446950457593799,0.3317000313547597,MODERATE,4,COASTAL + FLOOD + CYCLONE + RAINFALL
Kusun Pur,396915,0.3053002171916459,0.1,0.5952816702205024,0.4446950457593799,0.3543494918644953,MODERATE,4,COASTAL + FLOOD + CYCLONE + RAINFALL
Pikarali,396789,0.6581526067534478,0.8,0.622330608944472,0.4446950457593799,0.6419674434140283,HIGH,4,COASTAL + FLOOD + CYCLONE + RAINFALL
Girang,396906,0.29000105438721924,0.1,0.5858232057557519,0.4446950457593799,0.3473951269069797,MODERATE,4,COASTAL + FLOOD + CYCLONE + RAINFALL
Mehendinagar,396512,0.673488748535553,0.1,0.6334312857151531,0.4446950457593799,0.4743434551413301,MODERATE,4,COASTAL + FLOOD + CYCLONE + RAINFALL
Karamakul,396917,0.19247477323038734,0.1,0.5889619340029721,0.4446950457593799,0.31892192462173524,MODERATE,4,COASTAL + FLOOD + CYCLONE + RAINFALL
Hindulia,396895,0.7003848160966664,0.3,0.6246011031104539,0.4446950457593799,0.5302047297584894,HIGH,4,COASTAL + FLOOD + CYCLONE + RAINFALL
Bagadia,396901,0.4305549336388542,0.1,0.5883002254564372,0.4446950457593799,0.39018054560764154,MODERATE,4,COASTAL + FLOOD + CYCLONE + RAINFALL
Silipur,396900,0.44762779210280307,0.1,0.5982799811020518,0.4446950457593799,0.39779734205822986,MODERATE,4,COASTAL + FLOOD + CYCLONE + RAINFALL
Kan Pur,396908,0.35517445436775796,0.1,0.5963948396779453,0.4446950457593799,0.3695900553816897,MODERATE,4,COASTAL + FLOOD + CYCLONE + RAINFALL
Parakula,396783,0.5582760104468927,0.8,0.6165043818632348,0.4446950457593799,0.6105479077517525,HIGH,4,COASTAL + FLOOD + CYCLONE + RAINFALL
Gopinathpur,396916,0.19842994816799364,0.8,0.5851097127672127,0.4446950457593799,0.4947454217940772,MODERATE,4,COASTAL + FLOOD + CYCLONE + RAINFALL
Bara Tunga,396719,0.5172301519444764,0.8,0.6173977556067997,0.4446950457593799,0.5984574936369189,HIGH,4,COASTAL + FLOOD + CYCLONE + RAINFALL
Jaganathpur,396535,0.70062021892987,0.1,0.6084415784937682,0.4446950457593799,0.476235469454279,MODERATE,4,COASTAL + FLOOD + CYCLONE + RAINFALL
Ramchandrapur,395847,0.4304390929285809,0.1,0.5962767212054557,0.6098682748579979,0.42517456315153773,MODERATE,4,COASTAL + FLOOD + CYCLONE + RAINFALL
Kuanrpal,396911,0.36894133291023035,0.1,0.6023317602424274,0.4446950457593799,0.37520434908555195,MODERATE,4,COASTAL + FLOOD + CYCLONE + RAINFALL
Badakul,396920,0.21429979737481913,0.1,0.5802842235958645,0.4446950457593799,0.32330000426328787,MODERATE,4,COASTAL + FLOOD + CYCLONE + RAINFALL
Narayanpur,396786,0.4657842012433678,1.0,0.6112866007472639,0.4446950457593799,0.6314959197117023,HIGH,4,COASTAL + FLOOD + CYCLONE + RAINFALL
Dumuka,396907,0.3646891137124151,0.1,0.5905838956248873,0.4446950457593799,0.37099171717182233,MODERATE,4,COASTAL + FLOOD + CYCLONE + RAINFALL
Pentha,396716,0.5866027235455105,0.3,0.634358481346812,0.4446950457593799,0.4985094465522321,MODERATE,4,COASTAL + FLOOD + CYCLONE + RAINFALL
Jagadispur,396522,0.7059540516226863,0.1,0.6129901650302667,0.4446950457593799,0.47897276589624854,MODERATE,4,COASTAL + FLOOD + CYCLONE + RAINFALL
Chakarpur,396516,0.7025557409124601,0.3,0.6192802242781523,0.4446950457593799,0.5295257874951521,HIGH,4,COASTAL + FLOOD + CYCLONE + RAINFALL
Barei,396537,0.6327481158642738,0.1,0.6087304846855912,0.4446950457593799,0.4559460650825559,MODERATE,4,COASTAL + FLOOD + CYCLONE + RAINFALL
Arakhia,396538,0.6256436601923001,0.1,0.6066369815773363,0.4446950457593799,0.4532913526039,MODERATE,4,COASTAL + FLOOD + CYCLONE + RAINFALL
Angulai,396518,0.6354995903417662,0.1,0.6143406236478495,0.4446950457593799,0.4581740421663682,MODERATE,4,COASTAL + FLOOD + CYCLONE + RAINFALL
Manitiri,397051,0.6545985035107953,0.1,0.5839093884242215,0.4446950457593799,0.4562959073111699,MODERATE,4,COASTAL + FLOOD + CYCLONE + RAINFALL
Balia,396547,0.6466358192333637,0.1,0.5889848254436603,0.4446950457593799,0.45517596128280013,MODERATE,4,COASTAL + FLOOD + CYCLONE + RAINFALL
Nembara,396546,0.6858230699934591,0.1,0.5930458012265059,0.4446950457593799,0.46794738045654016,MODERATE,4,COASTAL + FLOOD + CYCLONE + RAINFALL
Panchanpur,396515,0.7089244279600371,0.1,0.6211707310968724,0.4446950457593799,0.48190902031410515,MODERATE,4,COASTAL + FLOOD + CYCLONE + RAINFALL
Anko,396785,0.5254798876892588,0.8,0.6121078722081192,0.4446950457593799,0.5996099435106834,HIGH,4,COASTAL + FLOOD + CYCLONE + RAINFALL
Niladripur,396523,0.7036303429762041,0.1,0.6160342147113296,0.4446950457593799,0.4790366657225696,MODERATE,4,COASTAL + FLOOD + CYCLONE + RAINFALL
Jaganathpur,397094,0.17981740690567172,0.1,0.5736830568060742,0.4446950457593799,0.31130499542509604,MODERATE,4,COASTAL + FLOOD + CYCLONE + RAINFALL
Narendrapur,396543,0.682143345542265,0.3,0.6002259464015144,0.4446950457593799,0.5186384994149341,HIGH,4,COASTAL + FLOOD + CYCLONE + RAINFALL
Kulapada,396534,0.6878678003808112,0.3,0.6033858247831654,0.4446950457593799,0.5211458054619107,HIGH,4,COASTAL + FLOOD + CYCLONE + RAINFALL
Garajanga Palli,396784,0.4593870543306324,0.8,0.6151571564528348,0.4446950457593799,0.5805444145642744,HIGH,4,COASTAL + FLOOD + CYCLONE + RAINFALL
Nuagan,396520,0.7120774446888531,0.0,0.6126581049142742,0.4446950457593799,0.45572676878710044,MODERATE,4,COASTAL + FLOOD + CYCLONE + RAINFALL
Chadeiguan,397091,0.3264415148558565,0.3,0.5647997799682956,0.4446950457593799,0.4030714086007068,MODERATE,4,COASTAL + FLOOD + CYCLONE + RAINFALL
Gaudabadpur,397092,0.2542790614439152,0.3,0.5683153340189737,0.4446950457593799,0.38230156108979396,MODERATE,4,COASTAL + FLOOD + CYCLONE + RAINFALL
Goja Bandha,397102,0.3549386753878735,0.1,0.585037410758494,0.4446950457593799,0.3666799644578615,MODERATE,4,COASTAL + FLOOD + CYCLONE + RAINFALL
Jalakana,397089,0.4472812324944067,0.3,0.5665654501106538,0.4446950457593799,0.4397647414278614,MODERATE,4,COASTAL + FLOOD + CYCLONE + RAINFALL
Maha Kala Para,397088,0.28761519158841964,0.1,0.5684290211967574,0.4446950457593799,0.3423308219275912,MODERATE,4,COASTAL + FLOOD + CYCLONE + RAINFALL
Samantsingharpur,396927,0.29250508154479005,0.0,0.5810947654321463,0.4446950457593799,0.3219642249733496,MODERATE,4,COASTAL + FLOOD + CYCLONE + RAINFALL
Teragan,396926,0.24242966927197673,0.1,0.5787818619387073,0.4446950457593799,0.3313633754181458,MODERATE,4,COASTAL + FLOOD + CYCLONE + RAINFALL
Nantar,397082,0.19256044744910228,0.3,0.5698128364116489,0.5378752947467564,0.3827964022869942,MODERATE,4,COASTAL + FLOOD + CYCLONE + RAINFALL
Aitipur,397044,0.5819584599283927,0.1,0.5610115421619071,0.4446950457593799,0.42877943267087054,MODERATE,4,COASTAL + FLOOD + CYCLONE + RAINFALL
Balia,396986,0.690299331896971,0.1,0.5486354592881008,0.4446950457593799,0.45818767354299245,MODERATE,4,COASTAL + FLOOD + CYCLONE + RAINFALL
Janra,397064,0.24318878066794886,0.3,0.5685964443871676,0.4446950457593799,0.37904475444905256,MODERATE,4,COASTAL + FLOOD + CYCLONE + RAINFALL
Itakandia,396989,0.6549757285569944,0.3,0.5438203049736734,0.5378752947467564,0.5150228537598679,HIGH,4,COASTAL + FLOOD + CYCLONE + RAINFALL
Bada Rahama,396990,0.6986029421300435,0.3,0.5396193054398182,0.5378752947467564,0.5270607679483189,HIGH,4,COASTAL + FLOOD + CYCLONE + RAINFALL
Mangalapur,397086,0.17609965607404124,0.3,0.5731999518365025,0.4446950457593799,0.36006889393321395,MODERATE,4,COASTAL + FLOOD + CYCLONE + RAINFALL
Gamha,397087,0.24404462462091403,0.1,0.569553866014199,0.4446950457593799,0.32954086304169994,MODERATE,4,COASTAL + FLOOD + CYCLONE + RAINFALL
Gopalpur,397090,0.31218511685850486,0.3,0.5678552437599647,0.4446950457593799,0.39955835514941856,MODERATE,4,COASTAL + FLOOD + CYCLONE + RAINFALL
Balana,396904,0.3165549512770679,0.1,0.5737042656111053,0.4446950457593799,0.3523315609377727,MODERATE,4,COASTAL + FLOOD + CYCLONE + RAINFALL
Orata,397046,0.6729684755131653,0.3,0.5674256063947978,0.4446950457593799,0.507685953404525,HIGH,4,COASTAL + FLOOD + CYCLONE + RAINFALL
Raigada,397065,0.24883073841816283,0.3,0.5661390015869523,0.5378752947467564,0.3987590308715382,MODERATE,4,COASTAL + FLOOD + CYCLONE + RAINFALL
Ostara,396934,0.272528981228383,0.1,0.5786339483840566,0.4446950457593799,0.34035619061640504,MODERATE,4,COASTAL + FLOOD + CYCLONE + RAINFALL
Sarumunhi,397113,0.2830268145687943,0.0,0.5883732576053867,0.5378752947467564,0.3395764177213363,MODERATE,4,COASTAL + FLOOD + CYCLONE + RAINFALL
Chhatar,396988,0.6293532633489667,0.3,0.5440141201150342,0.4446950457593799,0.48874851818532455,MODERATE,4,COASTAL + FLOOD + CYCLONE + RAINFALL
Mahula Kandha,397099,0.24986557539588486,1.0,0.5828398223108777,0.4446950457593799,0.5596086373483609,HIGH,4,COASTAL + FLOOD + CYCLONE + RAINFALL
Bachhuria,397109,0.2989742900748915,0.8,0.587234982680695,0.5378752947467564,0.5440760916419924,HIGH,4,COASTAL + FLOOD + CYCLONE + RAINFALL
Jemadeipur,397084,0.13048407036013532,1.0,0.5760636580222804,0.5378752947467564,0.540736194562962,HIGH,4,COASTAL + FLOOD + CYCLONE + RAINFALL
Kiar Banka,397063,0.3005774062217341,0.1,0.564755347752949,0.4446950457593799,0.34530106795663346,MODERATE,4,COASTAL + FLOOD + CYCLONE + RAINFALL
Pareswar Pur,397083,0.12206224952899353,0.3,0.5740109416057825,0.5378752947467564,0.36269646920949494,MODERATE,4,COASTAL + FLOOD + CYCLONE + RAINFALL
Sahabaj Pur,397062,0.4212187365528787,0.1,0.5582784963821639,0.4446950457593799,0.3798742542132805,MODERATE,4,COASTAL + FLOOD + CYCLONE + RAINFALL
Maliancha,397030,0.35897846640789327,0.3,0.5596655204483014,0.4446950457593799,0.4115489291863193,MODERATE,4,COASTAL + FLOOD + CYCLONE + RAINFALL
Babakar Pur,397055,0.4810913015238434,0.1,0.572303293523293,0.4446950457593799,0.4013422229898522,MODERATE,4,COASTAL + FLOOD + CYCLONE + RAINFALL
Ramakani,397060,0.467797777237704,0.3,0.556906353350456,0.4446950457593799,0.44350493066080116,MODERATE,4,COASTAL + FLOOD + CYCLONE + RAINFALL
Barakandha,397106,0.3814572834830113,0.1,0.5888909767214519,0.4446950457593799,0.3755989383771423,MODERATE,4,COASTAL + FLOOD + CYCLONE + RAINFALL
Kochila,397115,0.3541122607625139,0.0,0.5913216943265305,0.5378752947467564,0.3616391607597381,MODERATE,4,COASTAL + FLOOD + CYCLONE + RAINFALL
Ghantia Palli,397040,0.6333824428072965,0.1,0.5552728591126135,0.4446950457593799,0.4427719567722183,MODERATE,4,COASTAL + FLOOD + CYCLONE + RAINFALL
Bandhapara,397101,0.32509262928305516,0.1,0.5844865851964768,0.4446950457593799,0.3575884442359117,MODERATE,4,COASTAL + FLOOD + CYCLONE + RAINFALL
Gokhapada,396925,0.24725292432750662,0.3,0.5761013235808768,0.4446950457593799,0.38214021734534714,MODERATE,4,COASTAL + FLOOD + CYCLONE + RAINFALL
Sankhapada,397038,0.524801648865326,0.1,0.552835248459502,0.4446950457593799,0.40958831592634926,MODERATE,4,COASTAL + FLOOD + CYCLONE + RAINFALL
Mulubasanta,396984,0.6976326849140653,0.3,0.5506580145940434,0.4446950457593799,0.5108933182746064,HIGH,4,COASTAL + FLOOD + CYCLONE + RAINFALL
Bijayanagar,397034,0.4050291699905373,0.1,0.5571939043491516,0.4446950457593799,0.374746236236325,MODERATE,4,COASTAL + FLOOD + CYCLONE + RAINFALL
Kalapara,397041,0.6611596983731511,0.1,0.5574583139009575,0.4446950457593799,0.45165149713906066,MODERATE,4,COASTAL + FLOOD + CYCLONE + RAINFALL
Anduli,397042,0.6942186448131358,0.1,0.5629890010998366,0.4446950457593799,0.46295185287077584,MODERATE,4,COASTAL + FLOOD + CYCLONE + RAINFALL
Bilipada,397048,0.5720235901515922,0.3,0.5757619190461734,0.4446950457593799,0.47948656595889694,MODERATE,4,COASTAL + FLOOD + CYCLONE + RAINFALL
Sri Chandan Pur,397037,0.6023977313769848,0.3,0.5505566661114318,0.4446950457593799,0.4822974950928294,MODERATE,4,COASTAL + FLOOD + CYCLONE + RAINFALL
Palaspur,396905,0.24767923373892295,0.1,0.5756765878260348,0.4446950457593799,0.3321619262300616,MODERATE,4,COASTAL + FLOOD + CYCLONE + RAINFALL
Tithi,397085,0.1934813945688489,0.0,0.5716627165305314,0.4446950457593799,0.2898991066551635,MODERATE,4,COASTAL + FLOOD + CYCLONE + RAINFALL
Deula Pada,397058,0.5174413335787404,0.1,0.562521633339466,0.4446950457593799,0.4098018175603646,MODERATE,4,COASTAL + FLOOD + CYCLONE + RAINFALL
Rajagada,397054,0.44541869997540035,0.3,0.579564876617249,0.4446950457593799,0.4424558382988083,MODERATE,4,COASTAL + FLOOD + CYCLONE + RAINFALL
Jagati,397066,0.2941234392043488,0.3,0.5639049016255229,0.5378752947467564,0.4117883161170366,MODERATE,4,COASTAL + FLOOD + CYCLONE + RAINFALL
Ranki,397032,0.4749477000357043,0.3,0.5541934928968533,0.5378752947467564,0.4636077421842759,MODERATE,4,COASTAL + FLOOD + CYCLONE + RAINFALL
Sikhar,397093,0.2994471170714779,0.3,0.5670604771193719,0.4446950457593799,0.3955382635531623,MODERATE,4,COASTAL + FLOOD + CYCLONE + RAINFALL
Dadhipur,397097,0.22979950407091934,0.3,0.5783975329634699,0.4446950457593799,0.3774782436140192,MODERATE,4,COASTAL + FLOOD + CYCLONE + RAINFALL
Adoi,397110,0.18657950600083784,1.0,0.5823054412752837,0.5378752947467564,0.5591252710684236,HIGH,4,COASTAL + FLOOD + CYCLONE + RAINFALL
Karanja,396924,0.17501144466747115,0.1,0.5721745369107474,0.4446950457593799,0.30948607677980416,MODERATE,4,COASTAL + FLOOD + CYCLONE + RAINFALL
Dasi Pur,396902,0.3310430071088505,0.1,0.5803947033093872,0.4446950457593799,0.3583505871118779,MODERATE,4,COASTAL + FLOOD + CYCLONE + RAINFALL
Adam Pur,396903,0.3914588824971457,0.1,0.5714617185370877,0.4446950457593799,0.3742421035352916,MODERATE,4,COASTAL + FLOOD + CYCLONE + RAINFALL
Chandia Palli,397061,0.37133452323255445,0.1,0.5626494327433684,0.4446950457593799,0.3660017243074844,MODERATE,4,COASTAL + FLOOD + CYCLONE + RAINFALL
Amirabad,397059,0.4311936348070815,0.1,0.5607634862136117,0.4446950457593799,0.38348797114740335,MODERATE,4,COASTAL + FLOOD + CYCLONE + RAINFALL
Badadihi,397026,0.573848174839575,0.3,0.5474707341964679,0.5378752947467564,0.4915971949503407,MODERATE,4,COASTAL + FLOOD + CYCLONE + RAINFALL
Kanpur,397031,0.4106129640484732,0.3,0.5569679792608278,0.4446950457593799,0.42636489318162485,MODERATE,4,COASTAL + FLOOD + CYCLONE + RAINFALL
Dia Rajagarh,397056,0.5194692200048181,0.3,0.5744938952113332,0.4446950457593799,0.4634032489561547,MODERATE,4,COASTAL + FLOOD + CYCLONE + RAINFALL
Oliha,397045,0.6022217421506832,0.3,0.565861821155444,0.4446950457593799,0.48607098708594193,MODERATE,4,COASTAL + FLOOD + CYCLONE + RAINFALL
Olihanilakanthapur,397057,0.5529602862158967,0.3,0.5694672073907906,0.4446950457593799,0.4721938968643426,MODERATE,4,COASTAL + FLOOD + CYCLONE + RAINFALL
Balipal,397039,0.5548053583504231,0.1,0.5573999092960502,0.4446950457593799,0.4197305939810155,MODERATE,4,COASTAL + FLOOD + CYCLONE + RAINFALL
Arada,397033,0.4631046155604058,0.3,0.55427816564581,0.4446950457593799,0.4414399352314502,MODERATE,4,COASTAL + FLOOD + CYCLONE + RAINFALL
Benupal,396922,0.16068574714000058,0.1,0.5758050677616829,0.4446950457593799,0.3060960002342969,MODERATE,4,COASTAL + FLOOD + CYCLONE + RAINFALL
Ekalapur,397027,0.4362493376256376,0.3,0.5551542673643707,0.5378752947467564,0.4522384270781352,MODERATE,4,COASTAL + FLOOD + CYCLONE + RAINFALL
Nachhi Pada,397049,0.5864415756916774,0.1,0.5788527650812823,0.4446950457593799,0.4345846731296998,MODERATE,4,COASTAL + FLOOD + CYCLONE + RAINFALL
Basaghar,397043,0.6358573896211077,0.1,0.5604989636799727,0.4446950457593799,0.44482096695820145,MODERATE,4,COASTAL + FLOOD + CYCLONE + RAINFALL
Sahoo Pada,396985,0.6998955553265829,0.3,0.5489753529737385,0.4446950457593799,0.5111515139932855,HIGH,4,COASTAL + FLOOD + CYCLONE + RAINFALL
Batakuli,397096,0.25737141928006274,1.0,0.5801828703880336,0.4446950457593799,0.5611961525329032,HIGH,4,COASTAL + FLOOD + CYCLONE + RAINFALL
Potakani,397108,0.3515938731970068,0.0,0.5892017314520839,0.5378752947467564,0.3603536537714743,MODERATE,4,COASTAL + FLOOD + CYCLONE + RAINFALL
Niyamatpur,397050,0.6470115390398077,0.3,0.5812186380398044,0.4446950457593799,0.5033471303737694,HIGH,4,COASTAL + FLOOD + CYCLONE + RAINFALL
Dahimachha,396921,0.24860807317123848,0.1,0.5756072219668436,0.4446950457593799,0.3324232365949584,MODERATE,4,COASTAL + FLOOD + CYCLONE + RAINFALL
Rama Chandra Pur,396987,0.6702087147334379,0.3,0.5433562633273177,0.4446950457593799,0.5008406894037368,HIGH,4,COASTAL + FLOOD + CYCLONE + RAINFALL
Jasuapalli,397036,0.6774441363832482,0.3,0.5531714709063199,0.4446950457593799,0.5054651177934304,HIGH,4,COASTAL + FLOOD + CYCLONE + RAINFALL
Potia,397035,0.6120497048397033,0.3,0.5467719338284598,0.4446950457593799,0.48424690406090193,MODERATE,4,COASTAL + FLOOD + CYCLONE + RAINFALL
Alailo,397047,0.6468757068853876,0.3,0.5724238363987864,0.4446950457593799,0.5011076803171889,HIGH,4,COASTAL + FLOOD + CYCLONE + RAINFALL
Baulapara,397095,0.1972464861702293,0.3,0.5756382360574942,0.4446950457593799,0.3670225140173183,MODERATE,4,COASTAL + FLOOD + CYCLONE + RAINFALL
Gobardhanpur,396923,0.19746952560707107,0.1,0.5734307220187849,0.4446950457593799,0.3165375473386935,MODERATE,4,COASTAL + FLOOD + CYCLONE + RAINFALL
Kumbharapara,397098,0.17909768672052487,0.8,0.5770280780915735,0.4446950457593799,0.4869253346909268,MODERATE,4,COASTAL + FLOOD + CYCLONE + RAINFALL
Marichakani,397100,0.28246563447833706,0.8,0.5830866208183615,0.4446950457593799,0.5194503546999675,HIGH,4,COASTAL + FLOOD + CYCLONE + RAINFALL
Baradia,395618,0.6975337007056228,0.3,0.5913514057468898,0.6098682748579979,0.5540716166200089,HIGH,4,COASTAL + FLOOD + CYCLONE + RAINFALL
Kusiapal,397069,0.3671839300126125,0.3,0.5558170723320561,0.5378752947467564,0.43168450603614905,MODERATE,4,COASTAL + FLOOD + CYCLONE + RAINFALL
Balisahipatna,395912,0.6795960563605226,0.0,0.566392050755908,0.5378752947467564,0.45305188854648504,MODERATE,4,COASTAL + FLOOD + CYCLONE + RAINFALL
Baulakani,397112,0.26553805936211405,0.0,0.5811978097564287,0.5378752947467564,0.33253592919709263,MODERATE,4,COASTAL + FLOOD + CYCLONE + RAINFALL
Petchhela,396058,0.2764826343007063,0.1,0.5890229683251664,0.5378752947467564,0.3627755913208548,MODERATE,4,COASTAL + FLOOD + CYCLONE + RAINFALL
Tanki Belari,397078,0.17586148965210577,0.8,0.5751832661153407,0.5378752947467564,0.5041293223738182,HIGH,4,COASTAL + FLOOD + CYCLONE + RAINFALL
Narasingha Pur,397015,0.563427640494263,0.3,0.5383165215831034,0.5378752947467564,0.48618248149340604,MODERATE,4,COASTAL + FLOOD + CYCLONE + RAINFALL
Maladhia,397081,0.11752319246060966,0.3,0.573955081435087,0.5378752947467564,0.3613207870463059,MODERATE,4,COASTAL + FLOOD + CYCLONE + RAINFALL
Babara,396992,0.6399763613599638,0.3,0.5407908176646562,0.5378752947467564,0.5097656717735044,HIGH,4,COASTAL + FLOOD + CYCLONE + RAINFALL
Pancha Gachhia,397018,0.4005484712346101,0.1,0.5575997163078801,0.5378752947467564,0.3921395293967044,MODERATE,4,COASTAL + FLOOD + CYCLONE + RAINFALL
Kakat Pur,396993,0.5753308593145632,0.3,0.5445214556384728,0.5378752947467564,0.49130468065333843,MODERATE,4,COASTAL + FLOOD + CYCLONE + RAINFALL
Jamboo,396057,0.620245003831476,0.1,0.5704906111589391,0.5378752947467564,0.4612712128885288,MODERATE,4,COASTAL + FLOOD + CYCLONE + RAINFALL
Sugal,397021,0.4127285417484918,0.1,0.5520889255180207,0.5378752947467564,0.39441585285340397,MODERATE,4,COASTAL + FLOOD + CYCLONE + RAINFALL
Bhitarsubala,397079,0.19887294179922746,0.3,0.5724016065810054,0.5378752947467564,0.38533734313437085,MODERATE,4,COASTAL + FLOOD + CYCLONE + RAINFALL
Maladhia,397004,0.5535186269912332,0.3,0.5410830217630004,0.5378752947467564,0.48390140248747127,MODERATE,4,COASTAL + FLOOD + CYCLONE + RAINFALL
Badatota Chhapali,397077,0.3420836476756923,0.0,0.5727035508807607,0.5378752947467564,0.3533760409722492,MODERATE,4,COASTAL + FLOOD + CYCLONE + RAINFALL
Bara Danga,397067,0.2755383429269621,0.3,0.5636473272038816,0.5378752947467564,0.40614839362841026,MODERATE,4,COASTAL + FLOOD + CYCLONE + RAINFALL
Kalatunga,396995,0.5391803497513,0.3,0.5453693911400123,0.5378752947467564,0.4806715116597443,MODERATE,4,COASTAL + FLOOD + CYCLONE + RAINFALL
Pankapal,397073,0.25063186833007023,0.3,0.5653578640041623,0.5378752947467564,0.3991040854494129,MODERATE,4,COASTAL + FLOOD + CYCLONE + RAINFALL
Baliganda Ratanpur,396997,0.6782171566857877,0.0,0.5383267126717194,0.5378752947467564,0.4456218841230174,MODERATE,4,COASTAL + FLOOD + CYCLONE + RAINFALL
Radia,397028,0.4013394877242435,0.3,0.5560551239777666,0.5378752947467564,0.44199068626106597,MODERATE,4,COASTAL + FLOOD + CYCLONE + RAINFALL
Kharianta,397023,0.4255507932722453,0.3,0.5528999734289621,0.5378752947467564,0.44846529028826543,MODERATE,4,COASTAL + FLOOD + CYCLONE + RAINFALL
Bhateni,397075,0.4666658641750698,0.1,0.570521244527431,0.5378752947467564,0.41520512933373,MODERATE,4,COASTAL + FLOOD + CYCLONE + RAINFALL
Badamatha,397080,0.20432321840976597,0.3,0.5671612763963032,0.5378752947467564,0.38566234357135687,MODERATE,4,COASTAL + FLOOD + CYCLONE + RAINFALL
Bagagahan,397074,0.36562111601705677,0.1,0.5660086852391775,0.5378752947467564,0.3837635650642627,MODERATE,4,COASTAL + FLOOD + CYCLONE + RAINFALL
Kansapal,397076,0.36584051444369625,0.1,0.5713047414434633,0.5378752947467564,0.385153398643326,MODERATE,4,COASTAL + FLOOD + CYCLONE + RAINFALL
Kansara,397071,0.28301767126846117,0.3,0.5611228847889717,0.5378752947467564,0.40776108152713253,MODERATE,4,COASTAL + FLOOD + CYCLONE + RAINFALL
Badadandua,397072,0.3448128694710634,0.1,0.5612537714859822,0.5378752947467564,0.37633236266216585,MODERATE,4,COASTAL + FLOOD + CYCLONE + RAINFALL
Bala Bhadrapur,397068,0.300773461755399,0.0,0.560878951436174,0.5378752947467564,0.33802683533501443,MODERATE,4,COASTAL + FLOOD + CYCLONE + RAINFALL
Guludia,397022,0.48796129538647615,0.1,0.5485767886306505,0.5378752947467564,0.4161076447229567,MODERATE,4,COASTAL + FLOOD + CYCLONE + RAINFALL
Sana Rahama,396991,0.6483176440592895,0.3,0.5398054089367872,0.5378752947467564,0.5120217044013349,HIGH,4,COASTAL + FLOOD + CYCLONE + RAINFALL
Bahar Subala,397029,0.37402243679627334,0.3,0.5590103087305645,0.5378752947467564,0.43453436717087435,MODERATE,4,COASTAL + FLOOD + CYCLONE + RAINFALL
Bhuinpada,397002,0.4619861248974313,0.0,0.5429892944701264,0.5378752947467564,0.3819182200361123,MODERATE,4,COASTAL + FLOOD + CYCLONE + RAINFALL
Badapal,397020,0.3421383658815863,0.1,0.5559809833310272,0.5378752947467564,0.3742118145465839,MODERATE,4,COASTAL + FLOOD + CYCLONE + RAINFALL
Sankachit,397003,0.4475990983652387,0.0,0.5409569321700968,0.5378752947467564,0.3770940215014471,MODERATE,4,COASTAL + FLOOD + CYCLONE + RAINFALL
Tarapada,397070,0.3589699736128105,0.3,0.5557663237804782,0.5378752947467564,0.429207631978314,MODERATE,4,COASTAL + FLOOD + CYCLONE + RAINFALL
Kandara Patia,396056,0.6824734114422712,0.1,0.5549510769293022,0.5378752947467564,0.47605485161435823,MODERATE,4,COASTAL + FLOOD + CYCLONE + RAINFALL
Nalitapatia,395760,0.7081181525776821,0.1,0.590436866473867,0.6098682748579979,0.507018317363371,HIGH,4,COASTAL + FLOOD + CYCLONE + RAINFALL
Kantilo,397019,0.37517879920634145,0.1,0.5553218546566256,0.5378752947467564,0.38395916237541017,MODERATE,4,COASTAL + FLOOD + CYCLONE + RAINFALL
Bada Baincha,397024,0.46628312422952095,0.1,0.5511149579876247,0.5378752947467564,0.4102387357151137,MODERATE,4,COASTAL + FLOOD + CYCLONE + RAINFALL
Kholanai,397025,0.5284326282835705,0.3,0.5487463794404688,0.5378752947467564,0.4782914422945397,MODERATE,4,COASTAL + FLOOD + CYCLONE + RAINFALL
Kiabaria,397111,0.1849501534893539,0.0,0.5828415764465413,0.5378752947467564,0.30877049910779275,MODERATE,4,COASTAL + FLOOD + CYCLONE + RAINFALL
Gogua,396996,0.6512154552666347,0.3,0.5400916407800405,0.5378752947467564,0.5129626057243518,HIGH,4,COASTAL + FLOOD + CYCLONE + RAINFALL
Panikhia,397000,0.546906770334731,0.3,0.5401163640227575,0.5378752947467564,0.48167618105545995,MODERATE,4,COASTAL + FLOOD + CYCLONE + RAINFALL
Bandha Para,396994,0.5684293367863432,0.3,0.5449830703738686,0.5378752947467564,0.48934962757872136,MODERATE,4,COASTAL + FLOOD + CYCLONE + RAINFALL
Baligarh,397131,0.6855271107302487,0.0,0.5926563285166935,0.5378752947467564,0.46139727429759925,MODERATE,4,COASTAL + FLOOD + CYCLONE + RAINFALL
Hariabanka,397129,0.5323572282642944,0.1,0.5930692335813045,0.5378752947467564,0.4405495358239657,MODERATE,4,COASTAL + FLOOD + CYCLONE + RAINFALL
Suniti Bena Kandha,397017,0.5300460999770513,0.0,0.554461833468896,0.5378752947467564,0.4052043473096907,MODERATE,4,COASTAL + FLOOD + CYCLONE + RAINFALL
Bana Pada,397016,0.6730912105724784,0.3,0.5435769364696866,0.5378752947467564,0.5203966562385165,HIGH,4,COASTAL + FLOOD + CYCLONE + RAINFALL
Khamarsahi,395761,0.6570766084700315,0.0,0.5884324999724913,0.6098682748579979,0.4662047625057318,MODERATE,4,COASTAL + FLOOD + CYCLONE + RAINFALL
Gobardhanpur,396025,0.5333869591281688,0.1,0.5377499927600616,0.5378752947467564,0.42702864487781733,MODERATE,4,COASTAL + FLOOD + CYCLONE + RAINFALL
Koilipur,396042,0.5527354859227351,0.1,0.5327452467724867,0.5378752947467564,0.4315820164192935,MODERATE,4,COASTAL + FLOOD + CYCLONE + RAINFALL
Rata Panga,397014,0.5722552588884233,0.3,0.5349419777300659,0.5378752947467564,0.48798713104839475,MODERATE,4,COASTAL + FLOOD + CYCLONE + RAINFALL
Bhatapara,395943,0.5707127851534823,0.3,0.5511303495155123,0.5378752947467564,0.491571481874274,MODERATE,4,COASTAL + FLOOD + CYCLONE + RAINFALL
Maliabuda,395949,0.5791879917362535,0.8,0.5577689190716562,0.5378752947467564,0.6207736862381413,HIGH,4,COASTAL + FLOOD + CYCLONE + RAINFALL
Jayapur,396024,0.4392666953991498,0.8,0.5408039460289775,0.5378752947467564,0.5745560540763406,HIGH,4,COASTAL + FLOOD + CYCLONE + RAINFALL
Tarapada,395997,0.48664135648610374,0.3,0.5492035608313469,0.5378752947467564,0.46586835610301913,MODERATE,4,COASTAL + FLOOD + CYCLONE + RAINFALL
Badkota,396005,0.6831188103981185,0.3,0.5386855682057112,0.5378752947467564,0.5221820941202147,HIGH,4,COASTAL + FLOOD + CYCLONE + RAINFALL
Taradeipur,396040,0.5410287729971991,0.0,0.5305790219886601,0.5378752947467564,0.4025284463456761,MODERATE,4,COASTAL + FLOOD + CYCLONE + RAINFALL
Doligan,396998,0.6546302319618216,0.3,0.5378643099825084,0.5378752947467564,0.5134302060335248,HIGH,4,COASTAL + FLOOD + CYCLONE + RAINFALL
Isani Palla,396032,0.6554049374542881,0.0,0.5292853939218655,0.5378752947467564,0.4365178886661041,MODERATE,4,COASTAL + FLOOD + CYCLONE + RAINFALL
Tetelenga,396027,0.6798158912474599,0.3,0.5346923286802355,0.5378752947467564,0.5201929084936481,HIGH,4,COASTAL + FLOOD + CYCLONE + RAINFALL
Balarampur,396009,0.42191185978304147,0.1,0.5477764658700635,0.5378752947467564,0.3960927333517795,MODERATE,4,COASTAL + FLOOD + CYCLONE + RAINFALL
Praharajpur,396043,0.4649640654870667,0.3,0.5354799273681994,0.5378752947467564,0.45593426043752117,MODERATE,4,COASTAL + FLOOD + CYCLONE + RAINFALL
Arakhadiha,396006,0.6081257659968045,0.3,0.5414247544128241,0.5378752947467564,0.5003689773515987,HIGH,4,COASTAL + FLOOD + CYCLONE + RAINFALL
Mangalpur,395909,0.7139232541145775,0.1,0.568291243573966,0.5378752947467564,0.488824846077216,MODERATE,4,COASTAL + FLOOD + CYCLONE + RAINFALL
Garjang,397001,0.5502567731444818,0.3,0.5359131722460561,0.5378752947467564,0.4816303839542099,MODERATE,4,COASTAL + FLOOD + CYCLONE + RAINFALL
Odiasala,397012,0.6951538615445372,0.0,0.5370221869573255,0.5378752947467564,0.45037676415204375,MODERATE,4,COASTAL + FLOOD + CYCLONE + RAINFALL
Basantpur,396037,0.5853004288615542,0.1,0.5326381194959439,0.5378752947467564,0.44132471748180346,MODERATE,4,COASTAL + FLOOD + CYCLONE + RAINFALL
Inkiria,396038,0.597786787019803,0.3,0.5308037977047785,0.5378752947467564,0.49461204448148677,MODERATE,4,COASTAL + FLOOD + CYCLONE + RAINFALL
Gankalu Para,396030,0.6567608536773877,0.0,0.527276807157443,0.5378752947467564,0.43642251684192834,MODERATE,4,COASTAL + FLOOD + CYCLONE + RAINFALL
Duttapur,396041,0.5298906531599431,0.1,0.5298306675484197,0.5378752947467564,0.4239999217844391,MODERATE,4,COASTAL + FLOOD + CYCLONE + RAINFALL
Kani,395950,0.5394838091053161,1.0,0.5592371913051679,0.5378752947467564,0.6592294995072381,HIGH,4,COASTAL + FLOOD + CYCLONE + RAINFALL
Madhyapara,395939,0.6016790210547777,0.0,0.5483577085799224,0.5378752947467564,0.4251681924107652,MODERATE,4,COASTAL + FLOOD + CYCLONE + RAINFALL
Bandhapara,395938,0.6971210063876105,0.1,0.5443572757950705,0.5378752947467564,0.4778006798144021,MODERATE,4,COASTAL + FLOOD + CYCLONE + RAINFALL
Rajagarh,395948,0.6556919674866595,0.1,0.5620707539051915,0.5378752947467564,0.469800337671647,MODERATE,4,COASTAL + FLOOD + CYCLONE + RAINFALL
Kusailo,395941,0.5240441705370178,0.8,0.5547353592734487,0.5378752947467564,0.6034721499288188,HIGH,4,COASTAL + FLOOD + CYCLONE + RAINFALL
Badolara,395942,0.5566654754176171,0.0,0.5575751677395682,0.5378752947467564,0.41396849350952847,MODERATE,4,COASTAL + FLOOD + CYCLONE + RAINFALL
Nanjura,396999,0.608090777638716,0.3,0.5372572917365539,0.5378752947467564,0.4993166151751045,MODERATE,4,COASTAL + FLOOD + CYCLONE + RAINFALL
Dhaneswarpur,396004,0.6346557241828561,0.0,0.5427444403791422,0.5378752947467564,0.4336578862989936,MODERATE,4,COASTAL + FLOOD + CYCLONE + RAINFALL
Baragudidanda,395946,0.5830886276444965,0.8,0.5570957300413644,0.5378752947467564,0.6217755797530413,HIGH,4,COASTAL + FLOOD + CYCLONE + RAINFALL
Nurugan,395944,0.665011887718773,0.3,0.5464591304244477,0.5378752947467564,0.5186934078710951,HIGH,4,COASTAL + FLOOD + CYCLONE + RAINFALL
Barhapur,396039,0.6075544500948553,0.3,0.5285559695029737,0.5378752947467564,0.49698038635355124,MODERATE,4,COASTAL + FLOOD + CYCLONE + RAINFALL
Sanora,395999,0.5916710410322841,0.0,0.5501125513549339,0.5378752947467564,0.4226045090977699,MODERATE,4,COASTAL + FLOOD + CYCLONE + RAINFALL
Kanhua,395994,0.4369392384095008,0.3,0.5563966609479782,0.5378752947467564,0.4527559957091961,MODERATE,4,COASTAL + FLOOD + CYCLONE + RAINFALL
Benudharpur,395951,0.5101621289479821,0.3,0.5611472637818118,0.5378752947467564,0.4759105135791989,MODERATE,4,COASTAL + FLOOD + CYCLONE + RAINFALL
Kiajori,395945,0.5503624471485176,0.3,0.5536529215267125,0.5378752947467564,0.4860970234755847,MODERATE,4,COASTAL + FLOOD + CYCLONE + RAINFALL
Bhopal,397005,0.4956283652520429,0.1,0.5339536148653132,0.5378752947467564,0.41475197224129245,MODERATE,4,COASTAL + FLOOD + CYCLONE + RAINFALL
Mundatala Sahara Kani,397013,0.6381040703423138,0.3,0.5337932271026802,0.5378752947467564,0.5074545868277155,HIGH,4,COASTAL + FLOOD + CYCLONE + RAINFALL
Santhapada,395933,0.6861547090445892,0.1,0.5470187095169329,0.5378752947467564,0.47517614904196126,MODERATE,4,COASTAL + FLOOD + CYCLONE + RAINFALL
Tangataila,395932,0.7020661085565305,0.3,0.5416062438901432,0.5378752947467564,0.5285964524888462,HIGH,4,COASTAL + FLOOD + CYCLONE + RAINFALL
Badpalli,396033,0.6996952661100844,0.8,0.5311524652594064,0.5378752947467564,0.6502717550972282,HIGH,4,COASTAL + FLOOD + CYCLONE + RAINFALL
Badmaricha Palli,396035,0.6100237611527184,0.8,0.5327296798550996,0.5378752947467564,0.6237646072589417,HIGH,4,COASTAL + FLOOD + CYCLONE + RAINFALL
Katakana,395931,0.693257371201071,0.0,0.5481451340852617,0.6098682748579979,0.46698714985323625,MODERATE,4,COASTAL + FLOOD + CYCLONE + RAINFALL
Barunipalla,396036,0.6492867594805318,0.0,0.5294867054395309,0.5378752947467564,0.4347327631533936,MODERATE,4,COASTAL + FLOOD + CYCLONE + RAINFALL
Sasana,397007,0.557139504876537,0.3,0.5300606668899676,0.5378752947467564,0.4822320771348042,MODERATE,4,COASTAL + FLOOD + CYCLONE + RAINFALL
Tantiapal,396055,0.48406364815245817,0.3,0.5295560158400829,0.5378752947467564,0.4601831573551095,MODERATE,4,COASTAL + FLOOD + CYCLONE + RAINFALL
Bilakalupara,396029,0.6977866136997048,0.3,0.5291849011045806,0.5378752947467564,0.5242072683354079,HIGH,4,COASTAL + FLOOD + CYCLONE + RAINFALL
Kankdia,396028,0.6219971778925768,0.0,0.5320071324483677,0.5378752947467564,0.42717599542921625,MODERATE,4,COASTAL + FLOOD + CYCLONE + RAINFALL
Badpal,396034,0.682982550641912,0.8,0.5328541740625546,0.5378752947467564,0.6456833676575635,HIGH,4,COASTAL + FLOOD + CYCLONE + RAINFALL
Mangarajpur,396007,0.5297655762264752,1.0,0.5443547205898489,0.5378752947467564,0.6525934119647561,HIGH,4,COASTAL + FLOOD + CYCLONE + RAINFALL
Rajnagar,395998,0.5880306286846653,1.0,0.5481536981322868,0.5378752947467564,0.6710226720878225,HIGH,4,COASTAL + FLOOD + CYCLONE + RAINFALL
Chakibanka,395936,0.691878580672814,0.0,0.5348058894972878,0.5378752947467564,0.44884010552551745,MODERATE,4,COASTAL + FLOOD + CYCLONE + RAINFALL
Guludia,395996,0.5767902806126795,0.1,0.5467838657149626,0.5378752947467564,0.4423081095618958,MODERATE,4,COASTAL + FLOOD + CYCLONE + RAINFALL
Baghua,395993,0.38845118821846836,0.1,0.5520461606367786,0.5378752947467564,0.38712195557408646,MODERATE,4,COASTAL + FLOOD + CYCLONE + RAINFALL
Garjanpur,396001,0.7012853312004346,0.1,0.5450929791567267,0.5378752947467564,0.4792339030986633,MODERATE,4,COASTAL + FLOOD + CYCLONE + RAINFALL
Firikidandi,395937,0.7166043870547258,0.0,0.5417617949600604,0.5378752947467564,0.4579968238057841,MODERATE,4,COASTAL + FLOOD + CYCLONE + RAINFALL
Sanabadagopalpur,396000,0.6504855509467702,0.0,0.5476574255879748,0.5378752947467564,0.43963508063037604,MODERATE,4,COASTAL + FLOOD + CYCLONE + RAINFALL
Mahinsasur,395995,0.4618336843739814,0.1,0.5533120496861499,0.5378752947467564,0.4094531766830831,MODERATE,4,COASTAL + FLOOD + CYCLONE + RAINFALL
Jharpada,395908,0.669926280531774,0.1,0.5692733468548089,0.5378752947467564,0.4758712798225857,MODERATE,4,COASTAL + FLOOD + CYCLONE + RAINFALL
Khandeipara,395940,0.6177655333746814,0.0,0.5482881351712272,0.5378752947467564,0.4299767527545625,MODERATE,4,COASTAL + FLOOD + CYCLONE + RAINFALL
Baghataila,395952,0.6354138969717333,0.3,0.5645099216182117,0.5378752947467564,0.5143267084454242,HIGH,4,COASTAL + FLOOD + CYCLONE + RAINFALL
Govindpur,395934,0.6439126542151308,0.1,0.5477409402322594,0.5378752947467564,0.46268409027195534,MODERATE,4,COASTAL + FLOOD + CYCLONE + RAINFALL
Dhandia,395947,0.6181319164880819,0.0,0.5603050499343118,0.5378752947467564,0.43309089637935383,MODERATE,4,COASTAL + FLOOD + CYCLONE + RAINFALL
Kshirkot,396026,0.615435249096135,0.1,0.5377184207017909,0.5378752947467564,0.45163523885363954,MODERATE,4,COASTAL + FLOOD + CYCLONE + RAINFALL
Jagannathapur,396002,0.6911689178127147,0.1,0.5416289402322274,0.5378752947467564,0.4753329693512225,MODERATE,4,COASTAL + FLOOD + CYCLONE + RAINFALL
Sukdevpur,396008,0.4695520776993848,0.8,0.547217229316611,0.5378752947467564,0.5852449895883194,HIGH,4,COASTAL + FLOOD + CYCLONE + RAINFALL
Tamulia,397008,0.5698578916139889,0.1,0.5310041602680243,0.5378752947467564,0.43628346650055405,MODERATE,4,COASTAL + FLOOD + CYCLONE + RAINFALL
Tamulia,396003,0.6858316377029101,0.1,0.5419142518755495,0.5378752947467564,0.4738031132291117,MODERATE,4,COASTAL + FLOOD + CYCLONE + RAINFALL
Dakhinadandi,395935,0.705236556854143,0.0,0.5422030649193064,0.5378752947467564,0.4546967922354208,MODERATE,4,COASTAL + FLOOD + CYCLONE + RAINFALL
Singar Pur,397006,0.4989446624383101,0.1,0.5305751496343377,0.5378752947467564,0.41490224508942875,MODERATE,4,COASTAL + FLOOD + CYCLONE + RAINFALL
Keradasahi,396031,0.6933345459807283,0.0,0.52759511289793,0.5378752947467564,0.44747420096805224,MODERATE,4,COASTAL + FLOOD + CYCLONE + RAINFALL
Padini,395911,0.6731227835989235,0.0,0.5632119314761539,0.5378752947467564,0.4503148768980668,MODERATE,4,COASTAL + FLOOD + CYCLONE + RAINFALL
Chandrasekhar,395964,0.4609315478373664,0.0,0.5665474866391026,0.5378752947467564,0.3874913949603368,MODERATE,4,COASTAL + FLOOD + CYCLONE + RAINFALL
Junapangara,395970,0.5308381904264867,0.0,0.5647681449173538,0.5378752947467564,0.40801855230663575,MODERATE,4,COASTAL + FLOOD + CYCLONE + RAINFALL
Bindhanaukana,396044,0.5192308691187295,0.3,0.5387882776728989,0.5378752947467564,0.4730413891031948,MODERATE,4,COASTAL + FLOOD + CYCLONE + RAINFALL
Gopalpur,395885,0.612514122013558,0.3,0.5719441346961018,0.5378752947467564,0.5093153292274442,HIGH,4,COASTAL + FLOOD + CYCLONE + RAINFALL
Baro,397010,0.6860312569152565,0.3,0.5318908422951255,0.5378752947467564,0.5213571465977096,HIGH,4,COASTAL + FLOOD + CYCLONE + RAINFALL
Khandiora,395981,0.6888786941624672,0.1,0.5611573230526752,0.5378752947467564,0.4795279979612602,MODERATE,4,COASTAL + FLOOD + CYCLONE + RAINFALL
Junapanga,396019,0.7012186856122145,0.0,0.5461472737461213,0.5378752947467564,0.45447748306954594,MODERATE,4,COASTAL + FLOOD + CYCLONE + RAINFALL
Chakradharpur,396010,0.45058256524569384,1.0,0.5493921541655682,0.5378752947467564,0.6300978670644514,HIGH,4,COASTAL + FLOOD + CYCLONE + RAINFALL
Nathapur,395961,0.40799160187625155,1.0,0.5634586218137567,0.5378752947467564,0.6208371949656659,HIGH,4,COASTAL + FLOOD + CYCLONE + RAINFALL
Nodhabasanta,395962,0.45593336565341525,0.0,0.5633209487391575,0.5378752947467564,0.3851853058301652,MODERATE,4,COASTAL + FLOOD + CYCLONE + RAINFALL
Badanaukana,396023,0.49539094533441735,0.8,0.5417781802506426,0.5378752947467564,0.5916368876123371,HIGH,4,COASTAL + FLOOD + CYCLONE + RAINFALL
Manapara,395956,0.47956320703365546,0.0,0.5618979046136044,0.5378752947467564,0.391918497212849,MODERATE,4,COASTAL + FLOOD + CYCLONE + RAINFALL
Bandhapur,396051,0.6344344612704165,0.3,0.5421542698918949,0.5378752947467564,0.5084439648034499,HIGH,4,COASTAL + FLOOD + CYCLONE + RAINFALL
Endulapur,395986,0.6174805066940674,0.1,0.5531103506345183,0.5378752947467564,0.4560967986162011,MODERATE,4,COASTAL + FLOOD + CYCLONE + RAINFALL
Sendhakani,395968,0.5060495249227616,0.0,0.5695213346758985,0.5378752947467564,0.4017702500951543,MODERATE,4,COASTAL + FLOOD + CYCLONE + RAINFALL
Hatiagadi,395954,0.5667471104606767,0.0,0.5679917024626584,0.5378752947467564,0.41959711770321884,MODERATE,4,COASTAL + FLOOD + CYCLONE + RAINFALL
Kanafulia,395977,0.6771283094374321,0.0,0.5672272768189857,0.5378752947467564,0.45252037098532727,MODERATE,4,COASTAL + FLOOD + CYCLONE + RAINFALL
Jhinkiria,395958,0.4342150565265946,0.8,0.5656609583651111,0.5378752947467564,0.5792548154986075,HIGH,4,COASTAL + FLOOD + CYCLONE + RAINFALL
Badhi,395972,0.5821671754619479,1.0,0.5655694832048999,0.5378752947467564,0.6736175823891606,HIGH,4,COASTAL + FLOOD + CYCLONE + RAINFALL
Prasanpur,396013,0.6487254678186929,0.0,0.5481008148285027,0.5378752947467564,0.43921790300208485,MODERATE,4,COASTAL + FLOOD + CYCLONE + RAINFALL
Brahmansahi,396022,0.5487310420970853,1.0,0.5447508755013502,0.5378752947467564,0.6583820904538144,HIGH,4,COASTAL + FLOOD + CYCLONE + RAINFALL
Kandhamara,396012,0.5753405226954473,0.0,0.5506701675870718,0.5378752947467564,0.4178447576547534,MODERATE,4,COASTAL + FLOOD + CYCLONE + RAINFALL
Penth,396021,0.62216941201259,0.0,0.5461130837340206,0.5378752947467564,0.4307541534866334,MODERATE,4,COASTAL + FLOOD + CYCLONE + RAINFALL
Gokhani,395971,0.6029548516602397,0.8,0.5608236777179441,0.5378752947467564,0.6286674338769092,HIGH,4,COASTAL + FLOOD + CYCLONE + RAINFALL
Chinchiri,395982,0.6834974089441266,0.8,0.560596828301232,0.5378752947467564,0.6527734887078972,HIGH,4,COASTAL + FLOOD + CYCLONE + RAINFALL
Paripangara,395963,0.529859791588374,0.3,0.5610401899647695,0.5378752947467564,0.4817930439170559,MODERATE,4,COASTAL + FLOOD + CYCLONE + RAINFALL
Narangarh,395884,0.654674733756778,0.0,0.5694479962669878,0.5378752947467564,0.4463394781431316,MODERATE,4,COASTAL + FLOOD + CYCLONE + RAINFALL
Kanakapur,395978,0.694867717981082,0.0,0.5671932993735535,0.5378752947467564,0.4578336991870643,MODERATE,4,COASTAL + FLOOD + CYCLONE + RAINFALL
Bahargarh,395898,0.4603756285356402,0.3,0.5728502599735442,0.5378752947467564,0.46390031250342934,MODERATE,4,COASTAL + FLOOD + CYCLONE + RAINFALL
Velsari,396047,0.6045589923570227,0.3,0.5397427313609554,0.5378752947467564,0.49887843949669697,MODERATE,4,COASTAL + FLOOD + CYCLONE + RAINFALL
Joginatha,396074,0.6029280863350348,0.1,0.5324433951367327,0.5378752947467564,0.4465643336340449,MODERATE,4,COASTAL + FLOOD + CYCLONE + RAINFALL
Badkuji,395985,0.6264530608679284,0.8,0.5540389725145274,0.5378752947467564,0.6340207203383617,HIGH,4,COASTAL + FLOOD + CYCLONE + RAINFALL
Gahmasikhar,395983,0.6712393884502685,0.8,0.559779363616955,0.5378752947467564,0.6488917163886706,HIGH,4,COASTAL + FLOOD + CYCLONE + RAINFALL
Pokharia,395957,0.4414867999417239,1.0,0.5628125650190899,0.5378752947467564,0.6307242401866409,HIGH,4,COASTAL + FLOOD + CYCLONE + RAINFALL
Mahulia,395953,0.5727023227246217,0.0,0.5649913853790144,0.5378752947467564,0.42063360211149137,MODERATE,4,COASTAL + FLOOD + CYCLONE + RAINFALL
Guhalkani,395959,0.4743765216752997,0.3,0.5690619760118394,0.5378752947467564,0.4671535094549011,MODERATE,4,COASTAL + FLOOD + CYCLONE + RAINFALL
Sundripal,396073,0.5863916959033635,0.3,0.5349831027964876,0.5378752947467564,0.49223834341948225,MODERATE,4,COASTAL + FLOOD + CYCLONE + RAINFALL
Kathapangara,395973,0.5957474697484387,0.8,0.565691704284758,0.5378752947467564,0.6277222259450724,HIGH,4,COASTAL + FLOOD + CYCLONE + RAINFALL
Krishnapriyapur,395882,0.693957063891316,0.3,0.5705455868499785,0.5378752947467564,0.5333985748292407,HIGH,4,COASTAL + FLOOD + CYCLONE + RAINFALL
Lunia,396011,0.5527596307715985,0.0,0.548856062354911,0.5378752947467564,0.4106169637695586,MODERATE,4,COASTAL + FLOOD + CYCLONE + RAINFALL
Tiara,395992,0.3944489166293714,0.3,0.5550943783758435,0.5378752947467564,0.43968332853212355,MODERATE,4,COASTAL + FLOOD + CYCLONE + RAINFALL
Dhagua,395991,0.40834402168730144,0.3,0.5569052576982294,0.5378752947467564,0.4443045798800991,MODERATE,4,COASTAL + FLOOD + CYCLONE + RAINFALL
Bhadia,395901,0.5398892201518635,0.3,0.5705121739712264,0.5378752947467564,0.48716986848771693,MODERATE,4,COASTAL + FLOOD + CYCLONE + RAINFALL
Khamarsahi,395955,0.5002764476647571,0.0,0.5662505287434697,0.5378752947467564,0.39922062543464587,MODERATE,4,COASTAL + FLOOD + CYCLONE + RAINFALL
Kathuaganda,395979,0.6771482138322118,0.8,0.5645143421421638,0.5378752947467564,0.6518481086345558,HIGH,4,COASTAL + FLOOD + CYCLONE + RAINFALL
Hatina,395988,0.526817848178238,1.0,0.5551575888264971,0.5378752947467564,0.6544098106094469,HIGH,4,COASTAL + FLOOD + CYCLONE + RAINFALL
Kaitha,395984,0.6757066347704535,0.0,0.5552342322704229,0.5378752947467564,0.44909560744809307,MODERATE,4,COASTAL + FLOOD + CYCLONE + RAINFALL
Dera,395987,0.5662202210867693,1.0,0.5581662483679772,0.5378752947467564,0.6669826873673763,HIGH,4,COASTAL + FLOOD + CYCLONE + RAINFALL
Mugakani,395989,0.46195149625794424,1.0,0.5603209139886682,0.5378752947467564,0.6362407363239017,HIGH,4,COASTAL + FLOOD + CYCLONE + RAINFALL
Pachimaveda,395960,0.40592570396945327,0.0,0.5693827400556666,0.5378752947467564,0.37169845515410393,MODERATE,4,COASTAL + FLOOD + CYCLONE + RAINFALL
Kurunti,395990,0.43980494132170456,1.0,0.5556962726474626,0.5378752947467564,0.6284406095077283,HIGH,4,COASTAL + FLOOD + CYCLONE + RAINFALL
Chardia,395902,0.6088230135614089,0.1,0.5710826247712958,0.5378752947467564,0.45799261921059786,MODERATE,4,COASTAL + FLOOD + CYCLONE + RAINFALL
Nuagan,395980,0.6669435048330101,0.0,0.563196680559982,0.5378752947467564,0.4484572805392498,MODERATE,4,COASTAL + FLOOD + CYCLONE + RAINFALL
Maliparida,395965,0.41873326363299623,0.0,0.5701242196571437,0.5378752947467564,0.3757260929535361,MODERATE,4,COASTAL + FLOOD + CYCLONE + RAINFALL
Dhobeigarh,395974,0.5766460902167316,0.8,0.569903024117069,0.5378752947467564,0.623044642043638,HIGH,4,COASTAL + FLOOD + CYCLONE + RAINFALL
Nachhipara,395976,0.6359650842445366,0.8,0.5676272281602925,0.5378752947467564,0.6402713912627854,HIGH,4,COASTAL + FLOOD + CYCLONE + RAINFALL
Gadadharpur,395890,0.5726238667045798,0.0,0.5729482897646903,0.5378752947467564,0.4225992914018978,MODERATE,4,COASTAL + FLOOD + CYCLONE + RAINFALL
Laxminarayanpur,395897,0.3822772046079728,1.0,0.5735899101028448,0.5378752947467564,0.6156556978574543,HIGH,4,COASTAL + FLOOD + CYCLONE + RAINFALL
Paunsiapal,397011,0.7023809952219076,0.0,0.5344342940238482,0.5378752947467564,0.4518979310218856,MODERATE,4,COASTAL + FLOOD + CYCLONE + RAINFALL
Ambaora,395891,0.4897710528065373,1.0,0.5738129370537128,0.5378752947467564,0.6479596090547407,HIGH,4,COASTAL + FLOOD + CYCLONE + RAINFALL
Kanhupur,396050,0.6888646585157145,0.3,0.5356980396909148,0.5378752947467564,0.5231589664267944,HIGH,4,COASTAL + FLOOD + CYCLONE + RAINFALL
Nuapokhari,395969,0.5561690386343511,0.3,0.5655947533825556,0.5378752947467564,0.49082445888529547,MODERATE,4,COASTAL + FLOOD + CYCLONE + RAINFALL
Chittakolha,396014,0.6728659372419075,0.8,0.5498250947157662,0.5378752947467564,0.6468911138008651,HIGH,4,COASTAL + FLOOD + CYCLONE + RAINFALL
Sankuji,396015,0.6814493472138823,0.8,0.5504708408668133,0.5378752947467564,0.6496275733302193,HIGH,4,COASTAL + FLOOD + CYCLONE + RAINFALL
Bhatasahi,395967,0.49543881064684725,0.0,0.5682550534553534,0.5378752947467564,0.39827046550724376,MODERATE,4,COASTAL + FLOOD + CYCLONE + RAINFALL
Ogalasendha,395966,0.44238884095101005,0.0,0.5717340748124605,0.5378752947467564,0.3832252299377694,MODERATE,4,COASTAL + FLOOD + CYCLONE + RAINFALL
Chakulidiha,397009,0.6308752467275707,0.3,0.5296614613941779,0.5378752947467564,0.504252998316167,HIGH,4,COASTAL + FLOOD + CYCLONE + RAINFALL
Kadalichua,396046,0.5496790734900195,0.1,0.5326901706599606,0.5378752947467564,0.4306513236613473,MODERATE,4,COASTAL + FLOOD + CYCLONE + RAINFALL
Akarapara,396045,0.5319513938580477,0.3,0.5364003902870056,0.5378752947467564,0.476260574678517,MODERATE,4,COASTAL + FLOOD + CYCLONE + RAINFALL
Charapada,395648,0.6902090021450782,0.3,0.5685137630386305,0.6415983790260553,0.5525108172083921,HIGH,4,COASTAL + FLOOD + CYCLONE + RAINFALL
Kharakhara,396105,0.7065961592133652,0.3,0.5537012073680447,0.6415983790260553,0.5537238254112318,HIGH,4,COASTAL + FLOOD + CYCLONE + RAINFALL
Ujanga,395652,0.6359706883783618,0.8,0.5585079763465259,0.6415983790260553,0.6587378764053511,HIGH,4,COASTAL + FLOOD + CYCLONE + RAINFALL
Mirzapur,395709,0.6809917970410708,0.8,0.5526733025971761,0.6098682748579979,0.6644395197332149,HIGH,4,COASTAL + FLOOD + CYCLONE + RAINFALL
Namatara,395649,0.6480375853850873,1.0,0.5662238379037189,0.6415983790260553,0.714286910896667,HIGH,4,COASTAL + FLOOD + CYCLONE + RAINFALL
Deulatara,395650,0.6182670333438887,0.8,0.5658820269005145,0.6415983790260553,0.6552702925335063,HIGH,4,COASTAL + FLOOD + CYCLONE + RAINFALL
Muradpur,395651,0.6304458792592609,1.0,0.5645191042603309,0.6415983790260553,0.708583215648072,HIGH,4,COASTAL + FLOOD + CYCLONE + RAINFALL
Habalaganda,395711,0.7007112544054319,0.0,0.551020980593849,0.6415983790260553,0.47628829727530286,MODERATE,4,COASTAL + FLOOD + CYCLONE + RAINFALL
Gopinathapur,395643,0.5635163637457599,0.3,0.581074962733645,0.6415983790260553,0.5176433256123503,HIGH,4,COASTAL + FLOOD + CYCLONE + RAINFALL
Parinuapada,395712,0.6597226581850366,0.8,0.5485480849242818,0.6098682748579979,0.657027473658181,HIGH,4,COASTAL + FLOOD + CYCLONE + RAINFALL
Bharigada,395705,0.6689154745780874,1.0,0.5650540538591672,0.6098682748579979,0.7139118108098177,HIGH,4,COASTAL + FLOOD + CYCLONE + RAINFALL
Dakhinaveda,395907,0.6801249326478782,0.1,0.5728227981876217,0.5378752947467564,0.4798182382906202,MODERATE,4,COASTAL + FLOOD + CYCLONE + RAINFALL
Abdulpur,395647,0.6740827207611679,0.3,0.5730776343232143,0.6415983790260553,0.5488139006143651,HIGH,4,COASTAL + FLOOD + CYCLONE + RAINFALL
Mahamadpur,395592,0.6798077359134598,1.0,0.5822404318814678,0.6415983790260553,0.7278221045496159,HIGH,4,COASTAL + FLOOD + CYCLONE + RAINFALL
Hatasahi,395642,0.4999933381480604,0.8,0.5779142247839165,0.6415983790260553,0.6227962334456083,HIGH,4,COASTAL + FLOOD + CYCLONE + RAINFALL
Sihopada,395641,0.4959717837483664,0.8,0.5662261678103192,0.6098682748579979,0.6123217320486893,HIGH,4,COASTAL + FLOOD + CYCLONE + RAINFALL
Kanapur Kaema,395603,0.6960740807199939,0.0,0.5897197611082792,0.6098682748579979,0.4782258194646675,MODERATE,4,COASTAL + FLOOD + CYCLONE + RAINFALL
Padhanpada,395594,0.6573455504275307,1.0,0.583032230191605,0.6415983790260553,0.7212813984813715,HIGH,4,COASTAL + FLOOD + CYCLONE + RAINFALL
Batarapada,395598,0.6697043500679116,0.8,0.5855736231784688,0.6415983790260553,0.6756243866202019,HIGH,4,COASTAL + FLOOD + CYCLONE + RAINFALL
Bhamanda,395600,0.5926893306532942,0.8,0.5785546993356063,0.6415983790260553,0.6507651498351009,HIGH,4,COASTAL + FLOOD + CYCLONE + RAINFALL
Kanapur Barha,395602,0.6718434584169157,0.0,0.5861075751145279,0.6098682748579979,0.4700535862753063,MODERATE,4,COASTAL + FLOOD + CYCLONE + RAINFALL
Ahamadpur,395646,0.6820092315510853,0.3,0.5759998156692494,0.6415983790260553,0.551922399187849,HIGH,4,COASTAL + FLOOD + CYCLONE + RAINFALL
Fazilpur,395593,0.6975486782747904,1.0,0.5849502358425435,0.6415983790260553,0.7338218382482841,HIGH,4,COASTAL + FLOOD + CYCLONE + RAINFALL
Sanahalapada,395596,0.690697024484628,1.0,0.5926560820894189,0.6415983790260553,0.7336928036729542,HIGH,4,COASTAL + FLOOD + CYCLONE + RAINFALL
Agapada,395640,0.46848324378076817,0.8,0.5706756809494983,0.6098682748579979,0.6051875483432047,HIGH,4,COASTAL + FLOOD + CYCLONE + RAINFALL
Gahamapal,395599,0.7064188593295964,1.0,0.5861441911706279,0.6415983790260553,0.736781381396747,HIGH,4,COASTAL + FLOOD + CYCLONE + RAINFALL
Damodarpur,395645,0.7115263180136018,0.0,0.577402772168143,0.6415983790260553,0.4861282642513274,MODERATE,4,COASTAL + FLOOD + CYCLONE + RAINFALL
Kothasahi,395653,0.5756130417981016,0.8,0.5594530513100882,0.6098682748579979,0.6345208303385521,HIGH,4,COASTAL + FLOOD + CYCLONE + RAINFALL
Panasaganda,395644,0.7043915793390394,1.0,0.577815598673295,0.6415983790260553,0.7340910492752467,HIGH,4,COASTAL + FLOOD + CYCLONE + RAINFALL
Badahalapada,395595,0.6428319126238042,1.0,0.5893465223334271,0.6415983790260553,0.7185058801757092,HIGH,4,COASTAL + FLOOD + CYCLONE + RAINFALL
Domanda Barha,395601,0.5942769163439512,0.0,0.5792769213774426,0.6098682748579979,0.4450759602191456,MODERATE,4,COASTAL + FLOOD + CYCLONE + RAINFALL
Sikdarpur,395597,0.6851232444054685,1.0,0.5909414232604131,0.6415983790260553,0.731592004941955,HIGH,4,COASTAL + FLOOD + CYCLONE + RAINFALL
Nuadia,395745,0.69190150806276,0.0,0.5809126677835104,0.6098682748579979,0.47477227433630514,MODERATE,4,COASTAL + FLOOD + CYCLONE + RAINFALL
Balabhadraprasad,395917,0.6499688803618175,0.0,0.5702020156775325,0.6098682748579979,0.45951482299952795,MODERATE,4,COASTAL + FLOOD + CYCLONE + RAINFALL
Parimakundapur,395713,0.681191733829078,0.8,0.551418451611654,0.6098682748579979,0.6641857880232366,HIGH,4,COASTAL + FLOOD + CYCLONE + RAINFALL
Tentulikoli,395726,0.5282975690552827,0.3,0.5985230552750196,0.6098682748579979,0.5050936895069393,HIGH,4,COASTAL + FLOOD + CYCLONE + RAINFALL
Manikhandi,395919,0.5934516618579344,0.3,0.5651712670574156,0.5378752947467564,0.5019033742710856,HIGH,4,COASTAL + FLOOD + CYCLONE + RAINFALL
Deulasahi,395655,0.5451745621507186,0.8,0.554865336085451,0.6098682748579979,0.6242423576381779,HIGH,4,COASTAL + FLOOD + CYCLONE + RAINFALL
Belpal,395925,0.6793525885979423,0.3,0.5567920891066584,0.6098682748579979,0.539977453827647,HIGH,4,COASTAL + FLOOD + CYCLONE + RAINFALL
Badaraja,395722,0.5030750945748241,0.0,0.5869620420731968,0.6098682748579979,0.419636693862346,MODERATE,4,COASTAL + FLOOD + CYCLONE + RAINFALL
Barunadia,395706,0.6607763597425678,0.0,0.562027563483001,0.6098682748579979,0.46071345376512013,MODERATE,4,COASTAL + FLOOD + CYCLONE + RAINFALL
Bartani,395676,0.5488150838826724,0.3,0.5929626693196395,0.6098682748579979,0.5098588474663112,HIGH,4,COASTAL + FLOOD + CYCLONE + RAINFALL
Keshanagar,395704,0.6490921793752242,0.0,0.567826638228085,0.6098682748579979,0.45865796834118805,MODERATE,4,COASTAL + FLOOD + CYCLONE + RAINFALL
Balikana,395924,0.5542366845001861,0.0,0.5562451506091072,0.5378752947467564,0.41290735195168393,MODERATE,4,COASTAL + FLOOD + CYCLONE + RAINFALL
Nahulia,395698,0.41214900736862076,0.3,0.5841131021906253,0.6098682748579979,0.46664663272984214,MODERATE,4,COASTAL + FLOOD + CYCLONE + RAINFALL
Keradagarh,395914,0.6611287833903619,0.0,0.5709873585917058,0.6098682748579979,0.4630591296366346,MODERATE,4,COASTAL + FLOOD + CYCLONE + RAINFALL
Bandhapatana,395927,0.6018893239990333,0.3,0.55640193334056,0.5378752947467564,0.5022423394842013,HIGH,4,COASTAL + FLOOD + CYCLONE + RAINFALL
Koranda,395721,0.5274597203614324,0.0,0.5833018076001135,0.6098682748579979,0.4260370229800577,MODERATE,4,COASTAL + FLOOD + CYCLONE + RAINFALL
Pandurkoli,395747,0.6722961499370697,0.1,0.5937527109682269,0.6098682748579979,0.49710067769477717,MODERATE,4,COASTAL + FLOOD + CYCLONE + RAINFALL
Meghapur,395725,0.4911433202069545,0.3,0.5918074948014402,0.6098682748579979,0.492268524734046,MODERATE,4,COASTAL + FLOOD + CYCLONE + RAINFALL
Patarapur,395758,0.6276965906511351,0.1,0.5809205150119918,0.6098682748579979,0.48051276091993805,MODERATE,4,COASTAL + FLOOD + CYCLONE + RAINFALL
Chhadesh,395657,0.5375434823573664,0.0,0.5586960816640949,0.6098682748579979,0.42291072009483316,MODERATE,4,COASTAL + FLOOD + CYCLONE + RAINFALL
Baruna,395708,0.6290068363517611,0.8,0.5545075649011844,0.6098682748579979,0.6493025971024241,HIGH,4,COASTAL + FLOOD + CYCLONE + RAINFALL
Sisua,395695,0.5011027464980284,0.1,0.5993385941252407,0.6098682748579979,0.44713912745231826,MODERATE,4,COASTAL + FLOOD + CYCLONE + RAINFALL
Banidihapatna,395707,0.6526460545415753,0.0,0.5586031434683982,0.6098682748579979,0.45741825720117174,MODERATE,4,COASTAL + FLOOD + CYCLONE + RAINFALL
Chalunia,395697,0.4520871102165773,0.3,0.5884721527504928,0.6098682748579979,0.47971782622419595,MODERATE,4,COASTAL + FLOOD + CYCLONE + RAINFALL
Jaganathpursasan,395922,0.5517389037679958,0.3,0.5606115044939108,0.5378752947467564,0.48824960620322777,MODERATE,4,COASTAL + FLOOD + CYCLONE + RAINFALL
Ostia,395928,0.641089321318618,0.3,0.5551980740784714,0.5378752947467564,0.5137013738645545,HIGH,4,COASTAL + FLOOD + CYCLONE + RAINFALL
Nagada,395929,0.6912966171511843,0.3,0.5530566705623301,0.5378752947467564,0.5282282117352891,HIGH,4,COASTAL + FLOOD + CYCLONE + RAINFALL
Bhagabanpur,395923,0.5922266533670473,0.0,0.5629009053434779,0.5378752947467564,0.4259682812953349,MODERATE,4,COASTAL + FLOOD + CYCLONE + RAINFALL
Maneidiha,395702,0.5218670299096213,1.0,0.5724999106730011,0.6098682748579979,0.6716587416127363,HIGH,4,COASTAL + FLOOD + CYCLONE + RAINFALL
Chandanpur,395915,0.6721434700063122,0.8,0.5782916687398547,0.6098682748579979,0.6681896131584569,HIGH,4,COASTAL + FLOOD + CYCLONE + RAINFALL
Nethuria,395858,0.3711475617629746,0.3,0.588454635864386,0.6098682748579979,0.4554315824665884,MODERATE,4,COASTAL + FLOOD + CYCLONE + RAINFALL
Rajpur,395916,0.6597955376723681,0.3,0.5751056018178387,0.6098682748579979,0.5386887167277696,HIGH,4,COASTAL + FLOOD + CYCLONE + RAINFALL
Sanolara,395921,0.5137836421027933,0.8,0.5580390196409346,0.5378752947467564,0.6012199064904229,HIGH,4,COASTAL + FLOOD + CYCLONE + RAINFALL
Madhupur,395918,0.6313456971151505,0.1,0.566440572622583,0.6098682748579979,0.47798750726179046,MODERATE,4,COASTAL + FLOOD + CYCLONE + RAINFALL
Naladia,395930,0.6997750592361942,1.0,0.5518961760263088,0.6098682748579979,0.7198802167490351,HIGH,4,COASTAL + FLOOD + CYCLONE + RAINFALL
Jayakunda,395759,0.693311640731288,0.1,0.5845559679385491,0.6098682748579979,0.5011061391756233,HIGH,4,COASTAL + FLOOD + CYCLONE + RAINFALL
Achhutapur,395661,0.548407916320506,1.0,0.5650062537816661,0.6098682748579979,0.6777475933131679,HIGH,4,COASTAL + FLOOD + CYCLONE + RAINFALL
Makundapur,395662,0.5317496082907627,0.1,0.5687965471206081,0.6098682748579979,0.4486976742389804,MODERATE,4,COASTAL + FLOOD + CYCLONE + RAINFALL
Pandiapali,395675,0.4735393421999041,0.3,0.5866648621490771,0.6098682748579979,0.48570167316884005,MODERATE,4,COASTAL + FLOOD + CYCLONE + RAINFALL
Singidi,395748,0.6773148031325946,0.1,0.593108597981036,0.6098682748579979,0.4984452454066369,MODERATE,4,COASTAL + FLOOD + CYCLONE + RAINFALL
Gangadharprasaddia,395746,0.6874626240422341,0.1,0.5861440132190703,0.6098682748579979,0.49974844548903735,MODERATE,4,COASTAL + FLOOD + CYCLONE + RAINFALL
Bansaria,395718,0.5368890960680608,0.3,0.5793272776015221,0.6098682748579979,0.5028722031923983,HIGH,4,COASTAL + FLOOD + CYCLONE + RAINFALL
Khandeita,395743,0.6127489503221443,0.3,0.5965933189495225,0.6098682748579979,0.5299466698056234,HIGH,4,COASTAL + FLOOD + CYCLONE + RAINFALL
Mahadeiadia,395744,0.6470477763379505,0.1,0.5904312292325858,0.6098682748579979,0.4886957951811312,MODERATE,4,COASTAL + FLOOD + CYCLONE + RAINFALL
Kothasahi,395701,0.4219892069365401,0.8,0.5786191390100247,0.6098682748579979,0.5932252018050678,HIGH,4,COASTAL + FLOOD + CYCLONE + RAINFALL
Gobanga,395719,0.6804717664358486,0.0,0.5762596692252112,0.6098682748579979,0.47018010220865697,MODERATE,4,COASTAL + FLOOD + CYCLONE + RAINFALL
Ayatan,395723,0.5942461984104435,0.0,0.5872707572693165,0.6098682748579979,0.4470652038120618,MODERATE,4,COASTAL + FLOOD + CYCLONE + RAINFALL
Rautabartani,395724,0.5798855060070109,0.1,0.5920926846469639,0.6098682748579979,0.4689624779354438,MODERATE,4,COASTAL + FLOOD + CYCLONE + RAINFALL
Dalikaenda,395717,0.655764865370271,0.1,0.5714340919891243,0.6098682748579979,0.4865616375799619,MODERATE,4,COASTAL + FLOOD + CYCLONE + RAINFALL
Siko,395720,0.6114755435161507,0.0,0.5822545540326969,0.6098682748579979,0.45097995653461903,MODERATE,4,COASTAL + FLOOD + CYCLONE + RAINFALL
Badajoramuhan,395714,0.7043649194269259,0.0,0.5658293545976733,0.6098682748579979,0.47474046944909565,MODERATE,4,COASTAL + FLOOD + CYCLONE + RAINFALL
Jharkata,395715,0.6600728146402965,0.1,0.5702721911630405,0.6098682748579979,0.48756354715444866,MODERATE,4,COASTAL + FLOOD + CYCLONE + RAINFALL
Mangalapur,395716,0.6161352106678442,0.3,0.5728657106219626,0.6098682748579979,0.5250306458274435,HIGH,4,COASTAL + FLOOD + CYCLONE + RAINFALL
Nandimahara,395699,0.44134117571734144,0.3,0.5861449802994598,0.6098682748579979,0.47591225276166693,MODERATE,4,COASTAL + FLOOD + CYCLONE + RAINFALL
Dasabhagaria,395703,0.5487708145543055,0.3,0.5753486640460306,0.6098682748579979,0.5054420653493988,HIGH,4,COASTAL + FLOOD + CYCLONE + RAINFALL
Joral,395696,0.44829368508824086,0.3,0.5934800233893842,0.6098682748579979,0.47983176634541785,MODERATE,4,COASTAL + FLOOD + CYCLONE + RAINFALL
Giria,395700,0.46710952188763843,0.3,0.5809599556517979,0.6098682748579979,0.48234650045084054,MODERATE,4,COASTAL + FLOOD + CYCLONE + RAINFALL
Baradia,395920,0.6219545793587482,0.3,0.5630180404518648,0.5378752947467564,0.5099159428699419,HIGH,4,COASTAL + FLOOD + CYCLONE + RAINFALL
Matia,395910,0.7175231924606096,0.1,0.566205652497626,0.5378752947467564,0.4893834298119406,MODERATE,4,COASTAL + FLOOD + CYCLONE + RAINFALL
Pancheswar,395913,0.700067806449636,0.0,0.5713128098725264,0.6098682748579979,0.47482219937462194,MODERATE,4,COASTAL + FLOOD + CYCLONE + RAINFALL
Belpaldia,395926,0.6876361363963412,0.3,0.5616025729501428,0.6098682748579979,0.5436651391280377,HIGH,4,COASTAL + FLOOD + CYCLONE + RAINFALL
Sangrampur,395728,0.42934432820647794,0.0,0.6062611338750553,0.6098682748579979,0.4023422369023068,MODERATE,4,COASTAL + FLOOD + CYCLONE + RAINFALL
Anantapur,395683,0.5945188196862292,0.3,0.6116330756628343,0.6098682748579979,0.5282375697931769,HIGH,4,COASTAL + FLOOD + CYCLONE + RAINFALL
Bektakolha,395887,0.5676593573597605,0.8,0.5774142875683039,0.5378752947467564,0.6222264380493554,HIGH,4,COASTAL + FLOOD + CYCLONE + RAINFALL
Khunta,395732,0.4827882953815412,0.1,0.6218024151443264,0.6098682748579979,0.44726074737214355,MODERATE,4,COASTAL + FLOOD + CYCLONE + RAINFALL
Khuntakana,395854,0.39984576818469486,0.3,0.5845284496355609,0.6098682748579979,0.4630594978358982,MODERATE,4,COASTAL + FLOOD + CYCLONE + RAINFALL
Chakamanpur,395841,0.4755894718487505,0.1,0.594013785869234,0.6098682748579979,0.4381539429935332,MODERATE,4,COASTAL + FLOOD + CYCLONE + RAINFALL
Jaganathpur,395857,0.3200384491834653,0.1,0.5921743655407278,0.6098682748579979,0.3910287811118211,MODERATE,4,COASTAL + FLOOD + CYCLONE + RAINFALL
Amanapari,395861,0.29830564484381394,0.3,0.587897836354893,0.6098682748579979,0.433439807513467,MODERATE,4,COASTAL + FLOOD + CYCLONE + RAINFALL
Paramanandpur,395804,0.6356613412343033,0.1,0.6094194845270728,0.6098682748579979,0.49002692847365875,MODERATE,4,COASTAL + FLOOD + CYCLONE + RAINFALL
Jayanagar,395691,0.5195330766268611,0.1,0.6190348354346725,0.6098682748579979,0.45759228681832603,MODERATE,4,COASTAL + FLOOD + CYCLONE + RAINFALL
Banabiharipur,395874,0.6352621078008156,0.8,0.5796030011620088,0.6098682748579979,0.6574530376023465,HIGH,4,COASTAL + FLOOD + CYCLONE + RAINFALL
Kantapada,395694,0.5690007858861794,0.3,0.6003144108457844,0.6098682748579979,0.5177524934488995,HIGH,4,COASTAL + FLOOD + CYCLONE + RAINFALL
Hansua,395855,0.4004567111044258,0.3,0.5872923098367107,0.6098682748579979,0.46393374576210494,MODERATE,4,COASTAL + FLOOD + CYCLONE + RAINFALL
Kusunpur,395690,0.584851847518769,0.1,0.6127042295682132,0.6098682748579979,0.47560526661928354,MODERATE,4,COASTAL + FLOOD + CYCLONE + RAINFALL
Sankarnathpeta,395871,0.5803130498672179,0.8,0.5818347086502986,0.6098682748579979,0.6415262470943396,HIGH,4,COASTAL + FLOOD + CYCLONE + RAINFALL
Madhupur,395862,0.28175374255676067,0.1,0.5897181201456745,0.6098682748579979,0.37892930777504635,MODERATE,4,COASTAL + FLOOD + CYCLONE + RAINFALL
Chandibaunsamula,395900,0.5106611740895122,0.3,0.5744817076633533,0.5378752947467564,0.4793938380920433,MODERATE,4,COASTAL + FLOOD + CYCLONE + RAINFALL
Hansina,395856,0.41439973559281396,0.3,0.5913708935196438,0.6098682748579979,0.46913629902935466,MODERATE,4,COASTAL + FLOOD + CYCLONE + RAINFALL
Rajbijaya Nagar,395822,0.6851142443485101,0.0,0.6000887533128278,0.6098682748579979,0.47753011660435957,MODERATE,4,COASTAL + FLOOD + CYCLONE + RAINFALL
Baruna,395859,0.32685494778352353,0.8,0.589149994658291,0.6098682748579979,0.5673176379712294,HIGH,4,COASTAL + FLOOD + CYCLONE + RAINFALL
Adabhutia,395837,0.6780213264338626,0.1,0.5854377320013131,0.6098682748579979,0.4967394859020866,MODERATE,4,COASTAL + FLOOD + CYCLONE + RAINFALL
Baunsakani,395864,0.31966509361439144,0.0,0.5847963280390345,0.6098682748579979,0.36407226506567564,MODERATE,4,COASTAL + FLOOD + CYCLONE + RAINFALL
Rajrajeswaripur,395873,0.7040746333962524,0.0,0.5739502100532698,0.5378752947467564,0.4622850014815445,MODERATE,4,COASTAL + FLOOD + CYCLONE + RAINFALL
Dholamara,395852,0.4890348149206276,0.3,0.5819311027742522,0.5378752947467564,0.4747682791191026,MODERATE,4,COASTAL + FLOOD + CYCLONE + RAINFALL
Bhitargarh,395899,0.4127190854976194,0.0,0.5794348307914544,0.5378752947467564,0.37624949229650073,MODERATE,4,COASTAL + FLOOD + CYCLONE + RAINFALL
Badhinakolha,395894,0.3777474098131628,1.0,0.5815685194649027,0.5378752947467564,0.6162914117595258,HIGH,4,COASTAL + FLOOD + CYCLONE + RAINFALL
Dhamara,395756,0.5450114168283848,0.1,0.5916619878408171,0.6098682748579979,0.45839257698031927,MODERATE,4,COASTAL + FLOOD + CYCLONE + RAINFALL
Purusottampur,395835,0.6095212753065593,0.1,0.5897390499622313,0.6098682748579979,0.47726480005412514,MODERATE,4,COASTAL + FLOOD + CYCLONE + RAINFALL
Garadapur,395749,0.5987709775076746,0.0,0.5983273904338431,0.6098682748579979,0.4511867958323627,MODERATE,4,COASTAL + FLOOD + CYCLONE + RAINFALL
Bishnupara,395896,0.3635362169197588,0.8,0.5769116031869821,0.5378752947467564,0.5608638248220245,HIGH,4,COASTAL + FLOOD + CYCLONE + RAINFALL
Hariharpur,395886,0.6086170586741065,0.3,0.5739213082322603,0.5378752947467564,0.5086405036096483,HIGH,4,COASTAL + FLOOD + CYCLONE + RAINFALL
Padmanav Pur,395868,0.43374412329348955,0.1,0.5885486273787528,0.6098682748579979,0.42423404880433463,MODERATE,4,COASTAL + FLOOD + CYCLONE + RAINFALL
Kuhudi,395620,0.601142746085032,0.1,0.5858425871576589,0.6098682748579979,0.4737771255865239,MODERATE,4,COASTAL + FLOOD + CYCLONE + RAINFALL
Koilipur,395736,0.3757019994272427,0.1,0.6128964736384319,0.6098682748579979,0.41290837320938034,MODERATE,4,COASTAL + FLOOD + CYCLONE + RAINFALL
Madhupur,395815,0.4951568433141912,0.1,0.6142157641253176,0.6098682748579979,0.44907464899718635,MODERATE,4,COASTAL + FLOOD + CYCLONE + RAINFALL
Balarampur,395845,0.31325209826054373,0.1,0.5968937798139813,0.6098682748579979,0.39017272940325803,MODERATE,4,COASTAL + FLOOD + CYCLONE + RAINFALL
Badapal,395869,0.5151083544063919,0.1,0.583984730195487,0.6098682748579979,0.4475023438423889,MODERATE,4,COASTAL + FLOOD + CYCLONE + RAINFALL
Katanabania,395752,0.6705117496289021,0.1,0.5929344654627007,0.6098682748579979,0.49636079622594537,MODERATE,4,COASTAL + FLOOD + CYCLONE + RAINFALL
Loknathprasad,395850,0.48117664643757513,0.1,0.5852111359859138,0.6098682748579979,0.4376294328993506,MODERATE,4,COASTAL + FLOOD + CYCLONE + RAINFALL
Jaganathprasad_ Dia,395733,0.5485347946881868,0.0,0.6211314626860126,0.6098682748579979,0.44181695904955876,MODERATE,4,COASTAL + FLOOD + CYCLONE + RAINFALL
Biradia,395757,0.5704037740902002,0.1,0.5868654761113724,0.6098682748579979,0.4648111562265027,MODERATE,4,COASTAL + FLOOD + CYCLONE + RAINFALL
Gothakolha,395849,0.48323582230115486,0.1,0.5901863565867727,0.6098682748579979,0.4394909908086392,MODERATE,4,COASTAL + FLOOD + CYCLONE + RAINFALL
Handiagarh,395865,0.4234738303643628,1.0,0.5829185947943124,0.5378752947467564,0.6303468567572382,HIGH,4,COASTAL + FLOOD + CYCLONE + RAINFALL
Madarangapata,395750,0.5548837141814689,0.0,0.599478772245027,0.6098682748579979,0.438308462287297,MODERATE,4,COASTAL + FLOOD + CYCLONE + RAINFALL
Singadapal,395872,0.6427719996885453,0.0,0.5766703789053329,0.5378752947467564,0.4445742535822481,MODERATE,4,COASTAL + FLOOD + CYCLONE + RAINFALL
Bimisnagar,395870,0.5641929999048287,0.0,0.5804632953843387,0.6098682748579979,0.4363473787891328,MODERATE,4,COASTAL + FLOOD + CYCLONE + RAINFALL
Raulia,395692,0.5531050973978665,0.0,0.6121154136340892,0.6098682748579979,0.4409340375994818,MODERATE,4,COASTAL + FLOOD + CYCLONE + RAINFALL
Junus Nagar,395836,0.5722309311226152,0.1,0.5914943996428681,0.6098682748579979,0.46651653421910116,MODERATE,4,COASTAL + FLOOD + CYCLONE + RAINFALL
Kandira,395860,0.3558981437707016,0.3,0.5840308352964123,0.6098682748579979,0.4497508069269131,MODERATE,4,COASTAL + FLOOD + CYCLONE + RAINFALL
Silapokhari,395892,0.5020636304665346,1.0,0.5761747830188314,0.5378752947467564,0.6522378438440195,HIGH,4,COASTAL + FLOOD + CYCLONE + RAINFALL
Charipokharia,395893,0.42688955130376327,1.0,0.5761797786744438,0.5378752947467564,0.6296868690090912,HIGH,4,COASTAL + FLOOD + CYCLONE + RAINFALL
Jharkata,395904,0.5695552465383177,0.1,0.5770083974967856,0.5378752947467564,0.44769373228504294,MODERATE,4,COASTAL + FLOOD + CYCLONE + RAINFALL
Sribantapur,395839,0.5377758273703168,0.1,0.5874628771962648,0.6098682748579979,0.4551721224817608,MODERATE,4,COASTAL + FLOOD + CYCLONE + RAINFALL
Panchu Palli,395817,0.42980457963970387,0.1,0.6112984025264023,0.6098682748579979,0.4287396294951113,MODERATE,4,COASTAL + FLOOD + CYCLONE + RAINFALL
Khulari,395741,0.4930513765945674,0.0,0.6050371782299815,0.6098682748579979,0.4211483625074652,MODERATE,4,COASTAL + FLOOD + CYCLONE + RAINFALL
Ajagar Patia,395824,0.6545154559121764,0.1,0.5922114460062278,0.6098682748579979,0.4913811532468094,MODERATE,4,COASTAL + FLOOD + CYCLONE + RAINFALL
Padmanavpur,395816,0.38703218165020925,0.1,0.6120782549802903,0.6098682748579979,0.41610287321173495,MODERATE,4,COASTAL + FLOOD + CYCLONE + RAINFALL
Trailokyapur,395729,0.511642754972752,0.0,0.6074177775091576,0.6098682748579979,0.42732092584071457,MODERATE,4,COASTAL + FLOOD + CYCLONE + RAINFALL
Badapanka,395693,0.5928499218124781,0.0,0.6080819347513011,0.6098682748579979,0.45184911520316823,MODERATE,4,COASTAL + FLOOD + CYCLONE + RAINFALL
Balarampur,395866,0.3879372806792595,0.1,0.5883882574336591,0.6098682748579979,0.4104519035337922,MODERATE,4,COASTAL + FLOOD + CYCLONE + RAINFALL
Bajapur,395753,0.6715544766303985,0.1,0.5905686647772146,0.6098682748579979,0.49608216415502276,MODERATE,4,COASTAL + FLOOD + CYCLONE + RAINFALL
Sana Gokhani,395821,0.6606085336553618,0.0,0.6059956520841561,0.6098682748579979,0.4716551280892471,MODERATE,4,COASTAL + FLOOD + CYCLONE + RAINFALL
Balunga Patia,395825,0.6816111809575902,0.1,0.5909954033684719,0.6098682748579979,0.4992058601009946,MODERATE,4,COASTAL + FLOOD + CYCLONE + RAINFALL
Nuagan Baragan,395863,0.33589018197086873,0.0,0.5888130287864143,0.6098682748579979,0.3699439667594638,MODERATE,4,COASTAL + FLOOD + CYCLONE + RAINFALL
Sila Pokhari,395818,0.5192638355565384,0.3,0.6093161616989005,0.6098682748579979,0.5050818460632862,HIGH,4,COASTAL + FLOOD + CYCLONE + RAINFALL
Rajendranarayanpur,395805,0.6977229908184237,0.1,0.6039842342445967,0.6098682748579979,0.5072866107782759,HIGH,4,COASTAL + FLOOD + CYCLONE + RAINFALL
Jaduchandrapur,395903,0.5697703928916271,0.1,0.575138851414418,0.5378752947467564,0.44729088967044395,MODERATE,4,COASTAL + FLOOD + CYCLONE + RAINFALL
Brahmanikholha,395895,0.3613707406812162,1.0,0.5799526168848916,0.5378752947467564,0.610974435374939,HIGH,4,COASTAL + FLOOD + CYCLONE + RAINFALL
Kusunpur,395853,0.4507415113476678,0.1,0.5822470532256295,0.5378752947467564,0.41335927566005903,MODERATE,4,COASTAL + FLOOD + CYCLONE + RAINFALL
Nalajodi,395867,0.4408396773600543,0.0,0.5847388010525529,0.6098682748579979,0.4004102584427541,MODERATE,4,COASTAL + FLOOD + CYCLONE + RAINFALL
Gupti,395838,0.6840924843820546,0.1,0.582174309495509,0.6098682748579979,0.4977449776600932,MODERATE,4,COASTAL + FLOOD + CYCLONE + RAINFALL
Daenigiri,395754,0.6106460650329064,0.0,0.5919230226915904,0.6098682748579979,0.45314823015436906,MODERATE,4,COASTAL + FLOOD + CYCLONE + RAINFALL
Daruora,395846,0.36554626114447264,0.1,0.5970775883650885,0.6098682748579979,0.40590693040621345,MODERATE,4,COASTAL + FLOOD + CYCLONE + RAINFALL
Jhadamala,395755,0.5244110503857329,0.1,0.595867039838785,0.6098682748579979,0.45326373004701564,MODERATE,4,COASTAL + FLOOD + CYCLONE + RAINFALL
Ghadiamal,395844,0.33036892895410636,0.1,0.6021535188328356,0.6098682748579979,0.3966227133660404,MODERATE,4,COASTAL + FLOOD + CYCLONE + RAINFALL
Bandhamala,395751,0.5059749793581628,0.1,0.6009843096723141,0.6098682748579979,0.44901222619712694,MODERATE,4,COASTAL + FLOOD + CYCLONE + RAINFALL
Nuagan,395843,0.38778563162714935,0.0,0.6044065421631422,0.6098682748579979,0.3894109800005299,MODERATE,4,COASTAL + FLOOD + CYCLONE + RAINFALL
Dibakarpur,395842,0.4598510101965936,0.1,0.6001765974842092,0.6098682748579979,0.4349731074016299,MODERATE,4,COASTAL + FLOOD + CYCLONE + RAINFALL
Ghusuria,395738,0.4398066699740443,0.1,0.6060968131533842,0.6098682748579979,0.4304398592521589,MODERATE,4,COASTAL + FLOOD + CYCLONE + RAINFALL
Charipokharia,395739,0.4984461184218524,1.0,0.6042195194637063,0.6098682748579979,0.672562370364082,HIGH,4,COASTAL + FLOOD + CYCLONE + RAINFALL
Biswanathpur,395742,0.5261853495855785,0.3,0.6025273845988472,0.6098682748579979,0.5054611059969849,HIGH,4,COASTAL + FLOOD + CYCLONE + RAINFALL
Iswarpur,395813,0.6591922401430235,0.1,0.6129144233104993,0.6098682748579979,0.4979599328421314,MODERATE,4,COASTAL + FLOOD + CYCLONE + RAINFALL
Righa Garh,395812,0.6632545520417465,0.1,0.6135611718735074,0.6098682748579979,0.49934031355250036,MODERATE,4,COASTAL + FLOOD + CYCLONE + RAINFALL
Kujipur,395730,0.5112253026764954,0.0,0.6139631945239827,0.6098682748579979,0.42883204440554384,MODERATE,4,COASTAL + FLOOD + CYCLONE + RAINFALL
Subhadraprasad Dia,395734,0.4019779613630263,0.1,0.6138960518353778,0.6098682748579979,0.4210410563393519,MODERATE,4,COASTAL + FLOOD + CYCLONE + RAINFALL
Gharabhanjakola,395737,0.3988255072242952,0.1,0.6093613086967585,0.6098682748579979,0.41896163431307776,MODERATE,4,COASTAL + FLOOD + CYCLONE + RAINFALL
Nuakhunta,395819,0.5783379525006651,0.0,0.6058901892670663,0.6098682748579979,0.44694758803856566,MODERATE,4,COASTAL + FLOOD + CYCLONE + RAINFALL
Balabhadrapur,395823,0.5983746585976448,1.0,0.5998067994196403,0.6098682748579979,0.7014377524058032,HIGH,4,COASTAL + FLOOD + CYCLONE + RAINFALL
Gumura,395826,0.6675509761639968,0.1,0.5869730588099705,0.6098682748579979,0.4939822125232913,MODERATE,4,COASTAL + FLOOD + CYCLONE + RAINFALL
Gajarajpur,395740,0.43647721796410277,0.3,0.6087679626043275,0.6098682748579979,0.4801088110119122,MODERATE,4,COASTAL + FLOOD + CYCLONE + RAINFALL
Gobindakana,395735,0.40857821439851527,0.0,0.6180281701058035,0.6098682748579979,0.399054161817605,MODERATE,4,COASTAL + FLOOD + CYCLONE + RAINFALL
Dighi,395814,0.5459004498033948,0.1,0.6167231229735,0.6098682748579979,0.46492457065599296,MODERATE,4,COASTAL + FLOOD + CYCLONE + RAINFALL
Tarapada,395731,0.4172203410388125,0.3,0.6127250618837481,0.6098682748579979,0.4753210227541803,MODERATE,4,COASTAL + FLOOD + CYCLONE + RAINFALL
Kantipokhari,395727,0.4445769779816091,0.0,0.6026558662223707,0.6098682748579979,0.40601071492167495,MODERATE,4,COASTAL + FLOOD + CYCLONE + RAINFALL
Iswarpur,395682,0.6194561351428649,0.1,0.608232678191026,0.6098682748579979,0.48486866506221554,MODERATE,4,COASTAL + FLOOD + CYCLONE + RAINFALL
Arjunpur,395840,0.5434274918888178,0.1,0.5898566940498344,0.6098682748579979,0.4574660760507035,MODERATE,4,COASTAL + FLOOD + CYCLONE + RAINFALL
Taneipada,395679,0.6390594436758712,0.3,0.6056567049274804,0.6098682748579979,0.5401056643062311,HIGH,4,COASTAL + FLOOD + CYCLONE + RAINFALL
Pitanda,395820,0.5992743396304607,1.0,0.6108760910925779,0.6098682748579979,0.7044749796338824,HIGH,4,COASTAL + FLOOD + CYCLONE + RAINFALL
Nuagaon Satagan,395905,0.5956284322924823,0.0,0.5774216767038874,0.5378752947467564,0.43061900781306783,MODERATE,4,COASTAL + FLOOD + CYCLONE + RAINFALL
Baliora,395883,0.6493629323646091,0.0,0.5728203600809523,0.5378752947467564,0.4455890286789721,MODERATE,4,COASTAL + FLOOD + CYCLONE + RAINFALL
Gopinathpur,395906,0.6382472647746615,0.8,0.5760219437510183,0.5378752947467564,0.6430547243195043,HIGH,4,COASTAL + FLOOD + CYCLONE + RAINFALL
Kendukolha,395888,0.5103618131632085,0.0,0.5791157317683723,0.5378752947467564,0.4054625358404069,MODERATE,4,COASTAL + FLOOD + CYCLONE + RAINFALL
Bedhuakolha,395851,0.5371124613037929,0.1,0.58145377978833,0.6098682748579979,0.4534708383098199,MODERATE,4,COASTAL + FLOOD + CYCLONE + RAINFALL
Balabhadraprasad Dia,395689,0.5895700087120337,0.0,0.6110405845818412,0.6098682748579979,0.45160480373066997,MODERATE,4,COASTAL + FLOOD + CYCLONE + RAINFALL
Bhitarkanika,395806,0.7111856868530597,0.0,0.5878565569961521,0.6098682748579979,0.48229350027655554,MODERATE,4,COASTAL + FLOOD + CYCLONE + RAINFALL
Hansina Dia,395848,0.45959237200276903,0.1,0.5914530382346281,0.6098682748579979,0.4327146261310873,MODERATE,4,COASTAL + FLOOD + CYCLONE + RAINFALL
Debendranarayanpur,395875,0.7094472104191605,0.0,0.5763658339075625,0.6098682748579979,0.4788992765742383,MODERATE,4,COASTAL + FLOOD + CYCLONE + RAINFALL
Sangopalpur,395889,0.5675395137087393,0.0,0.5749075266523018,0.5378752947467564,0.42156379472504857,MODERATE,4,COASTAL + FLOOD + CYCLONE + RAINFALL
Matia,395611,0.6742779481817394,0.1,0.5643624519435986,0.6098682748579979,0.490347652412021,MODERATE,4,COASTAL + FLOOD + CYCLONE + RAINFALL
Porala,395669,0.456293635590118,0.0,0.58355841950919,0.6098682748579979,0.4047513505259324,MODERATE,4,COASTAL + FLOOD + CYCLONE + RAINFALL
Satagharia,395659,0.4735884127221903,0.3,0.5576731732184503,0.6098682748579979,0.47846847209286925,MODERATE,4,COASTAL + FLOOD + CYCLONE + RAINFALL
Ektala,395612,0.6424240696203334,0.3,0.5653466054188985,0.6098682748579979,0.5310375272124243,HIGH,4,COASTAL + FLOOD + CYCLONE + RAINFALL
Mahurigan,395613,0.7036958262670554,0.0,0.5700420359015128,0.6098682748579979,0.47559291182709434,MODERATE,4,COASTAL + FLOOD + CYCLONE + RAINFALL
Deuli,395617,0.6964001496096419,0.3,0.5876897599244431,0.6098682748579979,0.552816139835603,HIGH,4,COASTAL + FLOOD + CYCLONE + RAINFALL
Baranga,395622,0.6085282250373334,0.3,0.5822523839489393,0.6098682748579979,0.5250952184700344,HIGH,4,COASTAL + FLOOD + CYCLONE + RAINFALL
Taras,395624,0.6234944043816437,0.3,0.5775477784752547,0.6098682748579979,0.5284089209049064,HIGH,4,COASTAL + FLOOD + CYCLONE + RAINFALL
Ostia,395614,0.7037341465351852,0.3,0.5731703832896342,0.6098682748579979,0.5513864947545637,HIGH,4,COASTAL + FLOOD + CYCLONE + RAINFALL
Saradaprasad,395762,0.6952733195633449,0.1,0.583473420766473,0.6098682748579979,0.5014240060322214,HIGH,4,COASTAL + FLOOD + CYCLONE + RAINFALL
Langalabhanja,395610,0.6036464418890767,0.3,0.5638906130216023,0.6098682748579979,0.5190402407937231,HIGH,4,COASTAL + FLOOD + CYCLONE + RAINFALL
Endulapur,395684,0.6267513820795418,0.1,0.6102305341557412,0.6098682748579979,0.4875567031343974,MODERATE,4,COASTAL + FLOOD + CYCLONE + RAINFALL
Gokarneswar,395663,0.44990017802900933,0.3,0.571987629139403,0.6098682748579979,0.4749406156651531,MODERATE,4,COASTAL + FLOOD + CYCLONE + RAINFALL
Kantapada,395664,0.527776209144343,0.3,0.572969676184089,0.6098682748579979,0.4985489367609247,MODERATE,4,COASTAL + FLOOD + CYCLONE + RAINFALL
Badagara,395665,0.5349637957509744,0.0,0.5776647481303523,0.6098682748579979,0.42687898072948,MODERATE,4,COASTAL + FLOOD + CYCLONE + RAINFALL
Kalikapur,395668,0.4532247138899952,0.0,0.5795600213249897,0.6098682748579979,0.40283107446984556,MODERATE,4,COASTAL + FLOOD + CYCLONE + RAINFALL
Burudia,395623,0.6455247346182289,0.3,0.5789348786134698,0.6098682748579979,0.5353647950104357,HIGH,4,COASTAL + FLOOD + CYCLONE + RAINFALL
Bajarpur,395685,0.6491319245941962,0.1,0.6061548074648041,0.6098682748579979,0.49325193421605945,MODERATE,4,COASTAL + FLOOD + CYCLONE + RAINFALL
Cherantapada,395667,0.4384562973735615,0.0,0.5757012844486467,0.6098682748579979,0.3974358652958297,MODERATE,4,COASTAL + FLOOD + CYCLONE + RAINFALL
Panki,395607,0.6542445954890468,1.0,0.5738179707463825,0.6098682748579979,0.7117015263049092,HIGH,4,COASTAL + FLOOD + CYCLONE + RAINFALL
Gunthala,395604,0.6975059178991514,1.0,0.583252331060663,0.6098682748579979,0.7270385131065108,HIGH,4,COASTAL + FLOOD + CYCLONE + RAINFALL
Upulei,395680,0.6986328923415726,0.1,0.6032895875470394,0.6098682748579979,0.5073859195608312,HIGH,4,COASTAL + FLOOD + CYCLONE + RAINFALL
Olaver,395656,0.4702683854652525,1.0,0.5571964097745836,0.6098682748579979,0.6523532730548213,HIGH,4,COASTAL + FLOOD + CYCLONE + RAINFALL
Hariharpursasan,395672,0.6221166745007729,0.3,0.5894821567854213,0.6098682748579979,0.5309791965181868,HIGH,4,COASTAL + FLOOD + CYCLONE + RAINFALL
Rajendranarayanpur,395802,0.7007067258451023,0.1,0.5986782996138069,0.6098682748579979,0.506855247628582,HIGH,4,COASTAL + FLOOD + CYCLONE + RAINFALL
Ganja,395660,0.45871451427595766,1.0,0.5658388173724389,0.6098682748579979,0.6510477135974967,HIGH,4,COASTAL + FLOOD + CYCLONE + RAINFALL
Baghuasuni,395621,0.5788426428660358,0.1,0.583249664442292,0.6098682748579979,0.4664388639419833,MODERATE,4,COASTAL + FLOOD + CYCLONE + RAINFALL
Bangarakuan,395616,0.653559210791633,0.3,0.584410295296742,0.6098682748579979,0.539143992033275,HIGH,4,COASTAL + FLOOD + CYCLONE + RAINFALL
Gualigan,395615,0.6966193403835288,0.3,0.5769757900580361,0.6098682748579979,0.5502034046011672,HIGH,4,COASTAL + FLOOD + CYCLONE + RAINFALL
Gobindapur,395633,0.48119647836869484,0.1,0.5648542277933554,0.6098682748579979,0.4325461554305468,MODERATE,4,COASTAL + FLOOD + CYCLONE + RAINFALL
Sialia,395625,0.5440254686219431,0.0,0.5803817801334288,0.6098682748579979,0.4302767405915397,MODERATE,4,COASTAL + FLOOD + CYCLONE + RAINFALL
Badataila,395628,0.6336396149898904,0.3,0.570191344991969,0.6098682748579979,0.529613375716559,HIGH,4,COASTAL + FLOOD + CYCLONE + RAINFALL
Jagulaipada,395630,0.591717819963719,0.3,0.5652125916200128,0.6098682748579979,0.5157921488657184,HIGH,4,COASTAL + FLOOD + CYCLONE + RAINFALL
Barada,395627,0.6490074643496764,0.3,0.5748143687188607,0.6098682748579979,0.5353794864562177,HIGH,4,COASTAL + FLOOD + CYCLONE + RAINFALL
Arasa,395626,0.5922875608106029,0.0,0.5755861563539222,0.6098682748579979,0.44355646230326096,MODERATE,4,COASTAL + FLOOD + CYCLONE + RAINFALL
Sikudi,395619,0.6553415303296533,0.0,0.5878749325422611,0.6098682748579979,0.4655448472060608,MODERATE,4,COASTAL + FLOOD + CYCLONE + RAINFALL
Bahadiha,395609,0.6753611692424442,0.3,0.5663641159379135,0.6098682748579979,0.5411730347288112,HIGH,4,COASTAL + FLOOD + CYCLONE + RAINFALL
Manapur,395605,0.6590897103734865,1.0,0.5808691883310234,0.6098682748579979,0.7149178651664014,HIGH,4,COASTAL + FLOOD + CYCLONE + RAINFALL
Malisahada,395673,0.5740727469340825,0.3,0.5907601874139661,0.6098682748579979,0.5168855259053159,HIGH,4,COASTAL + FLOOD + CYCLONE + RAINFALL
Kalisipada,395674,0.530608119085085,0.1,0.5870228224668101,0.6098682748579979,0.45291179631382755,MODERATE,4,COASTAL + FLOOD + CYCLONE + RAINFALL
Pimpudi,395670,0.49787260092978436,0.0,0.5833051039011884,0.6098682748579979,0.41716171122583195,MODERATE,4,COASTAL + FLOOD + CYCLONE + RAINFALL
Gangadharpur,395666,0.4942033616456903,0.0,0.5776629800657831,0.6098682748579979,0.41465040848175244,MODERATE,4,COASTAL + FLOOD + CYCLONE + RAINFALL
Balibhanda,395654,0.4946052454728033,0.8,0.5604721377722682,0.6098682748579979,0.6104732630565076,HIGH,4,COASTAL + FLOOD + CYCLONE + RAINFALL
Madhupara,395677,0.6394989931151869,0.0,0.5928298677954651,0.6098682748579979,0.46203081985502187,MODERATE,4,COASTAL + FLOOD + CYCLONE + RAINFALL
Patuli,395636,0.42744491714008365,1.0,0.5596352199532502,0.6098682748579979,0.6401159351019373,HIGH,4,COASTAL + FLOOD + CYCLONE + RAINFALL
Mantapara,395678,0.6612429146326331,0.3,0.5986057171826399,0.6098682748579979,0.5449979586570495,HIGH,4,COASTAL + FLOOD + CYCLONE + RAINFALL
Pratappur,395637,0.4050446584061402,1.0,0.5623641649071164,0.6098682748579979,0.6340780937202207,HIGH,4,COASTAL + FLOOD + CYCLONE + RAINFALL
Akhulipada,395671,0.545176435367615,0.0,0.5833818408572451,0.6098682748579979,0.4313720457961953,MODERATE,4,COASTAL + FLOOD + CYCLONE + RAINFALL
Balarampur,395635,0.402753685159177,0.1,0.559189260023605,0.6098682748579979,0.40759707552525387,MODERATE,4,COASTAL + FLOOD + CYCLONE + RAINFALL
Baghabuda,395629,0.5674038447271599,0.1,0.5703649602825345,0.6098682748579979,0.4597860484603811,MODERATE,4,COASTAL + FLOOD + CYCLONE + RAINFALL
Govindpur,395803,0.6773066487550075,0.1,0.600653929833551,0.6098682748579979,0.5003291320564895,HIGH,4,COASTAL + FLOOD + CYCLONE + RAINFALL
Safalanga,395634,0.4221720059635593,1.0,0.561423077695719,0.6098682748579979,0.6389810261845971,HIGH,4,COASTAL + FLOOD + CYCLONE + RAINFALL
Pegarapada,395639,0.4418970107450033,1.0,0.5678344710203083,0.6098682748579979,0.6465013759501778,HIGH,4,COASTAL + FLOOD + CYCLONE + RAINFALL
Nahuni,395638,0.4305453838118178,0.8,0.5663558361715704,0.6098682748579979,0.5927262291580375,HIGH,4,COASTAL + FLOOD + CYCLONE + RAINFALL
Achinta,395631,0.5416464776664849,0.3,0.56616168811784,0.6098682748579979,0.501008020301005,HIGH,4,COASTAL + FLOOD + CYCLONE + RAINFALL
Domanda Kaema,395606,0.5806010047854289,0.0,0.5760689538116011,0.6098682748579979,0.4401711948601285,MODERATE,4,COASTAL + FLOOD + CYCLONE + RAINFALL
Nuagan,395608,0.5233803742753715,0.0,0.5659648214830474,0.6098682748579979,0.42047897262497286,MODERATE,4,COASTAL + FLOOD + CYCLONE + RAINFALL
Upulei Dia,395681,0.6778186789393157,0.0,0.6048289691178412,0.6098682748579979,0.4765265009328546,MODERATE,4,COASTAL + FLOOD + CYCLONE + RAINFALL
Sanataila,395632,0.49797970873052666,0.3,0.5632165505858475,0.6098682748579979,0.4871717052372194,MODERATE,4,COASTAL + FLOOD + CYCLONE + RAINFALL
Nuagan,395686,0.6936775158755786,0.0,0.6016012794470048,0.6098682748579979,0.48047722959602435,MODERATE,4,COASTAL + FLOOD + CYCLONE + RAINFALL
Durgaprasad,395801,0.6973382171440923,0.1,0.5920176737717657,0.6098682748579979,0.5041795385577688,HIGH,4,COASTAL + FLOOD + CYCLONE + RAINFALL
Ragadapatia,395800,0.6768872461790332,0.1,0.5894280888929513,0.6098682748579979,0.4973968510485473,MODERATE,4,COASTAL + FLOOD + CYCLONE + RAINFALL
Bankual,395799,0.6860096967175826,0.1,0.5839895610562595,0.6098682748579979,0.49877395425093923,MODERATE,4,COASTAL + FLOOD + CYCLONE + RAINFALL
Dangamal,395766,0.6313856157736057,0.8,0.5823614283974121,0.6098682748579979,0.6569796968030345,HIGH,4,COASTAL + FLOOD + CYCLONE + RAINFALL
Trilochanpur,395765,0.6936815728614307,0.1,0.5776080083316899,0.6098682748579979,0.49948012891295124,MODERATE,4,COASTAL + FLOOD + CYCLONE + RAINFALL
Kamalpur,395764,0.6773093001374675,0.1,0.5807452614610547,0.6098682748579979,0.49535276037810344,MODERATE,4,COASTAL + FLOOD + CYCLONE + RAINFALL
Badhadia,395763,0.649820055768662,0.8,0.5848468796555613,0.6098682748579979,0.6631313916160885,HIGH,4,COASTAL + FLOOD + CYCLONE + RAINFALL
Laxmiprasad Dia,395687,0.7013346077128191,0.0,0.5973533260625727,0.6098682748579979,0.4817123688010885,MODERATE,4,COASTAL + FLOOD + CYCLONE + RAINFALL
Asoka Dia,395688,0.691287541638083,0.0,0.6037961223782936,0.6098682748579979,0.4803089480575979,MODERATE,4,COASTAL + FLOOD + CYCLONE + RAINFALL
Kanhupur,396072,0.6995621989221406,0.3,0.5556098783505831,0.5999552848196029,0.5437621862282085,HIGH,4,COASTAL + FLOOD + CYCLONE + RAINFALL
Banipal,396067,0.6567209881200089,0.3,0.581434072062273,0.5999552848196029,0.5373658714154915,HIGH,4,COASTAL + FLOOD + CYCLONE + RAINFALL
Rangani,395797,0.6504834692789585,0.1,0.5632736548634489,0.5999552848196029,0.4809545114634704,MODERATE,4,COASTAL + FLOOD + CYCLONE + RAINFALL
Narayanpur,395796,0.6891780556238325,1.0,0.564239544983527,0.5999552848196029,0.7178043598969521,HIGH,4,COASTAL + FLOOD + CYCLONE + RAINFALL
Udyan,395784,0.615630250617684,0.1,0.5711534339097036,0.5999552848196029,0.4724684906266517,MODERATE,4,COASTAL + FLOOD + CYCLONE + RAINFALL
Paramanandapur,395880,0.7124225957511567,1.0,0.5593568750685244,,0.7544574968655976,VERY HIGH,3,COASTAL + FLOOD + CYCLONE
Mohanpur,395879,0.7020014113006423,1.0,0.5593412662666504,,0.750544674946069,VERY HIGH,3,COASTAL + FLOOD + CYCLONE
Govindapur,395878,0.6941481255778985,0.0,0.5589383065745049,,0.4349737678962447,MODERATE,3,COASTAL + FLOOD + CYCLONE
Dalei Sahi,395785,0.548792248962662,0.1,0.5763349084276184,0.5999552848196029,0.4537124587596238,MODERATE,4,COASTAL + FLOOD + CYCLONE + RAINFALL
Ananta Keshari,395782,0.6122558019249214,0.3,0.5786628621685983,0.5999552848196029,0.5233335130835466,HIGH,4,COASTAL + FLOOD + CYCLONE + RAINFALL
Ahirajpur,396063,0.6820071850401379,0.1,0.5813378375975897,0.5999552848196029,0.4949276718753594,MODERATE,4,COASTAL + FLOOD + CYCLONE + RAINFALL
Sir Rajendrapur,396065,0.6549246067296903,0.1,0.5853059655972008,0.5999552848196029,0.4877949303821279,MODERATE,4,COASTAL + FLOOD + CYCLONE + RAINFALL
Rabindrapalli,396070,0.6660112381331884,0.0,0.556793487300574,0.5999552848196029,0.4589928002290206,MODERATE,4,COASTAL + FLOOD + CYCLONE + RAINFALL
Krishnanagar,395770,0.6650329685144054,0.1,0.5695057377510033,0.5999552848196029,0.486877381955993,MODERATE,4,COASTAL + FLOOD + CYCLONE + RAINFALL
Khas Munda,395783,0.6655945292954171,0.1,0.571998342707634,0.5999552848196029,0.4876690014294542,MODERATE,4,COASTAL + FLOOD + CYCLONE + RAINFALL
Sailendra Sarai,395781,0.7028528847911002,0.1,0.5730951299273952,0.5999552848196029,0.49912070488309945,MODERATE,4,COASTAL + FLOOD + CYCLONE + RAINFALL
Bhanja Prasad,395778,0.6907984745584403,0.1,0.5633591558451654,0.5999552848196029,0.493070388292744,MODERATE,4,COASTAL + FLOOD + CYCLONE + RAINFALL
Dantiapada,396071,0.6355246173172355,0.3,0.5596714817417112,0.5999552848196029,0.525566312594519,HIGH,4,COASTAL + FLOOD + CYCLONE + RAINFALL
Keruapal,395786,0.6603214744799915,0.3,0.5781344297468847,0.5999552848196029,0.5376211067446393,HIGH,4,COASTAL + FLOOD + CYCLONE + RAINFALL
Bagapatia Uttar,395827,0.6800465305167276,0.0,0.5811528952238302,0.5999552848196029,0.4692932399248964,MODERATE,4,COASTAL + FLOOD + CYCLONE + RAINFALL
Sourendrapur,395793,0.5885321425716938,0.3,0.5670861882260387,0.5999552848196029,0.5133222467919385,HIGH,4,COASTAL + FLOOD + CYCLONE + RAINFALL
Pravati,396064,0.6782529284300121,0.1,0.5888185227707503,0.5999552848196029,0.49567156618561176,MODERATE,4,COASTAL + FLOOD + CYCLONE + RAINFALL
Harina Pokhari,395795,0.5987637110918151,0.3,0.5638544985960547,0.5999552848196029,0.5155837949404788,HIGH,4,COASTAL + FLOOD + CYCLONE + RAINFALL
Magarkanda,395833,0.6824006960582778,0.3,0.567011296435766,0.5999552848196029,0.5414640898903453,HIGH,4,COASTAL + FLOOD + CYCLONE + RAINFALL
Satavaya,396069,0.699976226157889,0.0,0.5573672572410628,0.5999552848196029,0.469325739121553,MODERATE,4,COASTAL + FLOOD + CYCLONE + RAINFALL
Manjulapalli,396066,0.5627819379765276,0.1,0.5694086242117636,0.5999552848196029,0.4561777944098198,MODERATE,4,COASTAL + FLOOD + CYCLONE + RAINFALL
Barahipur,396068,0.6988255919360336,0.0,0.558073515137898,0.5999552848196029,0.4691571133292052,MODERATE,4,COASTAL + FLOOD + CYCLONE + RAINFALL
Bagapatia,395834,0.6829691248976228,0.1,0.5839369604088906,0.6098682748579979,0.49784863254310907,MODERATE,4,COASTAL + FLOOD + CYCLONE + RAINFALL
Amarabati,395790,0.5815988395792195,0.3,0.5704717481460527,0.5999552848196029,0.5120886458741996,HIGH,4,COASTAL + FLOOD + CYCLONE + RAINFALL
Sailendranarayanpur,395811,0.6771947077462062,0.3,0.5863490563696627,0.6098682748579979,0.5467193313878771,HIGH,4,COASTAL + FLOOD + CYCLONE + RAINFALL
Gopaljew Patana,395808,0.6715245369714384,0.3,0.5791928225887026,0.5999552848196029,0.5412466237025277,HIGH,4,COASTAL + FLOOD + CYCLONE + RAINFALL
Rajpatana,395779,0.6828073380034887,0.1,0.5668287512416073,0.5999552848196029,0.491540446175369,MODERATE,4,COASTAL + FLOOD + CYCLONE + RAINFALL
Kanak Nagar,395771,0.6732218817275428,0.3,0.5661849128648162,0.5999552848196029,0.5385038496983875,HIGH,4,COASTAL + FLOOD + CYCLONE + RAINFALL
Sailendranarayanpur Purbajungal Block,395810,0.7039055660549458,0.0,0.582735363686039,0.5999552848196029,0.4768465677019141,MODERATE,4,COASTAL + FLOOD + CYCLONE + RAINFALL
Talchua,396062,0.6512743401378134,0.1,0.5587714884082483,0.5999552848196029,0.48006623110732666,MODERATE,4,COASTAL + FLOOD + CYCLONE + RAINFALL
Sailendranagar,395772,0.6740547405899997,0.1,0.5620890776373357,0.5999552848196029,0.4877297485502544,MODERATE,4,COASTAL + FLOOD + CYCLONE + RAINFALL
Baghua,395769,0.6664824674836105,0.1,0.572349835797497,0.5999552848196029,0.488023256158378,MODERATE,4,COASTAL + FLOOD + CYCLONE + RAINFALL
Rajendranagar,395774,0.6795607877324261,0.1,0.555546653533686,0.5999552848196029,0.48774595666706994,MODERATE,4,COASTAL + FLOOD + CYCLONE + RAINFALL
Rajeswarinagar,395773,0.6830460078950393,0.1,0.557708802338714,0.5999552848196029,0.4893320599171109,MODERATE,4,COASTAL + FLOOD + CYCLONE + RAINFALL
Tikayat Nagar,395775,0.6739051163439111,0.0,0.5600999805728112,0.5999552848196029,0.4621875870102967,MODERATE,4,COASTAL + FLOOD + CYCLONE + RAINFALL
Birabhanjapur,395776,0.6732736336304392,0.1,0.5624680513090607,0.5999552848196029,0.48759015988031756,MODERATE,4,COASTAL + FLOOD + CYCLONE + RAINFALL
Chanra Kolha,395792,0.6875757046972066,0.1,0.5674414605638354,0.5999552848196029,0.49312413351404144,MODERATE,4,COASTAL + FLOOD + CYCLONE + RAINFALL
Garta,395791,0.6763217771359424,0.1,0.5740768681613952,0.5999552848196029,0.49140680714505214,MODERATE,4,COASTAL + FLOOD + CYCLONE + RAINFALL
Habelichintamanipur,395829,0.7082165341802333,0.0,0.5869981582599909,0.5999552848196029,0.4792055567829883,MODERATE,4,COASTAL + FLOOD + CYCLONE + RAINFALL
Baunsagarh,395832,0.6779463839523745,0.0,0.5606243985181936,0.5999552848196029,0.46353107177918135,MODERATE,4,COASTAL + FLOOD + CYCLONE + RAINFALL
Sanagahiramatha,395830,0.7090996731925168,0.0,0.5791702105308415,0.5999552848196029,0.477513511554386,MODERATE,4,COASTAL + FLOOD + CYCLONE + RAINFALL
Gopaljewpatna J Block,395809,0.6999843170049318,0.0,0.5819710083815235,0.5999552848196029,0.47547910416078104,MODERATE,4,COASTAL + FLOOD + CYCLONE + RAINFALL
Pata Paria,395807,0.6520414413549551,0.3,0.5720121742990616,0.5999552848196029,0.5336065329451725,HIGH,4,COASTAL + FLOOD + CYCLONE + RAINFALL
Giria Pahi,395787,0.5544093743348886,0.3,0.573385288142345,0.5999552848196029,0.5046601912999733,HIGH,4,COASTAL + FLOOD + CYCLONE + RAINFALL
Vekta,395798,0.6775345452037618,0.1,0.5604243407486258,0.5999552848196029,0.48835750571220554,MODERATE,4,COASTAL + FLOOD + CYCLONE + RAINFALL
Sikar Pahi,395794,0.6720697973841012,0.1,0.5614417256546846,0.5999552848196029,0.4869724275928221,MODERATE,4,COASTAL + FLOOD + CYCLONE + RAINFALL
Baghamari,395789,0.6018481716653654,0.1,0.5649093466066535,0.5999552848196029,0.46677284511519357,MODERATE,4,COASTAL + FLOOD + CYCLONE + RAINFALL
Radhamalipur,395788,0.5616845390531615,0.1,0.5673390016640405,0.5999552848196029,0.4553311690958792,MODERATE,4,COASTAL + FLOOD + CYCLONE + RAINFALL
Jyoti Prasad,395777,0.6758991741243068,0.1,0.5636501217452798,0.5999552848196029,0.48867333963753257,MODERATE,4,COASTAL + FLOOD + CYCLONE + RAINFALL
Sahebnagar,395881,0.7023263975393539,0.1,0.5613866862821328,,0.4700557385404242,MODERATE,3,COASTAL + FLOOD + CYCLONE
Suravi,395780,0.6923299191407888,0.0,0.5644789354540904,0.5999552848196029,0.4688097665696798,MODERATE,4,COASTAL + FLOOD + CYCLONE + RAINFALL
Sadanandapur,395876,0.6967841767113458,0.1,0.5620386105160764,,0.4681811320530285,MODERATE,3,COASTAL + FLOOD + CYCLONE
Tentuliakolha,395877,0.6801317904179414,0.3,0.5593318918988988,0.5999552848196029,0.5388635670640276,HIGH,4,COASTAL + FLOOD + CYCLONE + RAINFALL
Badagahiramatha,395831,0.7064777304486733,0.0,0.5738330989925245,0.5999552848196029,0.4753926508466537,MODERATE,4,COASTAL + FLOOD + CYCLONE + RAINFALL
Kaduanasi,395828,0.6893049456693232,0.0,0.5796537585675425,0.5999552848196029,0.47169598030660315,MODERATE,4,COASTAL + FLOOD + CYCLONE + RAINFALL
Pinchapatia,395767,0.6546961144184289,0.0,0.5760970451987737,0.6098682748579979,0.4624067505968216,MODERATE,4,COASTAL + FLOOD + CYCLONE + RAINFALL
Subarnpur,395768,0.6905771480822553,0.1,0.5739794756296446,0.6098682748579979,0.49764166830368733,MODERATE,4,COASTAL + FLOOD + CYCLONE + RAINFALL
Hukitola,396061,0.6094644237055785,0.0,0.5771658880816186,0.5378752947467564,0.4347058580814295,MODERATE,4,COASTAL + FLOOD + CYCLONE + RAINFALL
Talapatta,396052,0.6959776982442445,0.0,0.5425040085670283,0.5378752947467564,0.45199437056438174,MODERATE,4,COASTAL + FLOOD + CYCLONE + RAINFALL
