village,vlcode,block,district,latitude,longitude,annual_rainfall_mm,mean_daily_rainfall_mm,max_daily_rainfall_mm,rainy_days,heavy_rain_days,very_heavy_rain_days,extremely_heavy_rain_days,max_3day_rainfall_mm,max_7day_rainfall_mm,max_30day_rainfall_mm,rainfall_hazard_score,rainfall_hazard_category,rainfall_data_source,rainfall_resolution
Birin Dola,396779,Marsaghai,Kendrapara,20.419546524462742,86.40688797351491,1365.2739568725228,3.730256712766456,77.22794342041016,94.0,1.0,0.0,0.0,166.52945137023926,187.4788548797369,327.1139611005783,0.4446950457593799,MODERATE,IMD 0.25 degree gridded daily rainfall 2024,0.25 x 0.25 degree
Gopei,396731,Marsaghai,Kendrapara,20.438048582530513,86.35189640641869,1390.8014871999621,3.800004063387875,73.03124237060547,80.0,2.0,0.0,0.0,155.0174732208252,188.98017692565918,355.8318449035287,0.4303411416807771,MODERATE,IMD 0.25 degree gridded daily rainfall 2024,0.25 x 0.25 degree
Bilabalarampur,396712,Marsaghai,Kendrapara,20.462252604930747,86.39024834060817,1365.2739568725228,3.730256712766456,77.22794342041016,94.0,1.0,0.0,0.0,166.52945137023926,187.4788548797369,327.1139611005783,0.4446950457593799,MODERATE,IMD 0.25 degree gridded daily rainfall 2024,0.25 x 0.25 degree
Mandia,396795,Marsaghai,Kendrapara,20.3878506652741,86.4180326966017,1365.2739568725228,3.730256712766456,77.22794342041016,94.0,1.0,0.0,0.0,166.52945137023926,187.4788548797369,327.1139611005783,0.4446950457593799,MODERATE,IMD 0.25 degree gridded daily rainfall 2024,0.25 x 0.25 degree
Arimula,396722,Marsaghai,Kendrapara,20.421618215448902,86.41188868666791,1365.2739568725228,3.730256712766456,77.22794342041016,94.0,1.0,0.0,0.0,166.52945137023926,187.4788548797369,327.1139611005783,0.4446950457593799,MODERATE,IMD 0.25 degree gridded daily rainfall 2024,0.25 x 0.25 degree
Gajipithi,396776,Marsaghai,Kendrapara,20.42126218040945,86.40020693580942,1365.2739568725228,3.730256712766456,77.22794342041016,94.0,1.0,0.0,0.0,166.52945137023926,187.4788548797369,327.1139611005783,0.4446950457593799,MODERATE,IMD 0.25 degree gridded daily rainfall 2024,0.25 x 0.25 degree
Agar Bindha,396728,Marsaghai,Kendrapara,20.436257528465276,86.37453431683903,1390.8014871999621,3.800004063387875,73.03124237060547,80.0,2.0,0.0,0.0,155.0174732208252,188.98017692565918,355.8318449035287,0.4303411416807771,MODERATE,IMD 0.25 degree gridded daily rainfall 2024,0.25 x 0.25 degree
Talagan,396710,Marsaghai,Kendrapara,20.44966610514718,86.37777913792323,1365.2739568725228,3.730256712766456,77.22794342041016,94.0,1.0,0.0,0.0,166.52945137023926,187.4788548797369,327.1139611005783,0.4446950457593799,MODERATE,IMD 0.25 degree gridded daily rainfall 2024,0.25 x 0.25 degree
Karandia Patna,396715,Marsaghai,Kendrapara,20.444245546394065,86.41146777203087,1365.2739568725228,3.730256712766456,77.22794342041016,94.0,1.0,0.0,0.0,166.52945137023926,187.4788548797369,327.1139611005783,0.4446950457593799,MODERATE,IMD 0.25 degree gridded daily rainfall 2024,0.25 x 0.25 degree
Jalopoka,396702,Marsaghai,Kendrapara,20.462593811530816,86.34252569577569,1390.8014871999621,3.800004063387875,73.03124237060547,80.0,2.0,0.0,0.0,155.0174732208252,188.98017692565918,355.8318449035287,0.4303411416807771,MODERATE,IMD 0.25 degree gridded daily rainfall 2024,0.25 x 0.25 degree
Karilo Patana,396709,Marsaghai,Kendrapara,20.455134439632516,86.3618506653146,1390.8014871999621,3.800004063387875,73.03124237060547,80.0,2.0,0.0,0.0,155.0174732208252,188.98017692565918,355.8318449035287,0.4303411416807771,MODERATE,IMD 0.25 degree gridded daily rainfall 2024,0.25 x 0.25 degree
Akhuadakhini,396796,Marsaghai,Kendrapara,20.397499945628752,86.41273168732005,1365.2739568725228,3.730256712766456,77.22794342041016,94.0,1.0,0.0,0.0,166.52945137023926,187.4788548797369,327.1139611005783,0.4446950457593799,MODERATE,IMD 0.25 degree gridded daily rainfall 2024,0.25 x 0.25 degree
Pokshyot,396701,Marsaghai,Kendrapara,20.468343733303595,86.33330755280181,1390.8014871999621,3.800004063387875,73.03124237060547,80.0,2.0,0.0,0.0,155.0174732208252,188.98017692565918,355.8318449035287,0.4303411416807771,MODERATE,IMD 0.25 degree gridded daily rainfall 2024,0.25 x 0.25 degree
Hantapada,396708,Marsaghai,Kendrapara,20.446107177026242,86.36547611283044,1390.8014871999621,3.800004063387875,73.03124237060547,80.0,2.0,0.0,0.0,155.0174732208252,188.98017692565918,355.8318449035287,0.4303411416807771,MODERATE,IMD 0.25 degree gridded daily rainfall 2024,0.25 x 0.25 degree
Abhaypur,396778,Marsaghai,Kendrapara,20.410130497317972,86.40624942439891,1365.2739568725228,3.730256712766456,77.22794342041016,94.0,1.0,0.0,0.0,166.52945137023926,187.4788548797369,327.1139611005783,0.4446950457593799,MODERATE,IMD 0.25 degree gridded daily rainfall 2024,0.25 x 0.25 degree
Orisbindha,396777,Marsaghai,Kendrapara,20.41248168563523,86.40083757259168,1365.2739568725228,3.730256712766456,77.22794342041016,94.0,1.0,0.0,0.0,166.52945137023926,187.4788548797369,327.1139611005783,0.4446950457593799,MODERATE,IMD 0.25 degree gridded daily rainfall 2024,0.25 x 0.25 degree
Raichand,396732,Marsaghai,Kendrapara,20.43252726103818,86.35110493870425,1390.8014871999621,3.800004063387875,73.03124237060547,80.0,2.0,0.0,0.0,155.0174732208252,188.98017692565918,355.8318449035287,0.4303411416807771,MODERATE,IMD 0.25 degree gridded daily rainfall 2024,0.25 x 0.25 degree
Gaudagan,396714,Marsaghai,Kendrapara,20.452262421737487,86.40128529706612,1365.2739568725228,3.730256712766456,77.22794342041016,94.0,1.0,0.0,0.0,166.52945137023926,187.4788548797369,327.1139611005783,0.4446950457593799,MODERATE,IMD 0.25 degree gridded daily rainfall 2024,0.25 x 0.25 degree
Jokia,396780,Marsaghai,Kendrapara,20.415009518274317,86.4125480496503,1365.2739568725228,3.730256712766456,77.22794342041016,94.0,1.0,0.0,0.0,166.52945137023926,187.4788548797369,327.1139611005783,0.4446950457593799,MODERATE,IMD 0.25 degree gridded daily rainfall 2024,0.25 x 0.25 degree
Dalaanta,396725,Marsaghai,Kendrapara,20.43538042518346,86.38492604440292,1365.2739568725228,3.730256712766456,77.22794342041016,94.0,1.0,0.0,0.0,166.52945137023926,187.4788548797369,327.1139611005783,0.4446950457593799,MODERATE,IMD 0.25 degree gridded daily rainfall 2024,0.25 x 0.25 degree
Raghunatha Pur,396723,Marsaghai,Kendrapara,20.432598678304906,86.40868948018266,1365.2739568725228,3.730256712766456,77.22794342041016,94.0,1.0,0.0,0.0,166.52945137023926,187.4788548797369,327.1139611005783,0.4446950457593799,MODERATE,IMD 0.25 degree gridded daily rainfall 2024,0.25 x 0.25 degree
Jamapada,396724,Marsaghai,Kendrapara,20.43754671346994,86.39729245190607,1365.2739568725228,3.730256712766456,77.22794342041016,94.0,1.0,0.0,0.0,166.52945137023926,187.4788548797369,327.1139611005783,0.4446950457593799,MODERATE,IMD 0.25 degree gridded daily rainfall 2024,0.25 x 0.25 degree
Naranpur,396707,Marsaghai,Kendrapara,20.446561348093617,86.35407139398937,1390.8014871999621,3.800004063387875,73.03124237060547,80.0,2.0,0.0,0.0,155.0174732208252,188.98017692565918,355.8318449035287,0.4303411416807771,MODERATE,IMD 0.25 degree gridded daily rainfall 2024,0.25 x 0.25 degree
Dihabalarampur,396713,Marsaghai,Kendrapara,20.4527764699706,86.3884784483609,1365.2739568725228,3.730256712766456,77.22794342041016,94.0,1.0,0.0,0.0,166.52945137023926,187.4788548797369,327.1139611005783,0.4446950457593799,MODERATE,IMD 0.25 degree gridded daily rainfall 2024,0.25 x 0.25 degree
Aitpur,396711,Marsaghai,Kendrapara,20.466900501798143,86.37114459122458,1390.8014871999621,3.800004063387875,73.03124237060547,80.0,2.0,0.0,0.0,155.0174732208252,188.98017692565918,355.8318449035287,0.4303411416807771,MODERATE,IMD 0.25 degree gridded daily rainfall 2024,0.25 x 0.25 degree
Odang,396781,Marsaghai,Kendrapara,20.409855662745628,86.41924723591544,1365.2739568725228,3.730256712766456,77.22794342041016,94.0,1.0,0.0,0.0,166.52945137023926,187.4788548797369,327.1139611005783,0.4446950457593799,MODERATE,IMD 0.25 degree gridded daily rainfall 2024,0.25 x 0.25 degree
Surtipur,396490,Marsaghai,Kendrapara,20.468418058952434,86.34435357845953,1390.8014871999621,3.800004063387875,73.03124237060547,80.0,2.0,0.0,0.0,155.0174732208252,188.98017692565918,355.8318449035287,0.4303411416807771,MODERATE,IMD 0.25 degree gridded daily rainfall 2024,0.25 x 0.25 degree
Gobindpur,395658,Rajkanika,Kendrapara,20.729880417173725,86.66445708959338,1439.8138199448586,3.933917540832947,122.3011703491211,89.0,2.0,1.0,0.0,254.9297924041748,270.06409645080566,334.2525098323822,0.6098682748579979,HIGH,IMD 0.25 degree gridded daily rainfall 2024,0.25 x 0.25 degree
Laxmiprasad,395975,Rajnagar,Kendrapara,20.602619521637727,86.83005277564284,1416.3522049933672,3.8698147677414405,100.4802474975586,94.0,2.0,0.0,0.0,219.51153945922852,234.21389782428741,303.70591466128826,0.5378752947467564,HIGH,IMD 0.25 degree gridded daily rainfall 2024,0.25 x 0.25 degree
Padmanavpatna,396054,Rajnagar,Kendrapara,20.542166818779577,86.7920484491519,1416.3522049933672,3.8698147677414405,100.4802474975586,94.0,2.0,0.0,0.0,219.51153945922852,234.21389782428741,303.70591466128826,0.5378752947467564,HIGH,IMD 0.25 degree gridded daily rainfall 2024,0.25 x 0.25 degree
Ratanpur,396893,Marsaghai,Kendrapara,20.334534974118142,86.46197569810974,1387.8246194273233,3.791870544883397,67.43550109863281,81.0,1.0,0.0,0.0,146.077543258667,155.36985576152802,369.4083505868912,0.4123689316052198,MODERATE,IMD 0.25 degree gridded daily rainfall 2024,0.25 x 0.25 degree
Khamaganbindha,396940,Marsaghai,Kendrapara,20.378492536372278,86.45297289365811,1365.2739568725228,3.730256712766456,77.22794342041016,94.0,1.0,0.0,0.0,166.52945137023926,187.4788548797369,327.1139611005783,0.4446950457593799,MODERATE,IMD 0.25 degree gridded daily rainfall 2024,0.25 x 0.25 degree
Potari,396892,Marsaghai,Kendrapara,20.334534974118142,86.45367071983745,1387.8246194273233,3.791870544883397,67.43550109863281,81.0,1.0,0.0,0.0,146.077543258667,155.36985576152802,369.4083505868912,0.4123689316052198,MODERATE,IMD 0.25 degree gridded daily rainfall 2024,0.25 x 0.25 degree
Raipur,396958,Mahakalapada,Kendrapara,20.34884799017467,86.52262562434694,1387.8246194273233,3.791870544883397,67.43550109863281,81.0,1.0,0.0,0.0,146.077543258667,155.36985576152802,369.4083505868912,0.4123689316052198,MODERATE,IMD 0.25 degree gridded daily rainfall 2024,0.25 x 0.25 degree
Samjori,396954,Mahakalapada,Kendrapara,20.35200810310294,86.50656924326108,1387.8246194273233,3.791870544883397,67.43550109863281,81.0,1.0,0.0,0.0,146.077543258667,155.36985576152802,369.4083505868912,0.4123689316052198,MODERATE,IMD 0.25 degree gridded daily rainfall 2024,0.25 x 0.25 degree
Pailo,396872,Marsaghai,Kendrapara,20.35674137602581,86.41892597287183,1387.8246194273233,3.791870544883397,67.43550109863281,81.0,1.0,0.0,0.0,146.077543258667,155.36985576152802,369.4083505868912,0.4123689316052198,MODERATE,IMD 0.25 degree gridded daily rainfall 2024,0.25 x 0.25 degree
Barunei,396075,Rajnagar,Kendrapara,20.516787589315204,86.76835902372125,1416.3522049933672,3.8698147677414405,100.4802474975586,94.0,2.0,0.0,0.0,219.51153945922852,234.21389782428741,303.70591466128826,0.5378752947467564,HIGH,IMD 0.25 degree gridded daily rainfall 2024,0.25 x 0.25 degree
Madhuraganda Khamar,396953,Mahakalapada,Kendrapara,20.36055936797663,86.50160681154614,1387.8246194273233,3.791870544883397,67.43550109863281,81.0,1.0,0.0,0.0,146.077543258667,155.36985576152802,369.4083505868912,0.4123689316052198,MODERATE,IMD 0.25 degree gridded daily rainfall 2024,0.25 x 0.25 degree
Khurusia,396962,Mahakalapada,Kendrapara,20.345828921092,86.52653420995928,1387.8246194273233,3.791870544883397,67.43550109863281,81.0,1.0,0.0,0.0,146.077543258667,155.36985576152802,369.4083505868912,0.4123689316052198,MODERATE,IMD 0.25 degree gridded daily rainfall 2024,0.25 x 0.25 degree
Nachhipada,396888,Marsaghai,Kendrapara,20.352527869309327,86.44741029851161,1387.8246194273233,3.791870544883397,67.43550109863281,81.0,1.0,0.0,0.0,146.077543258667,155.36985576152802,369.4083505868912,0.4123689316052198,MODERATE,IMD 0.25 degree gridded daily rainfall 2024,0.25 x 0.25 degree
Manikipur,396880,Marsaghai,Kendrapara,20.376669074922958,86.44704828097785,1365.2739568725228,3.730256712766456,77.22794342041016,94.0,1.0,0.0,0.0,166.52945137023926,187.4788548797369,327.1139611005783,0.4446950457593799,MODERATE,IMD 0.25 degree gridded daily rainfall 2024,0.25 x 0.25 degree
Gopalapur,396948,Mahakalapada,Kendrapara,20.369116381456102,86.48233345700264,1387.8246194273233,3.791870544883397,67.43550109863281,81.0,1.0,0.0,0.0,146.077543258667,155.36985576152802,369.4083505868912,0.4123689316052198,MODERATE,IMD 0.25 degree gridded daily rainfall 2024,0.25 x 0.25 degree
Mantei,396874,Marsaghai,Kendrapara,20.353276884831466,86.42944443184706,1387.8246194273233,3.791870544883397,67.43550109863281,81.0,1.0,0.0,0.0,146.077543258667,155.36985576152802,369.4083505868912,0.4123689316052198,MODERATE,IMD 0.25 degree gridded daily rainfall 2024,0.25 x 0.25 degree
Antei,396873,Marsaghai,Kendrapara,20.350752763142822,86.42525319518788,1387.8246194273233,3.791870544883397,67.43550109863281,81.0,1.0,0.0,0.0,146.077543258667,155.36985576152802,369.4083505868912,0.4123689316052198,MODERATE,IMD 0.25 degree gridded daily rainfall 2024,0.25 x 0.25 degree
Beruhan,396942,Marsaghai,Kendrapara,20.36643176136225,86.46802683814053,1387.8246194273233,3.791870544883397,67.43550109863281,81.0,1.0,0.0,0.0,146.077543258667,155.36985576152802,369.4083505868912,0.4123689316052198,MODERATE,IMD 0.25 degree gridded daily rainfall 2024,0.25 x 0.25 degree
Khamagan,396882,Marsaghai,Kendrapara,20.367731532592835,86.45140587212443,1387.8246194273233,3.791870544883397,67.43550109863281,81.0,1.0,0.0,0.0,146.077543258667,155.36985576152802,369.4083505868912,0.4123689316052198,MODERATE,IMD 0.25 degree gridded daily rainfall 2024,0.25 x 0.25 degree
Naladiapalanda,396956,Mahakalapada,Kendrapara,20.335328603486495,86.49955626168132,1387.8246194273233,3.791870544883397,67.43550109863281,81.0,1.0,0.0,0.0,146.077543258667,155.36985576152802,369.4083505868912,0.4123689316052198,MODERATE,IMD 0.25 degree gridded daily rainfall 2024,0.25 x 0.25 degree
Badaghai,396955,Mahakalapada,Kendrapara,20.34137462226077,86.50103505577856,1387.8246194273233,3.791870544883397,67.43550109863281,81.0,1.0,0.0,0.0,146.077543258667,155.36985576152802,369.4083505868912,0.4123689316052198,MODERATE,IMD 0.25 degree gridded daily rainfall 2024,0.25 x 0.25 degree
Batira,396887,Marsaghai,Kendrapara,20.340432984884046,86.4455645856543,1387.8246194273233,3.791870544883397,67.43550109863281,81.0,1.0,0.0,0.0,146.077543258667,155.36985576152802,369.4083505868912,0.4123689316052198,MODERATE,IMD 0.25 degree gridded daily rainfall 2024,0.25 x 0.25 degree
Nuagan,396945,Mahakalapada,Kendrapara,20.34240691209818,86.47280911813081,1387.8246194273233,3.791870544883397,67.43550109863281,81.0,1.0,0.0,0.0,146.077543258667,155.36985576152802,369.4083505868912,0.4123689316052198,MODERATE,IMD 0.25 degree gridded daily rainfall 2024,0.25 x 0.25 degree
Dhaniapada,396944,Mahakalapada,Kendrapara,20.345783399060245,86.46532779291864,1387.8246194273233,3.791870544883397,67.43550109863281,81.0,1.0,0.0,0.0,146.077543258667,155.36985576152802,369.4083505868912,0.4123689316052198,MODERATE,IMD 0.25 degree gridded daily rainfall 2024,0.25 x 0.25 degree
Madhusudanpur,396891,Marsaghai,Kendrapara,20.34599886489084,86.4597870136198,1387.8246194273233,3.791870544883397,67.43550109863281,81.0,1.0,0.0,0.0,146.077543258667,155.36985576152802,369.4083505868912,0.4123689316052198,MODERATE,IMD 0.25 degree gridded daily rainfall 2024,0.25 x 0.25 degree
Sereinpur,396951,Mahakalapada,Kendrapara,20.360391897763826,86.48984962000128,1387.8246194273233,3.791870544883397,67.43550109863281,81.0,1.0,0.0,0.0,146.077543258667,155.36985576152802,369.4083505868912,0.4123689316052198,MODERATE,IMD 0.25 degree gridded daily rainfall 2024,0.25 x 0.25 degree
Ramachandrapur,396884,Marsaghai,Kendrapara,20.35046826316777,86.43925120915048,1387.8246194273233,3.791870544883397,67.43550109863281,81.0,1.0,0.0,0.0,146.077543258667,155.36985576152802,369.4083505868912,0.4123689316052198,MODERATE,IMD 0.25 degree gridded daily rainfall 2024,0.25 x 0.25 degree
Baripal,396886,Marsaghai,Kendrapara,20.34011475066119,86.436319071348,1387.8246194273233,3.791870544883397,67.43550109863281,81.0,1.0,0.0,0.0,146.077543258667,155.36985576152802,369.4083505868912,0.4123689316052198,MODERATE,IMD 0.25 degree gridded daily rainfall 2024,0.25 x 0.25 degree
Balighai,396885,Marsaghai,Kendrapara,20.35111019994367,86.43397030518216,1387.8246194273233,3.791870544883397,67.43550109863281,81.0,1.0,0.0,0.0,146.077543258667,155.36985576152802,369.4083505868912,0.4123689316052198,MODERATE,IMD 0.25 degree gridded daily rainfall 2024,0.25 x 0.25 degree
Mangarajpur,396890,Marsaghai,Kendrapara,20.349577341610463,86.45555061964583,1387.8246194273233,3.791870544883397,67.43550109863281,81.0,1.0,0.0,0.0,146.077543258667,155.36985576152802,369.4083505868912,0.4123689316052198,MODERATE,IMD 0.25 degree gridded daily rainfall 2024,0.25 x 0.25 degree
Ameipal,396952,Mahakalapada,Kendrapara,20.34956761556971,86.49464297217864,1387.8246194273233,3.791870544883397,67.43550109863281,81.0,1.0,0.0,0.0,146.077543258667,155.36985576152802,369.4083505868912,0.4123689316052198,MODERATE,IMD 0.25 degree gridded daily rainfall 2024,0.25 x 0.25 degree
Tikhiri,396946,Mahakalapada,Kendrapara,20.345728227980096,86.48595193716477,1387.8246194273233,3.791870544883397,67.43550109863281,81.0,1.0,0.0,0.0,146.077543258667,155.36985576152802,369.4083505868912,0.4123689316052198,MODERATE,IMD 0.25 degree gridded daily rainfall 2024,0.25 x 0.25 degree
Balisuan,396947,Mahakalapada,Kendrapara,20.360391897763826,86.47655581393231,1387.8246194273233,3.791870544883397,67.43550109863281,81.0,1.0,0.0,0.0,146.077543258667,155.36985576152802,369.4083505868912,0.4123689316052198,MODERATE,IMD 0.25 degree gridded daily rainfall 2024,0.25 x 0.25 degree
Mahanangala,396957,Mahakalapada,Kendrapara,20.352841809043912,86.51659710217109,1387.8246194273233,3.791870544883397,67.43550109863281,81.0,1.0,0.0,0.0,146.077543258667,155.36985576152802,369.4083505868912,0.4123689316052198,MODERATE,IMD 0.25 degree gridded daily rainfall 2024,0.25 x 0.25 degree
Alifa,396943,Marsaghai,Kendrapara,20.368208389106428,86.45923542500475,1387.8246194273233,3.791870544883397,67.43550109863281,81.0,1.0,0.0,0.0,146.077543258667,155.36985576152802,369.4083505868912,0.4123689316052198,MODERATE,IMD 0.25 degree gridded daily rainfall 2024,0.25 x 0.25 degree
Kalagarh,396959,Mahakalapada,Kendrapara,20.363232388603542,86.5263649812502,1387.8246194273233,3.791870544883397,67.43550109863281,81.0,1.0,0.0,0.0,146.077543258667,155.36985576152802,369.4083505868912,0.4123689316052198,MODERATE,IMD 0.25 degree gridded daily rainfall 2024,0.25 x 0.25 degree
Potari,396889,Marsaghai,Kendrapara,20.357235860898125,86.45809299004262,1387.8246194273233,3.791870544883397,67.43550109863281,81.0,1.0,0.0,0.0,146.077543258667,155.36985576152802,369.4083505868912,0.4123689316052198,MODERATE,IMD 0.25 degree gridded daily rainfall 2024,0.25 x 0.25 degree
Bauda,396950,Mahakalapada,Kendrapara,20.371070925054966,86.49444968464874,1387.8246194273233,3.791870544883397,67.43550109863281,81.0,1.0,0.0,0.0,146.077543258667,155.36985576152802,369.4083505868912,0.4123689316052198,MODERATE,IMD 0.25 degree gridded daily rainfall 2024,0.25 x 0.25 degree
Ramachandrapur,396974,Mahakalapada,Kendrapara,20.340098956444486,86.57401540367914,1387.8246194273233,3.791870544883397,67.43550109863281,81.0,1.0,0.0,0.0,146.077543258667,155.36985576152802,369.4083505868912,0.4123689316052198,MODERATE,IMD 0.25 degree gridded daily rainfall 2024,0.25 x 0.25 degree
Jadupur,396933,Mahakalapada,Kendrapara,20.378145597546826,86.53497643128922,1365.2739568725228,3.730256712766456,77.22794342041016,94.0,1.0,0.0,0.0,166.52945137023926,187.4788548797369,327.1139611005783,0.4446950457593799,MODERATE,IMD 0.25 degree gridded daily rainfall 2024,0.25 x 0.25 degree
Tekarapanga,396969,Mahakalapada,Kendrapara,20.35372396261533,86.56420835393996,1387.8246194273233,3.791870544883397,67.43550109863281,81.0,1.0,0.0,0.0,146.077543258667,155.36985576152802,369.4083505868912,0.4123689316052198,MODERATE,IMD 0.25 degree gridded daily rainfall 2024,0.25 x 0.25 degree
Gokha Khati,397104,Mahakalapada,Kendrapara,20.37032525252375,86.60000866961826,1387.8246194273233,3.791870544883397,67.43550109863281,81.0,1.0,0.0,0.0,146.077543258667,155.36985576152802,369.4083505868912,0.4123689316052198,MODERATE,IMD 0.25 degree gridded daily rainfall 2024,0.25 x 0.25 degree
Naladiasasan,396967,Mahakalapada,Kendrapara,20.363903759437125,86.54449987768379,1387.8246194273233,3.791870544883397,67.43550109863281,81.0,1.0,0.0,0.0,146.077543258667,155.36985576152802,369.4083505868912,0.4123689316052198,MODERATE,IMD 0.25 degree gridded daily rainfall 2024,0.25 x 0.25 degree
Rajendra Nagar,397117,Mahakalapada,Kendrapara,20.359087368597997,86.62923178924748,,,,,,,,,,,,NO_DATA,IMD 0.25 degree gridded daily rainfall 2024,0.25 x 0.25 degree
Masakani,396932,Mahakalapada,Kendrapara,20.371536456692045,86.54344596473105,1387.8246194273233,3.791870544883397,67.43550109863281,81.0,1.0,0.0,0.0,146.077543258667,155.36985576152802,369.4083505868912,0.4123689316052198,MODERATE,IMD 0.25 degree gridded daily rainfall 2024,0.25 x 0.25 degree
Raula,396929,Mahakalapada,Kendrapara,20.37209343372924,86.57918856558715,1387.8246194273233,3.791870544883397,67.43550109863281,81.0,1.0,0.0,0.0,146.077543258667,155.36985576152802,369.4083505868912,0.4123689316052198,MODERATE,IMD 0.25 degree gridded daily rainfall 2024,0.25 x 0.25 degree
Tentuli Kandha,397118,Mahakalapada,Kendrapara,20.365032955049152,86.62314982943474,1387.8246194273233,3.791870544883397,67.43550109863281,81.0,1.0,0.0,0.0,146.077543258667,155.36985576152802,369.4083505868912,0.4123689316052198,MODERATE,IMD 0.25 degree gridded daily rainfall 2024,0.25 x 0.25 degree
Chhanda,396976,Mahakalapada,Kendrapara,20.344302133517967,86.58440843068786,1387.8246194273233,3.791870544883397,67.43550109863281,81.0,1.0,0.0,0.0,146.077543258667,155.36985576152802,369.4083505868912,0.4123689316052198,MODERATE,IMD 0.25 degree gridded daily rainfall 2024,0.25 x 0.25 degree
Dekani,396964,Mahakalapada,Kendrapara,20.340086461066853,86.54545604083128,1387.8246194273233,3.791870544883397,67.43550109863281,81.0,1.0,0.0,0.0,146.077543258667,155.36985576152802,369.4083505868912,0.4123689316052198,MODERATE,IMD 0.25 degree gridded daily rainfall 2024,0.25 x 0.25 degree
Patalipanka,396970,Mahakalapada,Kendrapara,20.332224663963977,86.5450799322735,1387.8246194273233,3.791870544883397,67.43550109863281,81.0,1.0,0.0,0.0,146.077543258667,155.36985576152802,369.4083505868912,0.4123689316052198,MODERATE,IMD 0.25 degree gridded daily rainfall 2024,0.25 x 0.25 degree
Kodakan,396973,Mahakalapada,Kendrapara,20.335999885867132,86.5659830550197,1387.8246194273233,3.791870544883397,67.43550109863281,81.0,1.0,0.0,0.0,146.077543258667,155.36985576152802,369.4083505868912,0.4123689316052198,MODERATE,IMD 0.25 degree gridded daily rainfall 2024,0.25 x 0.25 degree
Chheda Kani,397107,Mahakalapada,Kendrapara,20.37273962681365,86.62177060331057,1387.8246194273233,3.791870544883397,67.43550109863281,81.0,1.0,0.0,0.0,146.077543258667,155.36985576152802,369.4083505868912,0.4123689316052198,MODERATE,IMD 0.25 degree gridded daily rainfall 2024,0.25 x 0.25 degree
Khurusiapat,396963,Mahakalapada,Kendrapara,20.33628171422763,86.537083055302,1387.8246194273233,3.791870544883397,67.43550109863281,81.0,1.0,0.0,0.0,146.077543258667,155.36985576152802,369.4083505868912,0.4123689316052198,MODERATE,IMD 0.25 degree gridded daily rainfall 2024,0.25 x 0.25 degree
Koratapanga,396965,Mahakalapada,Kendrapara,20.346269881875223,86.54945255366508,1387.8246194273233,3.791870544883397,67.43550109863281,81.0,1.0,0.0,0.0,146.077543258667,155.36985576152802,369.4083505868912,0.4123689316052198,MODERATE,IMD 0.25 degree gridded daily rainfall 2024,0.25 x 0.25 degree
Akhadasali,397121,Mahakalapada,Kendrapara,20.342719849752022,86.6316991333185,,,,,,,,,,,,NO_DATA,IMD 0.25 degree gridded daily rainfall 2024,0.25 x 0.25 degree
Naladia,396971,Mahakalapada,Kendrapara,20.331350616496003,86.5609838288799,1387.8246194273233,3.791870544883397,67.43550109863281,81.0,1.0,0.0,0.0,146.077543258667,155.36985576152802,369.4083505868912,0.4123689316052198,MODERATE,IMD 0.25 degree gridded daily rainfall 2024,0.25 x 0.25 degree
Dasarajapur,397120,Mahakalapada,Kendrapara,20.344929020785678,86.61502013020598,1387.8246194273233,3.791870544883397,67.43550109863281,81.0,1.0,0.0,0.0,146.077543258667,155.36985576152802,369.4083505868912,0.4123689316052198,MODERATE,IMD 0.25 degree gridded daily rainfall 2024,0.25 x 0.25 degree
Bandhakud,396961,Mahakalapada,Kendrapara,20.34833397551101,86.53277275086396,1387.8246194273233,3.791870544883397,67.43550109863281,81.0,1.0,0.0,0.0,146.077543258667,155.36985576152802,369.4083505868912,0.4123689316052198,MODERATE,IMD 0.25 degree gridded daily rainfall 2024,0.25 x 0.25 degree
Gatanai Nuasahi,396966,Mahakalapada,Kendrapara,20.3570466701155,86.54127278852826,1387.8246194273233,3.791870544883397,67.43550109863281,81.0,1.0,0.0,0.0,146.077543258667,155.36985576152802,369.4083505868912,0.4123689316052198,MODERATE,IMD 0.25 degree gridded daily rainfall 2024,0.25 x 0.25 degree
Purusottampur,396979,Mahakalapada,Kendrapara,20.353521491363068,86.58024154648308,1387.8246194273233,3.791870544883397,67.43550109863281,81.0,1.0,0.0,0.0,146.077543258667,155.36985576152802,369.4083505868912,0.4123689316052198,MODERATE,IMD 0.25 degree gridded daily rainfall 2024,0.25 x 0.25 degree
Nuagan,396931,Mahakalapada,Kendrapara,20.373176838330075,86.55930188370365,1387.8246194273233,3.791870544883397,67.43550109863281,81.0,1.0,0.0,0.0,146.077543258667,155.36985576152802,369.4083505868912,0.4123689316052198,MODERATE,IMD 0.25 degree gridded daily rainfall 2024,0.25 x 0.25 degree
Gararomita,396983,Mahakalapada,Kendrapara,20.350290962148147,86.59979776271908,1387.8246194273233,3.791870544883397,67.43550109863281,81.0,1.0,0.0,0.0,146.077543258667,155.36985576152802,369.4083505868912,0.4123689316052198,MODERATE,IMD 0.25 degree gridded daily rainfall 2024,0.25 x 0.25 degree
Narayanpur,396968,Mahakalapada,Kendrapara,20.35916919627489,86.55560629919789,1387.8246194273233,3.791870544883397,67.43550109863281,81.0,1.0,0.0,0.0,146.077543258667,155.36985576152802,369.4083505868912,0.4123689316052198,MODERATE,IMD 0.25 degree gridded daily rainfall 2024,0.25 x 0.25 degree
Harishpur,396048,Rajnagar,Kendrapara,20.526394599166604,86.77086110357345,1416.3522049933672,3.8698147677414405,100.4802474975586,94.0,2.0,0.0,0.0,219.51153945922852,234.21389782428741,303.70591466128826,0.5378752947467564,HIGH,IMD 0.25 degree gridded daily rainfall 2024,0.25 x 0.25 degree
Subala,396928,Mahakalapada,Kendrapara,20.371318823931944,86.59044599565891,1387.8246194273233,3.791870544883397,67.43550109863281,81.0,1.0,0.0,0.0,146.077543258667,155.36985576152802,369.4083505868912,0.4123689316052198,MODERATE,IMD 0.25 degree gridded daily rainfall 2024,0.25 x 0.25 degree
Sathiabati,397103,Mahakalapada,Kendrapara,20.367086942224415,86.60946260528996,1387.8246194273233,3.791870544883397,67.43550109863281,81.0,1.0,0.0,0.0,146.077543258667,155.36985576152802,369.4083505868912,0.4123689316052198,MODERATE,IMD 0.25 degree gridded daily rainfall 2024,0.25 x 0.25 degree
Nalitajori Pal,397119,Mahakalapada,Kendrapara,20.352119896266917,86.61983992570262,1387.8246194273233,3.791870544883397,67.43550109863281,81.0,1.0,0.0,0.0,146.077543258667,155.36985576152802,369.4083505868912,0.4123689316052198,MODERATE,IMD 0.25 degree gridded daily rainfall 2024,0.25 x 0.25 degree
Nunimatia Kandha,397105,Mahakalapada,Kendrapara,20.37410254401538,86.60764210768414,1387.8246194273233,3.791870544883397,67.43550109863281,81.0,1.0,0.0,0.0,146.077543258667,155.36985576152802,369.4083505868912,0.4123689316052198,MODERATE,IMD 0.25 degree gridded daily rainfall 2024,0.25 x 0.25 degree
Anantapur,396977,Mahakalapada,Kendrapara,20.347474633250904,86.57518612879917,1387.8246194273233,3.791870544883397,67.43550109863281,81.0,1.0,0.0,0.0,146.077543258667,155.36985576152802,369.4083505868912,0.4123689316052198,MODERATE,IMD 0.25 degree gridded daily rainfall 2024,0.25 x 0.25 degree
Guptagiri,397116,Mahakalapada,Kendrapara,20.370592775055506,86.63873031678139,,,,,,,,,,,,NO_DATA,IMD 0.25 degree gridded daily rainfall 2024,0.25 x 0.25 degree
Belar,396930,Mahakalapada,Kendrapara,20.37707786727526,86.57039944778566,1365.2739568725228,3.730256712766456,77.22794342041016,94.0,1.0,0.0,0.0,166.52945137023926,187.4788548797369,327.1139611005783,0.4446950457593799,MODERATE,IMD 0.25 degree gridded daily rainfall 2024,0.25 x 0.25 degree
Madhusudanpur,396981,Mahakalapada,Kendrapara,20.356695596636484,86.58565647508274,1387.8246194273233,3.791870544883397,67.43550109863281,81.0,1.0,0.0,0.0,146.077543258667,155.36985576152802,369.4083505868912,0.4123689316052198,MODERATE,IMD 0.25 degree gridded daily rainfall 2024,0.25 x 0.25 degree
Taradeipur,396978,Mahakalapada,Kendrapara,20.355373615594957,86.57030688133254,1387.8246194273233,3.791870544883397,67.43550109863281,81.0,1.0,0.0,0.0,146.077543258667,155.36985576152802,369.4083505868912,0.4123689316052198,MODERATE,IMD 0.25 degree gridded daily rainfall 2024,0.25 x 0.25 degree
Karanjia,396049,Rajnagar,Kendrapara,20.524053199235645,86.77480749079402,1416.3522049933672,3.8698147677414405,100.4802474975586,94.0,2.0,0.0,0.0,219.51153945922852,234.21389782428741,303.70591466128826,0.5378752947467564,HIGH,IMD 0.25 degree gridded daily rainfall 2024,0.25 x 0.25 degree
Bahargadabadadandua,397122,Mahakalapada,Kendrapara,20.353680845277367,86.63049407915176,,,,,,,,,,,,NO_DATA,IMD 0.25 degree gridded daily rainfall 2024,0.25 x 0.25 degree
Thantapalanda,396960,Mahakalapada,Kendrapara,20.35812905576263,86.53136561152964,1387.8246194273233,3.791870544883397,67.43550109863281,81.0,1.0,0.0,0.0,146.077543258667,155.36985576152802,369.4083505868912,0.4123689316052198,MODERATE,IMD 0.25 degree gridded daily rainfall 2024,0.25 x 0.25 degree
Srirampur,396982,Mahakalapada,Kendrapara,20.359696532338113,86.59703126684406,1387.8246194273233,3.791870544883397,67.43550109863281,81.0,1.0,0.0,0.0,146.077543258667,155.36985576152802,369.4083505868912,0.4123689316052198,MODERATE,IMD 0.25 degree gridded daily rainfall 2024,0.25 x 0.25 degree
Nandanpur,396980,Mahakalapada,Kendrapara,20.365324159182585,86.57810505909235,1387.8246194273233,3.791870544883397,67.43550109863281,81.0,1.0,0.0,0.0,146.077543258667,155.36985576152802,369.4083505868912,0.4123689316052198,MODERATE,IMD 0.25 degree gridded daily rainfall 2024,0.25 x 0.25 degree
Paunsiapal,396975,Mahakalapada,Kendrapara,20.338513923189687,86.57743552042558,1387.8246194273233,3.791870544883397,67.43550109863281,81.0,1.0,0.0,0.0,146.077543258667,155.36985576152802,369.4083505868912,0.4123689316052198,MODERATE,IMD 0.25 degree gridded daily rainfall 2024,0.25 x 0.25 degree
Raghunathpur,396972,Mahakalapada,Kendrapara,20.33515234282397,86.55539578219296,1387.8246194273233,3.791870544883397,67.43550109863281,81.0,1.0,0.0,0.0,146.077543258667,155.36985576152802,369.4083505868912,0.4123689316052198,MODERATE,IMD 0.25 degree gridded daily rainfall 2024,0.25 x 0.25 degree
Saralikud,397136,Mahakalapada,Kendrapara,20.30718021763234,86.71743549177293,,,,,,,,,,,,NO_DATA,IMD 0.25 degree gridded daily rainfall 2024,0.25 x 0.25 degree
Jogidhankud,397135,Mahakalapada,Kendrapara,20.307722608013098,86.6940077217243,,,,,,,,,,,,NO_DATA,IMD 0.25 degree gridded daily rainfall 2024,0.25 x 0.25 degree
Kansardia,397132,Mahakalapada,Kendrapara,20.373776428173617,86.75919714151632,,,,,,,,,,,,NO_DATA,IMD 0.25 degree gridded daily rainfall 2024,0.25 x 0.25 degree
Palli Garh,397123,Mahakalapada,Kendrapara,20.3540633628271,86.64529155622715,,,,,,,,,,,,NO_DATA,IMD 0.25 degree gridded daily rainfall 2024,0.25 x 0.25 degree
Batighar,396060,Mahakalapada,Kendrapara,20.338684469991613,86.74396198964618,,,,,,,,,,,,NO_DATA,IMD 0.25 degree gridded daily rainfall 2024,0.25 x 0.25 degree
Barakoli Khala,397137,Mahakalapada,Kendrapara,20.333899292034225,86.72346108611669,,,,,,,,,,,,NO_DATA,IMD 0.25 degree gridded daily rainfall 2024,0.25 x 0.25 degree
Banabiharipur,397126,Mahakalapada,Kendrapara,20.334837225140614,86.6718238115384,,,,,,,,,,,,NO_DATA,IMD 0.25 degree gridded daily rainfall 2024,0.25 x 0.25 degree
Nipania,397134,Mahakalapada,Kendrapara,20.325350401662465,86.70396140072958,,,,,,,,,,,,NO_DATA,IMD 0.25 degree gridded daily rainfall 2024,0.25 x 0.25 degree
Baraja Bahakuda,397125,Mahakalapada,Kendrapara,20.349931950805157,86.66360446555801,,,,,,,,,,,,NO_DATA,IMD 0.25 degree gridded daily rainfall 2024,0.25 x 0.25 degree
Ramanagar,397128,Mahakalapada,Kendrapara,20.36206146059991,86.67836423758396,,,,,,,,,,,,NO_DATA,IMD 0.25 degree gridded daily rainfall 2024,0.25 x 0.25 degree
Bahakuda Pitapat,397124,Mahakalapada,Kendrapara,20.337153460645425,86.65053653117727,,,,,,,,,,,,NO_DATA,IMD 0.25 degree gridded daily rainfall 2024,0.25 x 0.25 degree
Badatubi,397127,Mahakalapada,Kendrapara,20.334580592425986,86.6874773356696,,,,,,,,,,,,NO_DATA,IMD 0.25 degree gridded daily rainfall 2024,0.25 x 0.25 degree
Sanatubi,397133,Mahakalapada,Kendrapara,20.346574497359416,86.71379045650201,,,,,,,,,,,,NO_DATA,IMD 0.25 degree gridded daily rainfall 2024,0.25 x 0.25 degree
Kentia,397114,Mahakalapada,Kendrapara,20.377778991325897,86.64801612360073,1416.3522049933672,3.8698147677414405,100.4802474975586,94.0,2.0,0.0,0.0,219.51153945922852,234.21389782428741,303.70591466128826,0.5378752947467564,HIGH,IMD 0.25 degree gridded daily rainfall 2024,0.25 x 0.25 degree
Hetamundia,397138,Mahakalapada,Kendrapara,20.343138009921518,86.7672949349178,,,,,,,,,,,,NO_DATA,IMD 0.25 degree gridded daily rainfall 2024,0.25 x 0.25 degree
Kasoti,396910,Marsaghai,Kendrapara,20.413353564985215,86.47142536092593,1365.2739568725228,3.730256712766456,77.22794342041016,94.0,1.0,0.0,0.0,166.52945137023926,187.4788548797369,327.1139611005783,0.4446950457593799,MODERATE,IMD 0.25 degree gridded daily rainfall 2024,0.25 x 0.25 degree
Badapaldia,396913,Marsaghai,Kendrapara,20.409983659231653,86.50123831267918,1365.2739568725228,3.730256712766456,77.22794342041016,94.0,1.0,0.0,0.0,166.52945137023926,187.4788548797369,327.1139611005783,0.4446950457593799,MODERATE,IMD 0.25 degree gridded daily rainfall 2024,0.25 x 0.25 degree
Kharinasi,396059,Mahakalapada,Kendrapara,20.37602562316034,86.70393195099157,1416.3522049933672,3.8698147677414405,100.4802474975586,94.0,2.0,0.0,0.0,219.51153945922852,234.21389782428741,303.70591466128826,0.5378752947467564,HIGH,IMD 0.25 degree gridded daily rainfall 2024,0.25 x 0.25 degree
Bhitara Kharinasi,397130,Mahakalapada,Kendrapara,20.37814826377358,86.72736403529572,1416.3522049933672,3.8698147677414405,100.4802474975586,94.0,2.0,0.0,0.0,219.51153945922852,234.21389782428741,303.70591466128826,0.5378752947467564,HIGH,IMD 0.25 degree gridded daily rainfall 2024,0.25 x 0.25 degree
Bikeikani,396020,Rajnagar,Kendrapara,20.544503751369824,86.78931651054572,1416.3522049933672,3.8698147677414405,100.4802474975586,94.0,2.0,0.0,0.0,219.51153945922852,234.21389782428741,303.70591466128826,0.5378752947467564,HIGH,IMD 0.25 degree gridded daily rainfall 2024,0.25 x 0.25 degree
Baulanga,396782,Marsaghai,Kendrapara,20.41548491378316,86.44011632847476,1365.2739568725228,3.730256712766456,77.22794342041016,94.0,1.0,0.0,0.0,166.52945137023926,187.4788548797369,327.1139611005783,0.4446950457593799,MODERATE,IMD 0.25 degree gridded daily rainfall 2024,0.25 x 0.25 degree
Bandha Kata,396720,Marsaghai,Kendrapara,20.41966534285228,86.44632601993592,1365.2739568725228,3.730256712766456,77.22794342041016,94.0,1.0,0.0,0.0,166.52945137023926,187.4788548797369,327.1139611005783,0.4446950457593799,MODERATE,IMD 0.25 degree gridded daily rainfall 2024,0.25 x 0.25 degree
Gobind Pur,397052,Mahakalapada,Kendrapara,20.469701962645857,86.52200952083935,1365.2739568725228,3.730256712766456,77.22794342041016,94.0,1.0,0.0,0.0,166.52945137023926,187.4788548797369,327.1139611005783,0.4446950457593799,MODERATE,IMD 0.25 degree gridded daily rainfall 2024,0.25 x 0.25 degree
Gohipur,396053,Rajnagar,Kendrapara,20.541163179264522,86.78995013213937,1416.3522049933672,3.8698147677414405,100.4802474975586,94.0,2.0,0.0,0.0,219.51153945922852,234.21389782428741,303.70591466128826,0.5378752947467564,HIGH,IMD 0.25 degree gridded daily rainfall 2024,0.25 x 0.25 degree
Talasanga,396788,Marsaghai,Kendrapara,20.389268663238717,86.45732239191953,1365.2739568725228,3.730256712766456,77.22794342041016,94.0,1.0,0.0,0.0,166.52945137023926,187.4788548797369,327.1139611005783,0.4446950457593799,MODERATE,IMD 0.25 degree gridded daily rainfall 2024,0.25 x 0.25 degree
Sanagan,396935,Mahakalapada,Kendrapara,20.388175188086464,86.52884352511725,1365.2739568725228,3.730256712766456,77.22794342041016,94.0,1.0,0.0,0.0,166.52945137023926,187.4788548797369,327.1139611005783,0.4446950457593799,MODERATE,IMD 0.25 degree gridded daily rainfall 2024,0.25 x 0.25 degree
Kuhudi,396536,Marsaghai,Kendrapara,20.47632769643837,86.4822832322949,1365.2739568725228,3.730256712766456,77.22794342041016,94.0,1.0,0.0,0.0,166.52945137023926,187.4788548797369,327.1139611005783,0.4446950457593799,MODERATE,IMD 0.25 degree gridded daily rainfall 2024,0.25 x 0.25 degree
Jaudia,396018,Rajnagar,Kendrapara,20.552527705767055,86.80438199254311,1416.3522049933672,3.8698147677414405,100.4802474975586,94.0,2.0,0.0,0.0,219.51153945922852,234.21389782428741,303.70591466128826,0.5378752947467564,HIGH,IMD 0.25 degree gridded daily rainfall 2024,0.25 x 0.25 degree
Badapal,396912,Marsaghai,Kendrapara,20.40327518767477,86.49329838406305,1365.2739568725228,3.730256712766456,77.22794342041016,94.0,1.0,0.0,0.0,166.52945137023926,187.4788548797369,327.1139611005783,0.4446950457593799,MODERATE,IMD 0.25 degree gridded daily rainfall 2024,0.25 x 0.25 degree
Narasingpur,396790,Marsaghai,Kendrapara,20.402306362613217,86.43157131522645,1365.2739568725228,3.730256712766456,77.22794342041016,94.0,1.0,0.0,0.0,166.52945137023926,187.4788548797369,327.1139611005783,0.4446950457593799,MODERATE,IMD 0.25 degree gridded daily rainfall 2024,0.25 x 0.25 degree
Manitiri,396894,Marsaghai,Kendrapara,20.43437120800163,86.4469495139181,1365.2739568725228,3.730256712766456,77.22794342041016,94.0,1.0,0.0,0.0,166.52945137023926,187.4788548797369,327.1139611005783,0.4446950457593799,MODERATE,IMD 0.25 degree gridded daily rainfall 2024,0.25 x 0.25 degree
Puruso Tamapur,396899,Marsaghai,Kendrapara,20.43150233454395,86.48122561300269,1365.2739568725228,3.730256712766456,77.22794342041016,94.0,1.0,0.0,0.0,166.52945137023926,187.4788548797369,327.1139611005783,0.4446950457593799,MODERATE,IMD 0.25 degree gridded daily rainfall 2024,0.25 x 0.25 degree
Baikuntha Pur,396721,Marsaghai,Kendrapara,20.423070497845657,86.43195240157684,1365.2739568725228,3.730256712766456,77.22794342041016,94.0,1.0,0.0,0.0,166.52945137023926,187.4788548797369,327.1139611005783,0.4446950457593799,MODERATE,IMD 0.25 degree gridded daily rainfall 2024,0.25 x 0.25 degree
Badagan,396937,Mahakalapada,Kendrapara,20.384205615063536,86.50230597544711,1365.2739568725228,3.730256712766456,77.22794342041016,94.0,1.0,0.0,0.0,166.52945137023926,187.4788548797369,327.1139611005783,0.4446950457593799,MODERATE,IMD 0.25 degree gridded daily rainfall 2024,0.25 x 0.25 degree
Tulasi Pur,396914,Marsaghai,Kendrapara,20.415511395505227,86.48928886750895,1365.2739568725228,3.730256712766456,77.22794342041016,94.0,1.0,0.0,0.0,166.52945137023926,187.4788548797369,327.1139611005783,0.4446950457593799,MODERATE,IMD 0.25 degree gridded daily rainfall 2024,0.25 x 0.25 degree
Bhagabanpur,396949,Marsaghai,Kendrapara,20.38135781237829,86.47677644391455,1365.2739568725228,3.730256712766456,77.22794342041016,94.0,1.0,0.0,0.0,166.52945137023926,187.4788548797369,327.1139611005783,0.4446950457593799,MODERATE,IMD 0.25 degree gridded daily rainfall 2024,0.25 x 0.25 degree
Gayaspur,397053,Mahakalapada,Kendrapara,20.453688086332285,86.52062372347206,1365.2739568725228,3.730256712766456,77.22794342041016,94.0,1.0,0.0,0.0,166.52945137023926,187.4788548797369,327.1139611005783,0.4446950457593799,MODERATE,IMD 0.25 degree gridded daily rainfall 2024,0.25 x 0.25 degree
Posta,396540,Marsaghai,Kendrapara,20.453988073488695,86.49144343501695,1365.2739568725228,3.730256712766456,77.22794342041016,94.0,1.0,0.0,0.0,166.52945137023926,187.4788548797369,327.1139611005783,0.4446950457593799,MODERATE,IMD 0.25 degree gridded daily rainfall 2024,0.25 x 0.25 degree
Juna,396909,Marsaghai,Kendrapara,20.42241420824303,86.4786450312537,1365.2739568725228,3.730256712766456,77.22794342041016,94.0,1.0,0.0,0.0,166.52945137023926,187.4788548797369,327.1139611005783,0.4446950457593799,MODERATE,IMD 0.25 degree gridded daily rainfall 2024,0.25 x 0.25 degree
Narayanpur,396519,Marsaghai,Kendrapara,20.47455867217407,86.47140239441799,1365.2739568725228,3.730256712766456,77.22794342041016,94.0,1.0,0.0,0.0,166.52945137023926,187.4788548797369,327.1139611005783,0.4446950457593799,MODERATE,IMD 0.25 degree gridded daily rainfall 2024,0.25 x 0.25 degree
Jaripada,396542,Marsaghai,Kendrapara,20.46805838616532,86.49099345683182,1365.2739568725228,3.730256712766456,77.22794342041016,94.0,1.0,0.0,0.0,166.52945137023926,187.4788548797369,327.1139611005783,0.4446950457593799,MODERATE,IMD 0.25 degree gridded daily rainfall 2024,0.25 x 0.25 degree
Hatia,396896,Marsaghai,Kendrapara,20.450830719969378,86.46219544590994,1365.2739568725228,3.730256712766456,77.22794342041016,94.0,1.0,0.0,0.0,166.52945137023926,187.4788548797369,327.1139611005783,0.4446950457593799,MODERATE,IMD 0.25 degree gridded daily rainfall 2024,0.25 x 0.25 degree
Manikunda,396897,Marsaghai,Kendrapara,20.442544957813926,86.46088074183172,1365.2739568725228,3.730256712766456,77.22794342041016,94.0,1.0,0.0,0.0,166.52945137023926,187.4788548797369,327.1139611005783,0.4446950457593799,MODERATE,IMD 0.25 degree gridded daily rainfall 2024,0.25 x 0.25 degree
Bachharai,396717,Marsaghai,Kendrapara,20.437542830147166,86.44119399727384,1365.2739568725228,3.730256712766456,77.22794342041016,94.0,1.0,0.0,0.0,166.52945137023926,187.4788548797369,327.1139611005783,0.4446950457593799,MODERATE,IMD 0.25 degree gridded daily rainfall 2024,0.25 x 0.25 degree
Godhan,396718,Marsaghai,Kendrapara,20.43327201063512,86.45180302127528,1365.2739568725228,3.730256712766456,77.22794342041016,94.0,1.0,0.0,0.0,166.52945137023926,187.4788548797369,327.1139611005783,0.4446950457593799,MODERATE,IMD 0.25 degree gridded daily rainfall 2024,0.25 x 0.25 degree
Baghadia,396016,Rajnagar,Kendrapara,20.557650717489793,86.81336312263753,1416.3522049933672,3.8698147677414405,100.4802474975586,94.0,2.0,0.0,0.0,219.51153945922852,234.21389782428741,303.70591466128826,0.5378752947467564,HIGH,IMD 0.25 degree gridded daily rainfall 2024,0.25 x 0.25 degree
Kurutunga,396539,Marsaghai,Kendrapara,20.45291202579279,86.4854983754683,1365.2739568725228,3.730256712766456,77.22794342041016,94.0,1.0,0.0,0.0,166.52945137023926,187.4788548797369,327.1139611005783,0.4446950457593799,MODERATE,IMD 0.25 degree gridded daily rainfall 2024,0.25 x 0.25 degree
Thauri,396541,Marsaghai,Kendrapara,20.454127431468407,86.50112807152965,1365.2739568725228,3.730256712766456,77.22794342041016,94.0,1.0,0.0,0.0,166.52945137023926,187.4788548797369,327.1139611005783,0.4446950457593799,MODERATE,IMD 0.25 degree gridded daily rainfall 2024,0.25 x 0.25 degree
Podana,396791,Marsaghai,Kendrapara,20.40321258120747,86.42390276930439,1365.2739568725228,3.730256712766456,77.22794342041016,94.0,1.0,0.0,0.0,166.52945137023926,187.4788548797369,327.1139611005783,0.4446950457593799,MODERATE,IMD 0.25 degree gridded daily rainfall 2024,0.25 x 0.25 degree
Haladia,396941,Marsaghai,Kendrapara,20.381970313770957,86.46393014276015,1365.2739568725228,3.730256712766456,77.22794342041016,94.0,1.0,0.0,0.0,166.52945137023926,187.4788548797369,327.1139611005783,0.4446950457593799,MODERATE,IMD 0.25 degree gridded daily rainfall 2024,0.25 x 0.25 degree
Dara Bachha,396898,Marsaghai,Kendrapara,20.43348137575302,86.46801683146296,1365.2739568725228,3.730256712766456,77.22794342041016,94.0,1.0,0.0,0.0,166.52945137023926,187.4788548797369,327.1139611005783,0.4446950457593799,MODERATE,IMD 0.25 degree gridded daily rainfall 2024,0.25 x 0.25 degree
Bhusaranga,396879,Marsaghai,Kendrapara,20.383516697162595,86.45237494579047,1365.2739568725228,3.730256712766456,77.22794342041016,94.0,1.0,0.0,0.0,166.52945137023926,187.4788548797369,327.1139611005783,0.4446950457593799,MODERATE,IMD 0.25 degree gridded daily rainfall 2024,0.25 x 0.25 degree
Raghabapur,396792,Marsaghai,Kendrapara,20.393861493225586,86.42168023126638,1365.2739568725228,3.730256712766456,77.22794342041016,94.0,1.0,0.0,0.0,166.52945137023926,187.4788548797369,327.1139611005783,0.4446950457593799,MODERATE,IMD 0.25 degree gridded daily rainfall 2024,0.25 x 0.25 degree
Athabatia,396938,Marsaghai,Kendrapara,20.39082897824088,86.49190674145402,1365.2739568725228,3.730256712766456,77.22794342041016,94.0,1.0,0.0,0.0,166.52945137023926,187.4788548797369,327.1139611005783,0.4446950457593799,MODERATE,IMD 0.25 degree gridded daily rainfall 2024,0.25 x 0.25 degree
Jay Chandrapur,396936,Mahakalapada,Kendrapara,20.39036171911588,86.5120734719618,1365.2739568725228,3.730256712766456,77.22794342041016,94.0,1.0,0.0,0.0,166.52945137023926,187.4788548797369,327.1139611005783,0.4446950457593799,MODERATE,IMD 0.25 degree gridded daily rainfall 2024,0.25 x 0.25 degree
Sasanipada,396787,Marsaghai,Kendrapara,20.395991461540135,86.46148695610675,1365.2739568725228,3.730256712766456,77.22794342041016,94.0,1.0,0.0,0.0,166.52945137023926,187.4788548797369,327.1139611005783,0.4446950457593799,MODERATE,IMD 0.25 degree gridded daily rainfall 2024,0.25 x 0.25 degree
Balikuda,396918,Mahakalapada,Kendrapara,20.39698415175196,86.49915222468259,1365.2739568725228,3.730256712766456,77.22794342041016,94.0,1.0,0.0,0.0,166.52945137023926,187.4788548797369,327.1139611005783,0.4446950457593799,MODERATE,IMD 0.25 degree gridded daily rainfall 2024,0.25 x 0.25 degree
Garajanga,396939,Marsaghai,Kendrapara,20.396965995253055,86.47883972948868,1365.2739568725228,3.730256712766456,77.22794342041016,94.0,1.0,0.0,0.0,166.52945137023926,187.4788548797369,327.1139611005783,0.4446950457593799,MODERATE,IMD 0.25 degree gridded daily rainfall 2024,0.25 x 0.25 degree
Aitipur,396919,Mahakalapada,Kendrapara,20.39732781965637,86.50786074327715,1365.2739568725228,3.730256712766456,77.22794342041016,94.0,1.0,0.0,0.0,166.52945137023926,187.4788548797369,327.1139611005783,0.4446950457593799,MODERATE,IMD 0.25 degree gridded daily rainfall 2024,0.25 x 0.25 degree
Kusun Pur,396915,Marsaghai,Kendrapara,20.41771929945177,86.49768393424102,1365.2739568725228,3.730256712766456,77.22794342041016,94.0,1.0,0.0,0.0,166.52945137023926,187.4788548797369,327.1139611005783,0.4446950457593799,MODERATE,IMD 0.25 degree gridded daily rainfall 2024,0.25 x 0.25 degree
Pikarali,396789,Marsaghai,Kendrapara,20.39723894785786,86.44034614680027,1365.2739568725228,3.730256712766456,77.22794342041016,94.0,1.0,0.0,0.0,166.52945137023926,187.4788548797369,327.1139611005783,0.4446950457593799,MODERATE,IMD 0.25 degree gridded daily rainfall 2024,0.25 x 0.25 degree
Girang,396906,Marsaghai,Kendrapara,20.42032932998377,86.51742729384624,1365.2739568725228,3.730256712766456,77.22794342041016,94.0,1.0,0.0,0.0,166.52945137023926,187.4788548797369,327.1139611005783,0.4446950457593799,MODERATE,IMD 0.25 degree gridded daily rainfall 2024,0.25 x 0.25 degree
Mehendinagar,396512,Marsaghai,Kendrapara,20.448460013474538,86.43075921888536,1365.2739568725228,3.730256712766456,77.22794342041016,94.0,1.0,0.0,0.0,166.52945137023926,187.4788548797369,327.1139611005783,0.4446950457593799,MODERATE,IMD 0.25 degree gridded daily rainfall 2024,0.25 x 0.25 degree
Karamakul,396917,Mahakalapada,Kendrapara,20.40720314734459,86.50828787711995,1365.2739568725228,3.730256712766456,77.22794342041016,94.0,1.0,0.0,0.0,166.52945137023926,187.4788548797369,327.1139611005783,0.4446950457593799,MODERATE,IMD 0.25 degree gridded daily rainfall 2024,0.25 x 0.25 degree
Hindulia,396895,Marsaghai,Kendrapara,20.443536225443736,86.44687176849209,1365.2739568725228,3.730256712766456,77.22794342041016,94.0,1.0,0.0,0.0,166.52945137023926,187.4788548797369,327.1139611005783,0.4446950457593799,MODERATE,IMD 0.25 degree gridded daily rainfall 2024,0.25 x 0.25 degree
Bagadia,396901,Marsaghai,Kendrapara,20.43794314577992,86.51536329547862,1365.2739568725228,3.730256712766456,77.22794342041016,94.0,1.0,0.0,0.0,166.52945137023926,187.4788548797369,327.1139611005783,0.4446950457593799,MODERATE,IMD 0.25 degree gridded daily rainfall 2024,0.25 x 0.25 degree
Silipur,396900,Marsaghai,Kendrapara,20.438535277831853,86.49527906138964,1365.2739568725228,3.730256712766456,77.22794342041016,94.0,1.0,0.0,0.0,166.52945137023926,187.4788548797369,327.1139611005783,0.4446950457593799,MODERATE,IMD 0.25 degree gridded daily rainfall 2024,0.25 x 0.25 degree
Kan Pur,396908,Marsaghai,Kendrapara,20.42642383639746,86.49708882703547,1365.2739568725228,3.730256712766456,77.22794342041016,94.0,1.0,0.0,0.0,166.52945137023926,187.4788548797369,327.1139611005783,0.4446950457593799,MODERATE,IMD 0.25 degree gridded daily rainfall 2024,0.25 x 0.25 degree
Parakula,396783,Marsaghai,Kendrapara,20.402009233014084,86.45281208424291,1365.2739568725228,3.730256712766456,77.22794342041016,94.0,1.0,0.0,0.0,166.52945137023926,187.4788548797369,327.1139611005783,0.4446950457593799,MODERATE,IMD 0.25 degree gridded daily rainfall 2024,0.25 x 0.25 degree
Gopinathpur,396916,Mahakalapada,Kendrapara,20.408154754795206,86.51696420649813,1365.2739568725228,3.730256712766456,77.22794342041016,94.0,1.0,0.0,0.0,166.52945137023926,187.4788548797369,327.1139611005783,0.4446950457593799,MODERATE,IMD 0.25 degree gridded daily rainfall 2024,0.25 x 0.25 degree
Bara Tunga,396719,Marsaghai,Kendrapara,20.424247862712438,86.45591248871682,1365.2739568725228,3.730256712766456,77.22794342041016,94.0,1.0,0.0,0.0,166.52945137023926,187.4788548797369,327.1139611005783,0.4446950457593799,MODERATE,IMD 0.25 degree gridded daily rainfall 2024,0.25 x 0.25 degree
Jaganathpur,396535,Marsaghai,Kendrapara,20.486697349058907,86.479655731827,1365.2739568725228,3.730256712766456,77.22794342041016,94.0,1.0,0.0,0.0,166.52945137023926,187.4788548797369,327.1139611005783,0.4446950457593799,MODERATE,IMD 0.25 degree gridded daily rainfall 2024,0.25 x 0.25 degree
Ramchandrapur,395847,Rajnagar,Kendrapara,20.651235291095702,86.78319967241816,1439.8138199448586,3.933917540832947,122.3011703491211,89.0,2.0,1.0,0.0,254.9297924041748,270.06409645080566,334.2525098323822,0.6098682748579979,HIGH,IMD 0.25 degree gridded daily rainfall 2024,0.25 x 0.25 degree
Kuanrpal,396911,Marsaghai,Kendrapara,20.407518153944412,86.48143156262508,1365.2739568725228,3.730256712766456,77.22794342041016,94.0,1.0,0.0,0.0,166.52945137023926,187.4788548797369,327.1139611005783,0.4446950457593799,MODERATE,IMD 0.25 degree gridded daily rainfall 2024,0.25 x 0.25 degree
Badakul,396920,Mahakalapada,Kendrapara,20.40229668052313,86.5256860910828,1365.2739568725228,3.730256712766456,77.22794342041016,94.0,1.0,0.0,0.0,166.52945137023926,187.4788548797369,327.1139611005783,0.4446950457593799,MODERATE,IMD 0.25 degree gridded daily rainfall 2024,0.25 x 0.25 degree
Narayanpur,396786,Marsaghai,Kendrapara,20.408469556844956,86.46424893098535,1365.2739568725228,3.730256712766456,77.22794342041016,94.0,1.0,0.0,0.0,166.52945137023926,187.4788548797369,327.1139611005783,0.4446950457593799,MODERATE,IMD 0.25 degree gridded daily rainfall 2024,0.25 x 0.25 degree
Dumuka,396907,Marsaghai,Kendrapara,20.427053962097702,86.50918208697962,1365.2739568725228,3.730256712766456,77.22794342041016,94.0,1.0,0.0,0.0,166.52945137023926,187.4788548797369,327.1139611005783,0.4446950457593799,MODERATE,IMD 0.25 degree gridded daily rainfall 2024,0.25 x 0.25 degree
Pentha,396716,Marsaghai,Kendrapara,20.436251162748555,86.42722530850986,1365.2739568725228,3.730256712766456,77.22794342041016,94.0,1.0,0.0,0.0,166.52945137023926,187.4788548797369,327.1139611005783,0.4446950457593799,MODERATE,IMD 0.25 degree gridded daily rainfall 2024,0.25 x 0.25 degree
Jagadispur,396522,Marsaghai,Kendrapara,20.481688518046425,86.47089175025144,1365.2739568725228,3.730256712766456,77.22794342041016,94.0,1.0,0.0,0.0,166.52945137023926,187.4788548797369,327.1139611005783,0.4446950457593799,MODERATE,IMD 0.25 degree gridded daily rainfall 2024,0.25 x 0.25 degree
Chakarpur,396516,Marsaghai,Kendrapara,20.478330798930088,86.45900644627187,1365.2739568725228,3.730256712766456,77.22794342041016,94.0,1.0,0.0,0.0,166.52945137023926,187.4788548797369,327.1139611005783,0.4446950457593799,MODERATE,IMD 0.25 degree gridded daily rainfall 2024,0.25 x 0.25 degree
Barei,396537,Marsaghai,Kendrapara,20.466946726709278,86.47800270134869,1365.2739568725228,3.730256712766456,77.22794342041016,94.0,1.0,0.0,0.0,166.52945137023926,187.4788548797369,327.1139611005783,0.4446950457593799,MODERATE,IMD 0.25 degree gridded daily rainfall 2024,0.25 x 0.25 degree
Arakhia,396538,Marsaghai,Kendrapara,20.467399387545335,86.4820379136666,1365.2739568725228,3.730256712766456,77.22794342041016,94.0,1.0,0.0,0.0,166.52945137023926,187.4788548797369,327.1139611005783,0.4446950457593799,MODERATE,IMD 0.25 degree gridded daily rainfall 2024,0.25 x 0.25 degree
Angulai,396518,Marsaghai,Kendrapara,20.45922021152379,86.46663448184967,1365.2739568725228,3.730256712766456,77.22794342041016,94.0,1.0,0.0,0.0,166.52945137023926,187.4788548797369,327.1139611005783,0.4446950457593799,MODERATE,IMD 0.25 degree gridded daily rainfall 2024,0.25 x 0.25 degree
Manitiri,397051,Mahakalapada,Kendrapara,20.467643989067472,86.5271704258207,1365.2739568725228,3.730256712766456,77.22794342041016,94.0,1.0,0.0,0.0,166.52945137023926,187.4788548797369,327.1139611005783,0.4446950457593799,MODERATE,IMD 0.25 degree gridded daily rainfall 2024,0.25 x 0.25 degree
Balia,396547,Marsaghai,Kendrapara,20.46886390677973,86.51690089801698,1365.2739568725228,3.730256712766456,77.22794342041016,94.0,1.0,0.0,0.0,166.52945137023926,187.4788548797369,327.1139611005783,0.4446950457593799,MODERATE,IMD 0.25 degree gridded daily rainfall 2024,0.25 x 0.25 degree
Nembara,396546,Marsaghai,Kendrapara,20.46917917351393,86.5086267480408,1365.2739568725228,3.730256712766456,77.22794342041016,94.0,1.0,0.0,0.0,166.52945137023926,187.4788548797369,327.1139611005783,0.4446950457593799,MODERATE,IMD 0.25 degree gridded daily rainfall 2024,0.25 x 0.25 degree
Panchanpur,396515,Marsaghai,Kendrapara,20.4815589053488,86.4557689759659,1365.2739568725228,3.730256712766456,77.22794342041016,94.0,1.0,0.0,0.0,166.52945137023926,187.4788548797369,327.1139611005783,0.4446950457593799,MODERATE,IMD 0.25 degree gridded daily rainfall 2024,0.25 x 0.25 degree
Anko,396785,Marsaghai,Kendrapara,20.40187974400771,86.46113593084732,1365.2739568725228,3.730256712766456,77.22794342041016,94.0,1.0,0.0,0.0,166.52945137023926,187.4788548797369,327.1139611005783,0.4446950457593799,MODERATE,IMD 0.25 degree gridded daily rainfall 2024,0.25 x 0.25 degree
Niladripur,396523,Marsaghai,Kendrapara,20.482251119738677,86.465236202586,1365.2739568725228,3.730256712766456,77.22794342041016,94.0,1.0,0.0,0.0,166.52945137023926,187.4788548797369,327.1139611005783,0.4446950457593799,MODERATE,IMD 0.25 degree gridded daily rainfall 2024,0.25 x 0.25 degree
Jaganathpur,397094,Mahakalapada,Kendrapara,20.404991326255583,86.57962317192091,1365.2739568725228,3.730256712766456,77.22794342041016,94.0,1.0,0.0,0.0,166.52945137023926,187.4788548797369,327.1139611005783,0.4446950457593799,MODERATE,IMD 0.25 degree gridded daily rainfall 2024,0.25 x 0.25 degree
Narendrapur,396543,Marsaghai,Kendrapara,20.476207353134466,86.49487837080315,1365.2739568725228,3.730256712766456,77.22794342041016,94.0,1.0,0.0,0.0,166.52945137023926,187.4788548797369,327.1139611005783,0.4446950457593799,MODERATE,IMD 0.25 degree gridded daily rainfall 2024,0.25 x 0.25 degree
Kulapada,396534,Marsaghai,Kendrapara,20.484810712864956,86.4890502895011,1365.2739568725228,3.730256712766456,77.22794342041016,94.0,1.0,0.0,0.0,166.52945137023926,187.4788548797369,327.1139611005783,0.4446950457593799,MODERATE,IMD 0.25 degree gridded daily rainfall 2024,0.25 x 0.25 degree
Garajanga Palli,396784,Marsaghai,Kendrapara,20.414242293217008,86.45821054388429,1365.2739568725228,3.730256712766456,77.22794342041016,94.0,1.0,0.0,0.0,166.52945137023926,187.4788548797369,327.1139611005783,0.4446950457593799,MODERATE,IMD 0.25 degree gridded daily rainfall 2024,0.25 x 0.25 degree
Nuagan,396520,Marsaghai,Kendrapara,20.476918739148925,86.47099771064453,1365.2739568725228,3.730256712766456,77.22794342041016,94.0,1.0,0.0,0.0,166.52945137023926,187.4788548797369,327.1139611005783,0.4446950457593799,MODERATE,IMD 0.25 degree gridded daily rainfall 2024,0.25 x 0.25 degree
Chadeiguan,397091,Mahakalapada,Kendrapara,20.420100896105318,86.56360256515144,1365.2739568725228,3.730256712766456,77.22794342041016,94.0,1.0,0.0,0.0,166.52945137023926,187.4788548797369,327.1139611005783,0.4446950457593799,MODERATE,IMD 0.25 degree gridded daily rainfall 2024,0.25 x 0.25 degree
Gaudabadpur,397092,Mahakalapada,Kendrapara,20.412855373925677,86.56312653232337,1365.2739568725228,3.730256712766456,77.22794342041016,94.0,1.0,0.0,0.0,166.52945137023926,187.4788548797369,327.1139611005783,0.4446950457593799,MODERATE,IMD 0.25 degree gridded daily rainfall 2024,0.25 x 0.25 degree
Goja Bandha,397102,Mahakalapada,Kendrapara,20.38651571830521,86.60050737485479,1365.2739568725228,3.730256712766456,77.22794342041016,94.0,1.0,0.0,0.0,166.52945137023926,187.4788548797369,327.1139611005783,0.4446950457593799,MODERATE,IMD 0.25 degree gridded daily rainfall 2024,0.25 x 0.25 degree
Jalakana,397089,Mahakalapada,Kendrapara,20.43738739997604,86.56117023862464,1365.2739568725228,3.730256712766456,77.22794342041016,94.0,1.0,0.0,0.0,166.52945137023926,187.4788548797369,327.1139611005783,0.4446950457593799,MODERATE,IMD 0.25 degree gridded daily rainfall 2024,0.25 x 0.25 degree
Maha Kala Para,397088,Mahakalapada,Kendrapara,20.4166901001436,86.57925097664882,1365.2739568725228,3.730256712766456,77.22794342041016,94.0,1.0,0.0,0.0,166.52945137023926,187.4788548797369,327.1139611005783,0.4446950457593799,MODERATE,IMD 0.25 degree gridded daily rainfall 2024,0.25 x 0.25 degree
Samantsingharpur,396927,Mahakalapada,Kendrapara,20.39179421157177,86.58463943330139,1365.2739568725228,3.730256712766456,77.22794342041016,94.0,1.0,0.0,0.0,166.52945137023926,187.4788548797369,327.1139611005783,0.4446950457593799,MODERATE,IMD 0.25 degree gridded daily rainfall 2024,0.25 x 0.25 degree
Teragan,396926,Mahakalapada,Kendrapara,20.392631924327873,86.56932980662556,1365.2739568725228,3.730256712766456,77.22794342041016,94.0,1.0,0.0,0.0,166.52945137023926,187.4788548797369,327.1139611005783,0.4446950457593799,MODERATE,IMD 0.25 degree gridded daily rainfall 2024,0.25 x 0.25 degree
Nantar,397082,Mahakalapada,Kendrapara,20.422746868963152,86.63720605396287,1416.3522049933672,3.8698147677414405,100.4802474975586,94.0,2.0,0.0,0.0,219.51153945922852,234.21389782428741,303.70591466128826,0.5378752947467564,HIGH,IMD 0.25 degree gridded daily rainfall 2024,0.25 x 0.25 degree
Aitipur,397044,Mahakalapada,Kendrapara,20.454082025411076,86.57559137633632,1365.2739568725228,3.730256712766456,77.22794342041016,94.0,1.0,0.0,0.0,166.52945137023926,187.4788548797369,327.1139611005783,0.4446950457593799,MODERATE,IMD 0.25 degree gridded daily rainfall 2024,0.25 x 0.25 degree
Balia,396986,Mahakalapada,Kendrapara,20.480620027159393,86.60556378071902,1365.2739568725228,3.730256712766456,77.22794342041016,94.0,1.0,0.0,0.0,166.52945137023926,187.4788548797369,327.1139611005783,0.4446950457593799,MODERATE,IMD 0.25 degree gridded daily rainfall 2024,0.25 x 0.25 degree
Janra,397064,Mahakalapada,Kendrapara,20.422235545625163,86.61678123346367,1365.2739568725228,3.730256712766456,77.22794342041016,94.0,1.0,0.0,0.0,166.52945137023926,187.4788548797369,327.1139611005783,0.4446950457593799,MODERATE,IMD 0.25 degree gridded daily rainfall 2024,0.25 x 0.25 degree
Itakandia,396989,Mahakalapada,Kendrapara,20.477963675476303,86.62985778063003,1416.3522049933672,3.8698147677414405,100.4802474975586,94.0,2.0,0.0,0.0,219.51153945922852,234.21389782428741,303.70591466128826,0.5378752947467564,HIGH,IMD 0.25 degree gridded daily rainfall 2024,0.25 x 0.25 degree
Bada Rahama,396990,Mahakalapada,Kendrapara,20.488127986817204,86.6367797450281,1416.3522049933672,3.8698147677414405,100.4802474975586,94.0,2.0,0.0,0.0,219.51153945922852,234.21389782428741,303.70591466128826,0.5378752947467564,HIGH,IMD 0.25 degree gridded daily rainfall 2024,0.25 x 0.25 degree
Mangalapur,397086,Mahakalapada,Kendrapara,20.409943410145807,86.59711858880418,1365.2739568725228,3.730256712766456,77.22794342041016,94.0,1.0,0.0,0.0,166.52945137023926,187.4788548797369,327.1139611005783,0.4446950457593799,MODERATE,IMD 0.25 degree gridded daily rainfall 2024,0.25 x 0.25 degree
Gamha,397087,Mahakalapada,Kendrapara,20.416763260840554,86.59195011425476,1365.2739568725228,3.730256712766456,77.22794342041016,94.0,1.0,0.0,0.0,166.52945137023926,187.4788548797369,327.1139611005783,0.4446950457593799,MODERATE,IMD 0.25 degree gridded daily rainfall 2024,0.25 x 0.25 degree
Gopalpur,397090,Mahakalapada,Kendrapara,20.421185110495813,86.556109651399,1365.2739568725228,3.730256712766456,77.22794342041016,94.0,1.0,0.0,0.0,166.52945137023926,187.4788548797369,327.1139611005783,0.4446950457593799,MODERATE,IMD 0.25 degree gridded daily rainfall 2024,0.25 x 0.25 degree
Balana,396904,Marsaghai,Kendrapara,20.42473763042814,86.54393347772657,1365.2739568725228,3.730256712766456,77.22794342041016,94.0,1.0,0.0,0.0,166.52945137023926,187.4788548797369,327.1139611005783,0.4446950457593799,MODERATE,IMD 0.25 degree gridded daily rainfall 2024,0.25 x 0.25 degree
Orata,397046,Mahakalapada,Kendrapara,20.46607327136016,86.56201432407559,1365.2739568725228,3.730256712766456,77.22794342041016,94.0,1.0,0.0,0.0,166.52945137023926,187.4788548797369,327.1139611005783,0.4446950457593799,MODERATE,IMD 0.25 degree gridded daily rainfall 2024,0.25 x 0.25 degree
Raigada,397065,Mahakalapada,Kendrapara,20.428835300504673,86.62664000291903,1416.3522049933672,3.8698147677414405,100.4802474975586,94.0,2.0,0.0,0.0,219.51153945922852,234.21389782428741,303.70591466128826,0.5378752947467564,HIGH,IMD 0.25 degree gridded daily rainfall 2024,0.25 x 0.25 degree
Ostara,396934,Mahakalapada,Kendrapara,20.387783150830572,86.54970688118661,1365.2739568725228,3.730256712766456,77.22794342041016,94.0,1.0,0.0,0.0,166.52945137023926,187.4788548797369,327.1139611005783,0.4446950457593799,MODERATE,IMD 0.25 degree gridded daily rainfall 2024,0.25 x 0.25 degree
Sarumunhi,397113,Mahakalapada,Kendrapara,20.38558954875608,86.64209785877824,1416.3522049933672,3.8698147677414405,100.4802474975586,94.0,2.0,0.0,0.0,219.51153945922852,234.21389782428741,303.70591466128826,0.5378752947467564,HIGH,IMD 0.25 degree gridded daily rainfall 2024,0.25 x 0.25 degree
Chhatar,396988,Mahakalapada,Kendrapara,20.47657475718463,86.6235208504994,1365.2739568725228,3.730256712766456,77.22794342041016,94.0,1.0,0.0,0.0,166.52945137023926,187.4788548797369,327.1139611005783,0.4446950457593799,MODERATE,IMD 0.25 degree gridded daily rainfall 2024,0.25 x 0.25 degree
Mahula Kandha,397099,Mahakalapada,Kendrapara,20.395065121702487,86.62498013136903,1365.2739568725228,3.730256712766456,77.22794342041016,94.0,1.0,0.0,0.0,166.52945137023926,187.4788548797369,327.1139611005783,0.4446950457593799,MODERATE,IMD 0.25 degree gridded daily rainfall 2024,0.25 x 0.25 degree
Bachhuria,397109,Mahakalapada,Kendrapara,20.38673025725705,86.62920590998023,1416.3522049933672,3.8698147677414405,100.4802474975586,94.0,2.0,0.0,0.0,219.51153945922852,234.21389782428741,303.70591466128826,0.5378752947467564,HIGH,IMD 0.25 degree gridded daily rainfall 2024,0.25 x 0.25 degree
Jemadeipur,397084,Mahakalapada,Kendrapara,20.408175477299388,86.62728541847602,1416.3522049933672,3.8698147677414405,100.4802474975586,94.0,2.0,0.0,0.0,219.51153945922852,234.21389782428741,303.70591466128826,0.5378752947467564,HIGH,IMD 0.25 degree gridded daily rainfall 2024,0.25 x 0.25 degree
Kiar Banka,397063,Mahakalapada,Kendrapara,20.427349926907723,86.59846067034314,1365.2739568725228,3.730256712766456,77.22794342041016,94.0,1.0,0.0,0.0,166.52945137023926,187.4788548797369,327.1139611005783,0.4446950457593799,MODERATE,IMD 0.25 degree gridded daily rainfall 2024,0.25 x 0.25 degree
Pareswar Pur,397083,Mahakalapada,Kendrapara,20.413805313717457,86.63924269444618,1416.3522049933672,3.8698147677414405,100.4802474975586,94.0,2.0,0.0,0.0,219.51153945922852,234.21389782428741,303.70591466128826,0.5378752947467564,HIGH,IMD 0.25 degree gridded daily rainfall 2024,0.25 x 0.25 degree
Sahabaj Pur,397062,Mahakalapada,Kendrapara,20.440581123381776,86.59335793879531,1365.2739568725228,3.730256712766456,77.22794342041016,94.0,1.0,0.0,0.0,166.52945137023926,187.4788548797369,327.1139611005783,0.4446950457593799,MODERATE,IMD 0.25 degree gridded daily rainfall 2024,0.25 x 0.25 degree
Maliancha,397030,Mahakalapada,Kendrapara,20.44224637610204,86.62483004166404,1365.2739568725228,3.730256712766456,77.22794342041016,94.0,1.0,0.0,0.0,166.52945137023926,187.4788548797369,327.1139611005783,0.4446950457593799,MODERATE,IMD 0.25 degree gridded daily rainfall 2024,0.25 x 0.25 degree
Babakar Pur,397055,Mahakalapada,Kendrapara,20.444665493609765,86.54967134437621,1365.2739568725228,3.730256712766456,77.22794342041016,94.0,1.0,0.0,0.0,166.52945137023926,187.4788548797369,327.1139611005783,0.4446950457593799,MODERATE,IMD 0.25 degree gridded daily rainfall 2024,0.25 x 0.25 degree
Ramakani,397060,Mahakalapada,Kendrapara,20.443338467944073,86.5836853344999,1365.2739568725228,3.730256712766456,77.22794342041016,94.0,1.0,0.0,0.0,166.52945137023926,187.4788548797369,327.1139611005783,0.4446950457593799,MODERATE,IMD 0.25 degree gridded daily rainfall 2024,0.25 x 0.25 degree
Barakandha,397106,Mahakalapada,Kendrapara,20.380671887469163,86.60967600770064,1365.2739568725228,3.730256712766456,77.22794342041016,94.0,1.0,0.0,0.0,166.52945137023926,187.4788548797369,327.1139611005783,0.4446950457593799,MODERATE,IMD 0.25 degree gridded daily rainfall 2024,0.25 x 0.25 degree
Kochila,397115,Mahakalapada,Kendrapara,20.37987843474519,86.63636684550661,1416.3522049933672,3.8698147677414405,100.4802474975586,94.0,2.0,0.0,0.0,219.51153945922852,234.21389782428741,303.70591466128826,0.5378752947467564,HIGH,IMD 0.25 degree gridded daily rainfall 2024,0.25 x 0.25 degree
Ghantia Palli,397040,Mahakalapada,Kendrapara,20.468980248937232,86.58963673340845,1365.2739568725228,3.730256712766456,77.22794342041016,94.0,1.0,0.0,0.0,166.52945137023926,187.4788548797369,327.1139611005783,0.4446950457593799,MODERATE,IMD 0.25 degree gridded daily rainfall 2024,0.25 x 0.25 degree
Bandhapara,397101,Mahakalapada,Kendrapara,20.388673950648872,86.6086100625026,1365.2739568725228,3.730256712766456,77.22794342041016,94.0,1.0,0.0,0.0,166.52945137023926,187.4788548797369,327.1139611005783,0.4446950457593799,MODERATE,IMD 0.25 degree gridded daily rainfall 2024,0.25 x 0.25 degree
Gokhapada,396925,Mahakalapada,Kendrapara,20.390672775801477,86.54224712868472,1365.2739568725228,3.730256712766456,77.22794342041016,94.0,1.0,0.0,0.0,166.52945137023926,187.4788548797369,327.1139611005783,0.4446950457593799,MODERATE,IMD 0.25 degree gridded daily rainfall 2024,0.25 x 0.25 degree
Sankhapada,397038,Mahakalapada,Kendrapara,20.45364974336252,86.59398040451607,1365.2739568725228,3.730256712766456,77.22794342041016,94.0,1.0,0.0,0.0,166.52945137023926,187.4788548797369,327.1139611005783,0.4446950457593799,MODERATE,IMD 0.25 degree gridded daily rainfall 2024,0.25 x 0.25 degree
Mulubasanta,396984,Mahakalapada,Kendrapara,20.49260929444578,86.60125303981135,1365.2739568725228,3.730256712766456,77.22794342041016,94.0,1.0,0.0,0.0,166.52945137023926,187.4788548797369,327.1139611005783,0.4446950457593799,MODERATE,IMD 0.25 degree gridded daily rainfall 2024,0.25 x 0.25 degree
Bijayanagar,397034,Mahakalapada,Kendrapara,20.445166037855998,86.6109157552798,1365.2739568725228,3.730256712766456,77.22794342041016,94.0,1.0,0.0,0.0,166.52945137023926,187.4788548797369,327.1139611005783,0.4446950457593799,MODERATE,IMD 0.25 degree gridded daily rainfall 2024,0.25 x 0.25 degree
Kalapara,397041,Mahakalapada,Kendrapara,20.470015546220637,86.5847279943051,1365.2739568725228,3.730256712766456,77.22794342041016,94.0,1.0,0.0,0.0,166.52945137023926,187.4788548797369,327.1139611005783,0.4446950457593799,MODERATE,IMD 0.25 degree gridded daily rainfall 2024,0.25 x 0.25 degree
Anduli,397042,Mahakalapada,Kendrapara,20.468759938324816,86.57211597414312,1365.2739568725228,3.730256712766456,77.22794342041016,94.0,1.0,0.0,0.0,166.52945137023926,187.4788548797369,327.1139611005783,0.4446950457593799,MODERATE,IMD 0.25 degree gridded daily rainfall 2024,0.25 x 0.25 degree
Bilipada,397048,Mahakalapada,Kendrapara,20.46348522632961,86.54386321470461,1365.2739568725228,3.730256712766456,77.22794342041016,94.0,1.0,0.0,0.0,166.52945137023926,187.4788548797369,327.1139611005783,0.4446950457593799,MODERATE,IMD 0.25 degree gridded daily rainfall 2024,0.25 x 0.25 degree
Sri Chandan Pur,397037,Mahakalapada,Kendrapara,20.463074805622725,86.6006118183544,1365.2739568725228,3.730256712766456,77.22794342041016,94.0,1.0,0.0,0.0,166.52945137023926,187.4788548797369,327.1139611005783,0.4446950457593799,MODERATE,IMD 0.25 degree gridded daily rainfall 2024,0.25 x 0.25 degree
Palaspur,396905,Marsaghai,Kendrapara,20.418135101808126,86.53866212807179,1365.2739568725228,3.730256712766456,77.22794342041016,94.0,1.0,0.0,0.0,166.52945137023926,187.4788548797369,327.1139611005783,0.4446950457593799,MODERATE,IMD 0.25 degree gridded daily rainfall 2024,0.25 x 0.25 degree
Tithi,397085,Mahakalapada,Kendrapara,20.416055614095676,86.61335324072411,1365.2739568725228,3.730256712766456,77.22794342041016,94.0,1.0,0.0,0.0,166.52945137023926,187.4788548797369,327.1139611005783,0.4446950457593799,MODERATE,IMD 0.25 degree gridded daily rainfall 2024,0.25 x 0.25 degree
Deula Pada,397058,Mahakalapada,Kendrapara,20.444221128991025,86.57105495821963,1365.2739568725228,3.730256712766456,77.22794342041016,94.0,1.0,0.0,0.0,166.52945137023926,187.4788548797369,327.1139611005783,0.4446950457593799,MODERATE,IMD 0.25 degree gridded daily rainfall 2024,0.25 x 0.25 degree
Rajagada,397054,Mahakalapada,Kendrapara,20.443097622801282,86.5337693088484,1365.2739568725228,3.730256712766456,77.22794342041016,94.0,1.0,0.0,0.0,166.52945137023926,187.4788548797369,327.1139611005783,0.4446950457593799,MODERATE,IMD 0.25 degree gridded daily rainfall 2024,0.25 x 0.25 degree
Jagati,397066,Mahakalapada,Kendrapara,20.434679576426113,86.63993484534103,1416.3522049933672,3.8698147677414405,100.4802474975586,94.0,2.0,0.0,0.0,219.51153945922852,234.21389782428741,303.70591466128826,0.5378752947467564,HIGH,IMD 0.25 degree gridded daily rainfall 2024,0.25 x 0.25 degree
Ranki,397032,Mahakalapada,Kendrapara,20.455550411746742,86.63373505754137,1416.3522049933672,3.8698147677414405,100.4802474975586,94.0,2.0,0.0,0.0,219.51153945922852,234.21389782428741,303.70591466128826,0.5378752947467564,HIGH,IMD 0.25 degree gridded daily rainfall 2024,0.25 x 0.25 degree
Sikhar,397093,Mahakalapada,Kendrapara,20.417418633051327,86.57159199069599,1365.2739568725228,3.730256712766456,77.22794342041016,94.0,1.0,0.0,0.0,166.52945137023926,187.4788548797369,327.1139611005783,0.4446950457593799,MODERATE,IMD 0.25 degree gridded daily rainfall 2024,0.25 x 0.25 degree
Dadhipur,397097,Mahakalapada,Kendrapara,20.399722412130792,86.60204420238867,1365.2739568725228,3.730256712766456,77.22794342041016,94.0,1.0,0.0,0.0,166.52945137023926,187.4788548797369,327.1139611005783,0.4446950457593799,MODERATE,IMD 0.25 degree gridded daily rainfall 2024,0.25 x 0.25 degree
Adoi,397110,Mahakalapada,Kendrapara,20.397247547854032,86.6367502125662,1416.3522049933672,3.8698147677414405,100.4802474975586,94.0,2.0,0.0,0.0,219.51153945922852,234.21389782428741,303.70591466128826,0.5378752947467564,HIGH,IMD 0.25 degree gridded daily rainfall 2024,0.25 x 0.25 degree
Karanja,396924,Mahakalapada,Kendrapara,20.40373320188729,86.55831407393185,1365.2739568725228,3.730256712766456,77.22794342041016,94.0,1.0,0.0,0.0,166.52945137023926,187.4788548797369,327.1139611005783,0.4446950457593799,MODERATE,IMD 0.25 degree gridded daily rainfall 2024,0.25 x 0.25 degree
Dasi Pur,396902,Marsaghai,Kendrapara,20.427847790725085,86.53025350834203,1365.2739568725228,3.730256712766456,77.22794342041016,94.0,1.0,0.0,0.0,166.52945137023926,187.4788548797369,327.1139611005783,0.4446950457593799,MODERATE,IMD 0.25 degree gridded daily rainfall 2024,0.25 x 0.25 degree
Adam Pur,396903,Marsaghai,Kendrapara,20.43227199778208,86.55006923121685,1365.2739568725228,3.730256712766456,77.22794342041016,94.0,1.0,0.0,0.0,166.52945137023926,187.4788548797369,327.1139611005783,0.4446950457593799,MODERATE,IMD 0.25 degree gridded daily rainfall 2024,0.25 x 0.25 degree
Chandia Palli,397061,Mahakalapada,Kendrapara,20.42907370682063,86.58229539258062,1365.2739568725228,3.730256712766456,77.22794342041016,94.0,1.0,0.0,0.0,166.52945137023926,187.4788548797369,327.1139611005783,0.4446950457593799,MODERATE,IMD 0.25 degree gridded daily rainfall 2024,0.25 x 0.25 degree
Amirabad,397059,Mahakalapada,Kendrapara,20.43386914915544,86.5736504399714,1365.2739568725228,3.730256712766456,77.22794342041016,94.0,1.0,0.0,0.0,166.52945137023926,187.4788548797369,327.1139611005783,0.4446950457593799,MODERATE,IMD 0.25 degree gridded daily rainfall 2024,0.25 x 0.25 degree
Badadihi,397026,Mahakalapada,Kendrapara,20.469744229017834,86.63587706208824,1416.3522049933672,3.8698147677414405,100.4802474975586,94.0,2.0,0.0,0.0,219.51153945922852,234.21389782428741,303.70591466128826,0.5378752947467564,HIGH,IMD 0.25 degree gridded daily rainfall 2024,0.25 x 0.25 degree
Kanpur,397031,Mahakalapada,Kendrapara,20.448063516600122,86.62446734024833,1365.2739568725228,3.730256712766456,77.22794342041016,94.0,1.0,0.0,0.0,166.52945137023926,187.4788548797369,327.1139611005783,0.4446950457593799,MODERATE,IMD 0.25 degree gridded daily rainfall 2024,0.25 x 0.25 degree
Dia Rajagarh,397056,Mahakalapada,Kendrapara,20.45292388569021,86.54584552783709,1365.2739568725228,3.730256712766456,77.22794342041016,94.0,1.0,0.0,0.0,166.52945137023926,187.4788548797369,327.1139611005783,0.4446950457593799,MODERATE,IMD 0.25 degree gridded daily rainfall 2024,0.25 x 0.25 degree
Oliha,397045,Mahakalapada,Kendrapara,20.454644493216577,86.56440738102245,1365.2739568725228,3.730256712766456,77.22794342041016,94.0,1.0,0.0,0.0,166.52945137023926,187.4788548797369,327.1139611005783,0.4446950457593799,MODERATE,IMD 0.25 degree gridded daily rainfall 2024,0.25 x 0.25 degree
Olihanilakanthapur,397057,Mahakalapada,Kendrapara,20.4504437846279,86.5564443582643,1365.2739568725228,3.730256712766456,77.22794342041016,94.0,1.0,0.0,0.0,166.52945137023926,187.4788548797369,327.1139611005783,0.4446950457593799,MODERATE,IMD 0.25 degree gridded daily rainfall 2024,0.25 x 0.25 degree
Balipal,397039,Mahakalapada,Kendrapara,20.455809617430827,86.58399006950955,1365.2739568725228,3.730256712766456,77.22794342041016,94.0,1.0,0.0,0.0,166.52945137023926,187.4788548797369,327.1139611005783,0.4446950457593799,MODERATE,IMD 0.25 degree gridded daily rainfall 2024,0.25 x 0.25 degree
Arada,397033,Mahakalapada,Kendrapara,20.453505197139,86.62414527693724,1365.2739568725228,3.730256712766456,77.22794342041016,94.0,1.0,0.0,0.0,166.52945137023926,187.4788548797369,327.1139611005783,0.4446950457593799,MODERATE,IMD 0.25 degree gridded daily rainfall 2024,0.25 x 0.25 degree
Benupal,396922,Mahakalapada,Kendrapara,20.40640389208162,86.53600274885093,1365.2739568725228,3.730256712766456,77.22794342041016,94.0,1.0,0.0,0.0,166.52945137023926,187.4788548797369,327.1139611005783,0.4446950457593799,MODERATE,IMD 0.25 degree gridded daily rainfall 2024,0.25 x 0.25 degree
Ekalapur,397027,Mahakalapada,Kendrapara,20.453897828152428,86.64166021417157,1416.3522049933672,3.8698147677414405,100.4802474975586,94.0,2.0,0.0,0.0,219.51153945922852,234.21389782428741,303.70591466128826,0.5378752947467564,HIGH,IMD 0.25 degree gridded daily rainfall 2024,0.25 x 0.25 degree
Nachhi Pada,397049,Mahakalapada,Kendrapara,20.461545458719385,86.53727972196549,1365.2739568725228,3.730256712766456,77.22794342041016,94.0,1.0,0.0,0.0,166.52945137023926,187.4788548797369,327.1139611005783,0.4446950457593799,MODERATE,IMD 0.25 degree gridded daily rainfall 2024,0.25 x 0.25 degree
Basaghar,397043,Mahakalapada,Kendrapara,20.463535472568854,86.57721135635526,1365.2739568725228,3.730256712766456,77.22794342041016,94.0,1.0,0.0,0.0,166.52945137023926,187.4788548797369,327.1139611005783,0.4446950457593799,MODERATE,IMD 0.25 degree gridded daily rainfall 2024,0.25 x 0.25 degree
Sahoo Pada,396985,Mahakalapada,Kendrapara,20.487589613369202,86.60523899006239,1365.2739568725228,3.730256712766456,77.22794342041016,94.0,1.0,0.0,0.0,166.52945137023926,187.4788548797369,327.1139611005783,0.4446950457593799,MODERATE,IMD 0.25 degree gridded daily rainfall 2024,0.25 x 0.25 degree
Batakuli,397096,Mahakalapada,Kendrapara,20.396904311948603,86.6045694725946,1365.2739568725228,3.730256712766456,77.22794342041016,94.0,1.0,0.0,0.0,166.52945137023926,187.4788548797369,327.1139611005783,0.4446950457593799,MODERATE,IMD 0.25 degree gridded daily rainfall 2024,0.25 x 0.25 degree
Potakani,397108,Mahakalapada,Kendrapara,20.38268560439755,86.62541076880416,1416.3522049933672,3.8698147677414405,100.4802474975586,94.0,2.0,0.0,0.0,219.51153945922852,234.21389782428741,303.70591466128826,0.5378752947467564,HIGH,IMD 0.25 degree gridded daily rainfall 2024,0.25 x 0.25 degree
Niyamatpur,397050,Mahakalapada,Kendrapara,20.46682546181158,86.53313229106229,1365.2739568725228,3.730256712766456,77.22794342041016,94.0,1.0,0.0,0.0,166.52945137023926,187.4788548797369,327.1139611005783,0.4446950457593799,MODERATE,IMD 0.25 degree gridded daily rainfall 2024,0.25 x 0.25 degree
Dahimachha,396921,Mahakalapada,Kendrapara,20.39699150315215,86.53448986820644,1365.2739568725228,3.730256712766456,77.22794342041016,94.0,1.0,0.0,0.0,166.52945137023926,187.4788548797369,327.1139611005783,0.4446950457593799,MODERATE,IMD 0.25 degree gridded daily rainfall 2024,0.25 x 0.25 degree
Rama Chandra Pur,396987,Mahakalapada,Kendrapara,20.47962717365983,86.6184782526611,1365.2739568725228,3.730256712766456,77.22794342041016,94.0,1.0,0.0,0.0,166.52945137023926,187.4788548797369,327.1139611005783,0.4446950457593799,MODERATE,IMD 0.25 degree gridded daily rainfall 2024,0.25 x 0.25 degree
Jasuapalli,397036,Mahakalapada,Kendrapara,20.472298572854456,86.59474375139662,1365.2739568725228,3.730256712766456,77.22794342041016,94.0,1.0,0.0,0.0,166.52945137023926,187.4788548797369,327.1139611005783,0.4446950457593799,MODERATE,IMD 0.25 degree gridded daily rainfall 2024,0.25 x 0.25 degree
Potia,397035,Mahakalapada,Kendrapara,20.471384160641154,86.60953328804271,1365.2739568725228,3.730256712766456,77.22794342041016,94.0,1.0,0.0,0.0,166.52945137023926,187.4788548797369,327.1139611005783,0.4446950457593799,MODERATE,IMD 0.25 degree gridded daily rainfall 2024,0.25 x 0.25 degree
Alailo,397047,Mahakalapada,Kendrapara,20.4714270756104,86.5518351638598,1365.2739568725228,3.730256712766456,77.22794342041016,94.0,1.0,0.0,0.0,166.52945137023926,187.4788548797369,327.1139611005783,0.4446950457593799,MODERATE,IMD 0.25 degree gridded daily rainfall 2024,0.25 x 0.25 degree
Baulapara,397095,Mahakalapada,Kendrapara,20.403748179135206,86.59308697869149,1365.2739568725228,3.730256712766456,77.22794342041016,94.0,1.0,0.0,0.0,166.52945137023926,187.4788548797369,327.1139611005783,0.4446950457593799,MODERATE,IMD 0.25 degree gridded daily rainfall 2024,0.25 x 0.25 degree
Gobardhanpur,396923,Mahakalapada,Kendrapara,20.409530510432937,86.54183605745365,1365.2739568725228,3.730256712766456,77.22794342041016,94.0,1.0,0.0,0.0,166.52945137023926,187.4788548797369,327.1139611005783,0.4446950457593799,MODERATE,IMD 0.25 degree gridded daily rainfall 2024,0.25 x 0.25 degree
Kumbharapara,397098,Mahakalapada,Kendrapara,20.404976200304237,86.61421489178747,1365.2739568725228,3.730256712766456,77.22794342041016,94.0,1.0,0.0,0.0,166.52945137023926,187.4788548797369,327.1139611005783,0.4446950457593799,MODERATE,IMD 0.25 degree gridded daily rainfall 2024,0.25 x 0.25 degree
Marichakani,397100,Mahakalapada,Kendrapara,20.392697911391842,86.61458692606743,1365.2739568725228,3.730256712766456,77.22794342041016,94.0,1.0,0.0,0.0,166.52945137023926,187.4788548797369,327.1139611005783,0.4446950457593799,MODERATE,IMD 0.25 degree gridded daily rainfall 2024,0.25 x 0.25 degree
Baradia,395618,Rajkanika,Kendrapara,20.739616918931524,86.75158960189366,1439.8138199448586,3.933917540832947,122.3011703491211,89.0,2.0,1.0,0.0,254.9297924041748,270.06409645080566,334.2525098323822,0.6098682748579979,HIGH,IMD 0.25 degree gridded daily rainfall 2024,0.25 x 0.25 degree
Kusiapal,397069,Mahakalapada,Kendrapara,20.453903387787904,86.66163308158713,1416.3522049933672,3.8698147677414405,100.4802474975586,94.0,2.0,0.0,0.0,219.51153945922852,234.21389782428741,303.70591466128826,0.5378752947467564,HIGH,IMD 0.25 degree gridded daily rainfall 2024,0.25 x 0.25 degree
Balisahipatna,395912,Rajnagar,Kendrapara,20.61715107317591,86.72360311336574,1416.3522049933672,3.8698147677414405,100.4802474975586,94.0,2.0,0.0,0.0,219.51153945922852,234.21389782428741,303.70591466128826,0.5378752947467564,HIGH,IMD 0.25 degree gridded daily rainfall 2024,0.25 x 0.25 degree
Baulakani,397112,Mahakalapada,Kendrapara,20.402398624781295,86.66778644727856,1416.3522049933672,3.8698147677414405,100.4802474975586,94.0,2.0,0.0,0.0,219.51153945922852,234.21389782428741,303.70591466128826,0.5378752947467564,HIGH,IMD 0.25 degree gridded daily rainfall 2024,0.25 x 0.25 degree
Petchhela,396058,Mahakalapada,Kendrapara,20.385308604679697,86.6639136373267,1416.3522049933672,3.8698147677414405,100.4802474975586,94.0,2.0,0.0,0.0,219.51153945922852,234.21389782428741,303.70591466128826,0.5378752947467564,HIGH,IMD 0.25 degree gridded daily rainfall 2024,0.25 x 0.25 degree
Tanki Belari,397078,Mahakalapada,Kendrapara,20.41340001835693,86.65791923068738,1416.3522049933672,3.8698147677414405,100.4802474975586,94.0,2.0,0.0,0.0,219.51153945922852,234.21389782428741,303.70591466128826,0.5378752947467564,HIGH,IMD 0.25 degree gridded daily rainfall 2024,0.25 x 0.25 degree
Narasingha Pur,397015,Mahakalapada,Kendrapara,20.493553738596134,86.73406668565059,1416.3522049933672,3.8698147677414405,100.4802474975586,94.0,2.0,0.0,0.0,219.51153945922852,234.21389782428741,303.70591466128826,0.5378752947467564,HIGH,IMD 0.25 degree gridded daily rainfall 2024,0.25 x 0.25 degree
Maladhia,397081,Mahakalapada,Kendrapara,20.41512522126756,86.64892901521759,1416.3522049933672,3.8698147677414405,100.4802474975586,94.0,2.0,0.0,0.0,219.51153945922852,234.21389782428741,303.70591466128826,0.5378752947467564,HIGH,IMD 0.25 degree gridded daily rainfall 2024,0.25 x 0.25 degree
Babara,396992,Mahakalapada,Kendrapara,20.48666881543231,86.64984545747754,1416.3522049933672,3.8698147677414405,100.4802474975586,94.0,2.0,0.0,0.0,219.51153945922852,234.21389782428741,303.70591466128826,0.5378752947467564,HIGH,IMD 0.25 degree gridded daily rainfall 2024,0.25 x 0.25 degree
Pancha Gachhia,397018,Mahakalapada,Kendrapara,20.451117741899253,86.69218921141882,1416.3522049933672,3.8698147677414405,100.4802474975586,94.0,2.0,0.0,0.0,219.51153945922852,234.21389782428741,303.70591466128826,0.5378752947467564,HIGH,IMD 0.25 degree gridded daily rainfall 2024,0.25 x 0.25 degree
Kakat Pur,396993,Mahakalapada,Kendrapara,20.478323381417788,86.65335963839398,1416.3522049933672,3.8698147677414405,100.4802474975586,94.0,2.0,0.0,0.0,219.51153945922852,234.21389782428741,303.70591466128826,0.5378752947467564,HIGH,IMD 0.25 degree gridded daily rainfall 2024,0.25 x 0.25 degree
Jamboo,396057,Mahakalapada,Kendrapara,20.42450579124982,86.72280943332731,1416.3522049933672,3.8698147677414405,100.4802474975586,94.0,2.0,0.0,0.0,219.51153945922852,234.21389782428741,303.70591466128826,0.5378752947467564,HIGH,IMD 0.25 degree gridded daily rainfall 2024,0.25 x 0.25 degree
Sugal,397021,Mahakalapada,Kendrapara,20.46256323871966,86.67966883163052,1416.3522049933672,3.8698147677414405,100.4802474975586,94.0,2.0,0.0,0.0,219.51153945922852,234.21389782428741,303.70591466128826,0.5378752947467564,HIGH,IMD 0.25 degree gridded daily rainfall 2024,0.25 x 0.25 degree
Bhitarsubala,397079,Mahakalapada,Kendrapara,20.419428553016566,86.66421639161467,1416.3522049933672,3.8698147677414405,100.4802474975586,94.0,2.0,0.0,0.0,219.51153945922852,234.21389782428741,303.70591466128826,0.5378752947467564,HIGH,IMD 0.25 degree gridded daily rainfall 2024,0.25 x 0.25 degree
Maladhia,397004,Mahakalapada,Kendrapara,20.48682270898297,86.72952956955353,1416.3522049933672,3.8698147677414405,100.4802474975586,94.0,2.0,0.0,0.0,219.51153945922852,234.21389782428741,303.70591466128826,0.5378752947467564,HIGH,IMD 0.25 degree gridded daily rainfall 2024,0.25 x 0.25 degree
Badatota Chhapali,397077,Mahakalapada,Kendrapara,20.419478288698883,86.68040950635844,1416.3522049933672,3.8698147677414405,100.4802474975586,94.0,2.0,0.0,0.0,219.51153945922852,234.21389782428741,303.70591466128826,0.5378752947467564,HIGH,IMD 0.25 degree gridded daily rainfall 2024,0.25 x 0.25 degree
Bara Danga,397067,Mahakalapada,Kendrapara,20.43675091489414,86.65328685556543,1416.3522049933672,3.8698147677414405,100.4802474975586,94.0,2.0,0.0,0.0,219.51153945922852,234.21389782428741,303.70591466128826,0.5378752947467564,HIGH,IMD 0.25 degree gridded daily rainfall 2024,0.25 x 0.25 degree
Kalatunga,396995,Mahakalapada,Kendrapara,20.47779000645503,86.68066282553966,1416.3522049933672,3.8698147677414405,100.4802474975586,94.0,2.0,0.0,0.0,219.51153945922852,234.21389782428741,303.70591466128826,0.5378752947467564,HIGH,IMD 0.25 degree gridded daily rainfall 2024,0.25 x 0.25 degree
Pankapal,397073,Mahakalapada,Kendrapara,20.434474800617114,86.6739652968192,1416.3522049933672,3.8698147677414405,100.4802474975586,94.0,2.0,0.0,0.0,219.51153945922852,234.21389782428741,303.70591466128826,0.5378752947467564,HIGH,IMD 0.25 degree gridded daily rainfall 2024,0.25 x 0.25 degree
Baliganda Ratanpur,396997,Mahakalapada,Kendrapara,20.493616056446832,86.67339166468068,1416.3522049933672,3.8698147677414405,100.4802474975586,94.0,2.0,0.0,0.0,219.51153945922852,234.21389782428741,303.70591466128826,0.5378752947467564,HIGH,IMD 0.25 degree gridded daily rainfall 2024,0.25 x 0.25 degree
Radia,397028,Mahakalapada,Kendrapara,20.45322236601489,86.6567582087798,1416.3522049933672,3.8698147677414405,100.4802474975586,94.0,2.0,0.0,0.0,219.51153945922852,234.21389782428741,303.70591466128826,0.5378752947467564,HIGH,IMD 0.25 degree gridded daily rainfall 2024,0.25 x 0.25 degree
Kharianta,397023,Mahakalapada,Kendrapara,20.4606068907932,86.66539533882204,1416.3522049933672,3.8698147677414405,100.4802474975586,94.0,2.0,0.0,0.0,219.51153945922852,234.21389782428741,303.70591466128826,0.5378752947467564,HIGH,IMD 0.25 degree gridded daily rainfall 2024,0.25 x 0.25 degree
Bhateni,397075,Mahakalapada,Kendrapara,20.42473947906454,86.70237938298891,1416.3522049933672,3.8698147677414405,100.4802474975586,94.0,2.0,0.0,0.0,219.51153945922852,234.21389782428741,303.70591466128826,0.5378752947467564,HIGH,IMD 0.25 degree gridded daily rainfall 2024,0.25 x 0.25 degree
Badamatha,397080,Mahakalapada,Kendrapara,20.429706905924704,86.65954593836221,1416.3522049933672,3.8698147677414405,100.4802474975586,94.0,2.0,0.0,0.0,219.51153945922852,234.21389782428741,303.70591466128826,0.5378752947467564,HIGH,IMD 0.25 degree gridded daily rainfall 2024,0.25 x 0.25 degree
Bagagahan,397074,Mahakalapada,Kendrapara,20.433608770602103,86.68876098546778,1416.3522049933672,3.8698147677414405,100.4802474975586,94.0,2.0,0.0,0.0,219.51153945922852,234.21389782428741,303.70591466128826,0.5378752947467564,HIGH,IMD 0.25 degree gridded daily rainfall 2024,0.25 x 0.25 degree
Kansapal,397076,Mahakalapada,Kendrapara,20.42282921554782,86.69072726915337,1416.3522049933672,3.8698147677414405,100.4802474975586,94.0,2.0,0.0,0.0,219.51153945922852,234.21389782428741,303.70591466128826,0.5378752947467564,HIGH,IMD 0.25 degree gridded daily rainfall 2024,0.25 x 0.25 degree
Kansara,397071,Mahakalapada,Kendrapara,20.443421776673695,86.6705808769006,1416.3522049933672,3.8698147677414405,100.4802474975586,94.0,2.0,0.0,0.0,219.51153945922852,234.21389782428741,303.70591466128826,0.5378752947467564,HIGH,IMD 0.25 degree gridded daily rainfall 2024,0.25 x 0.25 degree
Badadandua,397072,Mahakalapada,Kendrapara,20.443398557567182,86.6853526052196,1416.3522049933672,3.8698147677414405,100.4802474975586,94.0,2.0,0.0,0.0,219.51153945922852,234.21389782428741,303.70591466128826,0.5378752947467564,HIGH,IMD 0.25 degree gridded daily rainfall 2024,0.25 x 0.25 degree
Bala Bhadrapur,397068,Mahakalapada,Kendrapara,20.443102424046714,86.66076619610507,1416.3522049933672,3.8698147677414405,100.4802474975586,94.0,2.0,0.0,0.0,219.51153945922852,234.21389782428741,303.70591466128826,0.5378752947467564,HIGH,IMD 0.25 degree gridded daily rainfall 2024,0.25 x 0.25 degree
Guludia,397022,Mahakalapada,Kendrapara,20.47040312611722,86.6671302880758,1416.3522049933672,3.8698147677414405,100.4802474975586,94.0,2.0,0.0,0.0,219.51153945922852,234.21389782428741,303.70591466128826,0.5378752947467564,HIGH,IMD 0.25 degree gridded daily rainfall 2024,0.25 x 0.25 degree
Sana Rahama,396991,Mahakalapada,Kendrapara,20.488149239959824,86.64336005232111,1416.3522049933672,3.8698147677414405,100.4802474975586,94.0,2.0,0.0,0.0,219.51153945922852,234.21389782428741,303.70591466128826,0.5378752947467564,HIGH,IMD 0.25 degree gridded daily rainfall 2024,0.25 x 0.25 degree
Bahar Subala,397029,Mahakalapada,Kendrapara,20.44612693112913,86.64708147351305,1416.3522049933672,3.8698147677414405,100.4802474975586,94.0,2.0,0.0,0.0,219.51153945922852,234.21389782428741,303.70591466128826,0.5378752947467564,HIGH,IMD 0.25 degree gridded daily rainfall 2024,0.25 x 0.25 degree
Bhuinpada,397002,Mahakalapada,Kendrapara,20.483662013012705,86.70505967305616,1416.3522049933672,3.8698147677414405,100.4802474975586,94.0,2.0,0.0,0.0,219.51153945922852,234.21389782428741,303.70591466128826,0.5378752947467564,HIGH,IMD 0.25 degree gridded daily rainfall 2024,0.25 x 0.25 degree
Badapal,397020,Mahakalapada,Kendrapara,20.45479381647531,86.68030825274596,1416.3522049933672,3.8698147677414405,100.4802474975586,94.0,2.0,0.0,0.0,219.51153945922852,234.21389782428741,303.70591466128826,0.5378752947467564,HIGH,IMD 0.25 degree gridded daily rainfall 2024,0.25 x 0.25 degree
Sankachit,397003,Mahakalapada,Kendrapara,20.488499625519562,86.71492281393344,1416.3522049933672,3.8698147677414405,100.4802474975586,94.0,2.0,0.0,0.0,219.51153945922852,234.21389782428741,303.70591466128826,0.5378752947467564,HIGH,IMD 0.25 degree gridded daily rainfall 2024,0.25 x 0.25 degree
Tarapada,397070,Mahakalapada,Kendrapara,20.45444830266842,86.67061381924702,1416.3522049933672,3.8698147677414405,100.4802474975586,94.0,2.0,0.0,0.0,219.51153945922852,234.21389782428741,303.70591466128826,0.5378752947467564,HIGH,IMD 0.25 degree gridded daily rainfall 2024,0.25 x 0.25 degree
Kandara Patia,396056,Mahakalapada,Kendrapara,20.4566098772679,86.7294323451514,1416.3522049933672,3.8698147677414405,100.4802474975586,94.0,2.0,0.0,0.0,219.51153945922852,234.21389782428741,303.70591466128826,0.5378752947467564,HIGH,IMD 0.25 degree gridded daily rainfall 2024,0.25 x 0.25 degree
Nalitapatia,395760,Rajnagar,Kendrapara,20.751559130265633,86.83823353908465,1439.8138199448586,3.933917540832947,122.3011703491211,89.0,2.0,1.0,0.0,254.9297924041748,270.06409645080566,334.2525098323822,0.6098682748579979,HIGH,IMD 0.25 degree gridded daily rainfall 2024,0.25 x 0.25 degree
Kantilo,397019,Mahakalapada,Kendrapara,20.45644473526772,86.69158384848664,1416.3522049933672,3.8698147677414405,100.4802474975586,94.0,2.0,0.0,0.0,219.51153945922852,234.21389782428741,303.70591466128826,0.5378752947467564,HIGH,IMD 0.25 degree gridded daily rainfall 2024,0.25 x 0.25 degree
Bada Baincha,397024,Mahakalapada,Kendrapara,20.46376596517394,86.65455961030082,1416.3522049933672,3.8698147677414405,100.4802474975586,94.0,2.0,0.0,0.0,219.51153945922852,234.21389782428741,303.70591466128826,0.5378752947467564,HIGH,IMD 0.25 degree gridded daily rainfall 2024,0.25 x 0.25 degree
Kholanai,397025,Mahakalapada,Kendrapara,20.46887462723495,86.64813003234283,1416.3522049933672,3.8698147677414405,100.4802474975586,94.0,2.0,0.0,0.0,219.51153945922852,234.21389782428741,303.70591466128826,0.5378752947467564,HIGH,IMD 0.25 degree gridded daily rainfall 2024,0.25 x 0.25 degree
Kiabaria,397111,Mahakalapada,Kendrapara,20.39735049488239,86.64661157767665,1416.3522049933672,3.8698147677414405,100.4802474975586,94.0,2.0,0.0,0.0,219.51153945922852,234.21389782428741,303.70591466128826,0.5378752947467564,HIGH,IMD 0.25 degree gridded daily rainfall 2024,0.25 x 0.25 degree
Gogua,396996,Mahakalapada,Kendrapara,20.489417512097944,86.66213501850248,1416.3522049933672,3.8698147677414405,100.4802474975586,94.0,2.0,0.0,0.0,219.51153945922852,234.21389782428741,303.70591466128826,0.5378752947467564,HIGH,IMD 0.25 degree gridded daily rainfall 2024,0.25 x 0.25 degree
Panikhia,397000,Mahakalapada,Kendrapara,20.489693774153437,86.69493438967389,1416.3522049933672,3.8698147677414405,100.4802474975586,94.0,2.0,0.0,0.0,219.51153945922852,234.21389782428741,303.70591466128826,0.5378752947467564,HIGH,IMD 0.25 degree gridded daily rainfall 2024,0.25 x 0.25 degree
Bandha Para,396994,Mahakalapada,Kendrapara,20.47750244045251,86.65965193419058,1416.3522049933672,3.8698147677414405,100.4802474975586,94.0,2.0,0.0,0.0,219.51153945922852,234.21389782428741,303.70591466128826,0.5378752947467564,HIGH,IMD 0.25 degree gridded daily rainfall 2024,0.25 x 0.25 degree
Baligarh,397131,Mahakalapada,Kendrapara,20.37991863409206,86.74070168026952,1416.3522049933672,3.8698147677414405,100.4802474975586,94.0,2.0,0.0,0.0,219.51153945922852,234.21389782428741,303.70591466128826,0.5378752947467564,HIGH,IMD 0.25 degree gridded daily rainfall 2024,0.25 x 0.25 degree
Hariabanka,397129,Mahakalapada,Kendrapara,20.380127623875865,86.70444482601664,1416.3522049933672,3.8698147677414405,100.4802474975586,94.0,2.0,0.0,0.0,219.51153945922852,234.21389782428741,303.70591466128826,0.5378752947467564,HIGH,IMD 0.25 degree gridded daily rainfall 2024,0.25 x 0.25 degree
Suniti Bena Kandha,397017,Mahakalapada,Kendrapara,20.458598098365215,86.71010482053597,1416.3522049933672,3.8698147677414405,100.4802474975586,94.0,2.0,0.0,0.0,219.51153945922852,234.21389782428741,303.70591466128826,0.5378752947467564,HIGH,IMD 0.25 degree gridded daily rainfall 2024,0.25 x 0.25 degree
Bana Pada,397016,Mahakalapada,Kendrapara,20.48097683190572,86.7444142810906,1416.3522049933672,3.8698147677414405,100.4802474975586,94.0,2.0,0.0,0.0,219.51153945922852,234.21389782428741,303.70591466128826,0.5378752947467564,HIGH,IMD 0.25 degree gridded daily rainfall 2024,0.25 x 0.25 degree
Khamarsahi,395761,Rajnagar,Kendrapara,20.751281305393398,86.8439831232202,1439.8138199448586,3.933917540832947,122.3011703491211,89.0,2.0,1.0,0.0,254.9297924041748,270.06409645080566,334.2525098323822,0.6098682748579979,HIGH,IMD 0.25 degree gridded daily rainfall 2024,0.25 x 0.25 degree
Gobardhanpur,396025,Rajnagar,Kendrapara,20.537809673054134,86.73676145711755,1416.3522049933672,3.8698147677414405,100.4802474975586,94.0,2.0,0.0,0.0,219.51153945922852,234.21389782428741,303.70591466128826,0.5378752947467564,HIGH,IMD 0.25 degree gridded daily rainfall 2024,0.25 x 0.25 degree
Koilipur,396042,Rajnagar,Kendrapara,20.527608191302967,86.7315031950433,1416.3522049933672,3.8698147677414405,100.4802474975586,94.0,2.0,0.0,0.0,219.51153945922852,234.21389782428741,303.70591466128826,0.5378752947467564,HIGH,IMD 0.25 degree gridded daily rainfall 2024,0.25 x 0.25 degree
Rata Panga,397014,Mahakalapada,Kendrapara,20.500629750425233,86.73811126826327,1416.3522049933672,3.8698147677414405,100.4802474975586,94.0,2.0,0.0,0.0,219.51153945922852,234.21389782428741,303.70591466128826,0.5378752947467564,HIGH,IMD 0.25 degree gridded daily rainfall 2024,0.25 x 0.25 degree
Bhatapara,395943,Rajnagar,Kendrapara,20.59249505969106,86.70106433584756,1416.3522049933672,3.8698147677414405,100.4802474975586,94.0,2.0,0.0,0.0,219.51153945922852,234.21389782428741,303.70591466128826,0.5378752947467564,HIGH,IMD 0.25 degree gridded daily rainfall 2024,0.25 x 0.25 degree
Maliabuda,395949,Rajnagar,Kendrapara,20.58813288598749,86.73425862995929,1416.3522049933672,3.8698147677414405,100.4802474975586,94.0,2.0,0.0,0.0,219.51153945922852,234.21389782428741,303.70591466128826,0.5378752947467564,HIGH,IMD 0.25 degree gridded daily rainfall 2024,0.25 x 0.25 degree
Jayapur,396024,Rajnagar,Kendrapara,20.541908177482313,86.74889382612557,1416.3522049933672,3.8698147677414405,100.4802474975586,94.0,2.0,0.0,0.0,219.51153945922852,234.21389782428741,303.70591466128826,0.5378752947467564,HIGH,IMD 0.25 degree gridded daily rainfall 2024,0.25 x 0.25 degree
Tarapada,395997,Rajnagar,Kendrapara,20.563967356020136,86.74265755944515,1416.3522049933672,3.8698147677414405,100.4802474975586,94.0,2.0,0.0,0.0,219.51153945922852,234.21389782428741,303.70591466128826,0.5378752947467564,HIGH,IMD 0.25 degree gridded daily rainfall 2024,0.25 x 0.25 degree
Badkota,396005,Rajnagar,Kendrapara,20.547481650000606,86.71914078343468,1416.3522049933672,3.8698147677414405,100.4802474975586,94.0,2.0,0.0,0.0,219.51153945922852,234.21389782428741,303.70591466128826,0.5378752947467564,HIGH,IMD 0.25 degree gridded daily rainfall 2024,0.25 x 0.25 degree
Taradeipur,396040,Rajnagar,Kendrapara,20.512026711784458,86.72277840427742,1416.3522049933672,3.8698147677414405,100.4802474975586,94.0,2.0,0.0,0.0,219.51153945922852,234.21389782428741,303.70591466128826,0.5378752947467564,HIGH,IMD 0.25 degree gridded daily rainfall 2024,0.25 x 0.25 degree
Doligan,396998,Mahakalapada,Kendrapara,20.49462106519709,86.68211304118815,1416.3522049933672,3.8698147677414405,100.4802474975586,94.0,2.0,0.0,0.0,219.51153945922852,234.21389782428741,303.70591466128826,0.5378752947467564,HIGH,IMD 0.25 degree gridded daily rainfall 2024,0.25 x 0.25 degree
Isani Palla,396032,Rajnagar,Kendrapara,20.515617048797626,86.69543641770582,1416.3522049933672,3.8698147677414405,100.4802474975586,94.0,2.0,0.0,0.0,219.51153945922852,234.21389782428741,303.70591466128826,0.5378752947467564,HIGH,IMD 0.25 degree gridded daily rainfall 2024,0.25 x 0.25 degree
Tetelenga,396027,Rajnagar,Kendrapara,20.537439898853002,86.71911463681714,1416.3522049933672,3.8698147677414405,100.4802474975586,94.0,2.0,0.0,0.0,219.51153945922852,234.21389782428741,303.70591466128826,0.5378752947467564,HIGH,IMD 0.25 degree gridded daily rainfall 2024,0.25 x 0.25 degree
Balarampur,396009,Rajnagar,Kendrapara,20.55667576335579,86.75393344130453,1416.3522049933672,3.8698147677414405,100.4802474975586,94.0,2.0,0.0,0.0,219.51153945922852,234.21389782428741,303.70591466128826,0.5378752947467564,HIGH,IMD 0.25 degree gridded daily rainfall 2024,0.25 x 0.25 degree
Praharajpur,396043,Rajnagar,Kendrapara,20.529158916623487,86.74730500403663,1416.3522049933672,3.8698147677414405,100.4802474975586,94.0,2.0,0.0,0.0,219.51153945922852,234.21389782428741,303.70591466128826,0.5378752947467564,HIGH,IMD 0.25 degree gridded daily rainfall 2024,0.25 x 0.25 degree
Arakhadiha,396006,Rajnagar,Kendrapara,20.55167715077262,86.72474592187083,1416.3522049933672,3.8698147677414405,100.4802474975586,94.0,2.0,0.0,0.0,219.51153945922852,234.21389782428741,303.70591466128826,0.5378752947467564,HIGH,IMD 0.25 degree gridded daily rainfall 2024,0.25 x 0.25 degree
Mangalpur,395909,Rajnagar,Kendrapara,20.60877316022664,86.74380390633229,1416.3522049933672,3.8698147677414405,100.4802474975586,94.0,2.0,0.0,0.0,219.51153945922852,234.21389782428741,303.70591466128826,0.5378752947467564,HIGH,IMD 0.25 degree gridded daily rainfall 2024,0.25 x 0.25 degree
Garjang,397001,Mahakalapada,Kendrapara,20.49965499798808,86.70361521372797,1416.3522049933672,3.8698147677414405,100.4802474975586,94.0,2.0,0.0,0.0,219.51153945922852,234.21389782428741,303.70591466128826,0.5378752947467564,HIGH,IMD 0.25 degree gridded daily rainfall 2024,0.25 x 0.25 degree
Odiasala,397012,Mahakalapada,Kendrapara,20.494746996408196,86.75256400987422,1416.3522049933672,3.8698147677414405,100.4802474975586,94.0,2.0,0.0,0.0,219.51153945922852,234.21389782428741,303.70591466128826,0.5378752947467564,HIGH,IMD 0.25 degree gridded daily rainfall 2024,0.25 x 0.25 degree
Basantpur,396037,Rajnagar,Kendrapara,20.50772359846583,86.71181785075237,1416.3522049933672,3.8698147677414405,100.4802474975586,94.0,2.0,0.0,0.0,219.51153945922852,234.21389782428741,303.70591466128826,0.5378752947467564,HIGH,IMD 0.25 degree gridded daily rainfall 2024,0.25 x 0.25 degree
Inkiria,396038,Rajnagar,Kendrapara,20.511918620008565,86.71944339998586,1416.3522049933672,3.8698147677414405,100.4802474975586,94.0,2.0,0.0,0.0,219.51153945922852,234.21389782428741,303.70591466128826,0.5378752947467564,HIGH,IMD 0.25 degree gridded daily rainfall 2024,0.25 x 0.25 degree
Gankalu Para,396030,Rajnagar,Kendrapara,20.52007146610009,86.71088056787482,1416.3522049933672,3.8698147677414405,100.4802474975586,94.0,2.0,0.0,0.0,219.51153945922852,234.21389782428741,303.70591466128826,0.5378752947467564,HIGH,IMD 0.25 degree gridded daily rainfall 2024,0.25 x 0.25 degree
Duttapur,396041,Rajnagar,Kendrapara,20.520715980889825,86.7298536127622,1416.3522049933672,3.8698147677414405,100.4802474975586,94.0,2.0,0.0,0.0,219.51153945922852,234.21389782428741,303.70591466128826,0.5378752947467564,HIGH,IMD 0.25 degree gridded daily rainfall 2024,0.25 x 0.25 degree
Kani,395950,Rajnagar,Kendrapara,20.586578206491094,86.74559782888326,1416.3522049933672,3.8698147677414405,100.4802474975586,94.0,2.0,0.0,0.0,219.51153945922852,234.21389782428741,303.70591466128826,0.5378752947467564,HIGH,IMD 0.25 degree gridded daily rainfall 2024,0.25 x 0.25 degree
Madhyapara,395939,Rajnagar,Kendrapara,20.598845046876868,86.6842650031565,1416.3522049933672,3.8698147677414405,100.4802474975586,94.0,2.0,0.0,0.0,219.51153945922852,234.21389782428741,303.70591466128826,0.5378752947467564,HIGH,IMD 0.25 degree gridded daily rainfall 2024,0.25 x 0.25 degree
Bandhapara,395938,Rajnagar,Kendrapara,20.58830288776891,86.68228584900918,1416.3522049933672,3.8698147677414405,100.4802474975586,94.0,2.0,0.0,0.0,219.51153945922852,234.21389782428741,303.70591466128826,0.5378752947467564,HIGH,IMD 0.25 degree gridded daily rainfall 2024,0.25 x 0.25 degree
Rajagarh,395948,Rajnagar,Kendrapara,20.597794735410496,86.73593320339458,1416.3522049933672,3.8698147677414405,100.4802474975586,94.0,2.0,0.0,0.0,219.51153945922852,234.21389782428741,303.70591466128826,0.5378752947467564,HIGH,IMD 0.25 degree gridded daily rainfall 2024,0.25 x 0.25 degree
Kusailo,395941,Rajnagar,Kendrapara,20.60306375149164,86.70072863505185,1416.3522049933672,3.8698147677414405,100.4802474975586,94.0,2.0,0.0,0.0,219.51153945922852,234.21389782428741,303.70591466128826,0.5378752947467564,HIGH,IMD 0.25 degree gridded daily rainfall 2024,0.25 x 0.25 degree
Badolara,395942,Rajnagar,Kendrapara,20.602908569962153,86.71107388532475,1416.3522049933672,3.8698147677414405,100.4802474975586,94.0,2.0,0.0,0.0,219.51153945922852,234.21389782428741,303.70591466128826,0.5378752947467564,HIGH,IMD 0.25 degree gridded daily rainfall 2024,0.25 x 0.25 degree
Nanjura,396999,Mahakalapada,Kendrapara,20.496656667644935,86.69242747873346,1416.3522049933672,3.8698147677414405,100.4802474975586,94.0,2.0,0.0,0.0,219.51153945922852,234.21389782428741,303.70591466128826,0.5378752947467564,HIGH,IMD 0.25 degree gridded daily rainfall 2024,0.25 x 0.25 degree
Dhaneswarpur,396004,Rajnagar,Kendrapara,20.55554326738848,86.72417070886327,1416.3522049933672,3.8698147677414405,100.4802474975586,94.0,2.0,0.0,0.0,219.51153945922852,234.21389782428741,303.70591466128826,0.5378752947467564,HIGH,IMD 0.25 degree gridded daily rainfall 2024,0.25 x 0.25 degree
Baragudidanda,395946,Rajnagar,Kendrapara,20.590075780842987,86.72780581457891,1416.3522049933672,3.8698147677414405,100.4802474975586,94.0,2.0,0.0,0.0,219.51153945922852,234.21389782428741,303.70591466128826,0.5378752947467564,HIGH,IMD 0.25 degree gridded daily rainfall 2024,0.25 x 0.25 degree
Nurugan,395944,Rajnagar,Kendrapara,20.584143148556954,86.6947085833749,1416.3522049933672,3.8698147677414405,100.4802474975586,94.0,2.0,0.0,0.0,219.51153945922852,234.21389782428741,303.70591466128826,0.5378752947467564,HIGH,IMD 0.25 degree gridded daily rainfall 2024,0.25 x 0.25 degree
Barhapur,396039,Rajnagar,Kendrapara,20.521216981947198,86.71952899318322,1416.3522049933672,3.8698147677414405,100.4802474975586,94.0,2.0,0.0,0.0,219.51153945922852,234.21389782428741,303.70591466128826,0.5378752947467564,HIGH,IMD 0.25 degree gridded daily rainfall 2024,0.25 x 0.25 degree
Sanora,395999,Rajnagar,Kendrapara,20.579266209239087,86.71537417122127,1416.3522049933672,3.8698147677414405,100.4802474975586,94.0,2.0,0.0,0.0,219.51153945922852,234.21389782428741,303.70591466128826,0.5378752947467564,HIGH,IMD 0.25 degree gridded daily rainfall 2024,0.25 x 0.25 degree
Kanhua,395994,Rajnagar,Kendrapara,20.576755589668416,86.75288105089186,1416.3522049933672,3.8698147677414405,100.4802474975586,94.0,2.0,0.0,0.0,219.51153945922852,234.21389782428741,303.70591466128826,0.5378752947467564,HIGH,IMD 0.25 degree gridded daily rainfall 2024,0.25 x 0.25 degree
Benudharpur,395951,Rajnagar,Kendrapara,20.587227006538555,86.75430535089697,1416.3522049933672,3.8698147677414405,100.4802474975586,94.0,2.0,0.0,0.0,219.51153945922852,234.21389782428741,303.70591466128826,0.5378752947467564,HIGH,IMD 0.25 degree gridded daily rainfall 2024,0.25 x 0.25 degree
Kiajori,395945,Rajnagar,Kendrapara,20.589381154762457,86.7142931079527,1416.3522049933672,3.8698147677414405,100.4802474975586,94.0,2.0,0.0,0.0,219.51153945922852,234.21389782428741,303.70591466128826,0.5378752947467564,HIGH,IMD 0.25 degree gridded daily rainfall 2024,0.25 x 0.25 degree
Bhopal,397005,Mahakalapada,Kendrapara,20.503815878592373,86.72169785379378,1416.3522049933672,3.8698147677414405,100.4802474975586,94.0,2.0,0.0,0.0,219.51153945922852,234.21389782428741,303.70591466128826,0.5378752947467564,HIGH,IMD 0.25 degree gridded daily rainfall 2024,0.25 x 0.25 degree
Mundatala Sahara Kani,397013,Mahakalapada,Kendrapara,20.503511955174663,86.7492518863612,1416.3522049933672,3.8698147677414405,100.4802474975586,94.0,2.0,0.0,0.0,219.51153945922852,234.21389782428741,303.70591466128826,0.5378752947467564,HIGH,IMD 0.25 degree gridded daily rainfall 2024,0.25 x 0.25 degree
Santhapada,395933,Rajnagar,Kendrapara,20.609659549440188,86.67084927319706,1416.3522049933672,3.8698147677414405,100.4802474975586,94.0,2.0,0.0,0.0,219.51153945922852,234.21389782428741,303.70591466128826,0.5378752947467564,HIGH,IMD 0.25 degree gridded daily rainfall 2024,0.25 x 0.25 degree
Tangataila,395932,Rajnagar,Kendrapara,20.604068917505984,86.65909336082179,1416.3522049933672,3.8698147677414405,100.4802474975586,94.0,2.0,0.0,0.0,219.51153945922852,234.21389782428741,303.70591466128826,0.5378752947467564,HIGH,IMD 0.25 degree gridded daily rainfall 2024,0.25 x 0.25 degree
Badpalli,396033,Rajnagar,Kendrapara,20.511051829933436,86.68752573386959,1416.3522049933672,3.8698147677414405,100.4802474975586,94.0,2.0,0.0,0.0,219.51153945922852,234.21389782428741,303.70591466128826,0.5378752947467564,HIGH,IMD 0.25 degree gridded daily rainfall 2024,0.25 x 0.25 degree
Badmaricha Palli,396035,Rajnagar,Kendrapara,20.507356017926142,86.69872757517768,1416.3522049933672,3.8698147677414405,100.4802474975586,94.0,2.0,0.0,0.0,219.51153945922852,234.21389782428741,303.70591466128826,0.5378752947467564,HIGH,IMD 0.25 degree gridded daily rainfall 2024,0.25 x 0.25 degree
Katakana,395931,Rajnagar,Kendrapara,20.631298646312196,86.6597722534926,1439.8138199448586,3.933917540832947,122.3011703491211,89.0,2.0,1.0,0.0,254.9297924041748,270.06409645080566,334.2525098323822,0.6098682748579979,HIGH,IMD 0.25 degree gridded daily rainfall 2024,0.25 x 0.25 degree
Barunipalla,396036,Rajnagar,Kendrapara,20.51459689905797,86.70489014735554,1416.3522049933672,3.8698147677414405,100.4802474975586,94.0,2.0,0.0,0.0,219.51153945922852,234.21389782428741,303.70591466128826,0.5378752947467564,HIGH,IMD 0.25 degree gridded daily rainfall 2024,0.25 x 0.25 degree
Sasana,397007,Mahakalapada,Kendrapara,20.51231276697079,86.74394888810963,1416.3522049933672,3.8698147677414405,100.4802474975586,94.0,2.0,0.0,0.0,219.51153945922852,234.21389782428741,303.70591466128826,0.5378752947467564,HIGH,IMD 0.25 degree gridded daily rainfall 2024,0.25 x 0.25 degree
Tantiapal,396055,Mahakalapada,Kendrapara,20.51390139687038,86.73135547761407,1416.3522049933672,3.8698147677414405,100.4802474975586,94.0,2.0,0.0,0.0,219.51153945922852,234.21389782428741,303.70591466128826,0.5378752947467564,HIGH,IMD 0.25 degree gridded daily rainfall 2024,0.25 x 0.25 degree
Bilakalupara,396029,Rajnagar,Kendrapara,20.527637714005436,86.70973463758634,1416.3522049933672,3.8698147677414405,100.4802474975586,94.0,2.0,0.0,0.0,219.51153945922852,234.21389782428741,303.70591466128826,0.5378752947467564,HIGH,IMD 0.25 degree gridded daily rainfall 2024,0.25 x 0.25 degree
Kankdia,396028,Rajnagar,Kendrapara,20.529367215103118,86.72122912912349,1416.3522049933672,3.8698147677414405,100.4802474975586,94.0,2.0,0.0,0.0,219.51153945922852,234.21389782428741,303.70591466128826,0.5378752947467564,HIGH,IMD 0.25 degree gridded daily rainfall 2024,0.25 x 0.25 degree
Badpal,396034,Rajnagar,Kendrapara,20.50697407639911,86.68921705073656,1416.3522049933672,3.8698147677414405,100.4802474975586,94.0,2.0,0.0,0.0,219.51153945922852,234.21389782428741,303.70591466128826,0.5378752947467564,HIGH,IMD 0.25 degree gridded daily rainfall 2024,0.25 x 0.25 degree
Mangarajpur,396007,Rajnagar,Kendrapara,20.553052435428256,86.74076385400556,1416.3522049933672,3.8698147677414405,100.4802474975586,94.0,2.0,0.0,0.0,219.51153945922852,234.21389782428741,303.70591466128826,0.5378752947467564,HIGH,IMD 0.25 degree gridded daily rainfall 2024,0.25 x 0.25 degree
Rajnagar,395998,Rajnagar,Kendrapara,20.571768324052243,86.71903520286662,1416.3522049933672,3.8698147677414405,100.4802474975586,94.0,2.0,0.0,0.0,219.51153945922852,234.21389782428741,303.70591466128826,0.5378752947467564,HIGH,IMD 0.25 degree gridded daily rainfall 2024,0.25 x 0.25 degree
Chakibanka,395936,Rajnagar,Kendrapara,20.58008053787016,86.65782002017262,1416.3522049933672,3.8698147677414405,100.4802474975586,94.0,2.0,0.0,0.0,219.51153945922852,234.21389782428741,303.70591466128826,0.5378752947467564,HIGH,IMD 0.25 degree gridded daily rainfall 2024,0.25 x 0.25 degree
Guludia,395996,Rajnagar,Kendrapara,20.563706268097043,86.72915890100063,1416.3522049933672,3.8698147677414405,100.4802474975586,94.0,2.0,0.0,0.0,219.51153945922852,234.21389782428741,303.70591466128826,0.5378752947467564,HIGH,IMD 0.25 degree gridded daily rainfall 2024,0.25 x 0.25 degree
Baghua,395993,Rajnagar,Kendrapara,20.566511837281915,86.75381320322882,1416.3522049933672,3.8698147677414405,100.4802474975586,94.0,2.0,0.0,0.0,219.51153945922852,234.21389782428741,303.70591466128826,0.5378752947467564,HIGH,IMD 0.25 degree gridded daily rainfall 2024,0.25 x 0.25 degree
Garjanpur,396001,Rajnagar,Kendrapara,20.571673969598017,86.70654871439186,1416.3522049933672,3.8698147677414405,100.4802474975586,94.0,2.0,0.0,0.0,219.51153945922852,234.21389782428741,303.70591466128826,0.5378752947467564,HIGH,IMD 0.25 degree gridded daily rainfall 2024,0.25 x 0.25 degree
Firikidandi,395937,Rajnagar,Kendrapara,20.58911206196133,86.67255660778206,1416.3522049933672,3.8698147677414405,100.4802474975586,94.0,2.0,0.0,0.0,219.51153945922852,234.21389782428741,303.70591466128826,0.5378752947467564,HIGH,IMD 0.25 degree gridded daily rainfall 2024,0.25 x 0.25 degree
Sanabadagopalpur,396000,Rajnagar,Kendrapara,20.578177512357634,86.70721445817983,1416.3522049933672,3.8698147677414405,100.4802474975586,94.0,2.0,0.0,0.0,219.51153945922852,234.21389782428741,303.70591466128826,0.5378752947467564,HIGH,IMD 0.25 degree gridded daily rainfall 2024,0.25 x 0.25 degree
Mahinsasur,395995,Rajnagar,Kendrapara,20.574811986060624,86.73961181205453,1416.3522049933672,3.8698147677414405,100.4802474975586,94.0,2.0,0.0,0.0,219.51153945922852,234.21389782428741,303.70591466128826,0.5378752947467564,HIGH,IMD 0.25 degree gridded daily rainfall 2024,0.25 x 0.25 degree
Jharpada,395908,Rajnagar,Kendrapara,20.60748544105104,86.7494701178795,1416.3522049933672,3.8698147677414405,100.4802474975586,94.0,2.0,0.0,0.0,219.51153945922852,234.21389782428741,303.70591466128826,0.5378752947467564,HIGH,IMD 0.25 degree gridded daily rainfall 2024,0.25 x 0.25 degree
Khandeipara,395940,Rajnagar,Kendrapara,20.593188074528875,86.6902120008867,1416.3522049933672,3.8698147677414405,100.4802474975586,94.0,2.0,0.0,0.0,219.51153945922852,234.21389782428741,303.70591466128826,0.5378752947467564,HIGH,IMD 0.25 degree gridded daily rainfall 2024,0.25 x 0.25 degree
Baghataila,395952,Rajnagar,Kendrapara,20.598552486697464,86.74509417441436,1416.3522049933672,3.8698147677414405,100.4802474975586,94.0,2.0,0.0,0.0,219.51153945922852,234.21389782428741,303.70591466128826,0.5378752947467564,HIGH,IMD 0.25 degree gridded daily rainfall 2024,0.25 x 0.25 degree
Govindpur,395934,Rajnagar,Kendrapara,20.605292790623402,86.67652290472797,1416.3522049933672,3.8698147677414405,100.4802474975586,94.0,2.0,0.0,0.0,219.51153945922852,234.21389782428741,303.70591466128826,0.5378752947467564,HIGH,IMD 0.25 degree gridded daily rainfall 2024,0.25 x 0.25 degree
Dhandia,395947,Rajnagar,Kendrapara,20.60358698318023,86.71963593774481,1416.3522049933672,3.8698147677414405,100.4802474975586,94.0,2.0,0.0,0.0,219.51153945922852,234.21389782428741,303.70591466128826,0.5378752947467564,HIGH,IMD 0.25 degree gridded daily rainfall 2024,0.25 x 0.25 degree
Kshirkot,396026,Rajnagar,Kendrapara,20.5425422310049,86.72559478530059,1416.3522049933672,3.8698147677414405,100.4802474975586,94.0,2.0,0.0,0.0,219.51153945922852,234.21389782428741,303.70591466128826,0.5378752947467564,HIGH,IMD 0.25 degree gridded daily rainfall 2024,0.25 x 0.25 degree
Jagannathapur,396002,Rajnagar,Kendrapara,20.56075487553593,86.70887416707825,1416.3522049933672,3.8698147677414405,100.4802474975586,94.0,2.0,0.0,0.0,219.51153945922852,234.21389782428741,303.70591466128826,0.5378752947467564,HIGH,IMD 0.25 degree gridded daily rainfall 2024,0.25 x 0.25 degree
Sukdevpur,396008,Rajnagar,Kendrapara,20.558201815156924,86.74572386370663,1416.3522049933672,3.8698147677414405,100.4802474975586,94.0,2.0,0.0,0.0,219.51153945922852,234.21389782428741,303.70591466128826,0.5378752947467564,HIGH,IMD 0.25 degree gridded daily rainfall 2024,0.25 x 0.25 degree
Tamulia,397008,Mahakalapada,Kendrapara,20.516820395262716,86.75283912267695,1416.3522049933672,3.8698147677414405,100.4802474975586,94.0,2.0,0.0,0.0,219.51153945922852,234.21389782428741,303.70591466128826,0.5378752947467564,HIGH,IMD 0.25 degree gridded daily rainfall 2024,0.25 x 0.25 degree
Tamulia,396003,Rajnagar,Kendrapara,20.557624442857772,86.71587401796856,1416.3522049933672,3.8698147677414405,100.4802474975586,94.0,2.0,0.0,0.0,219.51153945922852,234.21389782428741,303.70591466128826,0.5378752947467564,HIGH,IMD 0.25 degree gridded daily rainfall 2024,0.25 x 0.25 degree
Dakhinadandi,395935,Rajnagar,Kendrapara,20.592195739947464,86.67119776030297,1416.3522049933672,3.8698147677414405,100.4802474975586,94.0,2.0,0.0,0.0,219.51153945922852,234.21389782428741,303.70591466128826,0.5378752947467564,HIGH,IMD 0.25 degree gridded daily rainfall 2024,0.25 x 0.25 degree
Singar Pur,397006,Mahakalapada,Kendrapara,20.51929530511621,86.73994666543341,1416.3522049933672,3.8698147677414405,100.4802474975586,94.0,2.0,0.0,0.0,219.51153945922852,234.21389782428741,303.70591466128826,0.5378752947467564,HIGH,IMD 0.25 degree gridded daily rainfall 2024,0.25 x 0.25 degree
Keradasahi,396031,Rajnagar,Kendrapara,20.52002216829689,86.70008658661897,1416.3522049933672,3.8698147677414405,100.4802474975586,94.0,2.0,0.0,0.0,219.51153945922852,234.21389782428741,303.70591466128826,0.5378752947467564,HIGH,IMD 0.25 degree gridded daily rainfall 2024,0.25 x 0.25 degree
Padini,395911,Rajnagar,Kendrapara,20.606579534342632,86.72618050122657,1416.3522049933672,3.8698147677414405,100.4802474975586,94.0,2.0,0.0,0.0,219.51153945922852,234.21389782428741,303.70591466128826,0.5378752947467564,HIGH,IMD 0.25 degree gridded daily rainfall 2024,0.25 x 0.25 degree
Chandrasekhar,395964,Rajnagar,Kendrapara,20.59095021851045,86.79236853406368,1416.3522049933672,3.8698147677414405,100.4802474975586,94.0,2.0,0.0,0.0,219.51153945922852,234.21389782428741,303.70591466128826,0.5378752947467564,HIGH,IMD 0.25 degree gridded daily rainfall 2024,0.25 x 0.25 degree
Junapangara,395970,Rajnagar,Kendrapara,20.587081837967208,86.79844668799655,1416.3522049933672,3.8698147677414405,100.4802474975586,94.0,2.0,0.0,0.0,219.51153945922852,234.21389782428741,303.70591466128826,0.5378752947467564,HIGH,IMD 0.25 degree gridded daily rainfall 2024,0.25 x 0.25 degree
Bindhanaukana,396044,Rajnagar,Kendrapara,20.53508068297441,86.75494163968173,1416.3522049933672,3.8698147677414405,100.4802474975586,94.0,2.0,0.0,0.0,219.51153945922852,234.21389782428741,303.70591466128826,0.5378752947467564,HIGH,IMD 0.25 degree gridded daily rainfall 2024,0.25 x 0.25 degree
Gopalpur,395885,Rajnagar,Kendrapara,20.60723901142545,86.83416835897441,1416.3522049933672,3.8698147677414405,100.4802474975586,94.0,2.0,0.0,0.0,219.51153945922852,234.21389782428741,303.70591466128826,0.5378752947467564,HIGH,IMD 0.25 degree gridded daily rainfall 2024,0.25 x 0.25 degree
Baro,397010,Mahakalapada,Kendrapara,20.506199794431602,86.76653730571685,1416.3522049933672,3.8698147677414405,100.4802474975586,94.0,2.0,0.0,0.0,219.51153945922852,234.21389782428741,303.70591466128826,0.5378752947467564,HIGH,IMD 0.25 degree gridded daily rainfall 2024,0.25 x 0.25 degree
Khandiora,395981,Rajnagar,Kendrapara,20.58189465808508,86.82724028408589,1416.3522049933672,3.8698147677414405,100.4802474975586,94.0,2.0,0.0,0.0,219.51153945922852,234.21389782428741,303.70591466128826,0.5378752947467564,HIGH,IMD 0.25 degree gridded daily rainfall 2024,0.25 x 0.25 degree
Junapanga,396019,Rajnagar,Kendrapara,20.546663701222943,86.79642834129828,1416.3522049933672,3.8698147677414405,100.4802474975586,94.0,2.0,0.0,0.0,219.51153945922852,234.21389782428741,303.70591466128826,0.5378752947467564,HIGH,IMD 0.25 degree gridded daily rainfall 2024,0.25 x 0.25 degree
Chakradharpur,396010,Rajnagar,Kendrapara,20.55805814678093,86.7639362492173,1416.3522049933672,3.8698147677414405,100.4802474975586,94.0,2.0,0.0,0.0,219.51153945922852,234.21389782428741,303.70591466128826,0.5378752947467564,HIGH,IMD 0.25 degree gridded daily rainfall 2024,0.25 x 0.25 degree
Nathapur,395961,Rajnagar,Kendrapara,20.585842073218384,86.77934102940736,1416.3522049933672,3.8698147677414405,100.4802474975586,94.0,2.0,0.0,0.0,219.51153945922852,234.21389782428741,303.70591466128826,0.5378752947467564,HIGH,IMD 0.25 degree gridded daily rainfall 2024,0.25 x 0.25 degree
Nodhabasanta,395962,Rajnagar,Kendrapara,20.58455799570599,86.78668328024256,1416.3522049933672,3.8698147677414405,100.4802474975586,94.0,2.0,0.0,0.0,219.51153945922852,234.21389782428741,303.70591466128826,0.5378752947467564,HIGH,IMD 0.25 degree gridded daily rainfall 2024,0.25 x 0.25 degree
Badanaukana,396023,Rajnagar,Kendrapara,20.541296471344808,86.75887248362511,1416.3522049933672,3.8698147677414405,100.4802474975586,94.0,2.0,0.0,0.0,219.51153945922852,234.21389782428741,303.70591466128826,0.5378752947467564,HIGH,IMD 0.25 degree gridded daily rainfall 2024,0.25 x 0.25 degree
Manapara,395956,Rajnagar,Kendrapara,20.586651720387202,86.76103811936039,1416.3522049933672,3.8698147677414405,100.4802474975586,94.0,2.0,0.0,0.0,219.51153945922852,234.21389782428741,303.70591466128826,0.5378752947467564,HIGH,IMD 0.25 degree gridded daily rainfall 2024,0.25 x 0.25 degree
Bandhapur,396051,Rajnagar,Kendrapara,20.53938316196919,86.77695033048664,1416.3522049933672,3.8698147677414405,100.4802474975586,94.0,2.0,0.0,0.0,219.51153945922852,234.21389782428741,303.70591466128826,0.5378752947467564,HIGH,IMD 0.25 degree gridded daily rainfall 2024,0.25 x 0.25 degree
Endulapur,395986,Rajnagar,Kendrapara,20.561954763215326,86.79376242240191,1416.3522049933672,3.8698147677414405,100.4802474975586,94.0,2.0,0.0,0.0,219.51153945922852,234.21389782428741,303.70591466128826,0.5378752947467564,HIGH,IMD 0.25 degree gridded daily rainfall 2024,0.25 x 0.25 degree
Sendhakani,395968,Rajnagar,Kendrapara,20.597004161027655,86.80701009230134,1416.3522049933672,3.8698147677414405,100.4802474975586,94.0,2.0,0.0,0.0,219.51153945922852,234.21389782428741,303.70591466128826,0.5378752947467564,HIGH,IMD 0.25 degree gridded daily rainfall 2024,0.25 x 0.25 degree
Hatiagadi,395954,Rajnagar,Kendrapara,20.60018094417591,86.76082608649456,1416.3522049933672,3.8698147677414405,100.4802474975586,94.0,2.0,0.0,0.0,219.51153945922852,234.21389782428741,303.70591466128826,0.5378752947467564,HIGH,IMD 0.25 degree gridded daily rainfall 2024,0.25 x 0.25 degree
Kanafulia,395977,Rajnagar,Kendrapara,20.59710838582083,86.83422786707484,1416.3522049933672,3.8698147677414405,100.4802474975586,94.0,2.0,0.0,0.0,219.51153945922852,234.21389782428741,303.70591466128826,0.5378752947467564,HIGH,IMD 0.25 degree gridded daily rainfall 2024,0.25 x 0.25 degree
Jhinkiria,395958,Rajnagar,Kendrapara,20.591424035601626,86.77583190309781,1416.3522049933672,3.8698147677414405,100.4802474975586,94.0,2.0,0.0,0.0,219.51153945922852,234.21389782428741,303.70591466128826,0.5378752947467564,HIGH,IMD 0.25 degree gridded daily rainfall 2024,0.25 x 0.25 degree
Badhi,395972,Rajnagar,Kendrapara,20.588623206989983,86.80950014638032,1416.3522049933672,3.8698147677414405,100.4802474975586,94.0,2.0,0.0,0.0,219.51153945922852,234.21389782428741,303.70591466128826,0.5378752947467564,HIGH,IMD 0.25 degree gridded daily rainfall 2024,0.25 x 0.25 degree
Prasanpur,396013,Rajnagar,Kendrapara,20.551412389607485,86.79101657493896,1416.3522049933672,3.8698147677414405,100.4802474975586,94.0,2.0,0.0,0.0,219.51153945922852,234.21389782428741,303.70591466128826,0.5378752947467564,HIGH,IMD 0.25 degree gridded daily rainfall 2024,0.25 x 0.25 degree
Brahmansahi,396022,Rajnagar,Kendrapara,20.546201862982254,86.76891826586942,1416.3522049933672,3.8698147677414405,100.4802474975586,94.0,2.0,0.0,0.0,219.51153945922852,234.21389782428741,303.70591466128826,0.5378752947467564,HIGH,IMD 0.25 degree gridded daily rainfall 2024,0.25 x 0.25 degree
Kandhamara,396012,Rajnagar,Kendrapara,20.55748980904395,86.78133513889189,1416.3522049933672,3.8698147677414405,100.4802474975586,94.0,2.0,0.0,0.0,219.51153945922852,234.21389782428741,303.70591466128826,0.5378752947467564,HIGH,IMD 0.25 degree gridded daily rainfall 2024,0.25 x 0.25 degree
Penth,396021,Rajnagar,Kendrapara,20.547723858284826,86.7802413000689,1416.3522049933672,3.8698147677414405,100.4802474975586,94.0,2.0,0.0,0.0,219.51153945922852,234.21389782428741,303.70591466128826,0.5378752947467564,HIGH,IMD 0.25 degree gridded daily rainfall 2024,0.25 x 0.25 degree
Gokhani,395971,Rajnagar,Kendrapara,20.578982446811693,86.80514182761547,1416.3522049933672,3.8698147677414405,100.4802474975586,94.0,2.0,0.0,0.0,219.51153945922852,234.21389782428741,303.70591466128826,0.5378752947467564,HIGH,IMD 0.25 degree gridded daily rainfall 2024,0.25 x 0.25 degree
Chinchiri,395982,Rajnagar,Kendrapara,20.579595797899483,86.81970355048134,1416.3522049933672,3.8698147677414405,100.4802474975586,94.0,2.0,0.0,0.0,219.51153945922852,234.21389782428741,303.70591466128826,0.5378752947467564,HIGH,IMD 0.25 degree gridded daily rainfall 2024,0.25 x 0.25 degree
Paripangara,395963,Rajnagar,Kendrapara,20.579478584441745,86.7951868311219,1416.3522049933672,3.8698147677414405,100.4802474975586,94.0,2.0,0.0,0.0,219.51153945922852,234.21389782428741,303.70591466128826,0.5378752947467564,HIGH,IMD 0.25 degree gridded daily rainfall 2024,0.25 x 0.25 degree
Narangarh,395884,Rajnagar,Kendrapara,20.60264099175235,86.83675614998401,1416.3522049933672,3.8698147677414405,100.4802474975586,94.0,2.0,0.0,0.0,219.51153945922852,234.21389782428741,303.70591466128826,0.5378752947467564,HIGH,IMD 0.25 degree gridded daily rainfall 2024,0.25 x 0.25 degree
Kanakapur,395978,Rajnagar,Kendrapara,20.599342521298972,86.8414609625929,1416.3522049933672,3.8698147677414405,100.4802474975586,94.0,2.0,0.0,0.0,219.51153945922852,234.21389782428741,303.70591466128826,0.5378752947467564,HIGH,IMD 0.25 degree gridded daily rainfall 2024,0.25 x 0.25 degree
Bahargarh,395898,Rajnagar,Kendrapara,20.605779756192867,86.78018846276211,1416.3522049933672,3.8698147677414405,100.4802474975586,94.0,2.0,0.0,0.0,219.51153945922852,234.21389782428741,303.70591466128826,0.5378752947467564,HIGH,IMD 0.25 degree gridded daily rainfall 2024,0.25 x 0.25 degree
Velsari,396047,Rajnagar,Kendrapara,20.53477389127027,86.7677044925635,1416.3522049933672,3.8698147677414405,100.4802474975586,94.0,2.0,0.0,0.0,219.51153945922852,234.21389782428741,303.70591466128826,0.5378752947467564,HIGH,IMD 0.25 degree gridded daily rainfall 2024,0.25 x 0.25 degree
Joginatha,396074,Rajnagar,Kendrapara,20.51811936830299,86.76444044567225,1416.3522049933672,3.8698147677414405,100.4802474975586,94.0,2.0,0.0,0.0,219.51153945922852,234.21389782428741,303.70591466128826,0.5378752947467564,HIGH,IMD 0.25 degree gridded daily rainfall 2024,0.25 x 0.25 degree
Badkuji,395985,Rajnagar,Kendrapara,20.564170848886523,86.80058751013502,1416.3522049933672,3.8698147677414405,100.4802474975586,94.0,2.0,0.0,0.0,219.51153945922852,234.21389782428741,303.70591466128826,0.5378752947467564,HIGH,IMD 0.25 degree gridded daily rainfall 2024,0.25 x 0.25 degree
Gahmasikhar,395983,Rajnagar,Kendrapara,20.577030673863053,86.81223996165964,1416.3522049933672,3.8698147677414405,100.4802474975586,94.0,2.0,0.0,0.0,219.51153945922852,234.21389782428741,303.70591466128826,0.5378752947467564,HIGH,IMD 0.25 degree gridded daily rainfall 2024,0.25 x 0.25 degree
Pokharia,395957,Rajnagar,Kendrapara,20.58646352273898,86.76970467585657,1416.3522049933672,3.8698147677414405,100.4802474975586,94.0,2.0,0.0,0.0,219.51153945922852,234.21389782428741,303.70591466128826,0.5378752947467564,HIGH,IMD 0.25 degree gridded daily rainfall 2024,0.25 x 0.25 degree
Mahulia,395953,Rajnagar,Kendrapara,20.59504952057477,86.75728271987151,1416.3522049933672,3.8698147677414405,100.4802474975586,94.0,2.0,0.0,0.0,219.51153945922852,234.21389782428741,303.70591466128826,0.5378752947467564,HIGH,IMD 0.25 degree gridded daily rainfall 2024,0.25 x 0.25 degree
Guhalkani,395959,Rajnagar,Kendrapara,20.598702768751767,86.77345247609051,1416.3522049933672,3.8698147677414405,100.4802474975586,94.0,2.0,0.0,0.0,219.51153945922852,234.21389782428741,303.70591466128826,0.5378752947467564,HIGH,IMD 0.25 degree gridded daily rainfall 2024,0.25 x 0.25 degree
Sundripal,396073,Rajnagar,Kendrapara,20.52420862643581,86.76524160470032,1416.3522049933672,3.8698147677414405,100.4802474975586,94.0,2.0,0.0,0.0,219.51153945922852,234.21389782428741,303.70591466128826,0.5378752947467564,HIGH,IMD 0.25 degree gridded daily rainfall 2024,0.25 x 0.25 degree
Kathapangara,395973,Rajnagar,Kendrapara,20.59001663314645,86.81730949618914,1416.3522049933672,3.8698147677414405,100.4802474975586,94.0,2.0,0.0,0.0,219.51153945922852,234.21389782428741,303.70591466128826,0.5378752947467564,HIGH,IMD 0.25 degree gridded daily rainfall 2024,0.25 x 0.25 degree
Krishnapriyapur,395882,Rajnagar,Kendrapara,20.609540905204817,86.84809955822277,1416.3522049933672,3.8698147677414405,100.4802474975586,94.0,2.0,0.0,0.0,219.51153945922852,234.21389782428741,303.70591466128826,0.5378752947467564,HIGH,IMD 0.25 degree gridded daily rainfall 2024,0.25 x 0.25 degree
Lunia,396011,Rajnagar,Kendrapara,20.554340087179796,86.77587152894132,1416.3522049933672,3.8698147677414405,100.4802474975586,94.0,2.0,0.0,0.0,219.51153945922852,234.21389782428741,303.70591466128826,0.5378752947467564,HIGH,IMD 0.25 degree gridded daily rainfall 2024,0.25 x 0.25 degree
Tiara,395992,Rajnagar,Kendrapara,20.57071914043231,86.7642957035025,1416.3522049933672,3.8698147677414405,100.4802474975586,94.0,2.0,0.0,0.0,219.51153945922852,234.21389782428741,303.70591466128826,0.5378752947467564,HIGH,IMD 0.25 degree gridded daily rainfall 2024,0.25 x 0.25 degree
Dhagua,395991,Rajnagar,Kendrapara,20.57572507439431,86.76074246816911,1416.3522049933672,3.8698147677414405,100.4802474975586,94.0,2.0,0.0,0.0,219.51153945922852,234.21389782428741,303.70591466128826,0.5378752947467564,HIGH,IMD 0.25 degree gridded daily rainfall 2024,0.25 x 0.25 degree
Bhadia,395901,Rajnagar,Kendrapara,20.603339453777313,86.76775398164244,1416.3522049933672,3.8698147677414405,100.4802474975586,94.0,2.0,0.0,0.0,219.51153945922852,234.21389782428741,303.70591466128826,0.5378752947467564,HIGH,IMD 0.25 degree gridded daily rainfall 2024,0.25 x 0.25 degree
Khamarsahi,395955,Rajnagar,Kendrapara,20.594260863895215,86.76772726012166,1416.3522049933672,3.8698147677414405,100.4802474975586,94.0,2.0,0.0,0.0,219.51153945922852,234.21389782428741,303.70591466128826,0.5378752947467564,HIGH,IMD 0.25 degree gridded daily rainfall 2024,0.25 x 0.25 degree
Kathuaganda,395979,Rajnagar,Kendrapara,20.59135965418411,86.82505760750766,1416.3522049933672,3.8698147677414405,100.4802474975586,94.0,2.0,0.0,0.0,219.51153945922852,234.21389782428741,303.70591466128826,0.5378752947467564,HIGH,IMD 0.25 degree gridded daily rainfall 2024,0.25 x 0.25 degree
Hatina,395988,Rajnagar,Kendrapara,20.567600310108563,86.7837963180477,1416.3522049933672,3.8698147677414405,100.4802474975586,94.0,2.0,0.0,0.0,219.51153945922852,234.21389782428741,303.70591466128826,0.5378752947467564,HIGH,IMD 0.25 degree gridded daily rainfall 2024,0.25 x 0.25 degree
Kaitha,395984,Rajnagar,Kendrapara,20.5665598318055,86.80708290231496,1416.3522049933672,3.8698147677414405,100.4802474975586,94.0,2.0,0.0,0.0,219.51153945922852,234.21389782428741,303.70591466128826,0.5378752947467564,HIGH,IMD 0.25 degree gridded daily rainfall 2024,0.25 x 0.25 degree
Dera,395987,Rajnagar,Kendrapara,20.57308338795231,86.79525289116236,1416.3522049933672,3.8698147677414405,100.4802474975586,94.0,2.0,0.0,0.0,219.51153945922852,234.21389782428741,303.70591466128826,0.5378752947467564,HIGH,IMD 0.25 degree gridded daily rainfall 2024,0.25 x 0.25 degree
Mugakani,395989,Rajnagar,Kendrapara,20.578524560222334,86.78265149443112,1416.3522049933672,3.8698147677414405,100.4802474975586,94.0,2.0,0.0,0.0,219.51153945922852,234.21389782428741,303.70591466128826,0.5378752947467564,HIGH,IMD 0.25 degree gridded daily rainfall 2024,0.25 x 0.25 degree
Pachimaveda,395960,Rajnagar,Kendrapara,20.597653569372163,86.78375846303405,1416.3522049933672,3.8698147677414405,100.4802474975586,94.0,2.0,0.0,0.0,219.51153945922852,234.21389782428741,303.70591466128826,0.5378752947467564,HIGH,IMD 0.25 degree gridded daily rainfall 2024,0.25 x 0.25 degree
Kurunti,395990,Rajnagar,Kendrapara,20.570273851684476,86.7730867657185,1416.3522049933672,3.8698147677414405,100.4802474975586,94.0,2.0,0.0,0.0,219.51153945922852,234.21389782428741,303.70591466128826,0.5378752947467564,HIGH,IMD 0.25 degree gridded daily rainfall 2024,0.25 x 0.25 degree
Chardia,395902,Rajnagar,Kendrapara,20.606916105175593,86.76134647970262,1416.3522049933672,3.8698147677414405,100.4802474975586,94.0,2.0,0.0,0.0,219.51153945922852,234.21389782428741,303.70591466128826,0.5378752947467564,HIGH,IMD 0.25 degree gridded daily rainfall 2024,0.25 x 0.25 degree
Nuagan,395980,Rajnagar,Kendrapara,20.58665820170249,86.82732686591854,1416.3522049933672,3.8698147677414405,100.4802474975586,94.0,2.0,0.0,0.0,219.51153945922852,234.21389782428741,303.70591466128826,0.5378752947467564,HIGH,IMD 0.25 degree gridded daily rainfall 2024,0.25 x 0.25 degree
Maliparida,395965,Rajnagar,Kendrapara,20.598440434529586,86.7911602514551,1416.3522049933672,3.8698147677414405,100.4802474975586,94.0,2.0,0.0,0.0,219.51153945922852,234.21389782428741,303.70591466128826,0.5378752947467564,HIGH,IMD 0.25 degree gridded daily rainfall 2024,0.25 x 0.25 degree
Dhobeigarh,395974,Rajnagar,Kendrapara,20.59892469235931,86.81997312515887,1416.3522049933672,3.8698147677414405,100.4802474975586,94.0,2.0,0.0,0.0,219.51153945922852,234.21389782428741,303.70591466128826,0.5378752947467564,HIGH,IMD 0.25 degree gridded daily rainfall 2024,0.25 x 0.25 degree
Nachhipara,395976,Rajnagar,Kendrapara,20.59575370823635,86.82742629379297,1416.3522049933672,3.8698147677414405,100.4802474975586,94.0,2.0,0.0,0.0,219.51153945922852,234.21389782428741,303.70591466128826,0.5378752947467564,HIGH,IMD 0.25 degree gridded daily rainfall 2024,0.25 x 0.25 degree
Gadadharpur,395890,Rajnagar,Kendrapara,20.60667225672207,86.82490865234007,1416.3522049933672,3.8698147677414405,100.4802474975586,94.0,2.0,0.0,0.0,219.51153945922852,234.21389782428741,303.70591466128826,0.5378752947467564,HIGH,IMD 0.25 degree gridded daily rainfall 2024,0.25 x 0.25 degree
Laxminarayanpur,395897,Rajnagar,Kendrapara,20.605291085542056,86.79214613173087,1416.3522049933672,3.8698147677414405,100.4802474975586,94.0,2.0,0.0,0.0,219.51153945922852,234.21389782428741,303.70591466128826,0.5378752947467564,HIGH,IMD 0.25 degree gridded daily rainfall 2024,0.25 x 0.25 degree
Paunsiapal,397011,Mahakalapada,Kendrapara,20.50092645076815,86.75765618642313,1416.3522049933672,3.8698147677414405,100.4802474975586,94.0,2.0,0.0,0.0,219.51153945922852,234.21389782428741,303.70591466128826,0.5378752947467564,HIGH,IMD 0.25 degree gridded daily rainfall 2024,0.25 x 0.25 degree
Ambaora,395891,Rajnagar,Kendrapara,20.60616005748915,86.81204875041979,1416.3522049933672,3.8698147677414405,100.4802474975586,94.0,2.0,0.0,0.0,219.51153945922852,234.21389782428741,303.70591466128826,0.5378752947467564,HIGH,IMD 0.25 degree gridded daily rainfall 2024,0.25 x 0.25 degree
Kanhupur,396050,Rajnagar,Kendrapara,20.52391964216512,86.77931656960487,1416.3522049933672,3.8698147677414405,100.4802474975586,94.0,2.0,0.0,0.0,219.51153945922852,234.21389782428741,303.70591466128826,0.5378752947467564,HIGH,IMD 0.25 degree gridded daily rainfall 2024,0.25 x 0.25 degree
Nuapokhari,395969,Rajnagar,Kendrapara,20.58866055575922,86.80404401041841,1416.3522049933672,3.8698147677414405,100.4802474975586,94.0,2.0,0.0,0.0,219.51153945922852,234.21389782428741,303.70591466128826,0.5378752947467564,HIGH,IMD 0.25 degree gridded daily rainfall 2024,0.25 x 0.25 degree
Chittakolha,396014,Rajnagar,Kendrapara,20.554810730596355,86.79521342928598,1416.3522049933672,3.8698147677414405,100.4802474975586,94.0,2.0,0.0,0.0,219.51153945922852,234.21389782428741,303.70591466128826,0.5378752947467564,HIGH,IMD 0.25 degree gridded daily rainfall 2024,0.25 x 0.25 degree
Sankuji,396015,Rajnagar,Kendrapara,20.55630655359268,86.80612591644461,1416.3522049933672,3.8698147677414405,100.4802474975586,94.0,2.0,0.0,0.0,219.51153945922852,234.21389782428741,303.70591466128826,0.5378752947467564,HIGH,IMD 0.25 degree gridded daily rainfall 2024,0.25 x 0.25 degree
Bhatasahi,395967,Rajnagar,Kendrapara,20.594157404252776,86.79922018269664,1416.3522049933672,3.8698147677414405,100.4802474975586,94.0,2.0,0.0,0.0,219.51153945922852,234.21389782428741,303.70591466128826,0.5378752947467564,HIGH,IMD 0.25 degree gridded daily rainfall 2024,0.25 x 0.25 degree
Ogalasendha,395966,Rajnagar,Kendrapara,20.601182063166412,86.79704546347668,1416.3522049933672,3.8698147677414405,100.4802474975586,94.0,2.0,0.0,0.0,219.51153945922852,234.21389782428741,303.70591466128826,0.5378752947467564,HIGH,IMD 0.25 degree gridded daily rainfall 2024,0.25 x 0.25 degree
Chakulidiha,397009,Mahakalapada,Kendrapara,20.51222807302456,86.76092598714123,1416.3522049933672,3.8698147677414405,100.4802474975586,94.0,2.0,0.0,0.0,219.51153945922852,234.21389782428741,303.70591466128826,0.5378752947467564,HIGH,IMD 0.25 degree gridded daily rainfall 2024,0.25 x 0.25 degree
Kadalichua,396046,Rajnagar,Kendrapara,20.520164650007885,86.75621157972793,1416.3522049933672,3.8698147677414405,100.4802474975586,94.0,2.0,0.0,0.0,219.51153945922852,234.21389782428741,303.70591466128826,0.5378752947467564,HIGH,IMD 0.25 degree gridded daily rainfall 2024,0.25 x 0.25 degree
Akarapara,396045,Rajnagar,Kendrapara,20.529038306057323,86.75821718484885,1416.3522049933672,3.8698147677414405,100.4802474975586,94.0,2.0,0.0,0.0,219.51153945922852,234.21389782428741,303.70591466128826,0.5378752947467564,HIGH,IMD 0.25 degree gridded daily rainfall 2024,0.25 x 0.25 degree
Charapada,395648,Rajkanika,Kendrapara,20.720242966435343,86.56264295878779,1469.789253756404,4.015817633214218,127.28812408447266,87.0,2.0,2.0,0.0,277.1079444885254,291.6920680999756,364.30583053827286,0.6415983790260553,HIGH,IMD 0.25 degree gridded daily rainfall 2024,0.25 x 0.25 degree
Kharakhara,396105,Rajkanika,Kendrapara,20.697652793410526,86.59873452458372,1469.789253756404,4.015817633214218,127.28812408447266,87.0,2.0,2.0,0.0,277.1079444885254,291.6920680999756,364.30583053827286,0.6415983790260553,HIGH,IMD 0.25 degree gridded daily rainfall 2024,0.25 x 0.25 degree
Ujanga,395652,Rajkanika,Kendrapara,20.717272100404383,86.62285978490387,1469.789253756404,4.015817633214218,127.28812408447266,87.0,2.0,2.0,0.0,277.1079444885254,291.6920680999756,364.30583053827286,0.6415983790260553,HIGH,IMD 0.25 degree gridded daily rainfall 2024,0.25 x 0.25 degree
Mirzapur,395709,Rajkanika,Kendrapara,20.707077824390723,86.63312394509634,1439.8138199448586,3.933917540832947,122.3011703491211,89.0,2.0,1.0,0.0,254.9297924041748,270.06409645080566,334.2525098323822,0.6098682748579979,HIGH,IMD 0.25 degree gridded daily rainfall 2024,0.25 x 0.25 degree
Namatara,395649,Rajkanika,Kendrapara,20.72232989543611,86.58712544488843,1469.789253756404,4.015817633214218,127.28812408447266,87.0,2.0,2.0,0.0,277.1079444885254,291.6920680999756,364.30583053827286,0.6415983790260553,HIGH,IMD 0.25 degree gridded daily rainfall 2024,0.25 x 0.25 degree
Deulatara,395650,Rajkanika,Kendrapara,20.724506191494118,86.59796300466364,1469.789253756404,4.015817633214218,127.28812408447266,87.0,2.0,2.0,0.0,277.1079444885254,291.6920680999756,364.30583053827286,0.6415983790260553,HIGH,IMD 0.25 degree gridded daily rainfall 2024,0.25 x 0.25 degree
Muradpur,395651,Rajkanika,Kendrapara,20.7242824018265,86.60613477374568,1469.789253756404,4.015817633214218,127.28812408447266,87.0,2.0,2.0,0.0,277.1079444885254,291.6920680999756,364.30583053827286,0.6415983790260553,HIGH,IMD 0.25 degree gridded daily rainfall 2024,0.25 x 0.25 degree
Habalaganda,395711,Rajkanika,Kendrapara,20.698220292963647,86.6194720546642,1469.789253756404,4.015817633214218,127.28812408447266,87.0,2.0,2.0,0.0,277.1079444885254,291.6920680999756,364.30583053827286,0.6415983790260553,HIGH,IMD 0.25 degree gridded daily rainfall 2024,0.25 x 0.25 degree
Gopinathapur,395643,Rajkanika,Kendrapara,20.75039646560189,86.57667483439896,1469.789253756404,4.015817633214218,127.28812408447266,87.0,2.0,2.0,0.0,277.1079444885254,291.6920680999756,364.30583053827286,0.6415983790260553,HIGH,IMD 0.25 degree gridded daily rainfall 2024,0.25 x 0.25 degree
Parinuapada,395712,Rajkanika,Kendrapara,20.699713643887478,86.63821927966208,1439.8138199448586,3.933917540832947,122.3011703491211,89.0,2.0,1.0,0.0,254.9297924041748,270.06409645080566,334.2525098323822,0.6098682748579979,HIGH,IMD 0.25 degree gridded daily rainfall 2024,0.25 x 0.25 degree
Bharigada,395705,Rajkanika,Kendrapara,20.706914281733773,86.68069108388312,1439.8138199448586,3.933917540832947,122.3011703491211,89.0,2.0,1.0,0.0,254.9297924041748,270.06409645080566,334.2525098323822,0.6098682748579979,HIGH,IMD 0.25 degree gridded daily rainfall 2024,0.25 x 0.25 degree
Dakhinaveda,395907,Rajnagar,Kendrapara,20.61355271378705,86.75342469776066,1416.3522049933672,3.8698147677414405,100.4802474975586,94.0,2.0,0.0,0.0,219.51153945922852,234.21389782428741,303.70591466128826,0.5378752947467564,HIGH,IMD 0.25 degree gridded daily rainfall 2024,0.25 x 0.25 degree
Abdulpur,395647,Rajkanika,Kendrapara,20.731381721166542,86.56506770708094,1469.789253756404,4.015817633214218,127.28812408447266,87.0,2.0,2.0,0.0,277.1079444885254,291.6920680999756,364.30583053827286,0.6415983790260553,HIGH,IMD 0.25 degree gridded daily rainfall 2024,0.25 x 0.25 degree
Mahamadpur,395592,Rajkanika,Kendrapara,20.746459415760754,86.54701067786215,1469.789253756404,4.015817633214218,127.28812408447266,87.0,2.0,2.0,0.0,277.1079444885254,291.6920680999756,364.30583053827286,0.6415983790260553,HIGH,IMD 0.25 degree gridded daily rainfall 2024,0.25 x 0.25 degree
Hatasahi,395642,Rajkanika,Kendrapara,20.74999264432747,86.59431505548606,1469.789253756404,4.015817633214218,127.28812408447266,87.0,2.0,2.0,0.0,277.1079444885254,291.6920680999756,364.30583053827286,0.6415983790260553,HIGH,IMD 0.25 degree gridded daily rainfall 2024,0.25 x 0.25 degree
Sihopada,395641,Rajkanika,Kendrapara,20.7363186023196,86.62715040127463,1439.8138199448586,3.933917540832947,122.3011703491211,89.0,2.0,1.0,0.0,254.9297924041748,270.06409645080566,334.2525098323822,0.6098682748579979,HIGH,IMD 0.25 degree gridded daily rainfall 2024,0.25 x 0.25 degree
Kanapur Kaema,395603,Rajkanika,Kendrapara,20.790036261198786,86.63039035864685,1439.8138199448586,3.933917540832947,122.3011703491211,89.0,2.0,1.0,0.0,254.9297924041748,270.06409645080566,334.2525098323822,0.6098682748579979,HIGH,IMD 0.25 degree gridded daily rainfall 2024,0.25 x 0.25 degree
Padhanpada,395594,Rajkanika,Kendrapara,20.750465030151755,86.56024088322917,1469.789253756404,4.015817633214218,127.28812408447266,87.0,2.0,2.0,0.0,277.1079444885254,291.6920680999756,364.30583053827286,0.6415983790260553,HIGH,IMD 0.25 degree gridded daily rainfall 2024,0.25 x 0.25 degree
Batarapada,395598,Rajkanika,Kendrapara,20.766462030554194,86.59786951127276,1469.789253756404,4.015817633214218,127.28812408447266,87.0,2.0,2.0,0.0,277.1079444885254,291.6920680999756,364.30583053827286,0.6415983790260553,HIGH,IMD 0.25 degree gridded daily rainfall 2024,0.25 x 0.25 degree
Bhamanda,395600,Rajkanika,Kendrapara,20.759585894086083,86.61636213100459,1469.789253756404,4.015817633214218,127.28812408447266,87.0,2.0,2.0,0.0,277.1079444885254,291.6920680999756,364.30583053827286,0.6415983790260553,HIGH,IMD 0.25 degree gridded daily rainfall 2024,0.25 x 0.25 degree
Kanapur Barha,395602,Rajkanika,Kendrapara,20.780522357706054,86.62687940719601,1439.8138199448586,3.933917540832947,122.3011703491211,89.0,2.0,1.0,0.0,254.9297924041748,270.06409645080566,334.2525098323822,0.6098682748579979,HIGH,IMD 0.25 degree gridded daily rainfall 2024,0.25 x 0.25 degree
Ahamadpur,395646,Rajkanika,Kendrapara,20.737368652174148,86.56600704553199,1469.789253756404,4.015817633214218,127.28812408447266,87.0,2.0,2.0,0.0,277.1079444885254,291.6920680999756,364.30583053827286,0.6415983790260553,HIGH,IMD 0.25 degree gridded daily rainfall 2024,0.25 x 0.25 degree
Fazilpur,395593,Rajkanika,Kendrapara,20.751886508843857,86.54853931028346,1469.789253756404,4.015817633214218,127.28812408447266,87.0,2.0,2.0,0.0,277.1079444885254,291.6920680999756,364.30583053827286,0.6415983790260553,HIGH,IMD 0.25 degree gridded daily rainfall 2024,0.25 x 0.25 degree
Sanahalapada,395596,Rajkanika,Kendrapara,20.771366574049175,86.56943883103091,1469.789253756404,4.015817633214218,127.28812408447266,87.0,2.0,2.0,0.0,277.1079444885254,291.6920680999756,364.30583053827286,0.6415983790260553,HIGH,IMD 0.25 degree gridded daily rainfall 2024,0.25 x 0.25 degree
Agapada,395640,Rajkanika,Kendrapara,20.751435083552337,86.63702232509463,1439.8138199448586,3.933917540832947,122.3011703491211,89.0,2.0,1.0,0.0,254.9297924041748,270.06409645080566,334.2525098323822,0.6098682748579979,HIGH,IMD 0.25 degree gridded daily rainfall 2024,0.25 x 0.25 degree
Gahamapal,395599,Rajkanika,Kendrapara,20.77329737971297,86.61199679732034,1469.789253756404,4.015817633214218,127.28812408447266,87.0,2.0,2.0,0.0,277.1079444885254,291.6920680999756,364.30583053827286,0.6415983790260553,HIGH,IMD 0.25 degree gridded daily rainfall 2024,0.25 x 0.25 degree
Damodarpur,395645,Rajkanika,Kendrapara,20.737183219236336,86.55049462265677,1469.789253756404,4.015817633214218,127.28812408447266,87.0,2.0,2.0,0.0,277.1079444885254,291.6920680999756,364.30583053827286,0.6415983790260553,HIGH,IMD 0.25 degree gridded daily rainfall 2024,0.25 x 0.25 degree
Kothasahi,395653,Rajkanika,Kendrapara,20.72475355365865,86.63659852352487,1439.8138199448586,3.933917540832947,122.3011703491211,89.0,2.0,1.0,0.0,254.9297924041748,270.06409645080566,334.2525098323822,0.6098682748579979,HIGH,IMD 0.25 degree gridded daily rainfall 2024,0.25 x 0.25 degree
Panasaganda,395644,Rajkanika,Kendrapara,20.737350370245295,86.5458773376352,1469.789253756404,4.015817633214218,127.28812408447266,87.0,2.0,2.0,0.0,277.1079444885254,291.6920680999756,364.30583053827286,0.6415983790260553,HIGH,IMD 0.25 degree gridded daily rainfall 2024,0.25 x 0.25 degree
Badahalapada,395595,Rajkanika,Kendrapara,20.764923832244115,86.56895921770489,1469.789253756404,4.015817633214218,127.28812408447266,87.0,2.0,2.0,0.0,277.1079444885254,291.6920680999756,364.30583053827286,0.6415983790260553,HIGH,IMD 0.25 degree gridded daily rainfall 2024,0.25 x 0.25 degree
Domanda Barha,395601,Rajkanika,Kendrapara,20.76667389354219,86.63095613972162,1439.8138199448586,3.933917540832947,122.3011703491211,89.0,2.0,1.0,0.0,254.9297924041748,270.06409645080566,334.2525098323822,0.6098682748579979,HIGH,IMD 0.25 degree gridded daily rainfall 2024,0.25 x 0.25 degree
Sikdarpur,395597,Rajkanika,Kendrapara,20.773863914249816,86.58797470702595,1469.789253756404,4.015817633214218,127.28812408447266,87.0,2.0,2.0,0.0,277.1079444885254,291.6920680999756,364.30583053827286,0.6415983790260553,HIGH,IMD 0.25 degree gridded daily rainfall 2024,0.25 x 0.25 degree
Nuadia,395745,Rajkanika,Kendrapara,20.68024851046834,86.71712171280785,1439.8138199448586,3.933917540832947,122.3011703491211,89.0,2.0,1.0,0.0,254.9297924041748,270.06409645080566,334.2525098323822,0.6098682748579979,HIGH,IMD 0.25 degree gridded daily rainfall 2024,0.25 x 0.25 degree
Balabhadraprasad,395917,Rajnagar,Kendrapara,20.635339537488427,86.71634781721033,1439.8138199448586,3.933917540832947,122.3011703491211,89.0,2.0,1.0,0.0,254.9297924041748,270.06409645080566,334.2525098323822,0.6098682748579979,HIGH,IMD 0.25 degree gridded daily rainfall 2024,0.25 x 0.25 degree
Parimakundapur,395713,Rajkanika,Kendrapara,20.700823521670582,86.64943749009478,1439.8138199448586,3.933917540832947,122.3011703491211,89.0,2.0,1.0,0.0,254.9297924041748,270.06409645080566,334.2525098323822,0.6098682748579979,HIGH,IMD 0.25 degree gridded daily rainfall 2024,0.25 x 0.25 degree
Tentulikoli,395726,Rajkanika,Kendrapara,20.692115409304833,86.75074824518077,1439.8138199448586,3.933917540832947,122.3011703491211,89.0,2.0,1.0,0.0,254.9297924041748,270.06409645080566,334.2525098323822,0.6098682748579979,HIGH,IMD 0.25 degree gridded daily rainfall 2024,0.25 x 0.25 degree
Manikhandi,395919,Rajnagar,Kendrapara,20.62215423795118,86.71403192555411,1416.3522049933672,3.8698147677414405,100.4802474975586,94.0,2.0,0.0,0.0,219.51153945922852,234.21389782428741,303.70591466128826,0.5378752947467564,HIGH,IMD 0.25 degree gridded daily rainfall 2024,0.25 x 0.25 degree
Deulasahi,395655,Rajkanika,Kendrapara,20.71991203804894,86.6503861276254,1439.8138199448586,3.933917540832947,122.3011703491211,89.0,2.0,1.0,0.0,254.9297924041748,270.06409645080566,334.2525098323822,0.6098682748579979,HIGH,IMD 0.25 degree gridded daily rainfall 2024,0.25 x 0.25 degree
Belpal,395925,Rajnagar,Kendrapara,20.635021135213318,86.68034760038204,1439.8138199448586,3.933917540832947,122.3011703491211,89.0,2.0,1.0,0.0,254.9297924041748,270.06409645080566,334.2525098323822,0.6098682748579979,HIGH,IMD 0.25 degree gridded daily rainfall 2024,0.25 x 0.25 degree
Badaraja,395722,Rajkanika,Kendrapara,20.700893735169522,86.72701245865247,1439.8138199448586,3.933917540832947,122.3011703491211,89.0,2.0,1.0,0.0,254.9297924041748,270.06409645080566,334.2525098323822,0.6098682748579979,HIGH,IMD 0.25 degree gridded daily rainfall 2024,0.25 x 0.25 degree
Barunadia,395706,Rajkanika,Kendrapara,20.71077589597122,86.67425635095364,1439.8138199448586,3.933917540832947,122.3011703491211,89.0,2.0,1.0,0.0,254.9297924041748,270.06409645080566,334.2525098323822,0.6098682748579979,HIGH,IMD 0.25 degree gridded daily rainfall 2024,0.25 x 0.25 degree
Bartani,395676,Rajkanika,Kendrapara,20.719837188501888,86.74297772886662,1439.8138199448586,3.933917540832947,122.3011703491211,89.0,2.0,1.0,0.0,254.9297924041748,270.06409645080566,334.2525098323822,0.6098682748579979,HIGH,IMD 0.25 degree gridded daily rainfall 2024,0.25 x 0.25 degree
Keshanagar,395704,Rajkanika,Kendrapara,20.70428654910596,86.6868204926688,1439.8138199448586,3.933917540832947,122.3011703491211,89.0,2.0,1.0,0.0,254.9297924041748,270.06409645080566,334.2525098323822,0.6098682748579979,HIGH,IMD 0.25 degree gridded daily rainfall 2024,0.25 x 0.25 degree
Balikana,395924,Rajnagar,Kendrapara,20.616848499203105,86.6926754599178,1416.3522049933672,3.8698147677414405,100.4802474975586,94.0,2.0,0.0,0.0,219.51153945922852,234.21389782428741,303.70591466128826,0.5378752947467564,HIGH,IMD 0.25 degree gridded daily rainfall 2024,0.25 x 0.25 degree
Nahulia,395698,Rajkanika,Kendrapara,20.717660616899558,86.7235638180909,1439.8138199448586,3.933917540832947,122.3011703491211,89.0,2.0,1.0,0.0,254.9297924041748,270.06409645080566,334.2525098323822,0.6098682748579979,HIGH,IMD 0.25 degree gridded daily rainfall 2024,0.25 x 0.25 degree
Keradagarh,395914,Rajnagar,Kendrapara,20.631043718288545,86.72242788633841,1439.8138199448586,3.933917540832947,122.3011703491211,89.0,2.0,1.0,0.0,254.9297924041748,270.06409645080566,334.2525098323822,0.6098682748579979,HIGH,IMD 0.25 degree gridded daily rainfall 2024,0.25 x 0.25 degree
Bandhapatana,395927,Rajnagar,Kendrapara,20.621254953154754,86.6891950416476,1416.3522049933672,3.8698147677414405,100.4802474975586,94.0,2.0,0.0,0.0,219.51153945922852,234.21389782428741,303.70591466128826,0.5378752947467564,HIGH,IMD 0.25 degree gridded daily rainfall 2024,0.25 x 0.25 degree
Koranda,395721,Rajkanika,Kendrapara,20.702335705154436,86.71948095872557,1439.8138199448586,3.933917540832947,122.3011703491211,89.0,2.0,1.0,0.0,254.9297924041748,270.06409645080566,334.2525098323822,0.6098682748579979,HIGH,IMD 0.25 degree gridded daily rainfall 2024,0.25 x 0.25 degree
Pandurkoli,395747,Rajkanika,Kendrapara,20.67279598611782,86.74859283572624,1439.8138199448586,3.933917540832947,122.3011703491211,89.0,2.0,1.0,0.0,254.9297924041748,270.06409645080566,334.2525098323822,0.6098682748579979,HIGH,IMD 0.25 degree gridded daily rainfall 2024,0.25 x 0.25 degree
Meghapur,395725,Rajkanika,Kendrapara,20.701181084817726,86.73669038189281,1439.8138199448586,3.933917540832947,122.3011703491211,89.0,2.0,1.0,0.0,254.9297924041748,270.06409645080566,334.2525098323822,0.6098682748579979,HIGH,IMD 0.25 degree gridded daily rainfall 2024,0.25 x 0.25 degree
Patarapur,395758,Rajkanika,Kendrapara,20.632605264709195,86.75422253510008,1439.8138199448586,3.933917540832947,122.3011703491211,89.0,2.0,1.0,0.0,254.9297924041748,270.06409645080566,334.2525098323822,0.6098682748579979,HIGH,IMD 0.25 degree gridded daily rainfall 2024,0.25 x 0.25 degree
Chhadesh,395657,Rajkanika,Kendrapara,20.724499582691074,86.66830428356965,1439.8138199448586,3.933917540832947,122.3011703491211,89.0,2.0,1.0,0.0,254.9297924041748,270.06409645080566,334.2525098323822,0.6098682748579979,HIGH,IMD 0.25 degree gridded daily rainfall 2024,0.25 x 0.25 degree
Baruna,395708,Rajkanika,Kendrapara,20.708057305411685,86.65687920526246,1439.8138199448586,3.933917540832947,122.3011703491211,89.0,2.0,1.0,0.0,254.9297924041748,270.06409645080566,334.2525098323822,0.6098682748579979,HIGH,IMD 0.25 degree gridded daily rainfall 2024,0.25 x 0.25 degree
Sisua,395695,Rajkanika,Kendrapara,20.708276896935416,86.75265359194917,1439.8138199448586,3.933917540832947,122.3011703491211,89.0,2.0,1.0,0.0,254.9297924041748,270.06409645080566,334.2525098323822,0.6098682748579979,HIGH,IMD 0.25 degree gridded daily rainfall 2024,0.25 x 0.25 degree
Banidihapatna,395707,Rajkanika,Kendrapara,20.708639112901523,86.66632400459477,1439.8138199448586,3.933917540832947,122.3011703491211,89.0,2.0,1.0,0.0,254.9297924041748,270.06409645080566,334.2525098323822,0.6098682748579979,HIGH,IMD 0.25 degree gridded daily rainfall 2024,0.25 x 0.25 degree
Chalunia,395697,Rajkanika,Kendrapara,20.71393318472267,86.73149003910049,1439.8138199448586,3.933917540832947,122.3011703491211,89.0,2.0,1.0,0.0,254.9297924041748,270.06409645080566,334.2525098323822,0.6098682748579979,HIGH,IMD 0.25 degree gridded daily rainfall 2024,0.25 x 0.25 degree
Jaganathpursasan,395922,Rajnagar,Kendrapara,20.618103905340472,86.70404049020021,1416.3522049933672,3.8698147677414405,100.4802474975586,94.0,2.0,0.0,0.0,219.51153945922852,234.21389782428741,303.70591466128826,0.5378752947467564,HIGH,IMD 0.25 degree gridded daily rainfall 2024,0.25 x 0.25 degree
Ostia,395928,Rajnagar,Kendrapara,20.622764290203996,86.68491307306812,1416.3522049933672,3.8698147677414405,100.4802474975586,94.0,2.0,0.0,0.0,219.51153945922852,234.21389782428741,303.70591466128826,0.5378752947467564,HIGH,IMD 0.25 degree gridded daily rainfall 2024,0.25 x 0.25 degree
Nagada,395929,Rajnagar,Kendrapara,20.62368614104772,86.6776673228305,1416.3522049933672,3.8698147677414405,100.4802474975586,94.0,2.0,0.0,0.0,219.51153945922852,234.21389782428741,303.70591466128826,0.5378752947467564,HIGH,IMD 0.25 degree gridded daily rainfall 2024,0.25 x 0.25 degree
Bhagabanpur,395923,Rajnagar,Kendrapara,20.621890036264357,86.70727761351871,1416.3522049933672,3.8698147677414405,100.4802474975586,94.0,2.0,0.0,0.0,219.51153945922852,234.21389782428741,303.70591466128826,0.5378752947467564,HIGH,IMD 0.25 degree gridded daily rainfall 2024,0.25 x 0.25 degree
Maneidiha,395702,Rajkanika,Kendrapara,20.718056917592737,86.69802527314675,1439.8138199448586,3.933917540832947,122.3011703491211,89.0,2.0,1.0,0.0,254.9297924041748,270.06409645080566,334.2525098323822,0.6098682748579979,HIGH,IMD 0.25 degree gridded daily rainfall 2024,0.25 x 0.25 degree
Chandanpur,395915,Rajnagar,Kendrapara,20.64594478481984,86.72938494361502,1439.8138199448586,3.933917540832947,122.3011703491211,89.0,2.0,1.0,0.0,254.9297924041748,270.06409645080566,334.2525098323822,0.6098682748579979,HIGH,IMD 0.25 degree gridded daily rainfall 2024,0.25 x 0.25 degree
Nethuria,395858,Rajnagar,Kendrapara,20.634948559902412,86.78984251523917,1439.8138199448586,3.933917540832947,122.3011703491211,89.0,2.0,1.0,0.0,254.9297924041748,270.06409645080566,334.2525098323822,0.6098682748579979,HIGH,IMD 0.25 degree gridded daily rainfall 2024,0.25 x 0.25 degree
Rajpur,395916,Rajnagar,Kendrapara,20.647334766404104,86.71978390041048,1439.8138199448586,3.933917540832947,122.3011703491211,89.0,2.0,1.0,0.0,254.9297924041748,270.06409645080566,334.2525098323822,0.6098682748579979,HIGH,IMD 0.25 degree gridded daily rainfall 2024,0.25 x 0.25 degree
Sanolara,395921,Rajnagar,Kendrapara,20.61031879183752,86.70422236584699,1416.3522049933672,3.8698147677414405,100.4802474975586,94.0,2.0,0.0,0.0,219.51153945922852,234.21389782428741,303.70591466128826,0.5378752947467564,HIGH,IMD 0.25 degree gridded daily rainfall 2024,0.25 x 0.25 degree
Madhupur,395918,Rajnagar,Kendrapara,20.6291874554371,86.71107410840335,1439.8138199448586,3.933917540832947,122.3011703491211,89.0,2.0,1.0,0.0,254.9297924041748,270.06409645080566,334.2525098323822,0.6098682748579979,HIGH,IMD 0.25 degree gridded daily rainfall 2024,0.25 x 0.25 degree
Naladia,395930,Rajnagar,Kendrapara,20.6319741147485,86.66915172363568,1439.8138199448586,3.933917540832947,122.3011703491211,89.0,2.0,1.0,0.0,254.9297924041748,270.06409645080566,334.2525098323822,0.6098682748579979,HIGH,IMD 0.25 degree gridded daily rainfall 2024,0.25 x 0.25 degree
Jayakunda,395759,Rajkanika,Kendrapara,20.644930947467614,86.74856330715379,1439.8138199448586,3.933917540832947,122.3011703491211,89.0,2.0,1.0,0.0,254.9297924041748,270.06409645080566,334.2525098323822,0.6098682748579979,HIGH,IMD 0.25 degree gridded daily rainfall 2024,0.25 x 0.25 degree
Achhutapur,395661,Rajkanika,Kendrapara,20.71871774218147,86.68190878351537,1439.8138199448586,3.933917540832947,122.3011703491211,89.0,2.0,1.0,0.0,254.9297924041748,270.06409645080566,334.2525098323822,0.6098682748579979,HIGH,IMD 0.25 degree gridded daily rainfall 2024,0.25 x 0.25 degree
Makundapur,395662,Rajkanika,Kendrapara,20.719983388050622,86.69016780378946,1439.8138199448586,3.933917540832947,122.3011703491211,89.0,2.0,1.0,0.0,254.9297924041748,270.06409645080566,334.2525098323822,0.6098682748579979,HIGH,IMD 0.25 degree gridded daily rainfall 2024,0.25 x 0.25 degree
Pandiapali,395675,Rajkanika,Kendrapara,20.72274279499876,86.7303518599791,1439.8138199448586,3.933917540832947,122.3011703491211,89.0,2.0,1.0,0.0,254.9297924041748,270.06409645080566,334.2525098323822,0.6098682748579979,HIGH,IMD 0.25 degree gridded daily rainfall 2024,0.25 x 0.25 degree
Singidi,395748,Rajkanika,Kendrapara,20.665840801627773,86.75145265759699,1439.8138199448586,3.933917540832947,122.3011703491211,89.0,2.0,1.0,0.0,254.9297924041748,270.06409645080566,334.2525098323822,0.6098682748579979,HIGH,IMD 0.25 degree gridded daily rainfall 2024,0.25 x 0.25 degree
Gangadharprasaddia,395746,Rajkanika,Kendrapara,20.67753697769686,86.72910192220604,1439.8138199448586,3.933917540832947,122.3011703491211,89.0,2.0,1.0,0.0,254.9297924041748,270.06409645080566,334.2525098323822,0.6098682748579979,HIGH,IMD 0.25 degree gridded daily rainfall 2024,0.25 x 0.25 degree
Bansaria,395718,Rajkanika,Kendrapara,20.705282130796917,86.71146603502997,1439.8138199448586,3.933917540832947,122.3011703491211,89.0,2.0,1.0,0.0,254.9297924041748,270.06409645080566,334.2525098323822,0.6098682748579979,HIGH,IMD 0.25 degree gridded daily rainfall 2024,0.25 x 0.25 degree
Khandeita,395743,Rajkanika,Kendrapara,20.67874905115623,86.75105187195979,1439.8138199448586,3.933917540832947,122.3011703491211,89.0,2.0,1.0,0.0,254.9297924041748,270.06409645080566,334.2525098323822,0.6098682748579979,HIGH,IMD 0.25 degree gridded daily rainfall 2024,0.25 x 0.25 degree
Mahadeiadia,395744,Rajkanika,Kendrapara,20.68138552872729,86.73713882054184,1439.8138199448586,3.933917540832947,122.3011703491211,89.0,2.0,1.0,0.0,254.9297924041748,270.06409645080566,334.2525098323822,0.6098682748579979,HIGH,IMD 0.25 degree gridded daily rainfall 2024,0.25 x 0.25 degree
Kothasahi,395701,Rajkanika,Kendrapara,20.720443735997165,86.71225828689259,1439.8138199448586,3.933917540832947,122.3011703491211,89.0,2.0,1.0,0.0,254.9297924041748,270.06409645080566,334.2525098323822,0.6098682748579979,HIGH,IMD 0.25 degree gridded daily rainfall 2024,0.25 x 0.25 degree
Gobanga,395719,Rajkanika,Kendrapara,20.68735434574155,86.70553846292067,1439.8138199448586,3.933917540832947,122.3011703491211,89.0,2.0,1.0,0.0,254.9297924041748,270.06409645080566,334.2525098323822,0.6098682748579979,HIGH,IMD 0.25 degree gridded daily rainfall 2024,0.25 x 0.25 degree
Ayatan,395723,Rajkanika,Kendrapara,20.689134815414704,86.7285950733139,1439.8138199448586,3.933917540832947,122.3011703491211,89.0,2.0,1.0,0.0,254.9297924041748,270.06409645080566,334.2525098323822,0.6098682748579979,HIGH,IMD 0.25 degree gridded daily rainfall 2024,0.25 x 0.25 degree
Rautabartani,395724,Rajkanika,Kendrapara,20.68949843325885,86.73832678548965,1439.8138199448586,3.933917540832947,122.3011703491211,89.0,2.0,1.0,0.0,254.9297924041748,270.06409645080566,334.2525098323822,0.6098682748579979,HIGH,IMD 0.25 degree gridded daily rainfall 2024,0.25 x 0.25 degree
Dalikaenda,395717,Rajkanika,Kendrapara,20.691426493891136,86.69473302386939,1439.8138199448586,3.933917540832947,122.3011703491211,89.0,2.0,1.0,0.0,254.9297924041748,270.06409645080566,334.2525098323822,0.6098682748579979,HIGH,IMD 0.25 degree gridded daily rainfall 2024,0.25 x 0.25 degree
Siko,395720,Rajkanika,Kendrapara,20.692306803473166,86.71769787166497,1439.8138199448586,3.933917540832947,122.3011703491211,89.0,2.0,1.0,0.0,254.9297924041748,270.06409645080566,334.2525098323822,0.6098682748579979,HIGH,IMD 0.25 degree gridded daily rainfall 2024,0.25 x 0.25 degree
Badajoramuhan,395714,Rajkanika,Kendrapara,20.700273279974212,86.68213971627779,1439.8138199448586,3.933917540832947,122.3011703491211,89.0,2.0,1.0,0.0,254.9297924041748,270.06409645080566,334.2525098323822,0.6098682748579979,HIGH,IMD 0.25 degree gridded daily rainfall 2024,0.25 x 0.25 degree
Jharkata,395715,Rajkanika,Kendrapara,20.700432739216318,86.69192626906755,1439.8138199448586,3.933917540832947,122.3011703491211,89.0,2.0,1.0,0.0,254.9297924041748,270.06409645080566,334.2525098323822,0.6098682748579979,HIGH,IMD 0.25 degree gridded daily rainfall 2024,0.25 x 0.25 degree
Mangalapur,395716,Rajkanika,Kendrapara,20.702158010823332,86.69727604164207,1439.8138199448586,3.933917540832947,122.3011703491211,89.0,2.0,1.0,0.0,254.9297924041748,270.06409645080566,334.2525098323822,0.6098682748579979,HIGH,IMD 0.25 degree gridded daily rainfall 2024,0.25 x 0.25 degree
Nandimahara,395699,Rajkanika,Kendrapara,20.71050820469492,86.72609860944192,1439.8138199448586,3.933917540832947,122.3011703491211,89.0,2.0,1.0,0.0,254.9297924041748,270.06409645080566,334.2525098323822,0.6098682748579979,HIGH,IMD 0.25 degree gridded daily rainfall 2024,0.25 x 0.25 degree
Dasabhagaria,395703,Rajkanika,Kendrapara,20.707536143053236,86.70323402292769,1439.8138199448586,3.933917540832947,122.3011703491211,89.0,2.0,1.0,0.0,254.9297924041748,270.06409645080566,334.2525098323822,0.6098682748579979,HIGH,IMD 0.25 degree gridded daily rainfall 2024,0.25 x 0.25 degree
Joral,395696,Rajkanika,Kendrapara,20.706438622520636,86.74059994685902,1439.8138199448586,3.933917540832947,122.3011703491211,89.0,2.0,1.0,0.0,254.9297924041748,270.06409645080566,334.2525098323822,0.6098682748579979,HIGH,IMD 0.25 degree gridded daily rainfall 2024,0.25 x 0.25 degree
Giria,395700,Rajkanika,Kendrapara,20.711025372942153,86.71543659601443,1439.8138199448586,3.933917540832947,122.3011703491211,89.0,2.0,1.0,0.0,254.9297924041748,270.06409645080566,334.2525098323822,0.6098682748579979,HIGH,IMD 0.25 degree gridded daily rainfall 2024,0.25 x 0.25 degree
Baradia,395920,Rajnagar,Kendrapara,20.613799150136977,86.71665874137419,1416.3522049933672,3.8698147677414405,100.4802474975586,94.0,2.0,0.0,0.0,219.51153945922852,234.21389782428741,303.70591466128826,0.5378752947467564,HIGH,IMD 0.25 degree gridded daily rainfall 2024,0.25 x 0.25 degree
Matia,395910,Rajnagar,Kendrapara,20.613668079859302,86.72736965675793,1416.3522049933672,3.8698147677414405,100.4802474975586,94.0,2.0,0.0,0.0,219.51153945922852,234.21389782428741,303.70591466128826,0.5378752947467564,HIGH,IMD 0.25 degree gridded daily rainfall 2024,0.25 x 0.25 degree
Pancheswar,395913,Rajnagar,Kendrapara,20.626801120432575,86.72820085311136,1439.8138199448586,3.933917540832947,122.3011703491211,89.0,2.0,1.0,0.0,254.9297924041748,270.06409645080566,334.2525098323822,0.6098682748579979,HIGH,IMD 0.25 degree gridded daily rainfall 2024,0.25 x 0.25 degree
Belpaldia,395926,Rajnagar,Kendrapara,20.636161090917327,86.69248717865993,1439.8138199448586,3.933917540832947,122.3011703491211,89.0,2.0,1.0,0.0,254.9297924041748,270.06409645080566,334.2525098323822,0.6098682748579979,HIGH,IMD 0.25 degree gridded daily rainfall 2024,0.25 x 0.25 degree
Sangrampur,395728,Rajkanika,Kendrapara,20.694705026383453,86.7652186270414,1439.8138199448586,3.933917540832947,122.3011703491211,89.0,2.0,1.0,0.0,254.9297924041748,270.06409645080566,334.2525098323822,0.6098682748579979,HIGH,IMD 0.25 degree gridded daily rainfall 2024,0.25 x 0.25 degree
Anantapur,395683,Rajkanika,Kendrapara,20.720370680459872,86.78797345399158,1439.8138199448586,3.933917540832947,122.3011703491211,89.0,2.0,1.0,0.0,254.9297924041748,270.06409645080566,334.2525098323822,0.6098682748579979,HIGH,IMD 0.25 degree gridded daily rainfall 2024,0.25 x 0.25 degree
Bektakolha,395887,Rajnagar,Kendrapara,20.619882875039387,86.8367724656672,1416.3522049933672,3.8698147677414405,100.4802474975586,94.0,2.0,0.0,0.0,219.51153945922852,234.21389782428741,303.70591466128826,0.5378752947467564,HIGH,IMD 0.25 degree gridded daily rainfall 2024,0.25 x 0.25 degree
Khunta,395732,Rajkanika,Kendrapara,20.698232881953018,86.79424378158295,1439.8138199448586,3.933917540832947,122.3011703491211,89.0,2.0,1.0,0.0,254.9297924041748,270.06409645080566,334.2525098323822,0.6098682748579979,HIGH,IMD 0.25 degree gridded daily rainfall 2024,0.25 x 0.25 degree
Khuntakana,395854,Rajnagar,Kendrapara,20.627579942105932,86.78739067745045,1439.8138199448586,3.933917540832947,122.3011703491211,89.0,2.0,1.0,0.0,254.9297924041748,270.06409645080566,334.2525098323822,0.6098682748579979,HIGH,IMD 0.25 degree gridded daily rainfall 2024,0.25 x 0.25 degree
Chakamanpur,395841,Rajnagar,Kendrapara,20.65259431594591,86.8310766888658,1439.8138199448586,3.933917540832947,122.3011703491211,89.0,2.0,1.0,0.0,254.9297924041748,270.06409645080566,334.2525098323822,0.6098682748579979,HIGH,IMD 0.25 degree gridded daily rainfall 2024,0.25 x 0.25 degree
Jaganathpur,395857,Rajnagar,Kendrapara,20.641219701839947,86.79951826575622,1439.8138199448586,3.933917540832947,122.3011703491211,89.0,2.0,1.0,0.0,254.9297924041748,270.06409645080566,334.2525098323822,0.6098682748579979,HIGH,IMD 0.25 degree gridded daily rainfall 2024,0.25 x 0.25 degree
Amanapari,395861,Rajnagar,Kendrapara,20.633172092397473,86.80291171430184,1439.8138199448586,3.933917540832947,122.3011703491211,89.0,2.0,1.0,0.0,254.9297924041748,270.06409645080566,334.2525098323822,0.6098682748579979,HIGH,IMD 0.25 degree gridded daily rainfall 2024,0.25 x 0.25 degree
Paramanandpur,395804,Rajnagar,Kendrapara,20.719792717703164,86.8196727908053,1439.8138199448586,3.933917540832947,122.3011703491211,89.0,2.0,1.0,0.0,254.9297924041748,270.06409645080566,334.2525098323822,0.6098682748579979,HIGH,IMD 0.25 degree gridded daily rainfall 2024,0.25 x 0.25 degree
Jayanagar,395691,Rajkanika,Kendrapara,20.710255927427205,86.79923176411674,1439.8138199448586,3.933917540832947,122.3011703491211,89.0,2.0,1.0,0.0,254.9297924041748,270.06409645080566,334.2525098323822,0.6098682748579979,HIGH,IMD 0.25 degree gridded daily rainfall 2024,0.25 x 0.25 degree
Banabiharipur,395874,Rajnagar,Kendrapara,20.634869950458587,86.85496735072127,1439.8138199448586,3.933917540832947,122.3011703491211,89.0,2.0,1.0,0.0,254.9297924041748,270.06409645080566,334.2525098323822,0.6098682748579979,HIGH,IMD 0.25 degree gridded daily rainfall 2024,0.25 x 0.25 degree
Kantapada,395694,Rajkanika,Kendrapara,20.715484361710633,86.7566383936124,1439.8138199448586,3.933917540832947,122.3011703491211,89.0,2.0,1.0,0.0,254.9297924041748,270.06409645080566,334.2525098323822,0.6098682748579979,HIGH,IMD 0.25 degree gridded daily rainfall 2024,0.25 x 0.25 degree
Hansua,395855,Rajnagar,Kendrapara,20.633965012020845,86.78415952743714,1439.8138199448586,3.933917540832947,122.3011703491211,89.0,2.0,1.0,0.0,254.9297924041748,270.06409645080566,334.2525098323822,0.6098682748579979,HIGH,IMD 0.25 degree gridded daily rainfall 2024,0.25 x 0.25 degree
Kusunpur,395690,Rajkanika,Kendrapara,20.720163302497873,86.80449557410165,1439.8138199448586,3.933917540832947,122.3011703491211,89.0,2.0,1.0,0.0,254.9297924041748,270.06409645080566,334.2525098323822,0.6098682748579979,HIGH,IMD 0.25 degree gridded daily rainfall 2024,0.25 x 0.25 degree
Sankarnathpeta,395871,Rajnagar,Kendrapara,20.63344725339886,86.84451763468105,1439.8138199448586,3.933917540832947,122.3011703491211,89.0,2.0,1.0,0.0,254.9297924041748,270.06409645080566,334.2525098323822,0.6098682748579979,HIGH,IMD 0.25 degree gridded daily rainfall 2024,0.25 x 0.25 degree
Madhupur,395862,Rajnagar,Kendrapara,20.636431375948554,86.80198503075599,1439.8138199448586,3.933917540832947,122.3011703491211,89.0,2.0,1.0,0.0,254.9297924041748,270.06409645080566,334.2525098323822,0.6098682748579979,HIGH,IMD 0.25 degree gridded daily rainfall 2024,0.25 x 0.25 degree
Chandibaunsamula,395900,Rajnagar,Kendrapara,20.609866501077185,86.77392012867519,1416.3522049933672,3.8698147677414405,100.4802474975586,94.0,2.0,0.0,0.0,219.51153945922852,234.21389782428741,303.70591466128826,0.5378752947467564,HIGH,IMD 0.25 degree gridded daily rainfall 2024,0.25 x 0.25 degree
Hansina,395856,Rajnagar,Kendrapara,20.641038826997203,86.78584749302283,1439.8138199448586,3.933917540832947,122.3011703491211,89.0,2.0,1.0,0.0,254.9297924041748,270.06409645080566,334.2525098323822,0.6098682748579979,HIGH,IMD 0.25 degree gridded daily rainfall 2024,0.25 x 0.25 degree
Rajbijaya Nagar,395822,Rajnagar,Kendrapara,20.68520981431113,86.84367594537362,1439.8138199448586,3.933917540832947,122.3011703491211,89.0,2.0,1.0,0.0,254.9297924041748,270.06409645080566,334.2525098323822,0.6098682748579979,HIGH,IMD 0.25 degree gridded daily rainfall 2024,0.25 x 0.25 degree
Baruna,395859,Rajnagar,Kendrapara,20.635021635616468,86.79512940668207,1439.8138199448586,3.933917540832947,122.3011703491211,89.0,2.0,1.0,0.0,254.9297924041748,270.06409645080566,334.2525098323822,0.6098682748579979,HIGH,IMD 0.25 degree gridded daily rainfall 2024,0.25 x 0.25 degree
Adabhutia,395837,Rajnagar,Kendrapara,20.652325991688528,86.85732381753024,1439.8138199448586,3.933917540832947,122.3011703491211,89.0,2.0,1.0,0.0,254.9297924041748,270.06409645080566,334.2525098323822,0.6098682748579979,HIGH,IMD 0.25 degree gridded daily rainfall 2024,0.25 x 0.25 degree
Baunsakani,395864,Rajnagar,Kendrapara,20.627113739580345,86.80152432683855,1439.8138199448586,3.933917540832947,122.3011703491211,89.0,2.0,1.0,0.0,254.9297924041748,270.06409645080566,334.2525098323822,0.6098682748579979,HIGH,IMD 0.25 degree gridded daily rainfall 2024,0.25 x 0.25 degree
Rajrajeswaripur,395873,Rajnagar,Kendrapara,20.619948133006798,86.85292592226567,1416.3522049933672,3.8698147677414405,100.4802474975586,94.0,2.0,0.0,0.0,219.51153945922852,234.21389782428741,303.70591466128826,0.5378752947467564,HIGH,IMD 0.25 degree gridded daily rainfall 2024,0.25 x 0.25 degree
Dholamara,395852,Rajnagar,Kendrapara,20.624070635300107,86.777849047382,1416.3522049933672,3.8698147677414405,100.4802474975586,94.0,2.0,0.0,0.0,219.51153945922852,234.21389782428741,303.70591466128826,0.5378752947467564,HIGH,IMD 0.25 degree gridded daily rainfall 2024,0.25 x 0.25 degree
Bhitargarh,395899,Rajnagar,Kendrapara,20.61743755733006,86.78793892199249,1416.3522049933672,3.8698147677414405,100.4802474975586,94.0,2.0,0.0,0.0,219.51153945922852,234.21389782428741,303.70591466128826,0.5378752947467564,HIGH,IMD 0.25 degree gridded daily rainfall 2024,0.25 x 0.25 degree
Badhinakolha,395894,Rajnagar,Kendrapara,20.62106965310734,86.80426894418312,1416.3522049933672,3.8698147677414405,100.4802474975586,94.0,2.0,0.0,0.0,219.51153945922852,234.21389782428741,303.70591466128826,0.5378752947467564,HIGH,IMD 0.25 degree gridded daily rainfall 2024,0.25 x 0.25 degree
Dhamara,395756,Rajkanika,Kendrapara,20.647507907078513,86.769809860317,1439.8138199448586,3.933917540832947,122.3011703491211,89.0,2.0,1.0,0.0,254.9297924041748,270.06409645080566,334.2525098323822,0.6098682748579979,HIGH,IMD 0.25 degree gridded daily rainfall 2024,0.25 x 0.25 degree
Purusottampur,395835,Rajnagar,Kendrapara,20.66485808633789,86.85650001166015,1439.8138199448586,3.933917540832947,122.3011703491211,89.0,2.0,1.0,0.0,254.9297924041748,270.06409645080566,334.2525098323822,0.6098682748579979,HIGH,IMD 0.25 degree gridded daily rainfall 2024,0.25 x 0.25 degree
Garadapur,395749,Rajkanika,Kendrapara,20.668776139284436,86.76238678321764,1439.8138199448586,3.933917540832947,122.3011703491211,89.0,2.0,1.0,0.0,254.9297924041748,270.06409645080566,334.2525098323822,0.6098682748579979,HIGH,IMD 0.25 degree gridded daily rainfall 2024,0.25 x 0.25 degree
Bishnupara,395896,Rajnagar,Kendrapara,20.611924093911625,86.79553311222001,1416.3522049933672,3.8698147677414405,100.4802474975586,94.0,2.0,0.0,0.0,219.51153945922852,234.21389782428741,303.70591466128826,0.5378752947467564,HIGH,IMD 0.25 degree gridded daily rainfall 2024,0.25 x 0.25 degree
Hariharpur,395886,Rajnagar,Kendrapara,20.611219180965314,86.83570665604367,1416.3522049933672,3.8698147677414405,100.4802474975586,94.0,2.0,0.0,0.0,219.51153945922852,234.21389782428741,303.70591466128826,0.5378752947467564,HIGH,IMD 0.25 degree gridded daily rainfall 2024,0.25 x 0.25 degree
Padmanav Pur,395868,Rajnagar,Kendrapara,20.640027855316468,86.8272153320384,1439.8138199448586,3.933917540832947,122.3011703491211,89.0,2.0,1.0,0.0,254.9297924041748,270.06409645080566,334.2525098323822,0.6098682748579979,HIGH,IMD 0.25 degree gridded daily rainfall 2024,0.25 x 0.25 degree
Kuhudi,395620,Rajkanika,Kendrapara,20.74061456692275,86.73789449311674,1439.8138199448586,3.933917540832947,122.3011703491211,89.0,2.0,1.0,0.0,254.9297924041748,270.06409645080566,334.2525098323822,0.6098682748579979,HIGH,IMD 0.25 degree gridded daily rainfall 2024,0.25 x 0.25 degree
Koilipur,395736,Rajkanika,Kendrapara,20.685377066413913,86.78452994604098,1439.8138199448586,3.933917540832947,122.3011703491211,89.0,2.0,1.0,0.0,254.9297924041748,270.06409645080566,334.2525098323822,0.6098682748579979,HIGH,IMD 0.25 degree gridded daily rainfall 2024,0.25 x 0.25 degree
Madhupur,395815,Rajnagar,Kendrapara,20.683761768251657,86.80929523031597,1439.8138199448586,3.933917540832947,122.3011703491211,89.0,2.0,1.0,0.0,254.9297924041748,270.06409645080566,334.2525098323822,0.6098682748579979,HIGH,IMD 0.25 degree gridded daily rainfall 2024,0.25 x 0.25 degree
Balarampur,395845,Rajnagar,Kendrapara,20.650487728131154,86.81008811416908,1439.8138199448586,3.933917540832947,122.3011703491211,89.0,2.0,1.0,0.0,254.9297924041748,270.06409645080566,334.2525098323822,0.6098682748579979,HIGH,IMD 0.25 degree gridded daily rainfall 2024,0.25 x 0.25 degree
Badapal,395869,Rajnagar,Kendrapara,20.632513855637185,86.83297002944964,1439.8138199448586,3.933917540832947,122.3011703491211,89.0,2.0,1.0,0.0,254.9297924041748,270.06409645080566,334.2525098323822,0.6098682748579979,HIGH,IMD 0.25 degree gridded daily rainfall 2024,0.25 x 0.25 degree
Katanabania,395752,Rajkanika,Kendrapara,20.660477597545142,86.75569987975558,1439.8138199448586,3.933917540832947,122.3011703491211,89.0,2.0,1.0,0.0,254.9297924041748,270.06409645080566,334.2525098323822,0.6098682748579979,HIGH,IMD 0.25 degree gridded daily rainfall 2024,0.25 x 0.25 degree
Loknathprasad,395850,Rajnagar,Kendrapara,20.632730747588635,86.77291950284102,1439.8138199448586,3.933917540832947,122.3011703491211,89.0,2.0,1.0,0.0,254.9297924041748,270.06409645080566,334.2525098323822,0.6098682748579979,HIGH,IMD 0.25 degree gridded daily rainfall 2024,0.25 x 0.25 degree
Jaganathprasad_ Dia,395733,Rajkanika,Kendrapara,20.698224158352204,86.80599770529972,1439.8138199448586,3.933917540832947,122.3011703491211,89.0,2.0,1.0,0.0,254.9297924041748,270.06409645080566,334.2525098323822,0.6098682748579979,HIGH,IMD 0.25 degree gridded daily rainfall 2024,0.25 x 0.25 degree
Biradia,395757,Rajkanika,Kendrapara,20.639605797408596,86.76329964065111,1439.8138199448586,3.933917540832947,122.3011703491211,89.0,2.0,1.0,0.0,254.9297924041748,270.06409645080566,334.2525098323822,0.6098682748579979,HIGH,IMD 0.25 degree gridded daily rainfall 2024,0.25 x 0.25 degree
Gothakolha,395849,Rajnagar,Kendrapara,20.641901641732254,86.77405604227326,1439.8138199448586,3.933917540832947,122.3011703491211,89.0,2.0,1.0,0.0,254.9297924041748,270.06409645080566,334.2525098323822,0.6098682748579979,HIGH,IMD 0.25 degree gridded daily rainfall 2024,0.25 x 0.25 degree
Handiagarh,395865,Rajnagar,Kendrapara,20.6246056619437,86.81589701201631,1416.3522049933672,3.8698147677414405,100.4802474975586,94.0,2.0,0.0,0.0,219.51153945922852,234.21389782428741,303.70591466128826,0.5378752947467564,HIGH,IMD 0.25 degree gridded daily rainfall 2024,0.25 x 0.25 degree
Madarangapata,395750,Rajkanika,Kendrapara,20.665297249257275,86.7694092626269,1439.8138199448586,3.933917540832947,122.3011703491211,89.0,2.0,1.0,0.0,254.9297924041748,270.06409645080566,334.2525098323822,0.6098682748579979,HIGH,IMD 0.25 degree gridded daily rainfall 2024,0.25 x 0.25 degree
Singadapal,395872,Rajnagar,Kendrapara,20.622519897123787,86.84647836938848,1416.3522049933672,3.8698147677414405,100.4802474975586,94.0,2.0,0.0,0.0,219.51153945922852,234.21389782428741,303.70591466128826,0.5378752947467564,HIGH,IMD 0.25 degree gridded daily rainfall 2024,0.25 x 0.25 degree
Bimisnagar,395870,Rajnagar,Kendrapara,20.625703424385097,86.83564963982107,1439.8138199448586,3.933917540832947,122.3011703491211,89.0,2.0,1.0,0.0,254.9297924041748,270.06409645080566,334.2525098323822,0.6098682748579979,HIGH,IMD 0.25 degree gridded daily rainfall 2024,0.25 x 0.25 degree
Raulia,395692,Rajkanika,Kendrapara,20.71213149399256,86.77996810720336,1439.8138199448586,3.933917540832947,122.3011703491211,89.0,2.0,1.0,0.0,254.9297924041748,270.06409645080566,334.2525098323822,0.6098682748579979,HIGH,IMD 0.25 degree gridded daily rainfall 2024,0.25 x 0.25 degree
Junus Nagar,395836,Rajnagar,Kendrapara,20.660857423276553,86.84803542454961,1439.8138199448586,3.933917540832947,122.3011703491211,89.0,2.0,1.0,0.0,254.9297924041748,270.06409645080566,334.2525098323822,0.6098682748579979,HIGH,IMD 0.25 degree gridded daily rainfall 2024,0.25 x 0.25 degree
Kandira,395860,Rajnagar,Kendrapara,20.625880004787746,86.79305117393298,1439.8138199448586,3.933917540832947,122.3011703491211,89.0,2.0,1.0,0.0,254.9297924041748,270.06409645080566,334.2525098323822,0.6098682748579979,HIGH,IMD 0.25 degree gridded daily rainfall 2024,0.25 x 0.25 degree
Silapokhari,395892,Rajnagar,Kendrapara,20.612172173628373,86.81851599405772,1416.3522049933672,3.8698147677414405,100.4802474975586,94.0,2.0,0.0,0.0,219.51153945922852,234.21389782428741,303.70591466128826,0.5378752947467564,HIGH,IMD 0.25 degree gridded daily rainfall 2024,0.25 x 0.25 degree
Charipokharia,395893,Rajnagar,Kendrapara,20.60998713100564,86.80409287967979,1416.3522049933672,3.8698147677414405,100.4802474975586,94.0,2.0,0.0,0.0,219.51153945922852,234.21389782428741,303.70591466128826,0.5378752947467564,HIGH,IMD 0.25 degree gridded daily rainfall 2024,0.25 x 0.25 degree
Jharkata,395904,Rajnagar,Kendrapara,20.616958769681805,86.768509929944,1416.3522049933672,3.8698147677414405,100.4802474975586,94.0,2.0,0.0,0.0,219.51153945922852,234.21389782428741,303.70591466128826,0.5378752947467564,HIGH,IMD 0.25 degree gridded daily rainfall 2024,0.25 x 0.25 degree
Sribantapur,395839,Rajnagar,Kendrapara,20.643994203910744,86.8402335311146,1439.8138199448586,3.933917540832947,122.3011703491211,89.0,2.0,1.0,0.0,254.9297924041748,270.06409645080566,334.2525098323822,0.6098682748579979,HIGH,IMD 0.25 degree gridded daily rainfall 2024,0.25 x 0.25 degree
Panchu Palli,395817,Rajnagar,Kendrapara,20.6765577615641,86.80408397248578,1439.8138199448586,3.933917540832947,122.3011703491211,89.0,2.0,1.0,0.0,254.9297924041748,270.06409645080566,334.2525098323822,0.6098682748579979,HIGH,IMD 0.25 degree gridded daily rainfall 2024,0.25 x 0.25 degree
Khulari,395741,Rajkanika,Kendrapara,20.683759458678967,86.76742438108045,1439.8138199448586,3.933917540832947,122.3011703491211,89.0,2.0,1.0,0.0,254.9297924041748,270.06409645080566,334.2525098323822,0.6098682748579979,HIGH,IMD 0.25 degree gridded daily rainfall 2024,0.25 x 0.25 degree
Ajagar Patia,395824,Rajnagar,Kendrapara,20.67553851996602,86.85679910157606,1439.8138199448586,3.933917540832947,122.3011703491211,89.0,2.0,1.0,0.0,254.9297924041748,270.06409645080566,334.2525098323822,0.6098682748579979,HIGH,IMD 0.25 degree gridded daily rainfall 2024,0.25 x 0.25 degree
Padmanavpur,395816,Rajnagar,Kendrapara,20.677699143348775,86.79661484554825,1439.8138199448586,3.933917540832947,122.3011703491211,89.0,2.0,1.0,0.0,254.9297924041748,270.06409645080566,334.2525098323822,0.6098682748579979,HIGH,IMD 0.25 degree gridded daily rainfall 2024,0.25 x 0.25 degree
Trailokyapur,395729,Rajkanika,Kendrapara,20.706303027974236,86.76793577730285,1439.8138199448586,3.933917540832947,122.3011703491211,89.0,2.0,1.0,0.0,254.9297924041748,270.06409645080566,334.2525098323822,0.6098682748579979,HIGH,IMD 0.25 degree gridded daily rainfall 2024,0.25 x 0.25 degree
Badapanka,395693,Rajkanika,Kendrapara,20.715532430931468,86.77337232379871,1439.8138199448586,3.933917540832947,122.3011703491211,89.0,2.0,1.0,0.0,254.9297924041748,270.06409645080566,334.2525098323822,0.6098682748579979,HIGH,IMD 0.25 degree gridded daily rainfall 2024,0.25 x 0.25 degree
Balarampur,395866,Rajnagar,Kendrapara,20.63579203338906,86.81640124446778,1439.8138199448586,3.933917540832947,122.3011703491211,89.0,2.0,1.0,0.0,254.9297924041748,270.06409645080566,334.2525098323822,0.6098682748579979,HIGH,IMD 0.25 degree gridded daily rainfall 2024,0.25 x 0.25 degree
Bajapur,395753,Rajkanika,Kendrapara,20.65531905243261,86.75457272011894,1439.8138199448586,3.933917540832947,122.3011703491211,89.0,2.0,1.0,0.0,254.9297924041748,270.06409645080566,334.2525098323822,0.6098682748579979,HIGH,IMD 0.25 degree gridded daily rainfall 2024,0.25 x 0.25 degree
Sana Gokhani,395821,Rajnagar,Kendrapara,20.685504072788024,86.8317072591531,1439.8138199448586,3.933917540832947,122.3011703491211,89.0,2.0,1.0,0.0,254.9297924041748,270.06409645080566,334.2525098323822,0.6098682748579979,HIGH,IMD 0.25 degree gridded daily rainfall 2024,0.25 x 0.25 degree
Balunga Patia,395825,Rajnagar,Kendrapara,20.684761612093524,86.8625562907693,1439.8138199448586,3.933917540832947,122.3011703491211,89.0,2.0,1.0,0.0,254.9297924041748,270.06409645080566,334.2525098323822,0.6098682748579979,HIGH,IMD 0.25 degree gridded daily rainfall 2024,0.25 x 0.25 degree
Nuagan Baragan,395863,Rajnagar,Kendrapara,20.635492342717896,86.80963393740751,1439.8138199448586,3.933917540832947,122.3011703491211,89.0,2.0,1.0,0.0,254.9297924041748,270.06409645080566,334.2525098323822,0.6098682748579979,HIGH,IMD 0.25 degree gridded daily rainfall 2024,0.25 x 0.25 degree
Sila Pokhari,395818,Rajnagar,Kendrapara,20.67766791339094,86.81662336212554,1439.8138199448586,3.933917540832947,122.3011703491211,89.0,2.0,1.0,0.0,254.9297924041748,270.06409645080566,334.2525098323822,0.6098682748579979,HIGH,IMD 0.25 degree gridded daily rainfall 2024,0.25 x 0.25 degree
Rajendranarayanpur,395805,Rajnagar,Kendrapara,20.724434345757516,86.82937116084014,1439.8138199448586,3.933917540832947,122.3011703491211,89.0,2.0,1.0,0.0,254.9297924041748,270.06409645080566,334.2525098323822,0.6098682748579979,HIGH,IMD 0.25 degree gridded daily rainfall 2024,0.25 x 0.25 degree
Jaduchandrapur,395903,Rajnagar,Kendrapara,20.61246281296375,86.76662067570527,1416.3522049933672,3.8698147677414405,100.4802474975586,94.0,2.0,0.0,0.0,219.51153945922852,234.21389782428741,303.70591466128826,0.5378752947467564,HIGH,IMD 0.25 degree gridded daily rainfall 2024,0.25 x 0.25 degree
Brahmanikholha,395895,Rajnagar,Kendrapara,20.61766543137888,86.79887626177928,1416.3522049933672,3.8698147677414405,100.4802474975586,94.0,2.0,0.0,0.0,219.51153945922852,234.21389782428741,303.70591466128826,0.5378752947467564,HIGH,IMD 0.25 degree gridded daily rainfall 2024,0.25 x 0.25 degree
Kusunpur,395853,Rajnagar,Kendrapara,20.624152925696634,86.78271386274763,1416.3522049933672,3.8698147677414405,100.4802474975586,94.0,2.0,0.0,0.0,219.51153945922852,234.21389782428741,303.70591466128826,0.5378752947467564,HIGH,IMD 0.25 degree gridded daily rainfall 2024,0.25 x 0.25 degree
Nalajodi,395867,Rajnagar,Kendrapara,20.62921468317434,86.82101685624377,1439.8138199448586,3.933917540832947,122.3011703491211,89.0,2.0,1.0,0.0,254.9297924041748,270.06409645080566,334.2525098323822,0.6098682748579979,HIGH,IMD 0.25 degree gridded daily rainfall 2024,0.25 x 0.25 degree
Gupti,395838,Rajnagar,Kendrapara,20.645088688389432,86.85938891008439,1439.8138199448586,3.933917540832947,122.3011703491211,89.0,2.0,1.0,0.0,254.9297924041748,270.06409645080566,334.2525098323822,0.6098682748579979,HIGH,IMD 0.25 degree gridded daily rainfall 2024,0.25 x 0.25 degree
Daenigiri,395754,Rajkanika,Kendrapara,20.652035653613744,86.76313368128305,1439.8138199448586,3.933917540832947,122.3011703491211,89.0,2.0,1.0,0.0,254.9297924041748,270.06409645080566,334.2525098323822,0.6098682748579979,HIGH,IMD 0.25 degree gridded daily rainfall 2024,0.25 x 0.25 degree
Daruora,395846,Rajnagar,Kendrapara,20.6503003783182,86.79396306646132,1439.8138199448586,3.933917540832947,122.3011703491211,89.0,2.0,1.0,0.0,254.9297924041748,270.06409645080566,334.2525098323822,0.6098682748579979,HIGH,IMD 0.25 degree gridded daily rainfall 2024,0.25 x 0.25 degree
Jhadamala,395755,Rajkanika,Kendrapara,20.654078155544244,86.77364925038829,1439.8138199448586,3.933917540832947,122.3011703491211,89.0,2.0,1.0,0.0,254.9297924041748,270.06409645080566,334.2525098323822,0.6098682748579979,HIGH,IMD 0.25 degree gridded daily rainfall 2024,0.25 x 0.25 degree
Ghadiamal,395844,Rajnagar,Kendrapara,20.65957301550504,86.79625420210456,1439.8138199448586,3.933917540832947,122.3011703491211,89.0,2.0,1.0,0.0,254.9297924041748,270.06409645080566,334.2525098323822,0.6098682748579979,HIGH,IMD 0.25 degree gridded daily rainfall 2024,0.25 x 0.25 degree
Bandhamala,395751,Rajkanika,Kendrapara,20.662729118723796,86.77930971652279,1439.8138199448586,3.933917540832947,122.3011703491211,89.0,2.0,1.0,0.0,254.9297924041748,270.06409645080566,334.2525098323822,0.6098682748579979,HIGH,IMD 0.25 degree gridded daily rainfall 2024,0.25 x 0.25 degree
Nuagan,395843,Rajnagar,Kendrapara,20.66474357596448,86.79073364505307,1439.8138199448586,3.933917540832947,122.3011703491211,89.0,2.0,1.0,0.0,254.9297924041748,270.06409645080566,334.2525098323822,0.6098682748579979,HIGH,IMD 0.25 degree gridded daily rainfall 2024,0.25 x 0.25 degree
Dibakarpur,395842,Rajnagar,Kendrapara,20.660727310993792,86.82131067374388,1439.8138199448586,3.933917540832947,122.3011703491211,89.0,2.0,1.0,0.0,254.9297924041748,270.06409645080566,334.2525098323822,0.6098682748579979,HIGH,IMD 0.25 degree gridded daily rainfall 2024,0.25 x 0.25 degree
Ghusuria,395738,Rajkanika,Kendrapara,20.671836934401536,86.78129086157819,1439.8138199448586,3.933917540832947,122.3011703491211,89.0,2.0,1.0,0.0,254.9297924041748,270.06409645080566,334.2525098323822,0.6098682748579979,HIGH,IMD 0.25 degree gridded daily rainfall 2024,0.25 x 0.25 degree
Charipokharia,395739,Rajkanika,Kendrapara,20.673205801096557,86.77311867319678,1439.8138199448586,3.933917540832947,122.3011703491211,89.0,2.0,1.0,0.0,254.9297924041748,270.06409645080566,334.2525098323822,0.6098682748579979,HIGH,IMD 0.25 degree gridded daily rainfall 2024,0.25 x 0.25 degree
Biswanathpur,395742,Rajkanika,Kendrapara,20.675916426629037,86.76727366768395,1439.8138199448586,3.933917540832947,122.3011703491211,89.0,2.0,1.0,0.0,254.9297924041748,270.06409645080566,334.2525098323822,0.6098682748579979,HIGH,IMD 0.25 degree gridded daily rainfall 2024,0.25 x 0.25 degree
Iswarpur,395813,Rajnagar,Kendrapara,20.69942727355764,86.82186211515355,1439.8138199448586,3.933917540832947,122.3011703491211,89.0,2.0,1.0,0.0,254.9297924041748,270.06409645080566,334.2525098323822,0.6098682748579979,HIGH,IMD 0.25 degree gridded daily rainfall 2024,0.25 x 0.25 degree
Righa Garh,395812,Rajnagar,Kendrapara,20.705323040482224,86.82004849468021,1439.8138199448586,3.933917540832947,122.3011703491211,89.0,2.0,1.0,0.0,254.9297924041748,270.06409645080566,334.2525098323822,0.6098682748579979,HIGH,IMD 0.25 degree gridded daily rainfall 2024,0.25 x 0.25 degree
Kujipur,395730,Rajkanika,Kendrapara,20.706544372681584,86.78044199066697,1439.8138199448586,3.933917540832947,122.3011703491211,89.0,2.0,1.0,0.0,254.9297924041748,270.06409645080566,334.2525098323822,0.6098682748579979,HIGH,IMD 0.25 degree gridded daily rainfall 2024,0.25 x 0.25 degree
Subhadraprasad Dia,395734,Rajkanika,Kendrapara,20.681792231063504,86.79358339228992,1439.8138199448586,3.933917540832947,122.3011703491211,89.0,2.0,1.0,0.0,254.9297924041748,270.06409645080566,334.2525098323822,0.6098682748579979,HIGH,IMD 0.25 degree gridded daily rainfall 2024,0.25 x 0.25 degree
Gharabhanjakola,395737,Rajkanika,Kendrapara,20.677140988405966,86.78475725419293,1439.8138199448586,3.933917540832947,122.3011703491211,89.0,2.0,1.0,0.0,254.9297924041748,270.06409645080566,334.2525098323822,0.6098682748579979,HIGH,IMD 0.25 degree gridded daily rainfall 2024,0.25 x 0.25 degree
Nuakhunta,395819,Rajnagar,Kendrapara,20.677812140067378,86.82666421921806,1439.8138199448586,3.933917540832947,122.3011703491211,89.0,2.0,1.0,0.0,254.9297924041748,270.06409645080566,334.2525098323822,0.6098682748579979,HIGH,IMD 0.25 degree gridded daily rainfall 2024,0.25 x 0.25 degree
Balabhadrapur,395823,Rajnagar,Kendrapara,20.674883265909408,86.83916814240345,1439.8138199448586,3.933917540832947,122.3011703491211,89.0,2.0,1.0,0.0,254.9297924041748,270.06409645080566,334.2525098323822,0.6098682748579979,HIGH,IMD 0.25 degree gridded daily rainfall 2024,0.25 x 0.25 degree
Gumura,395826,Rajnagar,Kendrapara,20.672271030737168,86.86674279814616,1439.8138199448586,3.933917540832947,122.3011703491211,89.0,2.0,1.0,0.0,254.9297924041748,270.06409645080566,334.2525098323822,0.6098682748579979,HIGH,IMD 0.25 degree gridded daily rainfall 2024,0.25 x 0.25 degree
Gajarajpur,395740,Rajkanika,Kendrapara,20.68182076299528,86.77691486526618,1439.8138199448586,3.933917540832947,122.3011703491211,89.0,2.0,1.0,0.0,254.9297924041748,270.06409645080566,334.2525098323822,0.6098682748579979,HIGH,IMD 0.25 degree gridded daily rainfall 2024,0.25 x 0.25 degree
Gobindakana,395735,Rajkanika,Kendrapara,20.690928889196243,86.79168028210617,1439.8138199448586,3.933917540832947,122.3011703491211,89.0,2.0,1.0,0.0,254.9297924041748,270.06409645080566,334.2525098323822,0.6098682748579979,HIGH,IMD 0.25 degree gridded daily rainfall 2024,0.25 x 0.25 degree
Dighi,395814,Rajnagar,Kendrapara,20.690650676171,86.81144675091628,1439.8138199448586,3.933917540832947,122.3011703491211,89.0,2.0,1.0,0.0,254.9297924041748,270.06409645080566,334.2525098323822,0.6098682748579979,HIGH,IMD 0.25 degree gridded daily rainfall 2024,0.25 x 0.25 degree
Tarapada,395731,Rajkanika,Kendrapara,20.695167204097153,86.77771939158879,1439.8138199448586,3.933917540832947,122.3011703491211,89.0,2.0,1.0,0.0,254.9297924041748,270.06409645080566,334.2525098323822,0.6098682748579979,HIGH,IMD 0.25 degree gridded daily rainfall 2024,0.25 x 0.25 degree
Kantipokhari,395727,Rajkanika,Kendrapara,20.699214934113932,86.75824108046282,1439.8138199448586,3.933917540832947,122.3011703491211,89.0,2.0,1.0,0.0,254.9297924041748,270.06409645080566,334.2525098323822,0.6098682748579979,HIGH,IMD 0.25 degree gridded daily rainfall 2024,0.25 x 0.25 degree
Iswarpur,395682,Rajkanika,Kendrapara,20.72459337788122,86.78297400412845,1439.8138199448586,3.933917540832947,122.3011703491211,89.0,2.0,1.0,0.0,254.9297924041748,270.06409645080566,334.2525098323822,0.6098682748579979,HIGH,IMD 0.25 degree gridded daily rainfall 2024,0.25 x 0.25 degree
Arjunpur,395840,Rajnagar,Kendrapara,20.651407409158274,86.83913251479896,1439.8138199448586,3.933917540832947,122.3011703491211,89.0,2.0,1.0,0.0,254.9297924041748,270.06409645080566,334.2525098323822,0.6098682748579979,HIGH,IMD 0.25 degree gridded daily rainfall 2024,0.25 x 0.25 degree
Taneipada,395679,Rajkanika,Kendrapara,20.72166367045804,86.77219749545678,1439.8138199448586,3.933917540832947,122.3011703491211,89.0,2.0,1.0,0.0,254.9297924041748,270.06409645080566,334.2525098323822,0.6098682748579979,HIGH,IMD 0.25 degree gridded daily rainfall 2024,0.25 x 0.25 degree
Pitanda,395820,Rajnagar,Kendrapara,20.688249351952617,86.82284222635931,1439.8138199448586,3.933917540832947,122.3011703491211,89.0,2.0,1.0,0.0,254.9297924041748,270.06409645080566,334.2525098323822,0.6098682748579979,HIGH,IMD 0.25 degree gridded daily rainfall 2024,0.25 x 0.25 degree
Nuagaon Satagan,395905,Rajnagar,Kendrapara,20.619339055157358,86.76447562111093,1416.3522049933672,3.8698147677414405,100.4802474975586,94.0,2.0,0.0,0.0,219.51153945922852,234.21389782428741,303.70591466128826,0.5378752947467564,HIGH,IMD 0.25 degree gridded daily rainfall 2024,0.25 x 0.25 degree
Baliora,395883,Rajnagar,Kendrapara,20.61206353561791,86.8424577777334,1416.3522049933672,3.8698147677414405,100.4802474975586,94.0,2.0,0.0,0.0,219.51153945922852,234.21389782428741,303.70591466128826,0.5378752947467564,HIGH,IMD 0.25 degree gridded daily rainfall 2024,0.25 x 0.25 degree
Gopinathpur,395906,Rajnagar,Kendrapara,20.618303120925408,86.75899525016922,1416.3522049933672,3.8698147677414405,100.4802474975586,94.0,2.0,0.0,0.0,219.51153945922852,234.21389782428741,303.70591466128826,0.5378752947467564,HIGH,IMD 0.25 degree gridded daily rainfall 2024,0.25 x 0.25 degree
Kendukolha,395888,Rajnagar,Kendrapara,20.61963523481918,86.82588447489482,1416.3522049933672,3.8698147677414405,100.4802474975586,94.0,2.0,0.0,0.0,219.51153945922852,234.21389782428741,303.70591466128826,0.5378752947467564,HIGH,IMD 0.25 degree gridded daily rainfall 2024,0.25 x 0.25 degree
Bedhuakolha,395851,Rajnagar,Kendrapara,20.626400610577193,86.76881228755565,1439.8138199448586,3.933917540832947,122.3011703491211,89.0,2.0,1.0,0.0,254.9297924041748,270.06409645080566,334.2525098323822,0.6098682748579979,HIGH,IMD 0.25 degree gridded daily rainfall 2024,0.25 x 0.25 degree
Balabhadraprasad Dia,395689,Rajkanika,Kendrapara,20.720887691573175,86.81278376596461,1439.8138199448586,3.933917540832947,122.3011703491211,89.0,2.0,1.0,0.0,254.9297924041748,270.06409645080566,334.2525098323822,0.6098682748579979,HIGH,IMD 0.25 degree gridded daily rainfall 2024,0.25 x 0.25 degree
Bhitarkanika,395806,Rajnagar,Kendrapara,20.72065593036725,86.86764576314651,1439.8138199448586,3.933917540832947,122.3011703491211,89.0,2.0,1.0,0.0,254.9297924041748,270.06409645080566,334.2525098323822,0.6098682748579979,HIGH,IMD 0.25 degree gridded daily rainfall 2024,0.25 x 0.25 degree
Hansina Dia,395848,Rajnagar,Kendrapara,20.643001755550657,86.77993406893975,1439.8138199448586,3.933917540832947,122.3011703491211,89.0,2.0,1.0,0.0,254.9297924041748,270.06409645080566,334.2525098323822,0.6098682748579979,HIGH,IMD 0.25 degree gridded daily rainfall 2024,0.25 x 0.25 degree
Debendranarayanpur,395875,Rajnagar,Kendrapara,20.63430378978712,86.86445096675246,1439.8138199448586,3.933917540832947,122.3011703491211,89.0,2.0,1.0,0.0,254.9297924041748,270.06409645080566,334.2525098323822,0.6098682748579979,HIGH,IMD 0.25 degree gridded daily rainfall 2024,0.25 x 0.25 degree
Sangopalpur,395889,Rajnagar,Kendrapara,20.611705989407298,86.82901998048067,1416.3522049933672,3.8698147677414405,100.4802474975586,94.0,2.0,0.0,0.0,219.51153945922852,234.21389782428741,303.70591466128826,0.5378752947467564,HIGH,IMD 0.25 degree gridded daily rainfall 2024,0.25 x 0.25 degree
Matia,395611,Rajkanika,Kendrapara,20.76759565524123,86.70233588824297,1439.8138199448586,3.933917540832947,122.3011703491211,89.0,2.0,1.0,0.0,254.9297924041748,270.06409645080566,334.2525098323822,0.6098682748579979,HIGH,IMD 0.25 degree gridded daily rainfall 2024,0.25 x 0.25 degree
Porala,395669,Rajkanika,Kendrapara,20.72502468236245,86.72459875338231,1439.8138199448586,3.933917540832947,122.3011703491211,89.0,2.0,1.0,0.0,254.9297924041748,270.06409645080566,334.2525098323822,0.6098682748579979,HIGH,IMD 0.25 degree gridded daily rainfall 2024,0.25 x 0.25 degree
Satagharia,395659,Rajkanika,Kendrapara,20.730847177088314,86.66791708334546,1439.8138199448586,3.933917540832947,122.3011703491211,89.0,2.0,1.0,0.0,254.9297924041748,270.06409645080566,334.2525098323822,0.6098682748579979,HIGH,IMD 0.25 degree gridded daily rainfall 2024,0.25 x 0.25 degree
Ektala,395612,Rajkanika,Kendrapara,20.759119061607134,86.69990186734309,1439.8138199448586,3.933917540832947,122.3011703491211,89.0,2.0,1.0,0.0,254.9297924041748,270.06409645080566,334.2525098323822,0.6098682748579979,HIGH,IMD 0.25 degree gridded daily rainfall 2024,0.25 x 0.25 degree
Mahurigan,395613,Rajkanika,Kendrapara,20.757921188455388,86.71054665757606,1439.8138199448586,3.933917540832947,122.3011703491211,89.0,2.0,1.0,0.0,254.9297924041748,270.06409645080566,334.2525098323822,0.6098682748579979,HIGH,IMD 0.25 degree gridded daily rainfall 2024,0.25 x 0.25 degree
Deuli,395617,Rajkanika,Kendrapara,20.747987549460646,86.74987573592333,1439.8138199448586,3.933917540832947,122.3011703491211,89.0,2.0,1.0,0.0,254.9297924041748,270.06409645080566,334.2525098323822,0.6098682748579979,HIGH,IMD 0.25 degree gridded daily rainfall 2024,0.25 x 0.25 degree
Baranga,395622,Rajkanika,Kendrapara,20.75442834513538,86.740257228882,1439.8138199448586,3.933917540832947,122.3011703491211,89.0,2.0,1.0,0.0,254.9297924041748,270.06409645080566,334.2525098323822,0.6098682748579979,HIGH,IMD 0.25 degree gridded daily rainfall 2024,0.25 x 0.25 degree
Taras,395624,Rajkanika,Kendrapara,20.754317439772286,86.72754235073319,1439.8138199448586,3.933917540832947,122.3011703491211,89.0,2.0,1.0,0.0,254.9297924041748,270.06409645080566,334.2525098323822,0.6098682748579979,HIGH,IMD 0.25 degree gridded daily rainfall 2024,0.25 x 0.25 degree
Ostia,395614,Rajkanika,Kendrapara,20.760366951766173,86.72096454487853,1439.8138199448586,3.933917540832947,122.3011703491211,89.0,2.0,1.0,0.0,254.9297924041748,270.06409645080566,334.2525098323822,0.6098682748579979,HIGH,IMD 0.25 degree gridded daily rainfall 2024,0.25 x 0.25 degree
Saradaprasad,395762,Rajnagar,Kendrapara,20.7611979788768,86.84673004859775,1439.8138199448586,3.933917540832947,122.3011703491211,89.0,2.0,1.0,0.0,254.9297924041748,270.06409645080566,334.2525098323822,0.6098682748579979,HIGH,IMD 0.25 degree gridded daily rainfall 2024,0.25 x 0.25 degree
Langalabhanja,395610,Rajkanika,Kendrapara,20.76528369172444,86.68937228583994,1439.8138199448586,3.933917540832947,122.3011703491211,89.0,2.0,1.0,0.0,254.9297924041748,270.06409645080566,334.2525098323822,0.6098682748579979,HIGH,IMD 0.25 degree gridded daily rainfall 2024,0.25 x 0.25 degree
Endulapur,395684,Rajkanika,Kendrapara,20.725136775531915,86.79428590153601,1439.8138199448586,3.933917540832947,122.3011703491211,89.0,2.0,1.0,0.0,254.9297924041748,270.06409645080566,334.2525098323822,0.6098682748579979,HIGH,IMD 0.25 degree gridded daily rainfall 2024,0.25 x 0.25 degree
Gokarneswar,395663,Rajkanika,Kendrapara,20.727435583569154,86.69962424312561,1439.8138199448586,3.933917540832947,122.3011703491211,89.0,2.0,1.0,0.0,254.9297924041748,270.06409645080566,334.2525098323822,0.6098682748579979,HIGH,IMD 0.25 degree gridded daily rainfall 2024,0.25 x 0.25 degree
Kantapada,395664,Rajkanika,Kendrapara,20.73708625188513,86.70559771916324,1439.8138199448586,3.933917540832947,122.3011703491211,89.0,2.0,1.0,0.0,254.9297924041748,270.06409645080566,334.2525098323822,0.6098682748579979,HIGH,IMD 0.25 degree gridded daily rainfall 2024,0.25 x 0.25 degree
Badagara,395665,Rajkanika,Kendrapara,20.73827013804101,86.71701574161824,1439.8138199448586,3.933917540832947,122.3011703491211,89.0,2.0,1.0,0.0,254.9297924041748,270.06409645080566,334.2525098323822,0.6098682748579979,HIGH,IMD 0.25 degree gridded daily rainfall 2024,0.25 x 0.25 degree
Kalikapur,395668,Rajkanika,Kendrapara,20.727601475932694,86.71673409694665,1439.8138199448586,3.933917540832947,122.3011703491211,89.0,2.0,1.0,0.0,254.9297924041748,270.06409645080566,334.2525098323822,0.6098682748579979,HIGH,IMD 0.25 degree gridded daily rainfall 2024,0.25 x 0.25 degree
Burudia,395623,Rajkanika,Kendrapara,20.755226849673154,86.73247671027846,1439.8138199448586,3.933917540832947,122.3011703491211,89.0,2.0,1.0,0.0,254.9297924041748,270.06409645080566,334.2525098323822,0.6098682748579979,HIGH,IMD 0.25 degree gridded daily rainfall 2024,0.25 x 0.25 degree
Bajarpur,395685,Rajkanika,Kendrapara,20.7317447482677,86.80335477720628,1439.8138199448586,3.933917540832947,122.3011703491211,89.0,2.0,1.0,0.0,254.9297924041748,270.06409645080566,334.2525098323822,0.6098682748579979,HIGH,IMD 0.25 degree gridded daily rainfall 2024,0.25 x 0.25 degree
Cherantapada,395667,Rajkanika,Kendrapara,20.725167744714298,86.70733981737415,1439.8138199448586,3.933917540832947,122.3011703491211,89.0,2.0,1.0,0.0,254.9297924041748,270.06409645080566,334.2525098323822,0.6098682748579979,HIGH,IMD 0.25 degree gridded daily rainfall 2024,0.25 x 0.25 degree
Panki,395607,Rajkanika,Kendrapara,20.779026066005148,86.6731639716527,1439.8138199448586,3.933917540832947,122.3011703491211,89.0,2.0,1.0,0.0,254.9297924041748,270.06409645080566,334.2525098323822,0.6098682748579979,HIGH,IMD 0.25 degree gridded daily rainfall 2024,0.25 x 0.25 degree
Gunthala,395604,Rajkanika,Kendrapara,20.78498487860992,86.64682781194544,1439.8138199448586,3.933917540832947,122.3011703491211,89.0,2.0,1.0,0.0,254.9297924041748,270.06409645080566,334.2525098323822,0.6098682748579979,HIGH,IMD 0.25 degree gridded daily rainfall 2024,0.25 x 0.25 degree
Upulei,395680,Rajkanika,Kendrapara,20.731473596923788,86.77691972575153,1439.8138199448586,3.933917540832947,122.3011703491211,89.0,2.0,1.0,0.0,254.9297924041748,270.06409645080566,334.2525098323822,0.6098682748579979,HIGH,IMD 0.25 degree gridded daily rainfall 2024,0.25 x 0.25 degree
Olaver,395656,Rajkanika,Kendrapara,20.729880417173725,86.65938050749183,1439.8138199448586,3.933917540832947,122.3011703491211,89.0,2.0,1.0,0.0,254.9297924041748,270.06409645080566,334.2525098323822,0.6098682748579979,HIGH,IMD 0.25 degree gridded daily rainfall 2024,0.25 x 0.25 degree
Hariharpursasan,395672,Rajkanika,Kendrapara,20.734869850109384,86.74308860210013,1439.8138199448586,3.933917540832947,122.3011703491211,89.0,2.0,1.0,0.0,254.9297924041748,270.06409645080566,334.2525098323822,0.6098682748579979,HIGH,IMD 0.25 degree gridded daily rainfall 2024,0.25 x 0.25 degree
Rajendranarayanpur,395802,Rajnagar,Kendrapara,20.73391750460057,86.83402051964114,1439.8138199448586,3.933917540832947,122.3011703491211,89.0,2.0,1.0,0.0,254.9297924041748,270.06409645080566,334.2525098323822,0.6098682748579979,HIGH,IMD 0.25 degree gridded daily rainfall 2024,0.25 x 0.25 degree
Ganja,395660,Rajkanika,Kendrapara,20.73002908393719,86.68670086943882,1439.8138199448586,3.933917540832947,122.3011703491211,89.0,2.0,1.0,0.0,254.9297924041748,270.06409645080566,334.2525098323822,0.6098682748579979,HIGH,IMD 0.25 degree gridded daily rainfall 2024,0.25 x 0.25 degree
Baghuasuni,395621,Rajkanika,Kendrapara,20.745365610633783,86.73544151722518,1439.8138199448586,3.933917540832947,122.3011703491211,89.0,2.0,1.0,0.0,254.9297924041748,270.06409645080566,334.2525098323822,0.6098682748579979,HIGH,IMD 0.25 degree gridded daily rainfall 2024,0.25 x 0.25 degree
Bangarakuan,395616,Rajkanika,Kendrapara,20.760520863440593,86.75539031767792,1439.8138199448586,3.933917540832947,122.3011703491211,89.0,2.0,1.0,0.0,254.9297924041748,270.06409645080566,334.2525098323822,0.6098682748579979,HIGH,IMD 0.25 degree gridded daily rainfall 2024,0.25 x 0.25 degree
Gualigan,395615,Rajkanika,Kendrapara,20.765080430582223,86.73635534379112,1439.8138199448586,3.933917540832947,122.3011703491211,89.0,2.0,1.0,0.0,254.9297924041748,270.06409645080566,334.2525098323822,0.6098682748579979,HIGH,IMD 0.25 degree gridded daily rainfall 2024,0.25 x 0.25 degree
Gobindapur,395633,Rajkanika,Kendrapara,20.740215357417256,86.68746320208862,1439.8138199448586,3.933917540832947,122.3011703491211,89.0,2.0,1.0,0.0,254.9297924041748,270.06409645080566,334.2525098323822,0.6098682748579979,HIGH,IMD 0.25 degree gridded daily rainfall 2024,0.25 x 0.25 degree
Sialia,395625,Rajkanika,Kendrapara,20.74056497012651,86.72492743129246,1439.8138199448586,3.933917540832947,122.3011703491211,89.0,2.0,1.0,0.0,254.9297924041748,270.06409645080566,334.2525098323822,0.6098682748579979,HIGH,IMD 0.25 degree gridded daily rainfall 2024,0.25 x 0.25 degree
Badataila,395628,Rajkanika,Kendrapara,20.750984764870452,86.70608249114264,1439.8138199448586,3.933917540832947,122.3011703491211,89.0,2.0,1.0,0.0,254.9297924041748,270.06409645080566,334.2525098323822,0.6098682748579979,HIGH,IMD 0.25 degree gridded daily rainfall 2024,0.25 x 0.25 degree
Jagulaipada,395630,Rajkanika,Kendrapara,20.75307642943644,86.69494024271043,1439.8138199448586,3.933917540832947,122.3011703491211,89.0,2.0,1.0,0.0,254.9297924041748,270.06409645080566,334.2525098323822,0.6098682748579979,HIGH,IMD 0.25 degree gridded daily rainfall 2024,0.25 x 0.25 degree
Barada,395627,Rajkanika,Kendrapara,20.753612763219373,86.71815895538049,1439.8138199448586,3.933917540832947,122.3011703491211,89.0,2.0,1.0,0.0,254.9297924041748,270.06409645080566,334.2525098323822,0.6098682748579979,HIGH,IMD 0.25 degree gridded daily rainfall 2024,0.25 x 0.25 degree
Arasa,395626,Rajkanika,Kendrapara,20.74402472986528,86.7152521998199,1439.8138199448586,3.933917540832947,122.3011703491211,89.0,2.0,1.0,0.0,254.9297924041748,270.06409645080566,334.2525098323822,0.6098682748579979,HIGH,IMD 0.25 degree gridded daily rainfall 2024,0.25 x 0.25 degree
Sikudi,395619,Rajkanika,Kendrapara,20.74254391636842,86.74507410779351,1439.8138199448586,3.933917540832947,122.3011703491211,89.0,2.0,1.0,0.0,254.9297924041748,270.06409645080566,334.2525098323822,0.6098682748579979,HIGH,IMD 0.25 degree gridded daily rainfall 2024,0.25 x 0.25 degree
Bahadiha,395609,Rajkanika,Kendrapara,20.775799717178053,86.69448781231375,1439.8138199448586,3.933917540832947,122.3011703491211,89.0,2.0,1.0,0.0,254.9297924041748,270.06409645080566,334.2525098323822,0.6098682748579979,HIGH,IMD 0.25 degree gridded daily rainfall 2024,0.25 x 0.25 degree
Manapur,395605,Rajkanika,Kendrapara,20.78506102584726,86.65634056490708,1439.8138199448586,3.933917540832947,122.3011703491211,89.0,2.0,1.0,0.0,254.9297924041748,270.06409645080566,334.2525098323822,0.6098682748579979,HIGH,IMD 0.25 degree gridded daily rainfall 2024,0.25 x 0.25 degree
Malisahada,395673,Rajkanika,Kendrapara,20.72762925803411,86.74119666183012,1439.8138199448586,3.933917540832947,122.3011703491211,89.0,2.0,1.0,0.0,254.9297924041748,270.06409645080566,334.2525098323822,0.6098682748579979,HIGH,IMD 0.25 degree gridded daily rainfall 2024,0.25 x 0.25 degree
Kalisipada,395674,Rajkanika,Kendrapara,20.727839991133962,86.73333944528747,1439.8138199448586,3.933917540832947,122.3011703491211,89.0,2.0,1.0,0.0,254.9297924041748,270.06409645080566,334.2525098323822,0.6098682748579979,HIGH,IMD 0.25 degree gridded daily rainfall 2024,0.25 x 0.25 degree
Pimpudi,395670,Rajkanika,Kendrapara,20.73014853569527,86.72613650938524,1439.8138199448586,3.933917540832947,122.3011703491211,89.0,2.0,1.0,0.0,254.9297924041748,270.06409645080566,334.2525098323822,0.6098682748579979,HIGH,IMD 0.25 degree gridded daily rainfall 2024,0.25 x 0.25 degree
Gangadharpur,395666,Rajkanika,Kendrapara,20.73244389578312,86.71431676326677,1439.8138199448586,3.933917540832947,122.3011703491211,89.0,2.0,1.0,0.0,254.9297924041748,270.06409645080566,334.2525098323822,0.6098682748579979,HIGH,IMD 0.25 degree gridded daily rainfall 2024,0.25 x 0.25 degree
Balibhanda,395654,Rajkanika,Kendrapara,20.73028370383318,86.64400436080263,1439.8138199448586,3.933917540832947,122.3011703491211,89.0,2.0,1.0,0.0,254.9297924041748,270.06409645080566,334.2525098323822,0.6098682748579979,HIGH,IMD 0.25 degree gridded daily rainfall 2024,0.25 x 0.25 degree
Madhupara,395677,Rajkanika,Kendrapara,20.730843283742708,86.74801678493031,1439.8138199448586,3.933917540832947,122.3011703491211,89.0,2.0,1.0,0.0,254.9297924041748,270.06409645080566,334.2525098323822,0.6098682748579979,HIGH,IMD 0.25 degree gridded daily rainfall 2024,0.25 x 0.25 degree
Patuli,395636,Rajkanika,Kendrapara,20.735838609222622,86.65882227883726,1439.8138199448586,3.933917540832947,122.3011703491211,89.0,2.0,1.0,0.0,254.9297924041748,270.06409645080566,334.2525098323822,0.6098682748579979,HIGH,IMD 0.25 degree gridded daily rainfall 2024,0.25 x 0.25 degree
Mantapara,395678,Rajkanika,Kendrapara,20.726605131742723,86.75928755636828,1439.8138199448586,3.933917540832947,122.3011703491211,89.0,2.0,1.0,0.0,254.9297924041748,270.06409645080566,334.2525098323822,0.6098682748579979,HIGH,IMD 0.25 degree gridded daily rainfall 2024,0.25 x 0.25 degree
Pratappur,395637,Rajkanika,Kendrapara,20.73899292879284,86.65243540720196,1439.8138199448586,3.933917540832947,122.3011703491211,89.0,2.0,1.0,0.0,254.9297924041748,270.06409645080566,334.2525098323822,0.6098682748579979,HIGH,IMD 0.25 degree gridded daily rainfall 2024,0.25 x 0.25 degree
Akhulipada,395671,Rajkanika,Kendrapara,20.738327296065197,86.73065672442848,1439.8138199448586,3.933917540832947,122.3011703491211,89.0,2.0,1.0,0.0,254.9297924041748,270.06409645080566,334.2525098323822,0.6098682748579979,HIGH,IMD 0.25 degree gridded daily rainfall 2024,0.25 x 0.25 degree
Balarampur,395635,Rajkanika,Kendrapara,20.73933902080689,86.66745261407141,1439.8138199448586,3.933917540832947,122.3011703491211,89.0,2.0,1.0,0.0,254.9297924041748,270.06409645080566,334.2525098323822,0.6098682748579979,HIGH,IMD 0.25 degree gridded daily rainfall 2024,0.25 x 0.25 degree
Baghabuda,395629,Rajkanika,Kendrapara,20.74210129976991,86.70188432979262,1439.8138199448586,3.933917540832947,122.3011703491211,89.0,2.0,1.0,0.0,254.9297924041748,270.06409645080566,334.2525098323822,0.6098682748579979,HIGH,IMD 0.25 degree gridded daily rainfall 2024,0.25 x 0.25 degree
Govindpur,395803,Rajnagar,Kendrapara,20.737889197746547,86.82238420018473,1439.8138199448586,3.933917540832947,122.3011703491211,89.0,2.0,1.0,0.0,254.9297924041748,270.06409645080566,334.2525098323822,0.6098682748579979,HIGH,IMD 0.25 degree gridded daily rainfall 2024,0.25 x 0.25 degree
Safalanga,395634,Rajkanika,Kendrapara,20.74904040572476,86.6736696650909,1439.8138199448586,3.933917540832947,122.3011703491211,89.0,2.0,1.0,0.0,254.9297924041748,270.06409645080566,334.2525098323822,0.6098682748579979,HIGH,IMD 0.25 degree gridded daily rainfall 2024,0.25 x 0.25 degree
Pegarapada,395639,Rajkanika,Kendrapara,20.75013898814754,86.64923140752148,1439.8138199448586,3.933917540832947,122.3011703491211,89.0,2.0,1.0,0.0,254.9297924041748,270.06409645080566,334.2525098323822,0.6098682748579979,HIGH,IMD 0.25 degree gridded daily rainfall 2024,0.25 x 0.25 degree
Nahuni,395638,Rajkanika,Kendrapara,20.75340086782049,86.66115411209188,1439.8138199448586,3.933917540832947,122.3011703491211,89.0,2.0,1.0,0.0,254.9297924041748,270.06409645080566,334.2525098323822,0.6098682748579979,HIGH,IMD 0.25 degree gridded daily rainfall 2024,0.25 x 0.25 degree
Achinta,395631,Rajkanika,Kendrapara,20.74587815704163,86.69357258253967,1439.8138199448586,3.933917540832947,122.3011703491211,89.0,2.0,1.0,0.0,254.9297924041748,270.06409645080566,334.2525098323822,0.6098682748579979,HIGH,IMD 0.25 degree gridded daily rainfall 2024,0.25 x 0.25 degree
Domanda Kaema,395606,Rajkanika,Kendrapara,20.769328109132033,86.64756564264883,1439.8138199448586,3.933917540832947,122.3011703491211,89.0,2.0,1.0,0.0,254.9297924041748,270.06409645080566,334.2525098323822,0.6098682748579979,HIGH,IMD 0.25 degree gridded daily rainfall 2024,0.25 x 0.25 degree
Nuagan,395608,Rajkanika,Kendrapara,20.761475404307838,86.67644563751924,1439.8138199448586,3.933917540832947,122.3011703491211,89.0,2.0,1.0,0.0,254.9297924041748,270.06409645080566,334.2525098323822,0.6098682748579979,HIGH,IMD 0.25 degree gridded daily rainfall 2024,0.25 x 0.25 degree
Upulei Dia,395681,Rajkanika,Kendrapara,20.733343827738256,86.78761133427412,1439.8138199448586,3.933917540832947,122.3011703491211,89.0,2.0,1.0,0.0,254.9297924041748,270.06409645080566,334.2525098323822,0.6098682748579979,HIGH,IMD 0.25 degree gridded daily rainfall 2024,0.25 x 0.25 degree
Sanataila,395632,Rajkanika,Kendrapara,20.745917651201772,86.68598652170711,1439.8138199448586,3.933917540832947,122.3011703491211,89.0,2.0,1.0,0.0,254.9297924041748,270.06409645080566,334.2525098323822,0.6098682748579979,HIGH,IMD 0.25 degree gridded daily rainfall 2024,0.25 x 0.25 degree
Nuagan,395686,Rajkanika,Kendrapara,20.740756582294125,86.80339500478107,1439.8138199448586,3.933917540832947,122.3011703491211,89.0,2.0,1.0,0.0,254.9297924041748,270.06409645080566,334.2525098323822,0.6098682748579979,HIGH,IMD 0.25 degree gridded daily rainfall 2024,0.25 x 0.25 degree
Durgaprasad,395801,Rajnagar,Kendrapara,20.74391873828145,86.84129913778297,1439.8138199448586,3.933917540832947,122.3011703491211,89.0,2.0,1.0,0.0,254.9297924041748,270.06409645080566,334.2525098323822,0.6098682748579979,HIGH,IMD 0.25 degree gridded daily rainfall 2024,0.25 x 0.25 degree
Ragadapatia,395800,Rajnagar,Kendrapara,20.745307930370657,86.84823951388671,1439.8138199448586,3.933917540832947,122.3011703491211,89.0,2.0,1.0,0.0,254.9297924041748,270.06409645080566,334.2525098323822,0.6098682748579979,HIGH,IMD 0.25 degree gridded daily rainfall 2024,0.25 x 0.25 degree
Bankual,395799,Rajnagar,Kendrapara,20.748180863319746,86.85956002409074,1439.8138199448586,3.933917540832947,122.3011703491211,89.0,2.0,1.0,0.0,254.9297924041748,270.06409645080566,334.2525098323822,0.6098682748579979,HIGH,IMD 0.25 degree gridded daily rainfall 2024,0.25 x 0.25 degree
Dangamal,395766,Rajnagar,Kendrapara,20.75452205586363,86.8603267019948,1439.8138199448586,3.933917540832947,122.3011703491211,89.0,2.0,1.0,0.0,254.9297924041748,270.06409645080566,334.2525098323822,0.6098682748579979,HIGH,IMD 0.25 degree gridded daily rainfall 2024,0.25 x 0.25 degree
Trilochanpur,395765,Rajnagar,Kendrapara,20.766210932349274,86.85987545643803,1439.8138199448586,3.933917540832947,122.3011703491211,89.0,2.0,1.0,0.0,254.9297924041748,270.06409645080566,334.2525098323822,0.6098682748579979,HIGH,IMD 0.25 degree gridded daily rainfall 2024,0.25 x 0.25 degree
Kamalpur,395764,Rajnagar,Kendrapara,20.763077338293147,86.85341008404208,1439.8138199448586,3.933917540832947,122.3011703491211,89.0,2.0,1.0,0.0,254.9297924041748,270.06409645080566,334.2525098323822,0.6098682748579979,HIGH,IMD 0.25 degree gridded daily rainfall 2024,0.25 x 0.25 degree
Badhadia,395763,Rajnagar,Kendrapara,20.756265421098895,86.8494694946965,1439.8138199448586,3.933917540832947,122.3011703491211,89.0,2.0,1.0,0.0,254.9297924041748,270.06409645080566,334.2525098323822,0.6098682748579979,HIGH,IMD 0.25 degree gridded daily rainfall 2024,0.25 x 0.25 degree
Laxmiprasad Dia,395687,Rajkanika,Kendrapara,20.74870677826706,86.80460335136138,1439.8138199448586,3.933917540832947,122.3011703491211,89.0,2.0,1.0,0.0,254.9297924041748,270.06409645080566,334.2525098323822,0.6098682748579979,HIGH,IMD 0.25 degree gridded daily rainfall 2024,0.25 x 0.25 degree
Asoka Dia,395688,Rajkanika,Kendrapara,20.734705817298234,86.81423788945588,1439.8138199448586,3.933917540832947,122.3011703491211,89.0,2.0,1.0,0.0,254.9297924041748,270.06409645080566,334.2525098323822,0.6098682748579979,HIGH,IMD 0.25 degree gridded daily rainfall 2024,0.25 x 0.25 degree
Kanhupur,396072,Rajnagar,Kendrapara,20.62880248916811,86.91883273727736,1400.3146587610245,3.8259963354126354,117.62677001953125,90.0,2.0,2.0,0.0,258.3664894104004,272.9286079406738,334.61444187164307,0.5999552848196029,HIGH,IMD 0.25 degree gridded daily rainfall 2024,0.25 x 0.25 degree
Banipal,396067,Rajnagar,Kendrapara,20.722914364675244,86.97154285092813,1400.3146587610245,3.8259963354126354,117.62677001953125,90.0,2.0,2.0,0.0,258.3664894104004,272.9286079406738,334.61444187164307,0.5999552848196029,HIGH,IMD 0.25 degree gridded daily rainfall 2024,0.25 x 0.25 degree
Rangani,395797,Rajnagar,Kendrapara,20.72635793997984,86.920530637686,1400.3146587610245,3.8259963354126354,117.62677001953125,90.0,2.0,2.0,0.0,258.3664894104004,272.9286079406738,334.61444187164307,0.5999552848196029,HIGH,IMD 0.25 degree gridded daily rainfall 2024,0.25 x 0.25 degree
Narayanpur,395796,Rajnagar,Kendrapara,20.71275660556935,86.92080147884319,1400.3146587610245,3.8259963354126354,117.62677001953125,90.0,2.0,2.0,0.0,258.3664894104004,272.9286079406738,334.61444187164307,0.5999552848196029,HIGH,IMD 0.25 degree gridded daily rainfall 2024,0.25 x 0.25 degree
Udyan,395784,Rajnagar,Kendrapara,20.74939056888728,86.97145756003727,1400.3146587610245,3.8259963354126354,117.62677001953125,90.0,2.0,2.0,0.0,258.3664894104004,272.9286079406738,334.61444187164307,0.5999552848196029,HIGH,IMD 0.25 degree gridded daily rainfall 2024,0.25 x 0.25 degree
Paramanandapur,395880,Rajnagar,Kendrapara,20.610318700147115,86.89176752261598,,,,,,,,,,,,NO_DATA,IMD 0.25 degree gridded daily rainfall 2024,0.25 x 0.25 degree
Mohanpur,395879,Rajnagar,Kendrapara,20.61462602672286,86.89599020314412,,,,,,,,,,,,NO_DATA,IMD 0.25 degree gridded daily rainfall 2024,0.25 x 0.25 degree
Govindapur,395878,Rajnagar,Kendrapara,20.619304902264552,86.90190676795397,,,,,,,,,,,,NO_DATA,IMD 0.25 degree gridded daily rainfall 2024,0.25 x 0.25 degree
Dalei Sahi,395785,Rajnagar,Kendrapara,20.736162791094586,86.97058339920244,1400.3146587610245,3.8259963354126354,117.62677001953125,90.0,2.0,2.0,0.0,258.3664894104004,272.9286079406738,334.61444187164307,0.5999552848196029,HIGH,IMD 0.25 degree gridded daily rainfall 2024,0.25 x 0.25 degree
Ananta Keshari,395782,Rajnagar,Kendrapara,20.736658039494678,86.98072087083975,1400.3146587610245,3.8259963354126354,117.62677001953125,90.0,2.0,2.0,0.0,258.3664894104004,272.9286079406738,334.61444187164307,0.5999552848196029,HIGH,IMD 0.25 degree gridded daily rainfall 2024,0.25 x 0.25 degree
Ahirajpur,396063,Rajnagar,Kendrapara,20.733984869761535,86.99021477177146,1400.3146587610245,3.8259963354126354,117.62677001953125,90.0,2.0,2.0,0.0,258.3664894104004,272.9286079406738,334.61444187164307,0.5999552848196029,HIGH,IMD 0.25 degree gridded daily rainfall 2024,0.25 x 0.25 degree
Sir Rajendrapur,396065,Rajnagar,Kendrapara,20.721347763255725,86.9812106220663,1400.3146587610245,3.8259963354126354,117.62677001953125,90.0,2.0,2.0,0.0,258.3664894104004,272.9286079406738,334.61444187164307,0.5999552848196029,HIGH,IMD 0.25 degree gridded daily rainfall 2024,0.25 x 0.25 degree
Rabindrapalli,396070,Rajnagar,Kendrapara,20.648253047379683,86.92667132960145,1400.3146587610245,3.8259963354126354,117.62677001953125,90.0,2.0,2.0,0.0,258.3664894104004,272.9286079406738,334.61444187164307,0.5999552848196029,HIGH,IMD 0.25 degree gridded daily rainfall 2024,0.25 x 0.25 degree
Krishnanagar,395770,Rajnagar,Kendrapara,20.761148503098113,86.8884114584566,1400.3146587610245,3.8259963354126354,117.62677001953125,90.0,2.0,2.0,0.0,258.3664894104004,272.9286079406738,334.61444187164307,0.5999552848196029,HIGH,IMD 0.25 degree gridded daily rainfall 2024,0.25 x 0.25 degree
Khas Munda,395783,Rajnagar,Kendrapara,20.750382836873882,86.97882448856846,1400.3146587610245,3.8259963354126354,117.62677001953125,90.0,2.0,2.0,0.0,258.3664894104004,272.9286079406738,334.61444187164307,0.5999552848196029,HIGH,IMD 0.25 degree gridded daily rainfall 2024,0.25 x 0.25 degree
Sailendra Sarai,395781,Rajnagar,Kendrapara,20.749287399954667,86.98484580505135,1400.3146587610245,3.8259963354126354,117.62677001953125,90.0,2.0,2.0,0.0,258.3664894104004,272.9286079406738,334.61444187164307,0.5999552848196029,HIGH,IMD 0.25 degree gridded daily rainfall 2024,0.25 x 0.25 degree
Bhanja Prasad,395778,Rajnagar,Kendrapara,20.766454115407655,86.96994202841572,1400.3146587610245,3.8259963354126354,117.62677001953125,90.0,2.0,2.0,0.0,258.3664894104004,272.9286079406738,334.61444187164307,0.5999552848196029,HIGH,IMD 0.25 degree gridded daily rainfall 2024,0.25 x 0.25 degree
Dantiapada,396071,Rajnagar,Kendrapara,20.640081555106544,86.91503278554654,1400.3146587610245,3.8259963354126354,117.62677001953125,90.0,2.0,2.0,0.0,258.3664894104004,272.9286079406738,334.61444187164307,0.5999552848196029,HIGH,IMD 0.25 degree gridded daily rainfall 2024,0.25 x 0.25 degree
Keruapal,395786,Rajnagar,Kendrapara,20.721543689632234,86.96197529172143,1400.3146587610245,3.8259963354126354,117.62677001953125,90.0,2.0,2.0,0.0,258.3664894104004,272.9286079406738,334.61444187164307,0.5999552848196029,HIGH,IMD 0.25 degree gridded daily rainfall 2024,0.25 x 0.25 degree
Bagapatia Uttar,395827,Rajnagar,Kendrapara,20.66967815168185,86.8786052307095,1400.3146587610245,3.8259963354126354,117.62677001953125,90.0,2.0,2.0,0.0,258.3664894104004,272.9286079406738,334.61444187164307,0.5999552848196029,HIGH,IMD 0.25 degree gridded daily rainfall 2024,0.25 x 0.25 degree
Sourendrapur,395793,Rajnagar,Kendrapara,20.73137012767603,86.94059044709627,1400.3146587610245,3.8259963354126354,117.62677001953125,90.0,2.0,2.0,0.0,258.3664894104004,272.9286079406738,334.61444187164307,0.5999552848196029,HIGH,IMD 0.25 degree gridded daily rainfall 2024,0.25 x 0.25 degree
Pravati,396064,Rajnagar,Kendrapara,20.720248201716068,86.9915814545144,1400.3146587610245,3.8259963354126354,117.62677001953125,90.0,2.0,2.0,0.0,258.3664894104004,272.9286079406738,334.61444187164307,0.5999552848196029,HIGH,IMD 0.25 degree gridded daily rainfall 2024,0.25 x 0.25 degree
Harina Pokhari,395795,Rajnagar,Kendrapara,20.72932623750699,86.93140445242078,1400.3146587610245,3.8259963354126354,117.62677001953125,90.0,2.0,2.0,0.0,258.3664894104004,272.9286079406738,334.61444187164307,0.5999552848196029,HIGH,IMD 0.25 degree gridded daily rainfall 2024,0.25 x 0.25 degree
Magarkanda,395833,Rajnagar,Kendrapara,20.644642205986408,86.89919745975003,1400.3146587610245,3.8259963354126354,117.62677001953125,90.0,2.0,2.0,0.0,258.3664894104004,272.9286079406738,334.61444187164307,0.5999552848196029,HIGH,IMD 0.25 degree gridded daily rainfall 2024,0.25 x 0.25 degree
Satavaya,396069,Rajnagar,Kendrapara,20.639706818036345,86.93551716403465,1400.3146587610245,3.8259963354126354,117.62677001953125,90.0,2.0,2.0,0.0,258.3664894104004,272.9286079406738,334.61444187164307,0.5999552848196029,HIGH,IMD 0.25 degree gridded daily rainfall 2024,0.25 x 0.25 degree
Manjulapalli,396066,Rajnagar,Kendrapara,20.74806498124945,86.96298248233875,1400.3146587610245,3.8259963354126354,117.62677001953125,90.0,2.0,2.0,0.0,258.3664894104004,272.9286079406738,334.61444187164307,0.5999552848196029,HIGH,IMD 0.25 degree gridded daily rainfall 2024,0.25 x 0.25 degree
Barahipur,396068,Rajnagar,Kendrapara,20.643647751284462,86.93501603885521,1400.3146587610245,3.8259963354126354,117.62677001953125,90.0,2.0,2.0,0.0,258.3664894104004,272.9286079406738,334.61444187164307,0.5999552848196029,HIGH,IMD 0.25 degree gridded daily rainfall 2024,0.25 x 0.25 degree
Bagapatia,395834,Rajnagar,Kendrapara,20.660280814605294,86.86702020941493,1439.8138199448586,3.933917540832947,122.3011703491211,89.0,2.0,1.0,0.0,254.9297924041748,270.06409645080566,334.2525098323822,0.6098682748579979,HIGH,IMD 0.25 degree gridded daily rainfall 2024,0.25 x 0.25 degree
Amarabati,395790,Rajnagar,Kendrapara,20.731067427114773,86.95053303560113,1400.3146587610245,3.8259963354126354,117.62677001953125,90.0,2.0,2.0,0.0,258.3664894104004,272.9286079406738,334.61444187164307,0.5999552848196029,HIGH,IMD 0.25 degree gridded daily rainfall 2024,0.25 x 0.25 degree
Sailendranarayanpur,395811,Rajnagar,Kendrapara,20.688318543896095,86.87361746733689,1439.8138199448586,3.933917540832947,122.3011703491211,89.0,2.0,1.0,0.0,254.9297924041748,270.06409645080566,334.2525098323822,0.6098682748579979,HIGH,IMD 0.25 degree gridded daily rainfall 2024,0.25 x 0.25 degree
Gopaljew Patana,395808,Rajnagar,Kendrapara,20.6980091031488,86.88912308191821,1400.3146587610245,3.8259963354126354,117.62677001953125,90.0,2.0,2.0,0.0,258.3664894104004,272.9286079406738,334.61444187164307,0.5999552848196029,HIGH,IMD 0.25 degree gridded daily rainfall 2024,0.25 x 0.25 degree
Rajpatana,395779,Rajnagar,Kendrapara,20.760173517608266,86.97311535548427,1400.3146587610245,3.8259963354126354,117.62677001953125,90.0,2.0,2.0,0.0,258.3664894104004,272.9286079406738,334.61444187164307,0.5999552848196029,HIGH,IMD 0.25 degree gridded daily rainfall 2024,0.25 x 0.25 degree
Kanak Nagar,395771,Rajnagar,Kendrapara,20.76157003713764,86.8979948687653,1400.3146587610245,3.8259963354126354,117.62677001953125,90.0,2.0,2.0,0.0,258.3664894104004,272.9286079406738,334.61444187164307,0.5999552848196029,HIGH,IMD 0.25 degree gridded daily rainfall 2024,0.25 x 0.25 degree
Sailendranarayanpur Purbajungal Block,395810,Rajnagar,Kendrapara,20.68564794977145,86.88109803895198,1400.3146587610245,3.8259963354126354,117.62677001953125,90.0,2.0,2.0,0.0,258.3664894104004,272.9286079406738,334.61444187164307,0.5999552848196029,HIGH,IMD 0.25 degree gridded daily rainfall 2024,0.25 x 0.25 degree
Talchua,396062,Rajnagar,Kendrapara,20.759143888708394,86.94029688670895,1400.3146587610245,3.8259963354126354,117.62677001953125,90.0,2.0,2.0,0.0,258.3664894104004,272.9286079406738,334.61444187164307,0.5999552848196029,HIGH,IMD 0.25 degree gridded daily rainfall 2024,0.25 x 0.25 degree
Sailendranagar,395772,Rajnagar,Kendrapara,20.761746256135776,86.90795112166877,1400.3146587610245,3.8259963354126354,117.62677001953125,90.0,2.0,2.0,0.0,258.3664894104004,272.9286079406738,334.61444187164307,0.5999552848196029,HIGH,IMD 0.25 degree gridded daily rainfall 2024,0.25 x 0.25 degree
Baghua,395769,Rajnagar,Kendrapara,20.76116869829918,86.88083760112211,1400.3146587610245,3.8259963354126354,117.62677001953125,90.0,2.0,2.0,0.0,258.3664894104004,272.9286079406738,334.61444187164307,0.5999552848196029,HIGH,IMD 0.25 degree gridded daily rainfall 2024,0.25 x 0.25 degree
Rajendranagar,395774,Rajnagar,Kendrapara,20.760132710801763,86.93134525152999,1400.3146587610245,3.8259963354126354,117.62677001953125,90.0,2.0,2.0,0.0,258.3664894104004,272.9286079406738,334.61444187164307,0.5999552848196029,HIGH,IMD 0.25 degree gridded daily rainfall 2024,0.25 x 0.25 degree
Rajeswarinagar,395773,Rajnagar,Kendrapara,20.762076194261255,86.91891022162764,1400.3146587610245,3.8259963354126354,117.62677001953125,90.0,2.0,2.0,0.0,258.3664894104004,272.9286079406738,334.61444187164307,0.5999552848196029,HIGH,IMD 0.25 degree gridded daily rainfall 2024,0.25 x 0.25 degree
Tikayat Nagar,395775,Rajnagar,Kendrapara,20.760462104646685,86.94718582857556,1400.3146587610245,3.8259963354126354,117.62677001953125,90.0,2.0,2.0,0.0,258.3664894104004,272.9286079406738,334.61444187164307,0.5999552848196029,HIGH,IMD 0.25 degree gridded daily rainfall 2024,0.25 x 0.25 degree
Birabhanjapur,395776,Rajnagar,Kendrapara,20.760937422853672,86.95583203740574,1400.3146587610245,3.8259963354126354,117.62677001953125,90.0,2.0,2.0,0.0,258.3664894104004,272.9286079406738,334.61444187164307,0.5999552848196029,HIGH,IMD 0.25 degree gridded daily rainfall 2024,0.25 x 0.25 degree
Chanra Kolha,395792,Rajnagar,Kendrapara,20.718935569474443,86.93563219743041,1400.3146587610245,3.8259963354126354,117.62677001953125,90.0,2.0,2.0,0.0,258.3664894104004,272.9286079406738,334.61444187164307,0.5999552848196029,HIGH,IMD 0.25 degree gridded daily rainfall 2024,0.25 x 0.25 degree
Garta,395791,Rajnagar,Kendrapara,20.719771995120293,86.95136202911192,1400.3146587610245,3.8259963354126354,117.62677001953125,90.0,2.0,2.0,0.0,258.3664894104004,272.9286079406738,334.61444187164307,0.5999552848196029,HIGH,IMD 0.25 degree gridded daily rainfall 2024,0.25 x 0.25 degree
Habelichintamanipur,395829,Rajnagar,Kendrapara,20.675754707465074,86.9958031178917,1400.3146587610245,3.8259963354126354,117.62677001953125,90.0,2.0,2.0,0.0,258.3664894104004,272.9286079406738,334.61444187164307,0.5999552848196029,HIGH,IMD 0.25 degree gridded daily rainfall 2024,0.25 x 0.25 degree
Baunsagarh,395832,Rajnagar,Kendrapara,20.65663282409826,86.92084601305783,1400.3146587610245,3.8259963354126354,117.62677001953125,90.0,2.0,2.0,0.0,258.3664894104004,272.9286079406738,334.61444187164307,0.5999552848196029,HIGH,IMD 0.25 degree gridded daily rainfall 2024,0.25 x 0.25 degree
Sanagahiramatha,395830,Rajnagar,Kendrapara,20.665127335156967,86.97910214857794,1400.3146587610245,3.8259963354126354,117.62677001953125,90.0,2.0,2.0,0.0,258.3664894104004,272.9286079406738,334.61444187164307,0.5999552848196029,HIGH,IMD 0.25 degree gridded daily rainfall 2024,0.25 x 0.25 degree
Gopaljewpatna J Block,395809,Rajnagar,Kendrapara,20.70043996175361,86.88285656331385,1400.3146587610245,3.8259963354126354,117.62677001953125,90.0,2.0,2.0,0.0,258.3664894104004,272.9286079406738,334.61444187164307,0.5999552848196029,HIGH,IMD 0.25 degree gridded daily rainfall 2024,0.25 x 0.25 degree
Pata Paria,395807,Rajnagar,Kendrapara,20.712095504299995,86.90219289641522,1400.3146587610245,3.8259963354126354,117.62677001953125,90.0,2.0,2.0,0.0,258.3664894104004,272.9286079406738,334.61444187164307,0.5999552848196029,HIGH,IMD 0.25 degree gridded daily rainfall 2024,0.25 x 0.25 degree
Giria Pahi,395787,Rajnagar,Kendrapara,20.734771708018872,86.9599479809826,1400.3146587610245,3.8259963354126354,117.62677001953125,90.0,2.0,2.0,0.0,258.3664894104004,272.9286079406738,334.61444187164307,0.5999552848196029,HIGH,IMD 0.25 degree gridded daily rainfall 2024,0.25 x 0.25 degree
Vekta,395798,Rajnagar,Kendrapara,20.740958976924826,86.92249744583482,1400.3146587610245,3.8259963354126354,117.62677001953125,90.0,2.0,2.0,0.0,258.3664894104004,272.9286079406738,334.61444187164307,0.5999552848196029,HIGH,IMD 0.25 degree gridded daily rainfall 2024,0.25 x 0.25 degree
Sikar Pahi,395794,Rajnagar,Kendrapara,20.744481239074002,86.93472959582162,1400.3146587610245,3.8259963354126354,117.62677001953125,90.0,2.0,2.0,0.0,258.3664894104004,272.9286079406738,334.61444187164307,0.5999552848196029,HIGH,IMD 0.25 degree gridded daily rainfall 2024,0.25 x 0.25 degree
Baghamari,395789,Rajnagar,Kendrapara,20.746989277745758,86.94559448738315,1400.3146587610245,3.8259963354126354,117.62677001953125,90.0,2.0,2.0,0.0,258.3664894104004,272.9286079406738,334.61444187164307,0.5999552848196029,HIGH,IMD 0.25 degree gridded daily rainfall 2024,0.25 x 0.25 degree
Radhamalipur,395788,Rajnagar,Kendrapara,20.74778373249527,86.9552207869188,1400.3146587610245,3.8259963354126354,117.62677001953125,90.0,2.0,2.0,0.0,258.3664894104004,272.9286079406738,334.61444187164307,0.5999552848196029,HIGH,IMD 0.25 degree gridded daily rainfall 2024,0.25 x 0.25 degree
Jyoti Prasad,395777,Rajnagar,Kendrapara,20.76226011277022,86.96204968171114,1400.3146587610245,3.8259963354126354,117.62677001953125,90.0,2.0,2.0,0.0,258.3664894104004,272.9286079406738,334.61444187164307,0.5999552848196029,HIGH,IMD 0.25 degree gridded daily rainfall 2024,0.25 x 0.25 degree
Sahebnagar,395881,Rajnagar,Kendrapara,20.61625747512432,86.89160480877891,,,,,,,,,,,,NO_DATA,IMD 0.25 degree gridded daily rainfall 2024,0.25 x 0.25 degree
Suravi,395780,Rajnagar,Kendrapara,20.767258550729878,86.97861438931139,1400.3146587610245,3.8259963354126354,117.62677001953125,90.0,2.0,2.0,0.0,258.3664894104004,272.9286079406738,334.61444187164307,0.5999552848196029,HIGH,IMD 0.25 degree gridded daily rainfall 2024,0.25 x 0.25 degree
Sadanandapur,395876,Rajnagar,Kendrapara,20.62359864616937,86.89661936923054,,,,,,,,,,,,NO_DATA,IMD 0.25 degree gridded daily rainfall 2024,0.25 x 0.25 degree
Tentuliakolha,395877,Rajnagar,Kendrapara,20.628041570571526,86.9081735454513,1400.3146587610245,3.8259963354126354,117.62677001953125,90.0,2.0,2.0,0.0,258.3664894104004,272.9286079406738,334.61444187164307,0.5999552848196029,HIGH,IMD 0.25 degree gridded daily rainfall 2024,0.25 x 0.25 degree
Badagahiramatha,395831,Rajnagar,Kendrapara,20.659370935509315,86.96875128184016,1400.3146587610245,3.8259963354126354,117.62677001953125,90.0,2.0,2.0,0.0,258.3664894104004,272.9286079406738,334.61444187164307,0.5999552848196029,HIGH,IMD 0.25 degree gridded daily rainfall 2024,0.25 x 0.25 degree
Kaduanasi,395828,Rajnagar,Kendrapara,20.668562710239442,86.9761499468176,1400.3146587610245,3.8259963354126354,117.62677001953125,90.0,2.0,2.0,0.0,258.3664894104004,272.9286079406738,334.61444187164307,0.5999552848196029,HIGH,IMD 0.25 degree gridded daily rainfall 2024,0.25 x 0.25 degree
Pinchapatia,395767,Rajnagar,Kendrapara,20.75947695086508,86.87196151856804,1439.8138199448586,3.933917540832947,122.3011703491211,89.0,2.0,1.0,0.0,254.9297924041748,270.06409645080566,334.2525098323822,0.6098682748579979,HIGH,IMD 0.25 degree gridded daily rainfall 2024,0.25 x 0.25 degree
Subarnpur,395768,Rajnagar,Kendrapara,20.765359510718355,86.87204337944745,1439.8138199448586,3.933917540832947,122.3011703491211,89.0,2.0,1.0,0.0,254.9297924041748,270.06409645080566,334.2525098323822,0.6098682748579979,HIGH,IMD 0.25 degree gridded daily rainfall 2024,0.25 x 0.25 degree
Hukitola,396061,Mahakalapada,Kendrapara,20.403777748550112,86.79021580508117,1416.3522049933672,3.8698147677414405,100.4802474975586,94.0,2.0,0.0,0.0,219.51153945922852,234.21389782428741,303.70591466128826,0.5378752947467564,HIGH,IMD 0.25 degree gridded daily rainfall 2024,0.25 x 0.25 degree
Talapatta,396052,Rajnagar,Kendrapara,20.539462483328904,86.78546755786215,1416.3522049933672,3.8698147677414405,100.4802474975586,94.0,2.0,0.0,0.0,219.51153945922852,234.21389782428741,303.70591466128826,0.5378752947467564,HIGH,IMD 0.25 degree gridded daily rainfall 2024,0.25 x 0.25 degree
