slide_no,district,latitude,longitude,location,movement_type,history,source_page,source_text
KER/KOZH/49M15/2007/0001,Wayanad,11.4926,75.8665,,debris slide,17 July 2007,320,KER/KOZH/49M15/2007/0001 Kerala Kozhikode Thoradumala rupture Kanthaladu 11.4926 75.8665 Debris Slide 17 July 2007 (03:50 hrs) 13640
KER/KOZH/49M15/2007/0002,Wayanad,11.4937,75.8901,,subsidence,17 July 2007,320,KER/KOZH/49M15/2007/0002 Kerala Kozhikode Oranjottukunnu rupture Kanthaladu 11.4937 75.8901 Debris Subsidence 17 July 2007 (03:50 hrs) 13641
KRL/KOZ/54A03/2015/16,Wayanad,11.438214,76.064961,,"rock cum debris slide, debris slide",,320,KRL/KOZ/54A03/2015/16 Kerala Kozhikode Anackampoil Nellipoil-Anackampoil Road 11.438214 76.064961 Rock cum Debris Slide 2015 13620
KRL/KOZ/54A03/2015/22,Wayanad,11.449386,76.101167,,rock fall,,320,KRL/KOZ/54A03/2015/22 Kerala Kozhikode Murippuzha NULL 11.449386 76.101167 Rock Fall 2015 13626
KRL/KOZ/54A03/2015/23,Wayanad,11.457566,76.097791,,debris slide,,320,KRL/KOZ/54A03/2015/23 Kerala Kozhikode Murippuzha NULL 11.457566 76.097791 Debris Slide 2015 13629
KRL/KOZ/54A03/2015/24,Wayanad,11.456779,76.109086,,debris slide,,320,KRL/KOZ/54A03/2015/24 Kerala Kozhikode Murippuzha NULL 11.456779 76.109086 Debris Slide NA 13628
KRL/KOZ/54A03/2015/25,Wayanad,11.444064,76.102036,,"rock cum debris slide, debris slide",,320,KRL/KOZ/54A03/2015/25 Kerala Kozhikode Murippuzha NULL 11.444064 76.102036 Rock cum Debris Slide NA 13623
KRL/KOZ/54A03/2015/32,Wayanad,11.439406,76.038903,,,,320,KRL/KOZ/54A03/2015/32 Kerala Kozhikode Nellipoil Nellipoil-Thusharagiri Road 11.439406 76.038903 Earth Slide 2015 13621
KRL/KOZ/54A03/2015/33,Wayanad,11.458361,76.063011,,debris slide,,320,KRL/KOZ/54A03/2015/33 Kerala Kozhikode Puliyilakkattupadi Nellipoil-Thusharagiri Road 11.458361 76.063011 Debris Slide 2015 13630
KRL/KOZ/54A03/2015/34,Wayanad,11.459056,76.056292,,"rock cum debris slide, debris slide",,320,KRL/KOZ/54A03/2015/34 Kerala Kozhikode Kooruttupara Nellipoil-Pullurampara Road 11.459056 76.056292 Rock cum Debris Slide NA 13631
KRL/KOZ/54A03/2015/35,Wayanad,11.444314,76.056078,,"rock cum debris slide, debris slide",,320,KRL/KOZ/54A03/2015/35 Kerala Kozhikode Kooruttupara Nellipoil-Pullurampara Road 11.444314 76.056078 Rock cum Debris Slide 2015 13625
KRL/KOZ/54A03/2015/36,Wayanad,11.442981,76.056111,,debris slide,,320,KRL/KOZ/54A03/2015/36 Kerala Kozhikode Kandapanchal Nellipoil-Pullurampara Road 11.442981 76.056111 Debris Slide 2015 13622
KRL/KOZ/54A03/2015/37,Wayanad,11.444172,76.074897,,"rock cum debris slide, debris slide",,320,KRL/KOZ/54A03/2015/37 Kerala Kozhikode Kandapanchal Nellipoil-Pullurampara Road 11.444172 76.074897 Rock cum Debris Slide 2015 13624
KRL/KOZ/54A03/2015/39,Wayanad,11.455592,76.034178,,"rock cum debris slide, debris slide",,320,KRL/KOZ/54A03/2015/39 Kerala Kozhikode Chempukadavu SH68 11.455592 76.034178 Rock cum Debris Slide 2015 13627
KRL/KOZ/54A03/2015/40,Wayanad,11.469539,76.049333,,,,320,KRL/KOZ/54A03/2015/40 Kerala Kozhikode Thusharagiri Chembukadavu-Adivaram Road 11.469539 76.049333 Earth Slide 2015 13632
KRL/KOZ/54A03/2015/41,Wayanad,11.476256,76.039217,,,,320,KRL/KOZ/54A03/2015/41 Kerala Kozhikode Muttithodu Adivaram-Thusharagiri Road 11.476256 76.039217 Earth Slide NA 13635
KRL/KOZ/54A03/2015/75,Wayanad,11.470611,76.031028,,debris flow,,320,KRL/KOZ/54A03/2015/75 Kerala Kozhikode Kodemcherry Village SH68 11.470611 76.031028 Debris Flow NA 13633
KRL/KOZ/54A03/2015/76,Wayanad,11.477667,76.04075,,debris flow,,320,KRL/KOZ/54A03/2015/76 Kerala Kozhikode Kodencherry Village Chembukadavu-Adivaram Road 11.477667 76.04075 Debris Flow NA 13636
KRL/KOZ/54A03/2015/77,Wayanad,11.477667,76.04075,,debris flow,,320,KRL/KOZ/54A03/2015/77 Kerala Kozhikode Kodencherry Village Chembukadavu-Adivaram Road 11.477667 76.04075 Debris Flow NA 13637
KRL/KOZ/54A03/2015/78,Wayanad,11.489694,76.002278,,debris flow,,320,KRL/KOZ/54A03/2015/78 Kerala Kozhikode Pudupadi Village NH212 11.489694 76.002278 Debris Flow NA 13639
KRL/KOZ/54A03/2015/79,Wayanad,11.477667,76.04075,,debris flow,,320,KRL/KOZ/54A03/2015/79 Kerala Kozhikode Kodenchery Village Chembukadavu-Adivaram Road 11.477667 76.04075 Debris Flow NA 13638
KRL/KOZ/54M14/2015/128,Wayanad,11.5025,75.842222,,debris flow,,320,KRL/KOZ/54M14/2015/128 Kerala Kozhikode ponodumala Koorachundu-Kakkayam Road 11.5025 75.842222 Debris Flow 2004 13646
KRL/KOZ/54M14/2015/141,Wayanad,11.493889,75.868056,,"rock cum debris slide, debris slide",,320,KRL/KOZ/54M14/2015/141 Kerala Kozhikode Manicherimala Koorachundu-Kakkayam Road 11.493889 75.868056 Rock cum Debris Slide NA 13642
KRL/KOZ/58A02/2015/58,Wayanad,11.502122,76.007044,,debris slide,,320,KRL/KOZ/58A02/2015/58 Kerala Kozhikode Valliyad-Moopankuzhi Kaithapoil-Valliyad-Manalvayal Road 11.502122 76.007044 Debris Slide 2007 13645
KRL/KOZ/58A02/2015/59,Wayanad,11.503183,76.006814,,debris slide,,320,KRL/KOZ/58A02/2015/59 Kerala Kozhikode Moopankuzhi Kaithapoil-Valliyad-Manalvayal Road 11.503183 76.006814 Debris Slide 1982 13647
KRL/KOZ/58A02/2015/60,Wayanad,11.501078,76.003206,,debris slide,,320,KRL/KOZ/58A02/2015/60 Kerala Kozhikode Moopankuzhi-1 Kaithapoil-Valliyad-Manalvayal Road 11.501078 76.003206 Debris Slide 2008 13643
KRL/KOZ/58A02/2015/61,Wayanad,11.501625,76.004372,,debris slide,,320,KRL/KOZ/58A02/2015/61 Kerala Kozhikode Valliyad Kaithapoil-Valliyad-Manalvayal Road 11.501625 76.004372 Debris Slide 2008 13644
KRL/MAL/54A03/2015/63,Wayanad,11.475014,76.16935,Churalmala,debris flow,,320,KRL/MAL/54A03/2015/63 Kerala Malappuram Karimattam Estate Churalmala Road 11.475014 76.16935 Debris Flow 1984 13634
KRL/MAL/58A07/2015/105,Wayanad,11.437911,76.392803,,debris slide,,320,KRL/MAL/58A07/2015/105 Kerala Malappuram Nadugani Betta On NH 212 from Vazhikadavu to Nadugani Betta road 11.437911 76.392803 Debris Slide NA 13619
KRL/WAY/54M14/2015/152,Wayanad,11.505833,75.867778,,debris flow,,320,KRL/WAY/54M14/2015/152 Kerala Wayanad Manicherimala Koorachundu-Kakkayam Road 11.505833 75.867778 Debris Flow 2004
KRL/WAY/58A02/2015/85,Wayanad,11.505794,76.135806,Churalmala,"rock cum debris slide, debris slide",,320,KRL/WAY/58A02/2015/85 Kerala Wayanad Tea Estate-Soochipara Rd Mepadi-Churalmala Road 11.505794 76.135806 Rock cum Debris Slide NA 13648
KER/KOZH/49M14/2007/0003,Wayanad,11.5169,75.8992,,subsidence,21 July 2007,321,KER/KOZH/49M14/2007/0003 Kerala Kozhikode Periyamala land rupture Kanthaladu 11.5169 75.8992 Debris Subsidence 21 July 2007 (03:50 hrs) 13663
KRL/KOZ/54M14/2015/119,Wayanad,11.525278,75.878333,,debris flow,,321,KRL/KOZ/54M14/2015/119 Kerala Wayanad North of Kilikudikkimala Koorachundu-Kakkayam Road 11.525278 75.878333 Debris Flow 1984 13676
KRL/KOZ/54M14/2015/120,Wayanad,11.519444,75.885,,debris slide,,321,KRL/KOZ/54M14/2015/120 Kerala Kozhikode Kilikudikkimala Thalayad-Kakkayam Road 11.519444 75.885 Debris Slide NA 13669
KRL/KOZ/54M14/2015/121,Wayanad,11.523333,75.886667,,debris slide,,321,KRL/KOZ/54M14/2015/121 Kerala Kozhikode 27th mile periyamala Thalayad-Kakkayam Road 11.523333 75.886667 Debris Slide 1984 13672
KRL/KOZ/54M14/2015/122,Wayanad,11.526944,75.890556,,debris flow,,321,KRL/KOZ/54M14/2015/122 Kerala Kozhikode 28th mile periyamala Thalayad-Kakkayam Road 11.526944 75.890556 Debris Flow 2008 13680
KRL/KOZ/54M14/2015/123,Wayanad,11.516389,75.893333,,debris slide,,321,KRL/KOZ/54M14/2015/123 Kerala Kozhikode East of Kilikudikimala Thalayad-Kakkayam Road 11.516389 75.893333 Debris Slide NA 13662
KRL/KOZ/54M14/2015/124,Wayanad,11.515833,75.8975,,debris flow,,321,KRL/KOZ/54M14/2015/124 Kerala Kozhikode Periyamala Thalayad-Kakkayam Road 11.515833 75.8975 Debris Flow 2007 13660
KRL/KOZ/54M14/2015/125,Wayanad,11.518333,75.899444,,debris slide,,321,KRL/KOZ/54M14/2015/125 Kerala Kozhikode Kilikudikkimala rubber plantation Thalayad-Kakkayam Road 11.518333 75.899444 Debris Slide 2007 13665
KRL/KOZ/54M14/2015/126,Wayanad,11.518889,75.8875,,debris slide,,321,KRL/KOZ/54M14/2015/126 Kerala Kozhikode Kilikudikkimala rubber plantation Thalayad-Kakkayam Road 11.518889 75.8875 Debris Slide 2007 13667
KRL/KOZ/54M14/2015/127,Wayanad,11.529722,75.876111,,"rock cum debris slide, debris slide",,321,KRL/KOZ/54M14/2015/127 Kerala Kozhikode Vattachira ponodumala Koorachundu-Kakkayam Road 11.529722 75.876111 Rock cum Debris Slide 2014 13683
KRL/KOZ/54M14/2015/129,Wayanad,11.516111,75.843889,,debris flow,,321,KRL/KOZ/54M14/2015/129 Kerala Kozhikode ponodumala Koorachundu-Kakkayam Road 11.516111 75.843889 Debris Flow 2004 13661
KRL/KOZ/54M14/2015/130,Wayanad,11.513611,75.846667,,debris flow,,321,KRL/KOZ/54M14/2015/130 Kerala Kozhikode Idinjakunnu Koorachundu-Kakkayam Road 11.513611 75.846667 Debris Flow 1984 13658
KRL/KOZ/54M14/2015/131,Wayanad,11.520556,75.859167,,debris flow,,321,KRL/KOZ/54M14/2015/131 Kerala Kozhikode Manicherimala Koorachundu-Kakkayam Road 11.520556 75.859167 Debris Flow 1984 13670
KRL/KOZ/54M14/2015/137,Wayanad,11.527778,75.878333,,debris flow,,321,KRL/KOZ/54M14/2015/137 Kerala Kozhikode Vallanod Koorachundu-Kakkayam Road 11.527778 75.878333 Debris Flow 1984 13681
KRL/KOZ/54M14/2015/138,Wayanad,11.520556,75.8725,,debris flow,,321,KRL/KOZ/54M14/2015/138 Kerala Kozhikode Poovathunchola Koorachundu-Kakkayam Road 11.520556 75.8725 Debris Flow 1984 13671
KRL/KOZ/54M14/2015/139,Wayanad,11.507778,75.878333,,"rock cum debris slide, debris slide",,321,KRL/KOZ/54M14/2015/139 Kerala Kozhikode Manicherimala Koorachundu-Kakkayam Road 11.507778 75.878333 Rock cum Debris Slide 2014 13652
KRL/KOZ/54M14/2015/140,Wayanad,11.509444,75.858889,,debris flow,,321,KRL/KOZ/54M14/2015/140 Kerala Kozhikode Manicherimala Koorachundu-Kakkayam Road 11.509444 75.858889 Debris Flow 1990 13655
KRL/KOZ/54M14/2015/163,Wayanad,11.525,75.821667,,debris slide,,321,KRL/KOZ/54M14/2015/163 Kerala Kozhikode Cherukkad Koottalida-Koorachundu Road 11.525 75.821667 Debris Slide NA 13674
KRL/KOZ/54M14/2015/180,Wayanad,11.5075,75.990833,,"rock cum debris slide, debris slide",,321,KRL/KOZ/54M14/2015/180 Kerala Kozhikode Kanappankundu NULL 11.5075 75.990833 Rock cum Debris Slide 2014 13651
KRL/KOZ/54M14/2015/181,Wayanad,11.509722,75.97,,"rock cum debris slide, debris slide",,321,KRL/KOZ/54M14/2015/181 Kerala Kozhikode Mayilallumpara rubber plantation NULL 11.509722 75.97 Rock cum Debris Slide NA 13656
KRL/KOZ/54M14/2015/184,Wayanad,11.509167,75.991667,,debris flow,,321,KRL/KOZ/54M14/2015/184 Kerala Kozhikode Mayilampara rubber plantation NULL 11.509167 75.991667 Debris Flow 1994 13654
KRL/KOZ/54M14/2015/185,Wayanad,11.518056,75.983056,,debris flow,,321,KRL/KOZ/54M14/2015/185 Kerala Kozhikode Mayilampara forest NULL 11.518056 75.983056 Debris Flow 2013 13664
KRL/KOZ/54M14/2015/186,Wayanad,11.508611,75.994167,,"rock cum debris slide, debris slide",,321,KRL/KOZ/54M14/2015/186 Kerala Kozhikode Mayilallumpara NULL 11.508611 75.994167 Rock cum Debris Slide NA 13653
KRL/KOZ/54M14/2015/218,Wayanad,11.518705,75.877626,,debris flow,,321,KRL/KOZ/54M14/2015/218 Kerala Kozhikode Kilikudikki Koorachundu-Kakkayam Road 11.518705 75.877626 Debris Flow 2007 13666
KRL/WAY/54M14/2015/217,Wayanad,11.514444,75.816389,,debris flow,,321,KRL/WAY/54M14/2015/217 Kerala Wayanad Avidanallur Koottalida-Koorachundu Road 11.514444 75.816389 Debris Flow 2007 13659
KRL/WAY/58A02/2015/57,Wayanad,11.509792,76.024886,Lakkidi,"rock cum debris slide, debris slide",,321,KRL/WAY/58A02/2015/57 Kerala Wayanad Near Lakkidi-Near Hairpin No.9 Kozhokode - Vythiri-Gudallur Road 11.509792 76.024886 Rock cum Debris Slide NA 13657
KRL/WAY/58A02/2015/62,Wayanad,11.506867,76.030142,,debris slide,,321,KRL/WAY/58A02/2015/62 Kerala Wayanad Churam Road Kozhokode - Vythiri-Gudallur Road 11.506867 76.030142 Debris Slide NA 13650
KRL/WAY/58A02/2015/83,Wayanad,11.525275,76.145222,,debris slide,,321,KRL/WAY/58A02/2015/83 Kerala Wayanad Thanjirodu NULL 11.525275 76.145222 Debris Slide 2009 13675
KRL/WAY/58A02/2015/84,Wayanad,11.526589,76.144019,,debris slide,,321,KRL/WAY/58A02/2015/84 Kerala Wayanad Thanjirodu1 NULL 11.526589 76.144019 Debris Slide 2009 13679
KRL/WAY/58A02/2015/86,Wayanad,11.519206,76.135783,"Churalmala, Kalladi",debris slide,,321,KRL/WAY/58A02/2015/86 Kerala Wayanad Kalladi Mepadi-Churalmala Road 11.519206 76.135783 Debris Slide 2008 13668
KRL/WAY/58A02/2015/87,Wayanad,11.52815,76.157156,,rock fall,,321,KRL/WAY/58A02/2015/87 Kerala Wayanad Kanthapara NULL 11.52815 76.157156 Rock Fall NA 13682
KRL/WAY/58A02/2015/88,Wayanad,11.526258,76.154406,,"rock cum debris slide, debris slide",,321,KRL/WAY/58A02/2015/88 Kerala Wayanad Kanthapara1 NULL 11.526258 76.154406 Rock cum Debris Slide 2009 13678
KRL/WAY/58A02/2015/89,Wayanad,11.526181,76.163231,,debris slide,,321,KRL/WAY/58A02/2015/89 Kerala Wayanad Vallateri road NULL 11.526181 76.163231 Debris Slide NA 13677
KRL/WAY/58A02/2015/90,Wayanad,11.524853,76.169294,,debris slide,,321,KRL/WAY/58A02/2015/90 Kerala Wayanad Vallateri village road NULL 11.524853 76.169294 Debris Slide NA 13673
KRL/WAY/58A02/2015/92,Wayanad,11.531108,76.187719,,debris slide,,321,KRL/WAY/58A02/2015/92 Kerala Wayanad Rippon tea estate Pichen-Noufal Road 11.531108 76.187719 Debris Slide 2012
KRL/KOZ/54M14/2015/168,Wayanad,11.551778,75.916111,,"rock cum debris slide, debris slide",,322,KRL/KOZ/54M14/2015/168 Kerala Kozhikode Kakkayam hairpin Kakkayam Road 11.551778 75.916111 Rock cum Debris Slide 1984 13719
KRL/KOZ/54M14/2015/171,Wayanad,11.539444,75.903056,,debris flow,,322,KRL/KOZ/54M14/2015/171 Kerala Kozhikode Kuttali rubber plantation Kakkayam Road 11.539444 75.903056 Debris Flow 1996 13694
KRL/KOZ/54M14/2015/172,Wayanad,11.539167,75.905278,,"rock cum debris slide, debris slide",,322,KRL/KOZ/54M14/2015/172 Kerala Kozhikode Kuttali rubber plantation Kakkayam Road 11.539167 75.905278 Rock cum Debris Slide 2014 13693
KRL/KOZ/54M14/2015/173,Wayanad,11.539444,75.913056,,debris flow,,322,KRL/KOZ/54M14/2015/173 Kerala Kozhikode Kakkayam Kakkayam Road 11.539444 75.913056 Debris Flow NA 13695
KRL/KOZ/54M14/2015/188,Wayanad,11.552222,75.904722,,"rock cum debris slide, debris slide",,322,KRL/KOZ/54M14/2015/188 Kerala Kozhikode Kakkayam Kakkayam Road 11.552222 75.904722 Rock cum Debris Slide NA 13720
KRL/KOZ/54M14/2015/190,Wayanad,11.548611,75.926944,,"rock cum debris slide, debris slide",,322,KRL/KOZ/54M14/2015/190 Kerala Kozhikode Kakkayam hairpin Kakkayam Road 11.548611 75.926944 Rock cum Debris Slide NA 13715
KRL/KOZ/54M14/2015/191,Wayanad,11.548056,75.926944,,"rock cum debris slide, debris slide",,322,KRL/KOZ/54M14/2015/191 Kerala Kozhikode Kakkayam hairpin Kakkayam Road 11.548056 75.926944 Rock cum Debris Slide 2014 13712
KRL/KOZ/54M14/2015/192,Wayanad,11.548333,75.926667,,debris slide,,322,KRL/KOZ/54M14/2015/192 Kerala Kozhikode Kakkayam hairpin Kakkayam Road 11.548333 75.926667 Debris Slide 2007 13714
KRL/KOZ/54M14/2015/193,Wayanad,11.548056,75.927222,,debris flow,,322,KRL/KOZ/54M14/2015/193 Kerala Kozhikode Kakkayam hairpin Kakkayam Road 11.548056 75.927222 Debris Flow 2007 13713
KRL/KOZ/54M14/2015/194,Wayanad,11.544722,75.936667,,"rock cum debris slide, debris slide",,322,KRL/KOZ/54M14/2015/194 Kerala Kozhikode Sankaran puzha Kakkayam Road 11.544722 75.936667 Rock cum Debris Slide NA 13709
KRL/KOZ/54M14/2015/205,Wayanad,11.55,75.919167,,debris slide,,322,KRL/KOZ/54M14/2015/205 Kerala Kozhikode Kakkayam Kakkayam Road 11.55 75.919167 Debris Slide NA 13717
KRL/KOZ/54M14/2015/206,Wayanad,11.544167,75.939722,,debris slide,,322,KRL/KOZ/54M14/2015/206 Kerala Kozhikode Attikod estate Kakkayam Road 11.544167 75.939722 Debris Slide NA 13707
KRL/KOZ/54M14/2015/212,Wayanad,11.533056,75.896667,,debris flow,,322,KRL/KOZ/54M14/2015/212 Kerala Wayanad Kuttali rubber plantation Kakkayam Road 11.533056 75.896667 Debris Flow 1984 13686
KRL/KOZ/54M14/2015/213,Wayanad,11.549444,75.896111,,,,322,KRL/KOZ/54M14/2015/213 Kerala Kozhikode Kakkayam Kakkayam Road 11.549444 75.896111 Debris Fall NA 13716
KRL/WAY/58A02/2015/100,Wayanad,11.543214,76.154,,debris slide,,322,KRL/WAY/58A02/2015/100 Kerala Wayanad Arepetta Tea Estate-2 Kozhokode - Vythiri-Gudallur Highway 11.543214 76.154 Debris Slide 2008 13704
KRL/WAY/58A02/2015/54,Wayanad,11.544592,76.178569,,,,322,KRL/WAY/58A02/2015/54 Kerala Wayanad Kozhokode - Vythiri-Gudallur Highway 11.544592 76.178569 Earth Slide NA 13708
KRL/WAY/58A02/2015/55,Wayanad,11.540817,76.172769,,"rock cum debris slide, debris slide",,322,KRL/WAY/58A02/2015/55 Kerala Wayanad Kozhokode - Vythiri-Gudallur Highway 11.540817 76.172769 Rock cum Debris Slide NA 13699
KRL/WAY/58A02/2015/56,Wayanad,11.540461,76.172875,,"rock cum debris slide, debris slide",,322,KRL/WAY/58A02/2015/56 Kerala Wayanad Kozhokode - Vythiri-Gudallur Highway 11.540461 76.172875 Rock cum Debris Slide NA 13697
KRL/WAY/58A02/2015/69,Wayanad,11.552339,76.101264,Chembra,debris slide,,322,KRL/WAY/58A02/2015/69 Kerala Wayanad Near road Jn towards Erumakolli School Chembra Peak Road 11.552339 76.101264 Debris Slide 2015
KRL/WAY/58A02/2015/72,Wayanad,11.550339,76.136878,Churalmala,debris slide,,322,KRL/WAY/58A02/2015/72 Kerala Wayanad Mappilathottam Mepadi-Churalmala Road 11.550339 76.136878 Debris Slide 2009 13718
KRL/WAY/58A02/2015/73,Wayanad,11.541958,76.137411,Churalmala,debris slide,,322,KRL/WAY/58A02/2015/73 Kerala Wayanad 1st Mile Mepadi-Churalmala Road 11.541958 76.137411 Debris Slide 1961 13700
KRL/WAY/58A02/2015/74,Wayanad,11.543631,76.122139,,debris slide,,322,KRL/WAY/58A02/2015/74 Kerala Wayanad Kadoor-10 Number Cholamala Road 11.543631 76.122139 Debris Slide 2009 13705
KRL/WAY/58A02/2015/75,Wayanad,11.542717,76.121397,,"rock cum debris slide, debris slide",,322,KRL/WAY/58A02/2015/75 Kerala Wayanad Kadoor-10 Number 1 Cholamala Road 11.542717 76.121397 Rock cum Debris Slide 2009 13701
KRL/WAY/58A02/2015/76,Wayanad,11.543053,76.156533,,debris slide,,322,KRL/WAY/58A02/2015/76 Kerala Wayanad Arepetta-Estate to 1mile road Kozhokode - Vythiri-Gudallur Highway 11.543053 76.156533 Debris Slide 1982 13702
KRL/WAY/58A02/2015/77,Wayanad,11.540794,76.154522,,debris slide,,322,KRL/WAY/58A02/2015/77 Kerala Wayanad Arepetta-1 Kozhokode - Vythiri-Gudallur Highway 11.540794 76.154522 Debris Slide 2010 13698
KRL/WAY/58A02/2015/78,Wayanad,11.54315,76.154031,,debris slide,,322,KRL/WAY/58A02/2015/78 Kerala Wayanad Thazhe Arepetta Kozhokode - Vythiri-Gudallur Highway 11.54315 76.154031 Debris Slide 1961 13703
KRL/WAY/58A02/2015/79,Wayanad,11.540061,76.153442,,debris slide,,322,KRL/WAY/58A02/2015/79 Kerala Wayanad Arepetta-Anakkap (Cut Slope Failure) Kozhokode - Vythiri-Gudallur Highway 11.540061 76.153442 Debris Slide 2010 13696
KRL/WAY/58A02/2015/80,Wayanad,11.538517,76.151192,,debris slide,,322,KRL/WAY/58A02/2015/80 Kerala Wayanad Arepetta-Anakkap Arapetta Road 11.538517 76.151192 Debris Slide 2010 13691
KRL/WAY/58A02/2015/81,Wayanad,11.538819,76.150189,,debris slide,,322,KRL/WAY/58A02/2015/81 Kerala Wayanad Anakkap - Near 1st Mile Arapetta Road 11.538819 76.150189 Debris Slide 2009 13692
KRL/WAY/58A02/2015/91,Wayanad,11.531636,76.182614,,debris slide,,322,KRL/WAY/58A02/2015/91 Kerala Wayanad Vallateri Pudukkod road Pichen-Noufal Road 11.531636 76.182614 Debris Slide NA 13685
KRL/WAY/58A02/2015/93,Wayanad,11.534597,76.189739,,debris slide,,322,KRL/WAY/58A02/2015/93 Kerala Wayanad Rippon tea estate Pichen-Noufal Road 11.534597 76.189739 Debris Slide 2010 13688
KRL/WAY/58A02/2015/94,Wayanad,11.547167,76.224153,,,,322,KRL/WAY/58A02/2015/94 Kerala Wayanad Mupainad Vaduvanchal-Chitragiri Road 11.547167 76.224153 Earth Slide 2007 13711
KRL/WAY/58A02/2015/95,Wayanad,11.536478,76.229122,,"rock cum debris slide, debris slide",,322,KRL/WAY/58A02/2015/95 Kerala Wayanad Nellimala Kozhokode - Vythiri-Gudallur Highway 11.536478 76.229122 Rock cum Debris Slide 2008 13690
KRL/WAY/58A02/2015/96,Wayanad,11.534194,76.228447,,debris slide,,322,KRL/WAY/58A02/2015/96 Kerala Wayanad Nellimala-1 Kozhokode - Vythiri-Gudallur Highway 11.534194 76.228447 Debris Slide 2008 13687
KRL/WAY/58A02/2015/97,Wayanad,11.534744,76.228631,,debris slide,,322,KRL/WAY/58A02/2015/97 Kerala Wayanad Nellimala-2 Kozhokode - Vythiri-Gudallur Highway 11.534744 76.228631 Debris Slide 2008 13689
KRL/WAY/58A02/2015/98,Wayanad,11.545375,76.155881,,debris slide,,322,KRL/WAY/58A02/2015/98 Kerala Wayanad Arepetta Tea Estate Kozhokode - Vythiri-Gudallur Highway 11.545375 76.155881 Debris Slide NA 13710
KRL/WAY/58A02/2015/99,Wayanad,11.543989,76.1553,,debris slide,,322,KRL/WAY/58A02/2015/99 Kerala Wayanad Arepetta Tea Estate-1 Kozhokode - Vythiri-Gudallur Highway 11.543989 76.1553 Debris Slide NA 13706
KRL/KOZ/54M14/2015/103,Wayanad,11.604167,75.857222,,debris flow,,323,KRL/KOZ/54M14/2015/103 Kerala Kozhikode Muthucadu Peruvannamoozhi Road 11.604167 75.857222 Debris Flow 2010 13752
KRL/KOZ/54M14/2015/104,Wayanad,11.6275,75.817222,,debris slide,,323,KRL/KOZ/54M14/2015/104 Kerala Kozhikode Chembanode SH54 11.6275 75.817222 Debris Slide NA 13754
KRL/KOZ/54M14/2015/136,Wayanad,11.558333,75.795,Chembra,debris slide,,323,KRL/KOZ/54M14/2015/136 Kerala Kozhikode Vengappatta Perambra-Chembra Road 11.558333 75.795 Debris Slide NA 13737
KRL/KOZ/54M14/2015/162,Wayanad,11.613889,75.813611,,debris slide,,323,KRL/KOZ/54M14/2015/162 Kerala Kozhikode Peruvannamoozhi SH54 11.613889 75.813611 Debris Slide NA 13753
KRL/KOZ/54M14/2015/164,Wayanad,11.558611,75.899167,,debris slide,,323,KRL/KOZ/54M14/2015/164 Kerala Kozhikode Kuttali Kakkayam Road 11.558611 75.899167 Debris Slide NA 13738
KRL/KOZ/54M14/2015/165,Wayanad,11.563889,75.899722,,debris slide,,323,KRL/KOZ/54M14/2015/165 Kerala Kozhikode Kakkayam hairpin Kakkayam Road 11.563889 75.899722 Debris Slide NA 13745
KRL/KOZ/54M14/2015/166,Wayanad,11.5675,75.898889,,debris slide,,323,KRL/KOZ/54M14/2015/166 Kerala Kozhikode Kakkayam hairpin Kakkayam Road 11.5675 75.898889 Debris Slide NA 13747
KRL/KOZ/54M14/2015/167,Wayanad,11.557222,75.910278,,rock fall,,323,KRL/KOZ/54M14/2015/167 Kerala Kozhikode Kakkayam hairpin Kakkayam Road 11.557222 75.910278 Rock Fall NA 13734
KRL/KOZ/54M14/2015/169,Wayanad,11.557778,75.916111,,debris slide,,323,KRL/KOZ/54M14/2015/169 Kerala Kozhikode Kakkayam hairpin Kakkayam Road 11.557778 75.916111 Debris Slide 1984 13736
KRL/KOZ/54M14/2015/170,Wayanad,11.557222,75.916611,,debris slide,,323,KRL/KOZ/54M14/2015/170 Kerala Kozhikode Kakkayam hairpin Kakkayam Road 11.557222 75.916611 Debris Slide 1984 13735
KRL/KOZ/54M14/2015/174,Wayanad,11.600278,75.819722,,debris slide,,323,KRL/KOZ/54M14/2015/174 Kerala Kozhikode Peruvannamoozhi SH54 11.600278 75.819722 Debris Slide NA 13751
KRL/KOZ/54M14/2015/187,Wayanad,11.561389,75.929722,,debris flow,,323,KRL/KOZ/54M14/2015/187 Kerala Kozhikode Attikod estate Kakkayam Road 11.561389 75.929722 Debris Flow 1994 13743
KRL/KOZ/54M14/2015/189,Wayanad,11.555278,75.908611,,debris flow,,323,KRL/KOZ/54M14/2015/189 Kerala Kozhikode Kakkayam hairpin Kakkayam Road 11.555278 75.908611 Debris Flow NA 13730
KRL/KOZ/54M14/2015/195,Wayanad,11.556667,75.918889,,"rock cum debris slide, debris slide",,323,KRL/KOZ/54M14/2015/195 Kerala Kozhikode Kakkayam hairpin Kakkayam Road 11.556667 75.918889 Rock cum Debris Slide NA 13732
KRL/KOZ/54M14/2015/196,Wayanad,11.560278,75.916111,,,,323,KRL/KOZ/54M14/2015/196 Kerala Kozhikode Kakkayam hairpin Kakkayam Road 11.560278 75.916111 Earth Slide NA 13742
KRL/KOZ/54M14/2015/197,Wayanad,11.636389,75.870833,,debris slide,,323,KRL/KOZ/54M14/2015/197 Kerala Kozhikode Randajali puzha SH54 11.636389 75.870833 Debris Slide NA 13761
KRL/KOZ/54M14/2015/198,Wayanad,11.639167,75.864444,,debris slide,,323,KRL/KOZ/54M14/2015/198 Kerala Kozhikode Puzhithodu SH54 11.639167 75.864444 Debris Slide NA 13765
KRL/KOZ/54M14/2015/207,Wayanad,11.556389,75.813611,Chembra,"rock cum debris slide, debris slide",,323,KRL/KOZ/54M14/2015/207 Kerala Kozhikode Chembra NULL 11.556389 75.813611 Rock cum Debris Slide NA 13731
KRL/KOZ/54M14/2015/93,Wayanad,11.628889,75.831944,,debris flow,,323,KRL/KOZ/54M14/2015/93 Kerala Kozhikode Kombancode SH54 11.628889 75.831944 Debris Flow 2007 13755
KRL/KOZ/54M14/2015/94,Wayanad,11.633333,75.856667,,"rock cum debris flow, debris flow",,323,KRL/KOZ/54M14/2015/94 Kerala Kozhikode Alampara SH54 11.633333 75.856667 Rock cum Debris Flow 2013 13759
KRL/KOZ/54M14/2015/95,Wayanad,11.638611,75.856944,,"rock cum debris flow, debris flow",,323,KRL/KOZ/54M14/2015/95 Kerala Kozhikode Alampara SH54 11.638611 75.856944 Rock cum Debris Flow 1985 13764
KRL/KOZ/54M14/2015/96,Wayanad,11.642778,75.856389,,"rock cum debris flow, debris flow",,323,KRL/KOZ/54M14/2015/96 Kerala Kozhikode Alampara SH55 11.642778 75.856389 Rock cum Debris Flow 1984
KRL/KOZ/54M14/2015/97,Wayanad,11.640556,75.855556,,"rock cum debris flow, debris flow",,323,KRL/KOZ/54M14/2015/97 Kerala Kozhikode Poozhithode SH54 11.640556 75.855556 Rock cum Debris Flow 1984 13766
KRL/KOZ/54M14/2015/98,Wayanad,11.638056,75.850833,,"rock cum debris flow, debris flow",,323,KRL/KOZ/54M14/2015/98 Kerala Kozhikode Rubber Estate SH54 11.638056 75.850833 Rock cum Debris Flow 2013 13762
KRL/KOZ/54M14/2015/99,Wayanad,11.638333,75.873056,,"rock cum debris flow, debris flow",,323,KRL/KOZ/54M14/2015/99 Kerala Kozhikode Poozhithodu SH54 11.638333 75.873056 Rock cum Debris Flow 1984 13763
KRL/WAY/54M14/2015/155,Wayanad,11.632222,75.947778,,debris flow,,323,KRL/WAY/54M14/2015/155 Kerala Wayanad Ladysmith reserved forest NULL 11.632222 75.947778 Debris Flow 2008 13757
KRL/WAY/54M14/2015/157,Wayanad,11.630833,75.959167,,debris flow,,323,KRL/WAY/54M14/2015/157 Kerala Wayanad Ladysmith reserved forest NULL 11.630833 75.959167 Debris Flow 2004 13756
KRL/WAY/54M14/2015/158,Wayanad,11.632778,75.955,,debris slide,,323,KRL/WAY/54M14/2015/158 Kerala Wayanad Ladysmith reserved forest NULL 11.632778 75.955 Debris Slide 2007 13758
KRL/WAY/54M14/2015/160,Wayanad,11.598889,75.823889,,debris flow,,323,KRL/WAY/54M14/2015/160 Kerala Wayanad Peruvannamoozhi SH54 11.598889 75.823889 Debris Flow NA 13750
KRL/WAY/58A02/2015/101,Wayanad,11.559383,76.135828,,debris slide,,323,KRL/WAY/58A02/2015/101 Kerala Wayanad Poothakolly Poothakolly Road 11.559383 76.135828 Debris Slide NA 13739
KRL/WAY/58A02/2015/102,Wayanad,11.560225,76.136717,,debris slide,,323,KRL/WAY/58A02/2015/102 Kerala Wayanad Poothakolly-1 Poothakolly Road 11.560225 76.136717 Debris Slide NA 13741
KRL/WAY/58A02/2015/103,Wayanad,11.559564,76.136561,,debris slide,,323,KRL/WAY/58A02/2015/103 Kerala Wayanad Poothakolly-2 Poothakolly Road 11.559564 76.136561 Debris Slide 1961 13740
KRL/WAY/58A02/2015/104,Wayanad,11.566717,76.115653,Meppadi,,,323,KRL/WAY/58A02/2015/104 Kerala Wayanad Meppadi-46 Kozhokode - Vythiri-Gudallur Highway 11.566717 76.115653 Earth Slide NA 13746
KRL/WAY/58A02/2015/50,Wayanad,11.588728,76.018258,,debris slide,,323,KRL/WAY/58A02/2015/50 Kerala Wayanad Vythiri - Tharuvana Road 11.588728 76.018258 Debris Slide NA 13749
KRL/WAY/58A02/2015/51,Wayanad,11.636239,76.201533,,"rock cum debris slide, debris slide",,323,KRL/WAY/58A02/2015/51 Kerala Wayanad Kumbleri-Ambalavayal Ambalvayal Bypass Road 11.636239 76.201533 Rock cum Debris Slide NA 13760
KRL/WAY/58A02/2015/52,Wayanad,11.577869,76.060242,,,,323,KRL/WAY/58A02/2015/52 Kerala Wayanad Kozhikode - Mysore - Kollegadi Highway 11.577869 76.060242 Earth Slide NA 13748
KRL/WAY/58A02/2015/53,Wayanad,11.556978,76.198161,,,,323,KRL/WAY/58A02/2015/53 Kerala Wayanad Kadamad NULL 11.556978 76.198161 Earth Slide 2015 13733
KRL/WAY/58A02/2015/63,Wayanad,11.5543,76.127939,Chembra,subsidence,,323,KRL/WAY/58A02/2015/63 Kerala Wayanad Kunnamangalam vayal Chembra Peak Road 11.5543 76.127939 Debris Subsidence 2007 13727
KRL/WAY/58A02/2015/64,Wayanad,11.5548,76.083589,Chembra,debris slide,,323,KRL/WAY/58A02/2015/64 Kerala Wayanad Near Chembera Watch tower Chembra Peak Road 11.5548 76.083589 Debris Slide 2015 13729
KRL/WAY/58A02/2015/65,Wayanad,11.553164,76.085942,Chembra,debris slide,,323,KRL/WAY/58A02/2015/65 Kerala Wayanad Chembera Chembra Peak Road 11.553164 76.085942 Debris Slide 2015 13723
KRL/WAY/58A02/2015/66,Wayanad,11.552539,76.0895,Chembra,debris slide,,323,KRL/WAY/58A02/2015/66 Kerala Wayanad Near Chembera parking area Chembra Peak Road 11.552539 76.0895 Debris Slide 1961 13722
KRL/WAY/58A02/2015/67,Wayanad,11.554256,76.0928,Chembra,debris slide,,323,KRL/WAY/58A02/2015/67 Kerala Wayanad Chembera1 Chembra Peak Road 11.554256 76.0928 Debris Slide 1961 13726
KRL/WAY/58A02/2015/68,Wayanad,11.554086,76.097822,Chembra,debris slide,,323,KRL/WAY/58A02/2015/68 Kerala Wayanad Chembera2 Chembra Peak Road 11.554086 76.097822 Debris Slide NA 13725
KRL/WAY/58A02/2015/70,Wayanad,11.553283,76.101244,Chembra,debris slide,,323,KRL/WAY/58A02/2015/70 Kerala Wayanad Chembera 22 Chembra Peak Road 11.553283 76.101244 Debris Slide 2008 13724
KRL/WAY/58A02/2015/71,Wayanad,11.562956,76.132781,,debris slide,,323,KRL/WAY/58A02/2015/71 Kerala Wayanad Vitthkaad-Poothakolly Road 11.562956 76.132781 Debris Slide NA 13744
KRL/WAY/58A02/2015/82,Wayanad,11.554431,76.131517,Meppadi,debris slide,,323,KRL/WAY/58A02/2015/82 Kerala Wayanad Meppadi-Near Market Kozhokode - Vythiri-Gudallur Highway 11.554431 76.131517 Debris Slide NA 13728
KRL/KOZ/54M14/2015/100,Wayanad,11.678889,75.893056,,debris slide,,324,KRL/KOZ/54M14/2015/100 Kerala Kozhikode Kammukutty coffee plantation NULL 11.678889 75.893056 Debris Slide 2007 13791
KRL/KOZ/54M14/2015/101,Wayanad,11.670833,75.878056,,debris slide,,324,KRL/KOZ/54M14/2015/101 Kerala Kozhikode Kadanthrapuzha NULL 11.670833 75.878056 Debris Slide 2007 13785
KRL/KOZ/54M14/2015/102,Wayanad,11.682222,75.894167,,debris slide,,324,KRL/KOZ/54M14/2015/102 Kerala Kozhikode Kadanthrapuzha NULL 11.682222 75.894167 Debris Slide 2007 13794
KRL/KOZ/54M14/2015/105,Wayanad,11.666667,75.833611,,debris flow,,324,KRL/KOZ/54M14/2015/105 Kerala Kozhikode Vattippana Pasukkadavu Road 11.666667 75.833611 Debris Flow 1984 13780
KRL/KOZ/54M14/2015/106,Wayanad,11.670833,75.811111,,rock slide,,324,KRL/KOZ/54M14/2015/106 Kerala Kozhikode Vattippana SH54 11.670833 75.811111 Rock Slide 2004 13784
KRL/KOZ/54M14/2015/107,Wayanad,11.696944,75.8075,,"rock cum debris slide, debris flow, debris slide",,324,KRL/KOZ/54M14/2015/107 Kerala Kozhikode Chathanamkotunada SH54 11.696944 75.8075 Debris Flow 1984 13802 KRL/WAY54M14/2015/219 Kerala Wayanad Mundyod mala Moonam Kai-Karingad Road 11.699598 75.772301 Rock cum Debris Slide 1984 13803
KRL/KOZ/54M14/2015/114,Wayanad,11.703473,75.829247,,"rock cum debris flow, debris flow",,324,KRL/KOZ/54M14/2015/114 Kerala Kozhikode Puthenpeedika Kayalvattam Road 11.703473 75.829247 Rock cum Debris Flow 2009 13804
KRL/KOZ/54M14/2015/115,Wayanad,11.705823,75.830149,,"rock cum debris flow, debris flow",,324,KRL/KOZ/54M14/2015/115 Kerala Kozhikode Edathakunnu Kayalvattam Road 11.705823 75.830149 Rock cum Debris Flow 1984 13807
KRL/KOZ/54M14/2015/116,Wayanad,11.691667,75.777222,,debris slide,,324,KRL/KOZ/54M14/2015/116 Kerala Kozhikode Hanumanmala Moonam Kai-Karingad Road 11.691667 75.777222 Debris Slide 1984 13799
KRL/KOZ/54M14/2015/132,Wayanad,11.6475,75.846389,,debris flow,,324,KRL/KOZ/54M14/2015/132 Kerala Kozhikode Ekkal SH54 11.6475 75.846389 Debris Flow 2009 13769
KRL/KOZ/54M14/2015/133,Wayanad,11.647222,75.847778,,debris flow,,324,KRL/KOZ/54M14/2015/133 Kerala Kozhikode Ekkal SH54 11.647222 75.847778 Debris Flow 1984 13768
KRL/KOZ/54M14/2015/134,Wayanad,11.648056,75.857222,,debris flow,,324,KRL/KOZ/54M14/2015/134 Kerala Kozhikode Poozhithode KSEB SH54 11.648056 75.857222 Debris Flow 2013 13770
KRL/KOZ/54M14/2015/135,Wayanad,11.673056,75.840833,,debris slide,,324,KRL/KOZ/54M14/2015/135 Kerala Kozhikode Pasukadavu Pasukkadavu Road 11.673056 75.840833 Debris Slide 1994 13787
KRL/KOZ/54M14/2015/142,Wayanad,11.666667,75.833611,,debris flow,,324,KRL/KOZ/54M14/2015/142 Kerala Kozhikode Vattippana Pasukkadavu Road 11.666667 75.833611 Debris Flow 1974 13779
KRL/KOZ/54M14/2015/154,Wayanad,11.673889,75.967778,,subsidence,,324,KRL/KOZ/54M14/2015/154 Kerala Kozhikode Putiyanirathu SH54 11.673889 75.967778 Earth Subsidence 2006 13788
KRL/KOZ/54M14/2015/161,Wayanad,11.681944,75.808056,,debris slide,,324,KRL/KOZ/54M14/2015/161 Kerala Kozhikode Chathampadam SH54 11.681944 75.808056 Debris Slide NA 13793
KRL/KOZ/54M14/2015/175,Wayanad,11.706389,75.761111,,"rock cum debris flow, debris flow",,324,KRL/KOZ/54M14/2015/175 Kerala Kozhikode Mundyod mala Moonam Kai-Karingad Road 11.706389 75.761111 Rock cum Debris Flow NA 13808
KRL/KOZ/54M14/2015/178,Wayanad,11.655833,75.843889,,debris flow,,324,KRL/KOZ/54M14/2015/178 Kerala Kozhikode Nellikunnu SH54 11.655833 75.843889 Debris Flow 2012 13777
KRL/KOZ/54M14/2015/179,Wayanad,11.6925,75.806389,,"rock cum debris slide, debris slide",,324,KRL/KOZ/54M14/2015/179 Kerala Kozhikode Nagampara Kayalvattam Road 11.6925 75.806389 Rock cum Debris Slide 2014 13800
KRL/KOZ/54M14/2015/182,Wayanad,11.678611,75.821111,,"rock cum debris slide, debris slide",,324,KRL/KOZ/54M14/2015/182 Kerala Kozhikode Muttathiplavu Kayalvattam Road 11.678611 75.821111 Rock cum Debris Slide NA 13790
KRL/KOZ/54M14/2015/199,Wayanad,11.650556,75.873056,,"rock cum debris slide, debris slide",,324,KRL/KOZ/54M14/2015/199 Kerala Kozhikode Puzhithodu SH54 11.650556 75.873056 Rock cum Debris Slide 2007 13774
KRL/KOZ/54M14/2015/200,Wayanad,11.65,75.874722,,debris slide,,324,KRL/KOZ/54M14/2015/200 Kerala Kozhikode Puzhithodu SH54 11.65 75.874722 Debris Slide 2007 13772
KRL/KOZ/54M14/2015/201,Wayanad,11.650556,75.873889,,debris flow,,324,KRL/KOZ/54M14/2015/201 Kerala Kozhikode Puzhithodu SH54 11.650556 75.873889 Debris Flow 2007 13775
KRL/KOZ/54M14/2015/202,Wayanad,11.650278,75.874167,,debris flow,,324,KRL/KOZ/54M14/2015/202 Kerala Kozhikode Puzhithodu SH54 11.650278 75.874167 Debris Flow 2007 13773
KRL/KOZ/54M14/2015/203,Wayanad,11.650833,75.871667,,debris flow,,324,KRL/KOZ/54M14/2015/203 Kerala Kozhikode Puzhithodu SH54 11.650833 75.871667 Debris Flow 2007 13776
KRL/KOZ/54M14/2015/204,Wayanad,11.673889,75.841667,,debris flow,,324,KRL/KOZ/54M14/2015/204 Kerala Kozhikode Mulavithottumala NULL 11.673889 75.841667 Debris Flow 1984 13789
KRL/KOZ/54M14/2015/208,Wayanad,11.6925,75.806389,,debris slide,,324,KRL/KOZ/54M14/2015/208 Kerala Kozhikode Chattankottunada Kayalvattam Road 11.6925 75.806389 Debris Slide 2014 13801
KRL/KOZ/54M14/2015/211,Wayanad,11.704444,75.788438,,debris slide,,324,KRL/KOZ/54M14/2015/211 Kerala Kozhikode Karingad SH54 11.704444 75.788438 Debris Slide 1995 13805
KRL/KOZ/54M14/2015/214,Wayanad,11.680556,75.937222,,debris flow,,324,KRL/KOZ/54M14/2015/214 Kerala Kozhikode Padinjarethara forest Padinjarethara-Pulinjal Road 11.680556 75.937222 Debris Flow 2007 13792
KRL/KOZ/54M14/2015/216,Wayanad,11.683056,75.943611,,debris flow,,324,KRL/KOZ/54M14/2015/216 Kerala Kozhikode Padinjarethara forest Padinjarethara-Pulinjal Road 11.683056 75.943611 Debris Flow 2007 13796
KRL/KOZ/54M14/2015/89,Wayanad,11.664722,75.843611,,debris flow,,324,KRL/KOZ/54M14/2015/89 Kerala Kozhikode Pambukodu Pasukkadavu Road 11.664722 75.843611 Debris Flow 2009 13778
KRL/KOZ/54M14/2015/90,Wayanad,11.666886,75.8525,,debris slide,,324,KRL/KOZ/54M14/2015/90 Kerala Kozhikode Kaipumala Pasukkadavu Road 11.666886 75.8525 Debris Slide 2007 13782
KRL/KOZ/54M14/2015/91,Wayanad,11.648611,75.827778,,debris flow,,324,KRL/KOZ/54M14/2015/91 Kerala Kozhikode Nellikunnu SH54 11.648611 75.827778 Debris Flow 2007 13771
KRL/KOZ/54M14/2015/92,Wayanad,11.666667,75.857778,,debris flow,,324,KRL/KOZ/54M14/2015/92 Kerala Kozhikode Anjippara Pasukkadavu Road 11.666667 75.857778 Debris Flow 2008 13781
KRL/WAY/54M14/2015/147,Wayanad,11.705278,75.940278,,"rock cum debris flow, debris flow",,324,KRL/WAY/54M14/2015/147 Kerala Wayanad Perigula Padinjarethara-Pulinjal Road 11.705278 75.940278 Rock cum Debris Flow 1999 13806
KRL/WAY/54M14/2015/148,Wayanad,11.706667,75.936389,,"rock cum debris flow, debris flow",,324,KRL/WAY/54M14/2015/148 Kerala Wayanad Pullinjal Padinjarethara-Pulinjal Road 11.706667 75.936389 Rock cum Debris Flow 1991
KRL/WAY/54M14/2015/149,Wayanad,11.673056,75.934722,,"rock cum debris flow, debris flow",,324,KRL/WAY/54M14/2015/149 Kerala Wayanad Banasuramala Padinjarethara-Pulinjal Road 11.673056 75.934722 Rock cum Debris Flow 1992 13786
KRL/WAY/54M14/2015/150,Wayanad,11.682778,75.943611,,"rock cum debris flow, debris flow",,324,KRL/WAY/54M14/2015/150 Kerala Wayanad Narrikal Padinjarethara-Pulinjal Road 11.682778 75.943611 Rock cum Debris Flow 2007 13795
KRL/WAY/54M14/2015/151,Wayanad,11.688611,75.944722,,rock fall,,324,KRL/WAY/54M14/2015/151 Kerala Wayanad Varampatta Padinjarethara-Pulinjal Road 11.688611 75.944722 Rock Fall 2011 13798
KRL/WAY/54M14/2015/153,Wayanad,11.685,75.942222,,subsidence,,324,KRL/WAY/54M14/2015/153 Kerala Wayanad Himagiri estate Padinjarethara-Pulinjal Road 11.685 75.942222 Earth Subsidence 2006 13797
KRL/WAY/54M14/2015/156,Wayanad,11.668611,75.967778,,debris flow,,324,KRL/WAY/54M14/2015/156 Kerala Wayanad Kottalakunnu Padinjarethara-Pulinjal Road 11.668611 75.967778 Debris Flow 2004 13783
KER/KANN/49M13/2007/0054,Wayanad,11.8502,75.8592,,debris slide,16 July 2007,325,KER/KANN/49M13/2007/0054 Kerala Kannur Chappamala landslip/slump 11.8502 75.8592 Debris Slide 16 July 2007 (02:30 hrs) 13854
KRL/KAN/48P12/2016/100,Wayanad,11.8112,75.91385,,debris slide,,325,KRL/KAN/48P12/2016/100 Kerala Wayanad Paloot Coloney 11.8112 75.91385 Debris Slide 2004 13837
KRL/KAN/48P12/2016/101,Wayanad,11.801975,75.907781,,debris slide,,325,KRL/KAN/48P12/2016/101 Kerala Wayanad Kottukulli 11.801975 75.907781 Debris Slide NA 13836
KRL/KAN/48P12/2016/102,Wayanad,11.786389,75.902964,,debris slide,,325,KRL/KAN/48P12/2016/102 Kerala Wayanad Adayil 11.786389 75.902964 Debris Slide 2015 13831
KRL/KAN/48P12/2016/103,Wayanad,11.751803,75.920864,,debris slide,,325,KRL/KAN/48P12/2016/103 Kerala Wayanad Thettamala 11.751803 75.920864 Debris Slide NA 13829
KRL/KAN/48P12/2016/104,Wayanad,11.798486,75.685531,,debris flow,,325,KRL/KAN/48P12/2016/104 Kerala Kannur Narikottumala 11.798486 75.685531 Debris Flow 2003 13835
KRL/KAN/48P12/2016/105,Wayanad,11.794806,75.695872,,debris flow,,325,KRL/KAN/48P12/2016/105 Kerala Kozhikode Abhayagiri (Chakkiyad) 11.794806 75.695872 Debris Flow 1996 13834
KRL/KAN/48P12/2016/106,Wayanad,11.786736,75.703153,,debris flow,,325,KRL/KAN/48P12/2016/106 Kerala Kozhikode Abhayagiri Kandivattukkal-Chitragiri rd 11.786736 75.703153 Debris Flow 1998 13832
KRL/KAN/48P12/2016/107,Wayanad,11.781242,75.715686,,debris flow,,325,KRL/KAN/48P12/2016/107 Kerala Kozhikode Chittari 11.781242 75.715686 Debris Flow 1998 13830
KRL/KAN/48P12/2016/114,Wayanad,11.789481,75.784236,,debris flow,,325,KRL/KAN/48P12/2016/114 Kerala Kannur Valia Panome 11.789481 75.784236 Debris Flow NA 13833
KRL/KAN/48P12/2016/117,Wayanad,11.846342,75.915697,,debris slide,,325,KRL/KAN/48P12/2016/117 Kerala Kannur Palchuram-Boys town Rd Palchuram-Boys town Rd 11.846342 75.915697 Debris Slide NA 13848
KRL/KAN/48P12/2016/119,Wayanad,11.848186,75.915678,,debris slide,,325,KRL/KAN/48P12/2016/119 Kerala Kannur Palchuram-Boys town Rd Palchuram-Boys town Rd 11.848186 75.915678 Debris Slide 2004 13851
KRL/KAN/48P12/2016/82,Wayanad,11.850508,75.907461,,debris slide,,325,KRL/KAN/48P12/2016/82 Kerala Kannur Palchuram Kottiyoor-Boys town Rd 11.850508 75.907461 Debris Slide 1995
KRL/KAN/48P12/2016/84,Wayanad,11.849431,75.792311,,debris slide,,325,KRL/KAN/48P12/2016/84 Kerala Kannur Nedumpoyil-Mananthavady Rd Nedumpoyil-Mananthavady Rd 11.849431 75.792311 Debris Slide NA 13852
KRL/KAN/48P12/2016/85,Wayanad,11.850106,75.797714,,debris slide,,325,KRL/KAN/48P12/2016/85 Kerala Kannur Nedumpoyil-Mananthavady Rd Nedumpoyii-Mananthavady Rd 11.850106 75.797714 Debris Slide NA 13853
KRL/KAN/48P12/2016/86,Wayanad,11.847919,75.819531,,debris slide,,325,KRL/KAN/48P12/2016/86 Kerala Kannur 11.847919 75.819531 Debris Slide NA 13850
KRL/KAN/48P12/2016/87,Wayanad,11.843739,75.916814,,debris slide,,325,KRL/KAN/48P12/2016/87 Kerala Kannur Palchuram Palchuram-Boys town rd 11.843739 75.916814 Debris Slide NA 13847
KRL/KAN/48P12/2016/92,Wayanad,11.835667,75.889422,,debris slide,,325,KRL/KAN/48P12/2016/92 Kerala Wayanad Periya 11.835667 75.889422 Debris Slide 1976 13846
KRL/KAN/48P12/2016/93,Wayanad,11.825406,75.899028,,debris slide,,325,KRL/KAN/48P12/2016/93 Kerala Wayanad Periya 1 11.825406 75.899028 Debris Slide 2010 13844
KRL/KAN/48P12/2016/94,Wayanad,11.812206,75.901883,,debris slide,,325,KRL/KAN/48P12/2016/94 Kerala Wayanad Edattana Koshale 11.812206 75.901883 Debris Slide 1958 13839
KRL/KAN/48P12/2016/95,Wayanad,11.813381,75.899742,,debris slide,,325,KRL/KAN/48P12/2016/95 Kerala Wayanad Edattana Koshale 11.813381 75.899742 Debris Slide 1958 13841
KRL/KAN/48P12/2016/96,Wayanad,11.818889,75.910019,,debris slide,,325,KRL/KAN/48P12/2016/96 Kerala Wayanad Chuliyil 11.818889 75.910019 Debris Slide 2004 13843
KRL/KAN/48P12/2016/97,Wayanad,11.826019,75.927853,,debris slide,,325,KRL/KAN/48P12/2016/97 Kerala Wayanad Kannothmala 11.826019 75.927853 Debris Slide 2013 13845
KRL/KAN/48P12/2016/98,Wayanad,11.812283,75.931206,,debris slide,,325,KRL/KAN/48P12/2016/98 Kerala Wayanad Venmoni-Katimala Rd Venmoni-Katimala Rd 11.812283 75.931206 Debris Slide 2004 13840
KRL/KAN/48P12/2016/99,Wayanad,11.811678,75.929156,,debris slide,,325,KRL/KAN/48P12/2016/99 Kerala Wayanad Chandanakuzhi 11.811678 75.929156 Debris Slide 2004 13838
KRL/KOZ/54M14/2015/108,Wayanad,11.726111,75.798889,,debris slide,,325,KRL/KOZ/54M14/2015/108 Kerala Kozhikode Choorani SH54 11.726111 75.798889 Debris Slide 1995 13822
KRL/KOZ/54M14/2015/109,Wayanad,11.723056,75.799722,,debris slide,,325,KRL/KOZ/54M14/2015/109 Kerala Kozhikode Kaarimunda SH54 11.723056 75.799722 Debris Slide 2008 13820
KRL/KOZ/54M14/2015/110,Wayanad,11.720833,75.806944,,debris flow,,325,KRL/KOZ/54M14/2015/110 Kerala Kozhikode Kunnamthottam SH54 11.720833 75.806944 Debris Flow 1984 13815
KRL/KOZ/54M14/2015/111,Wayanad,11.723611,75.809444,,debris slide,,325,KRL/KOZ/54M14/2015/111 Kerala Kozhikode Pakramthalam 4th hairpin SH54 11.723611 75.809444 Debris Slide 2009 13821
KRL/KOZ/54M14/2015/112,Wayanad,11.726389,75.812222,,debris slide,,325,KRL/KOZ/54M14/2015/112 Kerala Kozhikode Pakramthalam 5th hairpin SH54 11.726389 75.812222 Debris Slide 2014 13823
KRL/KOZ/54M14/2015/113,Wayanad,11.7175,75.815278,,"rock cum debris flow, debris flow",,325,KRL/KOZ/54M14/2015/113 Kerala Kozhikode Iruttuvalavu SH54 11.7175 75.815278 Rock cum Debris Flow 2014 13814
KRL/KOZ/54M14/2015/117,Wayanad,11.722778,75.7725,,debris flow,,325,KRL/KOZ/54M14/2015/117 Kerala Kozhikode Karingad Moonam Kai-Karingad Road 11.722778 75.7725 Debris Flow 2009 13819
KRL/KOZ/54M14/2015/118,Wayanad,11.729444,75.813889,,debris flow,,325,KRL/KOZ/54M14/2015/118 Kerala Kozhikode Pakramthalam 10th curve SH54 11.729444 75.813889 Debris Flow 2009 13824
KRL/KOZ/54M14/2015/143,Wayanad,11.732778,75.8025,,debris flow,,325,KRL/KOZ/54M14/2015/143 Kerala Kozhikode Chappamala SH54 11.732778 75.8025 Debris Flow 2013 13826
KRL/KOZ/54M14/2015/144,Wayanad,11.735833,75.828333,,debris flow,,325,KRL/KOZ/54M14/2015/144 Kerala Kozhikode Manappadu SH54 11.735833 75.828333 Debris Flow 2007 13827
KRL/KOZ/54M14/2015/145,Wayanad,11.721944,75.8975,,"rock cum debris flow, debris flow",,325,KRL/KOZ/54M14/2015/145 Kerala Kozhikode Purrimudi SH54 11.721944 75.8975 Rock cum Debris Flow 2011 13817
KRL/KOZ/54M14/2015/176,Wayanad,11.715833,75.766111,,"rock cum debris flow, debris flow",,325,KRL/KOZ/54M14/2015/176 Kerala Kozhikode Mundyod mala Moonam Kai-Karingad Road 11.715833 75.766111 Rock cum Debris Flow NA 13812
KRL/KOZ/54M14/2015/177,Wayanad,11.715833,75.770278,,debris slide,,325,KRL/KOZ/54M14/2015/177 Kerala Kozhikode Karingad Moonam Kai-Karingad Road 11.715833 75.770278 Debris Slide NA 13813
KRL/KOZ/54M14/2015/183,Wayanad,11.715556,75.765833,,"rock cum debris slide, debris slide",,325,KRL/KOZ/54M14/2015/183 Kerala Kozhikode Mundyod mala NULL 11.715556 75.765833 Rock cum Debris Slide NA 13811
KRL/KOZ/54M14/2015/209,Wayanad,11.711389,75.798611,,debris slide,,325,KRL/KOZ/54M14/2015/209 Kerala Kozhikode Puthampara SH54 11.711389 75.798611 Debris Slide 2008 13810
KRL/KOZ/54M14/2015/210,Wayanad,11.747778,75.790556,,rock fall,,325,KRL/KOZ/54M14/2015/210 Kerala Kozhikode Valut NULL 11.747778 75.790556 Rock Fall 2007 13828
KRL/KOZ/54M14/2015/215,Wayanad,11.731667,75.764722,,,,325,KRL/KOZ/54M14/2015/215 Kerala Kozhikode Kappil Moonam Kai-Karingad Road 11.731667 75.764722 Earth Flow 2007 13825
KRL/WAY/54M14/2015/146,Wayanad,11.721667,75.8925,,"rock cum debris flow, debris flow",,325,KRL/WAY/54M14/2015/146 Kerala Wayanad Priyadarshini SH54 11.721667 75.8925 Rock cum Debris Flow 2012 13816
KRL/WAY/54M14/2015/159,Wayanad,11.722222,75.809167,,"rock cum debris slide, debris slide",,325,KRL/WAY/54M14/2015/159 Kerala Wayanad Kunnamthottam SH54 11.722222 75.809167 Rock cum Debris Slide NA 13818
KRL/WAY/58A01/2015/46,Wayanad,11.8475,76.013944,,debris slide,,325,KRL/WAY/58A01/2015/46 Kerala Wayanad Tachirakolli Thrishilery Road 11.8475 76.013944 Debris Slide 1989 13849
KRL/WAY/58A01/2015/49,Wayanad,11.817508,76.031861,,debris slide,,325,KRL/WAY/58A01/2015/49 Kerala Wayanad Mudramoola Ondayangadi - Mudramoola Road 11.817508 76.031861 Debris Slide 1962 13842
KER/KANN/48P16/2007/0052,Wayanad,11.9106,75.861,,,17 July 2007,326,KER/KANN/48P16/2007/0052 Kerala Kannur Santhigiri 11.9106 75.861 Debris Slump 17 July 2007 (02:30 hrs) 13893
KER/KANN/49M13/2007/0053,Wayanad,11.9127,75.8405,,,17 July 2007,326,"KER/KANN/49M13/2007/0053 Kerala Kannur Vendekumchal, Kelakam 11.9127 75.8405 Rock cum Debris Avalanche 17 July 2007 (02:30 hrs)"
KER/KANN/49M13/2007/0055,Wayanad,11.8942,75.8558,,rock fall,16 July 2007,326,"KER/KANN/49M13/2007/0055 Kerala Kannur Kaduvpara, Kottiyoor 11.8942 75.8558 Rock Fall 16 July 2007 (02:30 hrs) 13886"
KRL/KAN/48P12/2016/115,Wayanad,11.869667,75.757442,,debris slide,,326,KRL/KAN/48P12/2016/115 Kerala Kannur Nedumpuramchal Nedumpuramchal-Kanjirapuzha 11.869667 75.757442 Debris Slide 2015 13876
KRL/KAN/48P12/2016/118,Wayanad,11.851636,75.910939,,debris slide,,326,KRL/KAN/48P12/2016/118 Kerala Kannur Palchuram-Boys town Rd Palchuram-Boys town Rd 11.851636 75.910939 Debris Slide 2004 13857
KRL/KAN/48P12/2016/120,Wayanad,11.8517,75.912286,,debris slide,,326,KRL/KAN/48P12/2016/120 Kerala Kannur Palchuram-Boys town Rd Palchuram-Boys town Rd 11.8517 75.912286 Debris Slide 2004 13858
KRL/KAN/48P12/2016/121,Wayanad,11.860389,75.873972,,debris slide,,326,KRL/KAN/48P12/2016/121 Kerala Kannur Kandapunam Nelliyodi-T.P Kavale Rd 11.860389 75.873972 Debris Slide 2004 13866
KRL/KAN/48P12/2016/122,Wayanad,11.860683,75.874097,,debris slide,,326,KRL/KAN/48P12/2016/122 Kerala Kannur Kandapunam-1 11.860683 75.874097 Debris Slide NA 13867
KRL/KAN/48P12/2016/29,Wayanad,11.856686,75.678053,,debris slide,,326,KRL/KAN/48P12/2016/29 Kerala Kannur Kolayad panchayat 11.856686 75.678053 Debris Slide 1978 13864
KRL/KAN/48P12/2016/30,Wayanad,11.855917,75.675744,,debris slide,,326,KRL/KAN/48P12/2016/30 Kerala Kannur Kolattayi 11.855917 75.675744 Debris Slide NA 13863
KRL/KAN/48P12/2016/31,Wayanad,11.853167,75.785297,,debris slide,,326,KRL/KAN/48P12/2016/31 Kerala Kannur Near 28th Mile 11.853167 75.785297 Debris Slide 2014 13860
KRL/KAN/48P12/2016/32,Wayanad,11.854789,75.784144,,debris slide,,326,KRL/KAN/48P12/2016/32 Kerala Kannur Near Vellara-28th Mile 11.854789 75.784144 Debris Slide NA 13861
KRL/KAN/48P12/2016/33,Wayanad,11.852275,75.7982,,debris slide,,326,KRL/KAN/48P12/2016/33 Kerala Kannur Elapeedika 29th mile to Kolakkad 11.852275 75.7982 Debris Slide NA 13859
KRL/KAN/48P12/2016/34,Wayanad,11.863694,75.774333,,debris flow,,326,KRL/KAN/48P12/2016/34 Kerala Kannur Thudiyad 11.863694 75.774333 Debris Flow NA 13869
KRL/KAN/48P12/2016/60,Wayanad,11.884139,75.783347,,debris slide,,326,KRL/KAN/48P12/2016/60 Kerala Kannur Chengome 11.884139 75.783347 Debris Slide NA 13881
KRL/KAN/48P12/2016/61,Wayanad,11.887533,75.804572,,debris slide,,326,KRL/KAN/48P12/2016/61 Kerala Kannur Puvathinchola 11.887533 75.804572 Debris Slide NA 13883
KRL/KAN/48P12/2016/62,Wayanad,11.867225,75.793769,,debris slide,,326,KRL/KAN/48P12/2016/62 Kerala Kannur Malayampadi 11.867225 75.793769 Debris Slide 2014 13872
KRL/KAN/48P12/2016/63,Wayanad,11.869411,75.794333,,debris slide,,326,KRL/KAN/48P12/2016/63 Kerala Kannur Malayampadi-1 11.869411 75.794333 Debris Slide 1978 13874
KRL/KAN/48P12/2016/64,Wayanad,11.867667,75.802511,,debris slide,,326,KRL/KAN/48P12/2016/64 Kerala Kannur CT Kavala-Malayampadi Rd CT Kavala-Malayampadi Rd 11.867667 75.802511 Debris Slide 2008 13873
KRL/KAN/48P12/2016/65,Wayanad,11.86155,75.814519,,debris slide,,326,KRL/KAN/48P12/2016/65 Kerala Kannur Thottikavala-Mankulam Rd Thottikavala-Mankulam Rd 11.86155 75.814519 Debris Slide 1996 13868
KRL/KAN/48P12/2016/66,Wayanad,11.864342,75.814706,,debris slide,,326,KRL/KAN/48P12/2016/66 Kerala Kannur Thottikavala-Mankulam Rd Thottikavala-Mankulam Rd 11.864342 75.814706 Debris Slide 2010 13870
KRL/KAN/48P12/2016/67,Wayanad,11.887897,75.803164,,debris slide,,326,KRL/KAN/48P12/2016/67 Kerala Kannur Chengome-Murchilakkavu Rd Chengome-Murchilakkavu Rd 11.887897 75.803164 Debris Slide 2007 13884
KRL/KAN/48P12/2016/68,Wayanad,11.886719,75.802694,,debris slide,,326,KRL/KAN/48P12/2016/68 Kerala Kannur Chengome-Murchilakkavu Rd Chengome-Murchilakkavu Rd 11.886719 75.802694 Debris Slide 2007 13882
KRL/KAN/48P12/2016/69,Wayanad,11.883569,75.821064,,debris slide,,326,KRL/KAN/48P12/2016/69 Kerala Kannur Madathumkavu Erattathodu-Madathumkavu Rd 11.883569 75.821064 Debris Slide NA 13880
KRL/KAN/48P12/2016/70,Wayanad,11.869542,75.826903,,debris flow,,326,KRL/KAN/48P12/2016/70 Kerala Kannur Pottenthodu 11.869542 75.826903 Debris Flow 2014 13875
KRL/KAN/48P12/2016/71,Wayanad,11.867217,75.824861,,debris flow,,326,KRL/KAN/48P12/2016/71 Kerala Kannur Madathinkavu 11.867217 75.824861 Debris Flow 1997 13871
KRL/KAN/48P12/2016/72,Wayanad,11.875272,75.831086,,debris slide,,326,KRL/KAN/48P12/2016/72 Kerala Kannur Pottenthodu-1 Pottenthodu-Karinmbinkadam Road 11.875272 75.831086 Debris Slide 1957 13878
KRL/KAN/48P12/2016/73,Wayanad,11.879906,75.832717,,debris slide,,326,KRL/KAN/48P12/2016/73 Kerala Kannur Vengalodi 11.879906 75.832717 Debris Slide 2006 13879
KRL/KAN/48P12/2016/74,Wayanad,11.855547,75.863803,,debris flow,,326,KRL/KAN/48P12/2016/74 Kerala Kannur Nelliyodi 11.855547 75.863803 Debris Flow 2003 13862
KRL/KAN/48P12/2016/75,Wayanad,11.899281,75.838217,,debris flow,,326,KRL/KAN/48P12/2016/75 Kerala Kannur Poyyamala-Chettapilavu 11.899281 75.838217 Debris Flow 2004 13888
KRL/KAN/48P12/2016/76,Wayanad,11.900006,75.836356,,debris flow,,326,KRL/KAN/48P12/2016/76 Kerala Kannur Poyyamala Poyyamala-Kolanchi Road 11.900006 75.836356 Debris Flow 2004 13889
KRL/KAN/48P12/2016/77,Wayanad,11.903256,75.846667,,debris flow,,326,KRL/KAN/48P12/2016/77 Kerala Kannur Ottapilavu-Palukachi Rd Ottapilavu-Palukachi Rd 11.903256 75.846667 Debris Flow 2014 13891
KRL/KAN/48P12/2016/78,Wayanad,11.902147,75.846008,,debris flow,,326,KRL/KAN/48P12/2016/78 Kerala Kannur Ottapilavu-Palukachi Rd Ottapilavu-Palukachi Rd 11.902147 75.846008 Debris Flow NA 13890
KRL/KAN/48P12/2016/79,Wayanad,11.898089,75.855908,,debris flow,,326,KRL/KAN/48P12/2016/79 Kerala Kannur Palukachimala Kottiyoor-Palukachimala Rd 11.898089 75.855908 Debris Flow 1975 13887
KRL/KAN/48P12/2016/80,Wayanad,11.894175,75.856547,,debris flow,,326,KRL/KAN/48P12/2016/80 Kerala Kannur Palukachimala Rd Kottiyoor-Palukachimala Rd 11.894175 75.856547 Debris Flow 2004 13885
KRL/KAN/48P12/2016/81,Wayanad,11.858356,75.874158,,debris flow,,326,KRL/KAN/48P12/2016/81 Kerala Kannur Theeporikunnu-Chembarathi mala Theeporikunnu-Chembarathi mala 11.858356 75.874158 Debris Flow 1980 13865
KRL/KAN/48P12/2016/83,Wayanad,11.850967,75.755111,,debris slide,,326,KRL/KAN/48P12/2016/83 Kerala Kannur Mudavangodu-24th Mile Nedumpoyil-Mananthavady Rd 11.850967 75.755111 Debris Slide 1965 13856
KRL/KAN/48P12/2016/90,Wayanad,11.912678,75.843178,,debris slide,,326,KRL/KAN/48P12/2016/90 Kerala Kannur Ventekkumchal-Santigiri Rd 3 Ventekkumchal-Santigiri Rd 3 11.912678 75.843178 Debris Slide 2004 13894
KRL/KAN/48P12/2016/91,Wayanad,11.910208,75.861494,,debris slide,,326,KRL/KAN/48P12/2016/91 Kerala Kannur Ventekkumchal-Santigiri Rd 4 Ventekkumchal-Santigiri Rd 4 11.910208 75.861494 Debris Slide 2004 13892
KRL/WAY/58A01/2015/47,Wayanad,11.872861,76.010278,,debris slide,,326,KRL/WAY/58A01/2015/47 Kerala Wayanad Idinjimala NULL 11.872861 76.010278 Debris Slide NA 13877
KER/KANN/48P16/2007/0049,Wayanad,12.0643,75.7608,,debris slide,16 July 2007,327,KER/KANN/48P16/2007/0049 Kerala Kannur Parakkamala_1 Ayyankunnu 12.0643 75.7608 Debris Slide 16 July 2007 (19:00 hrs) 13907
KER/KANN/48P16/2007/0050,Wayanad,12.0704,75.7589,,,16 July 2007,327,KER/KANN/48P16/2007/0050 Kerala Kannur Parakkamala_2 Ayyankunnu 12.0704 75.7589 Debris Avalanche 16 July 2007 (19:30 hrs) 13911
KER/KANN/48P16/2007/0051,Wayanad,12.0762,75.7888,,debris slide,16 July 2007,327,KER/KANN/48P16/2007/0051 Kerala Kannur Palathumkadavu 12.0762 75.7888 Debris Slide 16 July 2007 (19:30 hrs) 13913
KRL/KAN/48P12/2016/10,Wayanad,12.019575,75.629022,,subsidence,,327,KRL/KAN/48P12/2016/10 Kerala Kannur Vallithala Village Road 12.019575 75.629022 Debris Subsidence 2004 13905
KRL/KAN/48P12/2016/108,Wayanad,12.034658,75.701978,,debris slide,,327,KRL/KAN/48P12/2016/108 Kerala Kannur Malapottu Vallithodu-Kunnothuparambu rd 12.034658 75.701978 Debris Slide 1999 13906
KRL/KAN/48P12/2016/109,Wayanad,12.068303,75.718081,,debris slide,,327,KRL/KAN/48P12/2016/109 Kerala Kannur Koottupuzha Kannur-Virajpet Rd 12.068303 75.718081 Debris Slide NA 13909
KRL/KAN/48P12/2016/11,Wayanad,12.096639,75.631925,,debris slide,,327,KRL/KAN/48P12/2016/11 Kerala Kannur Kolittattu-Kurishamala Kolittattu-Kurishamala 12.096639 75.631925 Debris Slide NA 13916
KRL/KAN/48P12/2016/110,Wayanad,12.065842,75.760036,,debris slide,,327,KRL/KAN/48P12/2016/110 Kerala Kannur Parakkamala Vaniappara-Parakkamala 12.065842 75.760036 Debris Slide 2007 13908
KRL/KAN/48P12/2016/111,Wayanad,12.017186,75.653308,,debris slide,,327,KRL/KAN/48P12/2016/111 Kerala Kannur Paisalakundam 12.017186 75.653308 Debris Slide 1966 13904
KRL/KAN/48P12/2016/112,Wayanad,12.016847,75.652422,,debris slide,,327,KRL/KAN/48P12/2016/112 Kerala Kannur Kalluvayal 12.016847 75.652422 Debris Slide NA 13903
KRL/KAN/48P12/2016/113,Wayanad,11.989228,75.779136,,debris flow,,327,KRL/KAN/48P12/2016/113 Kerala Kannur Kundumangodu Kundumangodu-Karadimala road 11.989228 75.779136 Debris Flow 2000 13899
KRL/KAN/48P12/2016/116,Wayanad,12.076078,75.788742,,debris slide,,327,KRL/KAN/48P12/2016/116 Kerala Kannur Palathinkadavu Kootupuzha- Palathinkadavu 12.076078 75.788742 Debris Slide 1993 13912
KRL/KAN/48P12/2016/12,Wayanad,12.141408,75.622753,,debris slide,,327,KRL/KAN/48P12/2016/12 Kerala Kannur Payyavur-Kunjirakulli Payyavur-Kunjirakulli 12.141408 75.622753 Debris Slide 2002 13928
KRL/KAN/48P12/2016/123,Wayanad,12.004511,75.612503,,debris flow,,327,KRL/KAN/48P12/2016/123 Kerala Kannur Vattapara-Thondikkulam Vattapara-Thondikkulam 12.004511 75.612503 Debris Flow NA 13900
KRL/KAN/48P12/2016/14,Wayanad,12.125175,75.621911,,debris flow,,327,KRL/KAN/48P12/2016/14 Kerala Kannur Shimoga Nagar Chandanakkampara- Padankavala road 12.125175 75.621911 Debris Flow 2001 13920
KRL/KAN/48P12/2016/15,Wayanad,12.120367,75.616419,,debris slide,,327,KRL/KAN/48P12/2016/15 Kerala Kannur Narukumcheeta Chandanakkampara- Naarukumcheeta road 12.120367 75.616419 Debris Slide 2004 13919
KRL/KAN/48P12/2016/16,Wayanad,12.127433,75.608267,,debris slide,,327,KRL/KAN/48P12/2016/16 Kerala Kannur 1st bridge Chandanakapara-Adampara Road 12.127433 75.608267 Debris Slide 1999 13921
KRL/KAN/48P12/2016/17,Wayanad,12.145369,75.604403,,debris slide,,327,KRL/KAN/48P12/2016/17 Kerala Kannur Adampara Adampara village road 12.145369 75.604403 Debris Slide NA
KRL/KAN/48P12/2016/19,Wayanad,12.138353,75.601758,,debris slide,,327,KRL/KAN/48P12/2016/19 Kerala Kannur Mavumchal 12.138353 75.601758 Debris Slide NA 13925
KRL/KAN/48P12/2016/20,Wayanad,12.137561,75.588283,,debris slide,,327,KRL/KAN/48P12/2016/20 Kerala Kannur Vanchiyam Mala Vanchiyam - Arekamala Road 12.137561 75.588283 Debris Slide 1977 13924
KRL/KAN/48P12/2016/21,Wayanad,12.138544,75.588086,,debris flow,,327,KRL/KAN/48P12/2016/21 Kerala Kannur Vanchiyam Mala Vanchiyam - Arekamala Road 12.138544 75.588086 Debris Flow 1996 13926
KRL/KAN/48P12/2016/23,Wayanad,12.069883,75.586253,,debris slide,,327,KRL/KAN/48P12/2016/23 Kerala Kannur Koorattu Vanchiyam - Paithalmala Road 12.069883 75.586253 Debris Slide 2012 13910
KRL/KAN/48P12/2016/24,Wayanad,12.103539,75.698908,,debris slide,,327,KRL/KAN/48P12/2016/24 Kerala Kannur Kalanki (Upper) 12.103539 75.698908 Debris Slide 2002 13917
KRL/KAN/48P12/2016/25,Wayanad,12.091031,75.705178,,debris flow,,327,KRL/KAN/48P12/2016/25 Kerala Kannur Udeshikunnu 12.091031 75.705178 Debris Flow 2016 13915
KRL/KAN/48P12/2016/26,Wayanad,12.088144,75.693306,,debris slide,,327,KRL/KAN/48P12/2016/26 Kerala Kannur Arabikulam 12.088144 75.693306 Debris Slide 2004 13914
KRL/KAN/48P12/2016/27,Wayanad,12.103969,75.513517,,subsidence,,327,KRL/KAN/48P12/2016/27 Kerala Kannur Nyanmala Kariyamtichal 12.103969 75.513517 Debris Subsidence 2015 13918
KRL/KAN/48P12/2016/28,Wayanad,12.009819,75.794356,,debris flow,,327,KRL/KAN/48P12/2016/28 Kerala Kannur Rajgiri 12.009819 75.794356 Debris Flow 2016 13901
KRL/KAN/48P12/2016/35,Wayanad,12.136206,75.585089,,debris flow,,327,KRL/KAN/48P12/2016/35 Kerala Kannur Tellikkavala Valia Arecamala -Vanchiyam Road 12.136206 75.585089 Debris Flow 2001 13922
KRL/KAN/48P12/2016/36,Wayanad,12.140144,75.567369,,debris flow,,327,KRL/KAN/48P12/2016/36 Kerala Kannur Arekamala Kudiyanmala-Valiya Arekamala road 12.140144 75.567369 Debris Flow 2001 13927
KRL/KAN/48P12/2016/37,Wayanad,12.137464,75.548964,,debris flow,,327,KRL/KAN/48P12/2016/37 Kerala Kannur Kudiyanmala Kudiyanmala-Mankulam Road 12.137464 75.548964 Debris Flow 1989 13923
KRL/KAN/48P12/2016/38,Wayanad,12.144136,75.521461,,debris flow,,327,KRL/KAN/48P12/2016/38 Kerala Kannur Thurumbi Kottayamthattu-Thurumbi Road 12.144136 75.521461 Debris Flow 2008 13929
KRL/KAN/48P12/2016/88,Wayanad,11.915508,75.836161,,debris slide,,327,KRL/KAN/48P12/2016/88 Kerala Kannur Ventekkumchal-Santigiri Rd Ventekkumchal-Santigiri Rd 11.915508 75.836161 Debris Slide 2014 13897
KRL/KAN/48P12/2016/89,Wayanad,11.914067,75.839586,,debris slide,,327,KRL/KAN/48P12/2016/89 Kerala Kannur Ventekkumchal-Santigiri Rd 2 Ventekkumchal-Santigiri Rd 2 11.914067 75.839586 Debris Slide 2004 13896
KRL/KAN/48P12/2016/9,Wayanad,12.011325,75.620589,,debris slide,,327,KRL/KAN/48P12/2016/9 Kerala Kannur Aryankod-Kombanpara Road Aryankod-Kombanpara Road 12.011325 75.620589 Debris Slide 2012 13902
KRL/WAY/58A01/2015/48,Wayanad,11.918083,76.016539,,debris flow,,327,KRL/WAY/58A01/2015/48 Kerala Wayanad Akolli kunnu Appapara Road 11.918083 76.016539 Debris Flow 1982 13898
KER/KKD/58A2/2018/27,Wayanad,11.5148,76.0151,,"debris slide, landslide",,330,KER/KKD/58A2/2018/27 Kerala Kozhikode Churam Landslide Adivaram – Vythiri (Thamarassery Churam) Road 11.5148 76.0151 Debris Slide 14th June 2018 13996
KER/KKD/58A3/2018/22,Wayanad,11.465,76.0321,,"debris flow, landslide",,330,KER/KKD/58A3/2018/22 Kerala Kozhikode Kozhikodanchal Landslide Kozhikodanchal – Ambedkar Colony road 11.465 76.0321 Debris Flow 12th June 2018 (17:30 hrs) 13991
KER/KKD/58A3/2018/23,Wayanad,11.4618,76.029,,"debris flow, landslide",,330,KER/KKD/58A3/2018/23 Kerala Kozhikode Ambedkar Colony -1 Landslide Chempukadavu – Palakunnu – Ambedkar Colony 11.4618 76.029 Debris Flow 12th June 2018 (16:15 hrs) 13992
KER/KKD/58A3/2018/24,Wayanad,11.4628,76.0259,,"debris flow, landslide",,330,KER/KKD/58A3/2018/24 Kerala Kozhikode Ambedkar colony-2 Landslide Chempukadavu – Palakunnu – Ambedkar Colony 11.4628 76.0259 Debris Flow 14th June 2018 (04:00 hrs) 13993
KER/KKD/58A3/2018/25,Wayanad,11.4675,76.0281,,"debris flow, landslide",,330,KER/KKD/58A3/2018/25 Kerala Kozhikode Nooranthodu LP School Landslide Chempukadavu – Thusharagiri Road 11.4675 76.0281 Debris Flow 12th June 2018 (18:00 hrs & 19:00 hrs) 13994
KER/KKD/58A3/2018/26,Wayanad,11.4891,76.0235,,"debris slide, landslide",,330,KER/KKD/58A3/2018/26 Kerala Kozhikode Chipplithodu (29th mile) Landslide Adivaram – Vythiri (Thamarassery Churam) Road 11.4891 76.0235 Debris Slide 14th June 2018 (06:30 hrs) 13995
KER/KNR/48P16/2018/01,Wayanad,12.0709,75.7581,,"debris flow, landslide",,330,KER/KNR/48P16/2018/01 Kerala Kannur Parakkamala Landslide Mudikkayam – Vaniyapara road 12.0709 75.7581 Debris Flow 12th June 2018 (18:00 hrs) 13997
KER/WYD/58A2/2018/01,Wayanad,11.5294,76.0293,,"soil slide, landslide",,330,KER/WYD/58A2/2018/01 Kerala Wayanad Aramalakunnu Landslide Vythiri - Aramala Road 11.5294 76.0293 Soil Slide 14th June 2018 (05:30 hrs)
KRL/MPM/58A3/2018/01,Wayanad,11.26246,76.11503,,"debris flow, debris flows",,330,"KRL/MPM/58A3/2018/01 Kerala Malappuram Perakamanna West Chathalloor- Odanpara, Ernad Taluk 11.26246 76.11503 rock-cum- debris Flows 14th June, 2018 at 03:00 hrs. 13998"
KRL/MPM/58A3/2018/02,Wayanad,11.26152,76.13833,,debris slide,,330,"KRL/MPM/58A3/2018/02 Kerala Malappuram Cholara Cholara-Karinchola, Ernad Taluk 11.26152 76.13833 Debris Slide 14th June, 2018 13999"
KRL/MPM/58A3/2018/03,Wayanad,11.25106,76.13881,,"rock cum debris flow, debris flow",,330,"KRL/MPM/58A3/2018/03 Kerala Malappuram Kappakallu East Chathaloor, Ernad Taluk 11.25106 76.13881 Rock cum Debris Flow September, 2017 14000"
KRL/MPM/58A3/2018/04,Wayanad,11.25171,76.181,,soil slide,,330,"KRL/MPM/58A3/2018/04 Kerala Malappuram Bheemangal Odayikkal-Edavanna, Pullipadam Vilage, Ernad Taluk 11.25171 76.181 Soil Slide 14th June, 2018 14001"
KRL/MPM/58A3/2018/05,Wayanad,11.27061,76.14651,,"rock cum debris flow, debris flow, debris flows",,330,"KRL/MPM/58A3/2018/05 Kerala Malappuram Madam Colony 1 Pullipadam Village, Nilambur Taluk 11.27061 76.14651 Rock cum Debris Flows 14th June, 2018 at 05:00 hrs 14002"
KRL/MPM/58A3/2018/06,Wayanad,11.2726,76.14928,,debris slide,,330,"KRL/MPM/58A3/2018/06 Kerala Malappuram Madam Colony 2 Pullipadam Village, Nilambur Taluk 11.2726 76.14928 Debris Slide 14th June, 2018 14003"
KRL/MPM/58A3/2018/07,Wayanad,11.27212,76.15036,,debris slide,,330,"KRL/MPM/58A3/2018/07 Kerala Malappuram Madam Colony 3 Pullipadam Village, Ernad Taluk 11.27212 76.15036 Debris Slide 14th June, 2018 14004"
KRL/MPM/58A3/2018/08,Wayanad,11.36217778,76.21179444,,"rock cum debris flow, debris flow",,330,"KRL/MPM/58A3/2018/08 Kerala Malappuram Chettiyampara colony Chettiyampara colony Erumamunda, ,Kurumbilangod Village, Nilambur Taluk 11.36217778 76.21179444 Rock cum debris Flow 15th June, 2018 14005"
KRL/MPM/58A3/2018/09,Wayanad,11.37724,76.21258,,"rock cum debris flow, debris flow, debris slide",,330,"KRL/MPM/58A3/2018/09 Kerala Malappuram Vilakkennanpara Vilakkennanpara, Kurumbilangod Village, Nilambur Taluk 11.37724 76.21258 Rock cum debris Flow 14th June, 2018; Rock/debris slide had occurred at the same spot about 5-6 years back also. Also about 40 years back, a huge rock block of about 6m x 4m x3m had displaced further upslope of this location, rolled down till road bench and killed three people. 14006"
KRL/PKD/58B11/2018/03,Wayanad,10.97039,76.57454,,"rock cum debris flow, debris flow",,330,"KRL/PKD/58B11/2018/03 Kerala Palakkad Mannannakayam Kizhekkencherry Village, Alathur Taluk 10.97039 76.57454 Rock cum debris Flow 12th June, 2018 14009"
KRL/PKD/58B11/2018/04,Wayanad,10.46591,76.5648,,debris flow,,330,"KRL/PKD/58B11/2018/04 Kerala Palakkad Kadappara Kizhekkencherry Village, Alathur Taluk 10.46591 76.5648 Debris Flow 13th June, 2018 14010"
KRL/PKD/58B9/2018/01,Wayanad,10.97659,76.55491,,"rock cum debris flow, debris flow",,330,"KRL/PKD/58B9/2018/01 Kerala Palakkad Paypullu Palakayam Village, Mannarkad Taluk 10.97659 76.55491 Rock cum debris Flow 12th June, 2018; about 22:30 hrs 14007"
KRL/PKD/58B9/2018/02,Wayanad,10.97039,76.57454,,"rock cum debris flow, debris flow",,330,"KRL/PKD/58B9/2018/02 Kerala Palakkad Kundampotti-Vattapara Palakyam Village, Mannarkad Taluk 10.97039 76.57454 Rock cum debris Flow 12th June, 2018 14008"
KER/WYD/49M13/2018/08,Wayanad,11.8297,75.9298,,"debris slide, landslide",,331,KER/WYD/49M13/2018/08 Kerala Wayanad Thazhe Kunnothmala Landslide Valad - Kunnothmala road 11.8297 75.9298 Debris Slide 14th June 2018 14018
KER/WYD/49M14/2018/05,Wayanad,11.6941,75.9371,,"debris slide, landslide",,331,KER/WYD/49M14/2018/05 Kerala Wayanad Valaramkunnu Landslide Mananthavady – Niravilpuzha road 11.6941 75.9371 Debris Slide 14th June 2018 (08:00 hrs) 14015
KER/WYD/49M14/2018/06,Wayanad,11.7013,75.9359,,"rock cum debris slide, debris slide, landslide",,331,KER/WYD/49M14/2018/06 Kerala Wayanad Veetikunnu Landslide Mananthavady – Niravilpuzha road 11.7013 75.9359 Rock cum Debris Slide 14th June 2018 (10:00 hrs) 14016
KER/WYD/49M14/2018/07,Wayanad,11.7034,75.9369,,"debris flow, landslide",,331,KER/WYD/49M14/2018/07 Kerala Wayanad Pulipparakunnu Landslide Mananthavady – Niravilpuzha road 11.7034 75.9369 Debris Flow 14th June 2018 14017
KER/WYD/58A2/2018/02,Wayanad,11.5356,76.0215,,"soil slide, landslide",,331,KER/WYD/58A2/2018/02 Kerala Wayanad Jawaharvidhya Nagar Landslide Vythiri – Kalpetta road 11.5356 76.0215 Soil Slide 14th June 2018 (05:00 hrs) 14012
KER/WYD/58A2/2018/03,Wayanad,11.5346,76.0244,,"debris slide, landslide",,331,KER/WYD/58A2/2018/03 Kerala Wayanad Veterinary College Landslide Vythiri – Kalpetta road 11.5346 76.0244 Debris Slide 14th June 2018 (05:30 hrs) 14013
KER/WYD/58A2/2018/04,Wayanad,11.6066,76.0077,,"soil slide, landslide",,331,KER/WYD/58A2/2018/04 Kerala Wayanad Achoor (6th mile) Landslide Vythiri – Padinjarathara road 11.6066 76.0077 Soil Slide 14th June 2018 (08:30 hrs) 14014
KRL/PKD/58A12/2018/11,Wayanad,11.045365,76.580602,,subsidence,16/8/2018,331,"KRL/PKD/58A12/2018/11 Kerala Palakkad Kondanmalla subsidence Kondanmalla, Near Okkode, Mannarkkad taluk 11.045365 76.580602 Debris subsidence Initiated on 16/8/2018 14019"
KRL/PKD/58A12/2018/12,Wayanad,11.047615,76.58101,,subsidence,16/8/2018,331,"KRL/PKD/58A12/2018/12 Kerala Palakkad Kondanmalla subsidence II Kondanmalla, Near Okkode, Mannarkkad taluk 11.047615 76.58101 Debris subsidence Initiated on 16/8/2018 14020"
KRL/PKD/58A12/2018/17,Wayanad,11.032677,76.527807,,,16/8/2018,331,"KRL/PKD/58A12/2018/17 Kerala Palakkad Palavalavu colony flood Palavalavu colony, palakkayam village, Mannarkad Taluk 11.032677 76.527807 NA Initiated on 16/8/2018, 14021"
KRL/PKD/58A12/2018/183,Wayanad,11.029777,76.522575,,"rock cum debris slide, debris slide",16/8/2018,331,"KRL/PKD/58A12/2018/183 Kerala Palakkad Palakkayam village, Mannarkad Taluk 11.029777 76.522575 rock cum debris slide Initiated on 16/8/2018 14022"
KRL/PKD/58A12/2018/184,Wayanad,11.029352,76.523,,"rock cum debris slide, debris slide",16/8/2018,331,"KRL/PKD/58A12/2018/184 Kerala Palakkad Palakkayam village, Mannarkad Taluk 11.029352 76.523 rock cum debris slide Initiated on 16/8/2018 14023"
KRL/PKD/58A12/2018/185,Wayanad,11.029556,76.521189,,"rock cum debris slide, debris slide",16/8/2018,331,"KRL/PKD/58A12/2018/185 Kerala Palakkad Palakkayam village, Mannarkad Taluk 11.029556 76.521189 rock cum debris slide Initiated on 16/8/2018 14024"
KRL/PKD/58A12/2018/186,Wayanad,11.032267,76.527796,,debris slide,16/8/2018,331,"KRL/PKD/58A12/2018/186 Kerala Palakkad Palakkayam village, Mannarkad Taluk 11.032267 76.527796 Debris slide Initiated on 16/8/2018 14025"
KRL/PKD/58A12/2018/187,Wayanad,11.028483,76.528773,,debris slide,16/8/2018,331,"KRL/PKD/58A12/2018/187 Kerala Palakkad Palakkayam village, Mannarkad Taluk 11.028483 76.528773 Debris slide Initiated on 16/8/2018 14026"
KRL/PKD/58A12/2018/188,Wayanad,11.029068,76.531518,,debris slide,16/8/2018,331,"KRL/PKD/58A12/2018/188 Kerala Palakkad Palakkayam village, Mannarkad Taluk 11.029068 76.531518 Debris slide Initiated on 16/8/2018 14027"
KRL/PKD/58A12/2018/189,Wayanad,11.035232,76.527483,,debris slide,16/8/2018,331,"KRL/PKD/58A12/2018/189 Kerala Palakkad Mannarkkad, Silent valley road 11.035232 76.527483 Debris slide Initiated on 16/8/2018 14028"
KRL/PKD/58A12/2018/190,Wayanad,11.036503,76.529053,,debris slide,16/8/2018,331,"KRL/PKD/58A12/2018/190 Kerala Palakkad Mannarkkad, Silent valley road 11.036503 76.529053 Debris slide Initiated on 16/8/2018 14029"
KRL/PKD/58A12/2018/191,Wayanad,11.03747,76.52758,,debris slide,16/8/2018,331,"KRL/PKD/58A12/2018/191 Kerala Palakkad Mannarkkad, Silent valley road 11.03747 76.52758 Debris slide Initiated on 16/8/2018 14030"
KRL/PKD/58A12/2018/192,Wayanad,11.037277,76.528927,,debris slide,16/8/2018,331,"KRL/PKD/58A12/2018/192 Kerala Palakkad Mannarkkad, Silent valley road 11.037277 76.528927 Debris slide Initiated on 16/8/2018 14031"
KRL/PKD/58A12/2018/193,Wayanad,11.038653,76.530202,,debris slide,16/8/2018,331,"KRL/PKD/58A12/2018/193 Kerala Palakkad Mannarkkad, Silent valley road 11.038653 76.530202 Debris slide Initiated on 16/8/2018 14032"
KRL/PKD/58A12/2018/194,Wayanad,11.039302,76.530795,,debris slide,16/8/2018,331,"KRL/PKD/58A12/2018/194 Kerala Palakkad Mannarkkad, Silent valley road 11.039302 76.530795 Debris slide Initiated on 16/8/2018 14033"
KRL/PKD/58A12/2018/195,Wayanad,11.040947,76.532897,,debris slide,16/8/2018,331,"KRL/PKD/58A12/2018/195 Kerala Palakkad Mannarkkad, Silent valley road 11.040947 76.532897 Debris slide Initiated on 16/8/2018 14034"
KRL/PKD/58A12/2018/196,Wayanad,11.041635,76.53334,,debris slide,16/8/2018,331,"KRL/PKD/58A12/2018/196 Kerala Palakkad Mannarkkad, Silent valley road 11.041635 76.53334 Debris slide Initiated on 16/8/2018 14035"
KRL/PKD/58A12/2018/197,Wayanad,11.041933,76.534018,,debris slide,16/8/2018,331,"KRL/PKD/58A12/2018/197 Kerala Palakkad Mannarkkad, Silent valley road 11.041933 76.534018 Debris slide Initiated on 16/8/2018 14036"
KRL/PKD/58A12/2018/198,Wayanad,11.04543,76.539902,,debris slide,16/8/2018,331,"KRL/PKD/58A12/2018/198 Kerala Palakkad Mannarkkad, Silent valley road 11.04543 76.539902 Debris slide Initiated on 16/8/2018 14037"
KRL/PKD/58A12/2018/199,Wayanad,11.046358,76.540755,,debris slide,16/8/2018,331,"KRL/PKD/58A12/2018/199 Kerala Palakkad Mannarkkad, Silent valley road 11.046358 76.540755 Debris slide Initiated on 16/8/2018"
KER/WYD/58A2/2018/23,Wayanad,11.55277778,76.03888889,,debris slide,09 August 2018,374,KER/WYD/58A2/2018/23 Kerala Wayanad Vythiri busstand NH-212 11.55277778 76.03888889 Debris Slide 09 August 2018 15482
KER/WYD/58A2/2018/24,Wayanad,11.58477778,76.03427778,,debris slide,09 August 2018,374,KER/WYD/58A2/2018/24 Kerala Wayanad Ammara anganvadi Chundale-Anoth Road 11.58477778 76.03427778 Debris Slide 09 August 2018 15483
KER/WYD/58A2/2018/25,Wayanad,11.58519444,76.039,,debris slide,09 August 2018,374,KER/WYD/58A2/2018/25 Kerala Wayanad Chundel estate 2 Chundale-Anoth Road 11.58519444 76.039 Debris Slide 09 August 2018 15484
KER/WYD/58A2/2018/26,Wayanad,11.58455556,76.03836111,,debris slide,09 August 2018,374,KER/WYD/58A2/2018/26 Kerala Wayanad Chundel estate 3 Chundale-Anoth Road 11.58455556 76.03836111 Debris Slide 09 August 2018
KL/TSR/58B/02/2019/70,Wayanad,10.62977778,76.23077778,,debris slide,,374,KL/TSR/58B/02/2019/70 Kerala Thrissur Kuranchery slide Kuranchery-Nayarangadi road near Shornur-Kodungallur SH. 10.62977778 76.23077778 Debris Slide 15th August 2018 15471
KL/TSR/58B/02/2019/72,Wayanad,10.74073056,76.23487778,,debris slide,,374,KL/TSR/58B/02/2019/72 Kerala Thrissur Pallam slide 2 Pallam 10.74073056 76.23487778 Debris Slide 15th August 2018 15473
KL/TSR/58B/06/2019/45,Wayanad,10.50057778,76.28667222,,debris slide,,374,KL/TSR/58B/06/2019/45 Kerala Thrissur Kainur Slide Kainur village 10.50057778 76.28667222 Debris Slide 15th August 2018 15449
KL/TSR/58B/06/2019/46,Wayanad,10.51589722,76.30816944,,debris slide,,374,KL/TSR/58B/06/2019/46 Kerala Thrissur Vattappara Slide1 Vattappara village 10.51589722 76.30816944 Debris Slide 15th August 2018 15450
KL/TSR/58B/06/2019/47,Wayanad,10.51630833,76.31001944,,debris slide,,374,KL/TSR/58B/06/2019/47 Kerala Thrissur Vattappara Slide2 Vattappara village 10.51630833 76.31001944 Debris Slide 15th August 2018 15451
KL/TSR/58B/06/2019/48,Wayanad,10.53402778,76.36093611,,subsidence,,374,KL/TSR/58B/06/2019/48 Kerala Thrissur Peechi slide Peechi 10.53402778 76.36093611 Soil Subsidence 15th August 2018 15452
KL/TSR/58B/06/2019/49,Wayanad,10.59210833,76.30595556,,"rock cum debris flow, debris flow",,374,KL/TSR/58B/06/2019/49 Kerala Thrissur Pullankandu slide Madakkathara village 10.59210833 76.30595556 Rock cum debris Flow 15th August 2018 15453
KL/TSR/58B/06/2019/50,Wayanad,10.61500833,76.2926,,debris slide,,374,KL/TSR/58B/06/2019/50 Kerala Thrissur Pazhayanoopadam slide Manalithara village 10.61500833 76.2926 Debris Slide 15th August 2018 15454
KL/TSR/58B/06/2019/51,Wayanad,10.55973611,76.34181389,,debris slide,,374,KL/TSR/58B/06/2019/51 Kerala Thrissur Kallidukk slide Thanipadam village 10.55973611 76.34181389 Debris Slide 15th August 2018 15455
KL/TSR/58B/06/2019/52,Wayanad,10.56352778,76.34280556,,"debris flow, debris flows, debris slide",,374,"KL/TSR/58B/06/2019/52(1) Kerala Thrissur Aayod debris flows Aayod, Poonchira village. 10.56352778 76.34280556 Debris Slide 15th August 2018 15456"
KL/TSR/58B/06/2019/52,Wayanad,10.56356111,76.34336389,,"debris flow, debris flows, debris slide",,374,"KL/TSR/58B/06/2019/52(2) Kerala Thrissur Aayod debris flows Aayod, Poonchira village. 10.56356111 76.34336389 Debris Slide 15th August 2018 15457"
KL/TSR/58B/06/2019/53,Wayanad,10.57234444,76.35405,,soil slide,,374,KL/TSR/58B/06/2019/53 Kerala Thrissur Poovanchira slide Poovanchira village 10.57234444 76.35405 soil slide 15th August 2018 15458
KL/TSR/58B/06/2019/54,Wayanad,10.58056389,76.352325,,"rock cum debris flow, debris flow",,374,KL/TSR/58B/06/2019/54 Kerala Thrissur Poovanchira slide 2 Poovanchira village 10.58056389 76.352325 Rock cum debris Flow 15th August 2018 15459
KL/TSR/58B/06/2019/55,Wayanad,10.57592778,76.37895556,,soil slide,,374,KL/TSR/58B/06/2019/55 Kerala Thrissur Vazhukkupara slide Vazhukkupara village 10.57592778 76.37895556 Soil Slide 15th August 2018 15460
KL/TSR/58B/06/2019/56,Wayanad,10.57672222,76.38002222,,debris slide,,374,KL/TSR/58B/06/2019/56 Kerala Thrissur Kuthiranmala temple slide Kuthiran village 10.57672222 76.38002222 Debris slide 15th August 2018 15461
KL/TSR/58B/06/2019/57,Wayanad,10.57328611,76.38566389,,debris slide,,374,KL/TSR/58B/06/2019/57 Kerala Thrissur Kuthiran slide Kuthiran village 10.57328611 76.38566389 Debris slide 15th August 2018 15462
KL/TSR/58B/06/2019/58,Wayanad,10.57715833,76.40607222,,debris slide,,374,KL/TSR/58B/06/2019/58 Kerala Thrissur Kuthiran slide 2 Kuthiran village 10.57715833 76.40607222 Debris Slide 15th August 2018 15463
KL/TSR/58B/06/2019/59,Wayanad,10.57211111,76.40366667,,debris slide,,374,KL/TSR/58B/06/2019/59(1) Kerala Thrissur Kuthiran tunnel slides Kuthiran village 10.57211111 76.40366667 Debris Slide 15th August 2018 15464
KL/TSR/58B/06/2019/60,Wayanad,10.57055556,76.37544444,,debris slide,,374,KL/TSR/58B/06/2019/60 Kerala Thrissur Kuthiran slide 3 Kuthiran village 10.57055556 76.37544444 Debris Slide 15th August 2018 15466
KL/TSR/58B/06/2019/61,Wayanad,10.57009722,76.37508889,,debris slide,,374,KL/TSR/58B/06/2019/61 Kerala Thrissur Kuthiran slide 4 Kuthiran village 10.57009722 76.37508889 Debris Slide 15th August 2018 15467
KL/TSR/58B/06/2019/62,Wayanad,10.55409722,76.37019167,,debris flow,,374,KL/TSR/58B/06/2019/62 Kerala Thrissur Uravanpadam slide Kuthiran village 10.55409722 76.37019167 Debris flow 15th August 2018 15468
KL/TSR/58B/06/2019/69,Wayanad,10.439975,76.43793889,,debris flow,,374,"KL/TSR/58B/06/2019/69 Kerala Thrissur Chimmini slide West of Chimmini reservoir, Mukundapuram 10.439975 76.43793889 Debris flow 15th August 2018 15470"
KL/TSR/58B/06/2019/71,Wayanad,10.74039722,76.23532778,,debris slide,,374,KL/TSR/58B/06/2019/71 Kerala Thrissur Pallam slide 1 Pallam 10.74039722 76.23532778 Debris Slide 15th August 2018 15472
KL/TSR/58B/06/2019/73,Wayanad,10.74073056,76.23487778,,debris slide,,374,KL/TSR/58B/06/2019/73 Kerala Thrissur Pallam slide 2 Pallam 10.74073056 76.23487778 Debris Slide 15th August 2018 15474
KL/TSR/58B/06/2019/74,Wayanad,10.59479444,76.24233333,,debris slide,,374,KL/TSR/58B/06/2019/74 Kerala Thrissur Chottupara slide Konchery-Chottupara road 10.59479444 76.24233333 Debris Slide 15th August 2018 15475
KL/TSR/58B/06/2019/75,Wayanad,10.5643,76.30727222,,"rock cum debris slide, debris slide",,374,"KL/TSR/58B/06/2019/75 Kerala Thrissur Thaalikode slide Thalikode, Pattikadu 10.5643 76.30727222 Rock cum debris Slide 16th August 2018 15476"
KL/TSR/58B/06/2019/76,Wayanad,10.56536667,76.30219722,,debris slide,,374,"KL/TSR/58B/06/2019/76 Kerala Thrissur Thaalikode slide 2 Mudikode-Thalikode road, TEAMS global village academy 10.56536667 76.30219722 Debris Slide 16th August 2018 15477"
KL/TSR/58B/06/2019/77,Wayanad,10.57015556,76.29810556,,debris flow,,374,"KL/TSR/58B/06/2019/77 Kerala Thrissur Anand Nagar slide Anand Nagar, Madakkathara. 10.57015556 76.29810556 Debris Flow 16th August 2018 15478"
KL/TSR/58B/06/2019/78,Wayanad,10.672875,76.33805556,,debris flow,,374,KL/TSR/58B/06/2019/78 Kerala Thrissur Kurumala debris flow Kurumala 10.672875 76.33805556 Debris Flow 16th August 2018 15479
KL/TSR/58B/07/2019/39,Wayanad,10.48781389,76.32260278,,debris slide,15 August 2018,374,KL/TSR/58B/07/2019/39 Kerala Thrissur Puttankadu slide2 Puttankadu village 10.48781389 76.32260278 Debris Slide 15 August 2018 15443
KL/TSR/58B/07/2019/40,Wayanad,10.48766111,76.32200556,,debris slide,,374,KL/TSR/58B/07/2019/40 Kerala Thrissur Puttankadu slide3 Puttankadu village 10.48766111 76.32200556 Debris Slide NA 15444
KL/TSR/58B/07/2019/41,Wayanad,10.48451389,76.32183333,,subsidence,,374,KL/TSR/58B/07/2019/41 Kerala Thrissur Puttankadu subsidence Puttankadu village 10.48451389 76.32183333 Soil Subsidence 15th August 2018 15445
KL/TSR/58B/07/2019/42,Wayanad,10.48055833,76.32093056,,debris slide,,374,KL/TSR/58B/07/2019/42 Kerala Thrissur Puttankadu slide4 Puttankadu village 10.48055833 76.32093056 Debris Slide 15th August 2018 15446
KL/TSR/58B/07/2019/43,Wayanad,10.47969444,76.32331667,,debris flow,,374,KL/TSR/58B/07/2019/43 Kerala Thrissur Puttankadu debris flow1 Puttankadu village 10.47969444 76.32331667 Debris Flow 15th August 2018 15447
KL/TSR/58B/07/2019/44,Wayanad,10.47921667,76.32351667,,debris flow,,374,KL/TSR/58B/07/2019/44 Kerala Thrissur Puttankadu debris flow2 Puttankadu village 10.47921667 76.32351667 Debris Flow 15th August 2018 15448
KL/TSR/58B/07/2019/63,Wayanad,10.43885833,76.36256667,,subsidence,,374,"KL/TSR/58B/07/2019/63, 64, 65, 66, 67, 68 Kerala Thrissur Pulikanni subsidence Pulikanni 10.43885833 76.36256667 Soil Subsidence 15th August 2018 15469"
KL/TSR/58B/07/2019/79,Wayanad,10.47962778,76.32351944,,debris flow,,374,"KL/TSR/58B/07/2019/79 Kerala Thrissur Chittaakkunnu Chittaakkunnu, Mannamangalam 10.47962778 76.32351944 Debris Flow 16th August 2018 15480"
KL/TSR/58B/07/2019/80,Wayanad,10.48003333,76.32395278,,debris flow,,374,"KL/TSR/58B/07/2019/80 Kerala Thrissur Chittaakkunnu slide 2 Chittaakkunnu, Mannamangalam 10.48003333 76.32395278 Debris flow 16th August 2018 15481"
KER/WYD/49M14/2018/38,Wayanad,11.55283333,75.99897222,Sugandhagiri,"debris flow, debris flows",08 August 2018,375,KER/WYD/49M14/2018/38 Kerala Wayanad Sugandhagiri 4th unit 1 Sugandhagiri forest Rd 11.55283333 75.99897222 Debris Flows 08 August 2018 15497
KER/WYD/49M14/2018/39,Wayanad,11.55358333,75.99602778,Sugandhagiri,debris slide,,375,KER/WYD/49M14/2018/39 Kerala Wayanad Sugandhagiri 4th unit 2 Sugandhagiri forest Rd 11.55358333 75.99602778 rock-cum-debris Slide 15th August 2018 15498
KER/WYD/49M14/2018/40,Wayanad,11.55738889,75.99847222,Sugandhagiri,debris slide,,375,KER/WYD/49M14/2018/40 Kerala Wayanad Chennayakavala 1 Sugandhagiri forest 11.55738889 75.99847222 Debris Slide 15th August 2018 15499
KER/WYD/49M14/2018/45,Wayanad,11.69177778,75.94311111,,"debris flow, debris flows",08 August 2018,375,KER/WYD/49M14/2018/45 Kerala Wayanad Chiriyanaripara Padinjarathara-Pulinjal Forest Rd 11.69177778 75.94311111 Debris Flows 08 August 2018 15504
KER/WYD/49M14/2018/46,Wayanad,11.61377778,75.99705556,,"debris flow, debris flows",,375,KER/WYD/49M14/2018/46 Kerala Wayanad Idiyamvayal Pozhuthana-Padinjarathara Road 11.61377778 75.99705556 Debris Flows 15th August 2018 15505
KER/WYD/49M14/2018/47,Wayanad,11.67075,75.93683333,,"debris flow, debris flows",08 August 2018,375,KER/WYD/49M14/2018/47 Kerala Wayanad Kapikalam Padinjarathara-Pulinjal Forest Rd 11.67075 75.93683333 Debris Flows 08 August 2018 15506
KER/WYD/58A2/2018/27,Wayanad,11.5855,76.03833333,,"debris flow, debris flows",09 August 2018,375,KER/WYD/58A2/2018/27 Kerala Wayanad Chundel estate 4 Chundale-Anoth Road 11.5855 76.03833333 Debris Flows 09 August 2018 15486
KER/WYD/58A2/2018/28,Wayanad,11.54197222,76.00038889,Sugandhagiri,"debris flow, debris flows",08 August 2018,375,KER/WYD/58A2/2018/28 Kerala Wayanad 50Acre Sugandhagiri forest Rd 11.54197222 76.00038889 Debris Flows 08 August 2018 15487
KER/WYD/58A2/2018/29,Wayanad,11.53919444,76.00422222,Sugandhagiri,"debris flow, debris flows",08 August 2018,375,KER/WYD/58A2/2018/29 Kerala Wayanad 50Acre 2 Sugandhagiri forest Rd 11.53919444 76.00422222 Debris Flows 08 August 2018 15488
KER/WYD/58A2/2018/30,Wayanad,11.54044444,76.01061111,Sugandhagiri,debris slide,08 August 2018,375,KER/WYD/58A2/2018/30 Kerala Wayanad Sugandhagiri 1 Sugandhagiri forest Rd 11.54044444 76.01061111 Debris Slide 08 August 2018 15489
KER/WYD/58A2/2018/31,Wayanad,11.54502778,76.01083333,Sugandhagiri,debris slide,8 August 2018,375,"KER/WYD/58A2/2018/31 Kerala Wayanad Sugandhagiri 2nd unit 1 Sugandhagiri forest Rd 11.54502778 76.01083333 rock-cum-debris Slide 2014, June 2018,8 August 2018 15490"
KER/WYD/58A2/2018/32,Wayanad,11.54483333,76.01169444,Sugandhagiri,"debris flow, debris flows",08 August 2018,375,KER/WYD/58A2/2018/32 Kerala Wayanad Sugandhagiri 2nd unit 2 Sugandhagiri forest Rd 11.54483333 76.01169444 Debris Flows 08 August 2018 15491
KER/WYD/58A2/2018/33,Wayanad,11.54777778,76.00877778,Sugandhagiri,"debris flow, debris flows",08 August 2018,375,KER/WYD/58A2/2018/33 Kerala Wayanad Sugandhagiri 2nd unit 3 Sugandhagiri forest Rd 11.54777778 76.00877778 Debris Flows 08 August 2018 15492
KER/WYD/58A2/2018/34,Wayanad,11.54769444,76.00922222,Sugandhagiri,"debris flow, debris flows",08 August 2018,375,KER/WYD/58A2/2018/34 Kerala Wayanad Sugandhagiri 2nd unit 4 Sugandhagiri forest Rd 11.54769444 76.00922222 Debris Flows 08 August 2018 15493
KER/WYD/58A2/2018/35,Wayanad,11.54619444,76.00886111,Sugandhagiri,"debris flow, debris flows",,375,KER/WYD/58A2/2018/35 Kerala Wayanad Sugandhagiri 2nd unit 5 Sugandhagiri forest Rd 11.54619444 76.00886111 Debris Flows 15th August 2018 15494
KER/WYD/58A2/2018/36,Wayanad,11.54358333,76.01352778,Sugandhagiri,"debris flow, debris flows",,375,KER/WYD/58A2/2018/36 Kerala Wayanad Sugandhagiri 2nd unit 6 Sugandhagiri forest Rd 11.54358333 76.01352778 Debris Flows 15th August 2018 15495
KER/WYD/58A2/2018/37,Wayanad,11.549,76.00258333,Sugandhagiri,"debris flow, debris flows",08 August 2018,375,KER/WYD/58A2/2018/37 Kerala Wayanad Sugandhagiri 3rd unit Sugandhagiri forest Rd 11.549 76.00258333 Debris Flows 08 August 2018 15496
KER/WYD/58A2/2018/41,Wayanad,11.55875,76.00136111,Sugandhagiri,"debris flow, debris flows",08 August 2018,375,KER/WYD/58A2/2018/41 Kerala Wayanad Chennayakavala 2 Sugandhagiri forest 11.55875 76.00136111 rock-cum-debris Flows 08 August 2018 15500
KER/WYD/58A2/2018/42,Wayanad,11.55580556,76.00141667,Sugandhagiri,debris slide,08 August 2018,375,KER/WYD/58A2/2018/42 Kerala Wayanad Chennayakavala 3 Sugandhagiri forest 11.55580556 76.00141667 Debris Slide 08 August 2018 15501
KER/WYD/58A2/2018/43,Wayanad,11.55508333,76.00147222,Sugandhagiri,debris slide,08 August 2018,375,KER/WYD/58A2/2018/43 Kerala Wayanad Chennayakavala 4 Sugandhagiri forest 11.55508333 76.00147222 Debris Slide 08 August 2018 15502
KER/WYD/58A2/2018/44,Wayanad,11.56458333,76.00905556,Sugandhagiri,debris slide,,375,KER/WYD/58A2/2018/44 Kerala Wayanad kalloor Sugandhagiri Kalloor Rd 11.56458333 76.00905556 Debris Slide 15th August 2018 15503
KER/WYD/58A2/2018/48,Wayanad,11.58427778,76.06791667,,,08 August 2018,375,KER/WYD/58A2/2018/48 Kerala Wayanad Vellaram kunnu 1 NH-212 11.58427778 76.06791667 Debris 08 August 2018 15507
KER/WYD/58A2/2018/49,Wayanad,11.53666667,76.03577778,,debris slide,08 August 2018,375,KER/WYD/58A2/2018/49 Kerala Wayanad Vattappara1 NH-212 11.53666667 76.03577778 Debris Slide 08 August 2018 15508
KER/WYD/58A2/2018/50,Wayanad,11.53636111,76.04152778,,debris slide,08 August 2018,375,KER/WYD/58A2/2018/50 Kerala Wayanad Vattappara2 Old Vythiri-Kunnathidavakka Road 11.53636111 76.04152778 Debris Slide 08 August 2018 15509
KER/WYD/58A2/2018/51,Wayanad,11.54516667,76.04319827,,debris slide,08 August 2018,375,KER/WYD/58A2/2018/51 Kerala Wayanad Ayisha plantation1 Vythiri-Ayisha Plantation Road 11.54516667 76.04319827 rock-cum-debris Slide 08 August 2018 15510
KER/WYD/58A2/2018/52,Wayanad,11.52961111,76.04455556,,debris slide,08 August 2018,375,KER/WYD/58A2/2018/52 Kerala Wayanad Ayisha plantation pond Old Vythiri-Kunnathidavakka Road 11.52961111 76.04455556 Debris Slide 08 August 2018 15511
KER/WYD/58A2/2018/53,Wayanad,11.53786111,76.059,,debris slide,08 August 2018,375,KER/WYD/58A2/2018/53 Kerala Wayanad Niket Vythiri-Niket Forest Road 11.53786111 76.059 Debris Slide 08 August 2018 15512
KER/WYD/58A2/2018/54,Wayanad,11.54494444,76.04491667,,debris slide,08 August 2018,375,KER/WYD/58A2/2018/54 Kerala Wayanad Thalimala charity bridge Vythiri-Thalimala Road 11.54494444 76.04491667 rock-cum-debris Slide 08 August 2018 15513
KER/WYD/58A2/2018/55,Wayanad,11.54602778,76.04630278,,debris slide,08 August 2018,375,KER/WYD/58A2/2018/55 Kerala Wayanad Thalimala Ayisha1 Vythiri-Thailakunnu-Thalimala Road 11.54602778 76.04630278 Debris Slide 08 August 2018 15514
KER/WYD/58A2/2018/56,Wayanad,11.54412759,76.05525848,,debris slide,08 August 2018,375,KER/WYD/58A2/2018/56 Kerala Wayanad Thalimala Ayisha 2 Vythiri-Thailakunnu-Thalimala Road 11.54412759 76.05525848 Debris Slide 08 August 2018 15515
KER/WYD/58A2/2018/57,Wayanad,11.54969444,76.05577778,,debris slide,08 August 2018,375,KER/WYD/58A2/2018/57 Kerala Wayanad Thalimala ayisha 3 Vythiri-Thailakunnu-Thalimala Road 11.54969444 76.05577778 rock-cum-debris Slide 08 August 2018 15516
KER/WYD/58A2/2018/58,Wayanad,11.56612222,76.05433333,,debris slide,08 August 2018,375,KER/WYD/58A2/2018/58 Kerala Wayanad Chelode estate Chundale-Olivumala Road 11.56612222 76.05433333 rock-cum-debris Slide 08 August 2018 15517
KER/WYD/58A2/2018/59,Wayanad,11.60555556,76.05241667,,"debris flow, debris flows",,375,KER/WYD/58A2/2018/59 Kerala Wayanad Vellaram kunnu 2 Puzhamudy-VellaramKunnu Road 11.60555556 76.05241667 Debris Flows 15th August 2018 15518
KER/WYD/58A2/2018/60,Wayanad,11.62550259,76.10069045,,"debris flow, debris flows",09-08-2018,375,KER/WYD/58A2/2018/60 Kerala Wayanad Kolpara Edapetty-Kolpara forest Road 11.62550259 76.10069045 Debris Flows 09-08-2018 15519
KER/WYD/58A2/2018/61,Wayanad,11.62494434,76.10330032,,"debris flow, debris flows",09 August 2018,375,KER/WYD/58A2/2018/61 Kerala Wayanad Edapetti Edapetty-Kolpara forest Road 11.62494434 76.10330032 Debris Flows 09 August 2018 15520
KER/WYD/58A2/2018/62,Wayanad,11.62322222,76.10641667,,"debris flow, debris flows",09 August 2018,375,KER/WYD/58A2/2018/62 Kerala Wayanad Kolpara_Govindan Edapetty-Kolpara forest Road 11.62322222 76.10641667 Debris Flows 09 August 2018 15521
KER/WYD/58A2/2018/63,Wayanad,11.55683333,76.12963889,Meppadi,debris slide,09 August 2018,375,KER/WYD/58A2/2018/63 Kerala Wayanad Meppadi PHC Meppadi local Road 11.55683333 76.12963889 Debris Slide 09 August 2018 15522
KER/WYD/58A2/2018/64,Wayanad,11.55233333,76.10127778,"Meppadi, Chembra","debris flow, debris flows",08 August 2018,375,KER/WYD/58A2/2018/64 Kerala Wayanad Erumakolli 1 Meppadi-Chembra Peak Road 11.55233333 76.10127778 Debris Flows 08 August 2018
KER/WYD/58A2/2018/100,Wayanad,11.558333,76.0375,,rock slide,,376,KER/WYD/58A2/2018/100 Kerala Wayanad Vythiri 1 NH-212 11.558333 76.0375 debris-cum-rock Slide 08th and 9th August 2018 15559
KER/WYD/58A2/2018/101,Wayanad,11.566111,76.03111,,rock slide,,376,KER/WYD/58A2/2018/101 Kerala Wayanad Vythiri Pozhuthana Rd Vythiri Pozhuthana Rd 11.566111 76.03111 debris-cum-rock Slide 08th and 9th August 2018 15560
KER/WYD/58A2/2018/102,Wayanad,11.58583,76.018055,,rock slide,,376,KER/WYD/58A2/2018/102 Kerala Wayanad Pozhuthana 1 Vythiri-Tharuvana road 11.58583 76.018055 debris-cum-rock Slide 08th and 9th August 2018 15561
KER/WYD/58A2/2018/103,Wayanad,11.569444,76.019166,,rock slide,,376,KER/WYD/58A2/2018/103 Kerala Wayanad Pozhuthana 2 Vythiri-Tharuvana road 11.569444 76.019166 debris-cum-rock Slide 08th and 9th August 2018 15562
KER/WYD/58A2/2018/104,Wayanad,11.568611,76.019722,,rock slide,09 August 2018,376,KER/WYD/58A2/2018/104 Kerala Wayanad Pozhuthana 3 Vythiri-Tharuvana road 11.568611 76.019722 debris-cum-rock Slide 09 August 2018
KER/WYD/58A2/2018/65,Wayanad,11.55458333,76.09483333,"Meppadi, Chembra",debris slide,09 August 2018,376,KER/WYD/58A2/2018/65 Kerala Wayanad Erumakolli 2 Meppadi-Chembra Peak Road 11.55458333 76.09483333 rock-cum-debris Slide 09 August 2018 15524
KER/WYD/58A2/2018/66,Wayanad,11.55455556,76.09052778,"Meppadi, Chembra","debris flow, debris flows",,376,KER/WYD/58A2/2018/66 Kerala Wayanad Erumakolli 3 Meppadi-Chembra Peak Road 11.55455556 76.09052778 Debris Flows 08th and 9th August 2018 15525
KER/WYD/58A2/2018/67,Wayanad,11.5535,76.08627778,"Meppadi, Chembra","debris flow, debris flows",08 August 2018,376,KER/WYD/58A2/2018/67 Kerala Wayanad Chembra peak 1 Meppadi-Chembra Peak Road 11.5535 76.08627778 Debris Flows 08 August 2018 15526
KER/WYD/58A2/2018/68,Wayanad,11.55377778,76.08938889,"Meppadi, Chembra",debris slide,,376,KER/WYD/58A2/2018/68 Kerala Wayanad Chemra peak 2 Meppadi-Chembra Peak Road 11.55377778 76.08938889 rock-cum-debris Slide 15th August 2018 15527
KER/WYD/58A2/2018/69,Wayanad,11.56111111,76.12858333,,soil flow,,376,KER/WYD/58A2/2018/69 Kerala Wayanad Kunnumangalam kunnu Kunnumangalam kunnu local Road 11.56111111 76.12858333 soil Flows June + Aug.2018 15528
KER/WYD/58A2/2018/70,Wayanad,11.56894444,76.08027778,,"debris flow, debris flows",,376,KER/WYD/58A2/2018/70 Kerala Wayanad Odathodu temple Odathodu-Annapara road 11.56894444 76.08027778 rock-cum-debris Flows 08th and 9th August 2018 15529
KER/WYD/58A2/2018/71,Wayanad,11.57958333,76.09408333,,"soil creep, creep",,376,"KER/WYD/58A2/2018/71 Kerala Wayanad Mangavayal Kunnampetta-Puttoorvayal road 11.57958333 76.09408333 Soil Creep 2nd, 9th August crack developed, Submerged on 17th August 2018 15530"
KER/WYD/58A2/2018/72,Wayanad,11.58116667,76.09547222,,debris slide,,376,KER/WYD/58A2/2018/72 Kerala Wayanad Mangavayal 2 Kunnampetta-Puttoorvayal road 11.58116667 76.09547222 Debris Slide 15th August 2018 15531
KER/WYD/58A2/2018/73,Wayanad,11.59138889,76.088,,subsidence,08 August 2018,376,KER/WYD/58A2/2018/73 Kerala Wayanad Manjalamkolli Kunnampetta-Puttoorvayal road 11.59138889 76.088 soil Subsidence 08 August 2018 15532
KER/WYD/58A2/2018/74,Wayanad,11.58430556,76.05083333,,debris slide,08 August 2018,376,KER/WYD/58A2/2018/74 Kerala Wayanad Sreepuram ST colony 1 Chundale-Shivapuram road 11.58430556 76.05083333 Debris Slide 08 August 2018 15533
KER/WYD/58A2/2018/75,Wayanad,11.58555556,76.04830556,,debris slide,,376,KER/WYD/58A2/2018/75 Kerala Wayanad Sreepuram ST colony 2 Chundale-Shivapuram road 11.58555556 76.04830556 Debris Slide 15th August 2018 15534
KER/WYD/58A2/2018/76,Wayanad,11.58516667,76.04786111,,debris slide,08 August 2018,376,KER/WYD/58A2/2018/76 Kerala Wayanad Sreepuram ST colony 3 Chundale-Shivapuram road 11.58516667 76.04786111 Debris Slide 08 August 2018 15535
KER/WYD/58A2/2018/77,Wayanad,11.56658333,76.04338889,,debris slide,,376,KER/WYD/58A2/2018/77 Kerala Wayanad Chelode 1 NH-212 11.56658333 76.04338889 Debris Slide 15th August 2018 15536
KER/WYD/58A2/2018/78,Wayanad,11.56875,76.04397222,,"debris flow, debris flows",09 August 2018,376,KER/WYD/58A2/2018/78 Kerala Wayanad Chelode 2 NH-212 11.56875 76.04397222 rock-cum-debris Flows 09 August 2018 15537
KER/WYD/58A2/2018/79,Wayanad,11.57127778,76.04416667,,debris slide,09 August 2018,376,KER/WYD/58A2/2018/79 Kerala Wayanad Chelode 3 NH-212 11.57127778 76.04416667 Debris Slide 09 August 2018 15538
KER/WYD/58A2/2018/80,Wayanad,11.57294444,76.045,,debris slide,,376,KER/WYD/58A2/2018/80 Kerala Wayanad Chelode 4 NH-212 11.57294444 76.045 Debris Slide 08th and 9th August 2018 15539
KER/WYD/58A2/2018/81,Wayanad,11.57205556,76.07755556,,debris slide,,376,KER/WYD/58A2/2018/81 Kerala Wayanad Odathode NH-212 11.57205556 76.07755556 Debris Slide 08th and 9th August 2018 15540
KER/WYD/58A2/2018/82,Wayanad,11.56580556,76.11833333,,debris slide,09 August 2018,376,KER/WYD/58A2/2018/82 Kerala Wayanad 82 NH-212 11.56580556 76.11833333 Debris Slide 09 August 2018 15541
KER/WYD/58A2/2018/83,Wayanad,11.52811111,76.02341667,Lakkidi,debris slide,,376,KER/WYD/58A2/2018/83 Kerala Wayanad Lakkidi NH-212 11.52811111 76.02341667 Debris Slide 08th and 9th August 2018 15542
KER/WYD/58A2/2018/84,Wayanad,11.53444444,76.02647222,,debris slide,09 August 2018,376,KER/WYD/58A2/2018/84 Kerala Wayanad NH-212 NH-212 11.53444444 76.02647222 rock-cum-debris Slide 09 August 2018 15543
KER/WYD/58A2/2018/85,Wayanad,11.53541667,76.01827778,Lakkidi,"debris flow, debris flows",,376,KER/WYD/58A2/2018/85 Kerala Wayanad 85 Lakkidi-Kunnathidavaka road 11.53541667 76.01827778 Debris Flows 15th August 2018 15544
KER/WYD/58A2/2018/86,Wayanad,11.56669444,76.11777778,,soil slide,08 August 2018,376,KER/WYD/58A2/2018/86 Kerala Wayanad Kappamkolli NH-212 11.56669444 76.11777778 soil Slide 08 August 2018 15545
KER/WYD/58A2/2018/87,Wayanad,11.54316667,76.178,,debris slide,09 August 2018,376,KER/WYD/58A2/2018/87 Kerala Wayanad Nedumkarana NH-212 11.54316667 76.178 Debris Slide 09 August 2018 15546
KER/WYD/58A2/2018/88,Wayanad,11.54819444,76.20772222,,debris slide,09 August 2018,376,KER/WYD/58A2/2018/88 Kerala Wayanad Padivayal NH-212 11.54819444 76.20772222 Debris Slide 09 August 2018 15547
KER/WYD/58A2/2018/89,Wayanad,11.599166,76.084166,Meppadi,debris slide,,376,KER/WYD/58A2/2018/89 Kerala Wayanad Kalpetta ESI Meppadi-Kalpetta Road 11.599166 76.084166 Debris Slide 15th August 2018 15548
KER/WYD/58A2/2018/90,Wayanad,11.578055,76.110833,Meppadi,debris slide,09 August 2018,376,KER/WYD/58A2/2018/90 Kerala Wayanad Kottavayal Meppadi-Kalpetta Road 11.578055 76.110833 Debris Slide 09 August 2018 15549
KER/WYD/58A2/2018/91,Wayanad,11.568888,76.126666,Meppadi,debris slide,09 August 2018,376,KER/WYD/58A2/2018/91 Kerala Wayanad Chembothara Meppadi-Chembothara Road 11.568888 76.126666 Debris Slide 09 August 2018 15550
KER/WYD/58A2/2018/92,Wayanad,11.530277,76.14,Meppadi,debris slide,09 August 2018,376,KER/WYD/58A2/2018/92 Kerala Wayanad Nellimunda Meppadi-Nellimunda-Arrapetta road 11.530277 76.14 Debris Slide 09 August 2018 15551
KER/WYD/58A2/2018/93,Wayanad,11.502222,76.164722,"Chooralmala, Attamala",debris slide,,376,"KER/WYD/58A2/2018/93 Kerala Wayanad Attamala Chooralmala-Attamala road 11.502222 76.164722 rock-cum-debris Slide Initiated 2016, Reactivated Aug, 2018. 15552"
KER/WYD/58A2/2018/94,Wayanad,11.502222,76.164722,Meppadi,soil slide,09 August 2018,376,KER/WYD/58A2/2018/94 Kerala Wayanad Rattakolly Meppadi-Rattakolly road 11.502222 76.164722 soil Slide 09 August 2018 15553
KER/WYD/58A2/2018/95,Wayanad,11.591111,76.068333,,rock slide,,376,KER/WYD/58A2/2018/95 Kerala Wayanad Vellaramkunnu 3 NH-212 11.591111 76.068333 debris-cum-rock Slide 08th and 9th August 2018 15554
KER/WYD/58A2/2018/96,Wayanad,11.585,76.06333,,rock slide,,376,KER/WYD/58A2/2018/96 Kerala Wayanad Vellaramkunnu 4 NH-212 11.585 76.06333 debris-cum-rock Slide 08th and 9th August 2018 15555
KER/WYD/58A2/2018/97,Wayanad,11.582222,76.063055,,debris slide,,376,KER/WYD/58A2/2018/97 Kerala Wayanad Vellaramkunnu 5 NH-212 11.582222 76.063055 rock-cum-debris Slide 08th and 9th August 2018 15556
KER/WYD/58A2/2018/98,Wayanad,11.581388,76.062777,,rock slide,,376,KER/WYD/58A2/2018/98 Kerala Wayanad Vellaramkunnu 6 NH-212 11.581388 76.062777 debris-cum-rock Slide 08th and 9th August 2018 15557
KER/WYD/58A2/2018/99,Wayanad,11.580555,76.0625,,rock slide,,376,KER/WYD/58A2/2018/99 Kerala Wayanad Vellaramkunnu 7 NH-212 11.580555 76.0625 debris-cum-rock Slide 08th and 9th August 2018 15558
KER/WYD/49M13/2018/128,Wayanad,11.90919444,75.99958333,,,09 August 2018,377,KER/WYD/49M13/2018/128 Kerala Wayanad Thirunelli 1 Tirunelli-Kattikulam Rd 11.90919444 75.99958333 Soil Lateral spread 09 August 2018 15587
KER/WYD/49M13/2018/129,Wayanad,11.91005556,75.99888889,,soil slide,09 August 2018,377,KER/WYD/49M13/2018/129 Kerala Wayanad Thirunelli 2 Tirunelli-Kattikulam Rd 11.91005556 75.99888889 Soil Slide 09 August 2018 15588
KER/WYD/49M13/2018/130,Wayanad,11.90366667,75.99972222,,debris slide,09 August 2018,377,KER/WYD/49M13/2018/130 Kerala Wayanad Vellachal Tirunelli-Kattikulam Rd 11.90366667 75.99972222 Debris Slide 09 August 2018 15589
KER/WYD/49M13/2018/135,Wayanad,11.83938889,75.95588889,,rock slide,09 August 2018,377,KER/WYD/49M13/2018/135 Kerala Wayanad Thalapuzha 1 SH-59 11.83938889 75.95588889 debris-cum-rock Slide 09 August 2018 15594
KER/WYD/49M13/2018/136,Wayanad,11.84044444,75.95202778,,debris slide,09 August 2018,377,KER/WYD/49M13/2018/136 Kerala Wayanad Thalapuzha 2 SH-59 11.84044444 75.95202778 Debris Slide 09 August 2018 15595
KER/WYD/49M13/2018/137,Wayanad,11.84061111,75.95144444,,debris slide,09 August 2018,377,KER/WYD/49M13/2018/137 Kerala Wayanad Thalapuzha 3 SH-59 11.84061111 75.95144444 rock-cum-debris Slide 09 August 2018 15596
KER/WYD/49M13/2018/138,Wayanad,11.84066667,75.94527778,,soil slide,09 August 2018,377,KER/WYD/49M13/2018/138 Kerala Wayanad Thalapuzha 4 SH-59 11.84066667 75.94527778 Soil Slide 09 August 2018 15597
KER/WYD/49M13/2018/139,Wayanad,11.83913889,75.94394444,,debris slide,09 August 2018,377,KER/WYD/49M13/2018/139 Kerala Wayanad Thalapuzha 5 SH-59 11.83913889 75.94394444 Debris Slide 09 August 2018 15598
KER/WYD/49M13/2018/140,Wayanad,11.83702778,75.94019444,,debris slide,09 August 2018,377,KER/WYD/49M13/2018/140 Kerala Wayanad Thalapuzha 6 SH-59 11.83702778 75.94019444 rock-cum-debris Slide 09 August 2018 15599
KER/WYD/49M13/2018/141,Wayanad,11.83477778,75.93636111,,rock slide,09 August 2018,377,KER/WYD/49M13/2018/141 Kerala Wayanad Thalapuzha 7 SH-59 11.83477778 75.93636111 debris-cum-rock Slide 09 August 2018 15600
KER/WYD/49M13/2018/142,Wayanad,11.83644444,75.93258333,,debris slide,09 August 2018,377,KER/WYD/49M13/2018/142 Kerala Wayanad Thalapuzha 8 SH-59 11.83644444 75.93258333 Debris Slide 09 August 2018 15601
KER/WYD/49M13/2018/143,Wayanad,11.83658333,75.932,,debris slide,09 August 2018,377,KER/WYD/49M13/2018/143 Kerala Wayanad Thalapuzha 9 SH-59 11.83658333 75.932 rock-cum-debris Slide 09 August 2018 15602
KER/WYD/49M13/2018/144,Wayanad,11.83830556,75.92672222,,debris slide,09 August 2018,377,KER/WYD/49M13/2018/144 Kerala Wayanad Thalapuzha 10 SH-59 11.83830556 75.92672222 rock-cum-debris Slide 09 August 2018 15603
KER/WYD/49M13/2018/145,Wayanad,11.83913889,75.92577778,,debris slide,09 August 2018,377,KER/WYD/49M13/2018/145 Kerala Wayanad Thalapuzha 11 SH-59 11.83913889 75.92577778 Debris Slide 09 August 2018 15604
KER/WYD/49M13/2018/146,Wayanad,11.83963889,75.91594444,,soil slide,09 August 2018,377,KER/WYD/49M13/2018/146 Kerala Wayanad Boys town Mananthavady-Nedumpoil road 11.83963889 75.91594444 Soil Slide 09 August 2018 15605
KER/WYD/49M13/2018/147,Wayanad,11.83827778,75.9175,,debris slide,09 August 2018,377,KER/WYD/49M13/2018/147 Kerala Wayanad Boys town 42 mile Mananthavady-Nedumpoil road 11.83827778 75.9175 Debris Slide 09 August 2018 15606
KER/WYD/49M13/2018/148,Wayanad,11.83430556,75.94691667,,"debris flow, debris flows",9 August 2018,377,KER/WYD/49M13/2018/148 Kerala Wayanad Katterikunnu Thalapuzha local road 11.83430556 75.94691667 Debris Flows 9 August 2018 and 11 & 13 August 2018 15607
KER/WYD/49M13/2018/149,Wayanad,11.83255556,75.96986111,,debris slide,09 August 2018,377,KER/WYD/49M13/2018/149 Kerala Wayanad New Wayanad Eng. college SH-59 11.83255556 75.96986111 Debris Slide 09 August 2018
KER/WYD/49M14/2018/121,Wayanad,11.63177778,75.98794444,,debris slide,,377,KER/WYD/49M14/2018/121 Kerala Wayanad Ettamvayal 1 Vythiri-Tharuvana road 11.63177778 75.98794444 rock-cum-debris Slide 08th and 9th August 2018 15580
KER/WYD/49M14/2018/122,Wayanad,11.63194444,75.98744444,,rock slide,,377,KER/WYD/49M14/2018/122 Kerala Wayanad Ettamvayal 2 Vythiri-Tharuvana road 11.63194444 75.98744444 debris-cum-rock Slide 08th and 9th August 2018 15581
KER/WYD/49M14/2018/123,Wayanad,11.66852778,75.96925,,rock slide,09 August 2018,377,KER/WYD/49M14/2018/123 Kerala Wayanad Naimoola Vythiri-Tharuvana road 11.66852778 75.96925 debris-cum-rock Slide 09 August 2018 15582
KER/WYD/58A1/2018/125,Wayanad,11.90411111,76.01644444,,debris slide,09 August 2018,377,KER/WYD/58A1/2018/125 Kerala Wayanad Tirunelli-Kattikulam Rd-1 Tirunelli-Kattikulam Rd 11.90411111 76.01644444 Debris Slide 09 August 2018 15584
KER/WYD/58A1/2018/126,Wayanad,11.90438889,76.01625,,debris slide,09 August 2018,377,KER/WYD/58A1/2018/126 Kerala Wayanad Tirunelli-Kattikulam Rd-2 Tirunelli-Kattikulam Rd 11.90438889 76.01625 Debris Slide 09 August 2018 15585
KER/WYD/58A1/2018/127,Wayanad,11.90288889,76.01180556,,soil slide,09 August 2018,377,KER/WYD/58A1/2018/127 Kerala Wayanad Tirunelli-Kattikulam Rd-3 Tirunelli-Kattikulam Rd 11.90288889 76.01180556 Soil Slide 09 August 2018 15586
KER/WYD/58A1/2018/131,Wayanad,11.87958333,76.03261111,,debris slide,09 August 2018,377,KER/WYD/58A1/2018/131 Kerala Wayanad Panavalli Rd Panavalli Rd 11.87958333 76.03261111 Debris Slide 09 August 2018 15590
KER/WYD/58A1/2018/132,Wayanad,11.84219444,76.03925,,subsidence,09 August 2018,377,KER/WYD/58A1/2018/132 Kerala Wayanad Kuricharmoola colony Aanappara road 11.84219444 76.03925 Soil Subsidence 09 August 2018 15591
KER/WYD/58A1/2018/133,Wayanad,11.75983333,76.01458333,,,09 August 2018,377,KER/WYD/58A1/2018/133 Kerala Wayanad Kottayatukunnu Jumma-Masjid road 11.75983333 76.01458333 Soil Spread 09 August 2018 15592
KER/WYD/58A1/2018/134,Wayanad,11.76883333,76.00266667,,debris slide,09 August 2018,377,KER/WYD/58A1/2018/134 Kerala Wayanad Thonichal 4th Mile-Mananthavady road 11.76883333 76.00266667 Debris Slide 09 August 2018 15593
KER/WYD/58A2/2018/105,Wayanad,11.567777,76.028333,,debris slide,09 August 2018,377,KER/WYD/58A2/2018/105 Kerala Wayanad 12th bridge Vythiri-Tharuvana road 11.567777 76.028333 rock-cum-debris Slide 09 August 2018 15564
KER/WYD/58A2/2018/106,Wayanad,11.55055,76.035,,rock slide,09 August 2018,377,KER/WYD/58A2/2018/106 Kerala Wayanad Pookod-Pozhuthana Rd Pookod-Pozhuthana Rd 11.55055 76.035 debris-cum-rock Slide 09 August 2018 15565
KER/WYD/58A2/2018/107,Wayanad,11.54,76.027222,,debris slide,09 August 2018,377,KER/WYD/58A2/2018/107 Kerala Wayanad Pookode lake 1 Pookode lake road 11.54 76.027222 rock-cum-debris Slide 09 August 2018 15566
KER/WYD/58A2/2018/108,Wayanad,11.5375,76.0275,,rock slide,09 August 2018,377,KER/WYD/58A2/2018/108 Kerala Wayanad Pookode lake 2 Pookode lake road 11.5375 76.0275 debris-cum-rock Slide 09 August 2018 15567
KER/WYD/58A2/2018/109,Wayanad,11.53888,76.02722,,rock slide,09 August 2018,377,KER/WYD/58A2/2018/109 Kerala Wayanad Pookode lake 3 Pookode lake road 11.53888 76.02722 debris-cum-rock Slide 09 August 2018 15568
KER/WYD/58A2/2018/110,Wayanad,11.54888,76.39166,,rock slide,09 August 2018,377,KER/WYD/58A2/2018/110 Kerala Wayanad Vythiri 2 NH-212 11.54888 76.39166 debris-cum-rock Slide 09 August 2018 15569
KER/WYD/58A2/2018/111,Wayanad,11.55,76.0386,,rock slide,09 August 2018,377,KER/WYD/58A2/2018/111 Kerala Wayanad Vythiri 3 NH-212 11.55 76.0386 debris-cum-rock Slide 09 August 2018 15570
KER/WYD/58A2/2018/112,Wayanad,11.631666,76.193055,,debris slide,01-07-2018,377,KER/WYD/58A2/2018/112 Kerala Wayanad Kallaramkula Kumbaleri local road 11.631666 76.193055 rock-cum-debris Slide 01-07-2018 15571
KER/WYD/58A2/2018/113,Wayanad,11.59002778,76.2085,,debris slide,08 August 2018,377,KER/WYD/58A2/2018/113 Kerala Wayanad Narikundu 1 Narikundu local road 11.59002778 76.2085 Debris Slide 08 August 2018 15572
KER/WYD/58A2/2018/114,Wayanad,11.58425,76.19588889,,debris slide,08 August 2018,377,KER/WYD/58A2/2018/114 Kerala Wayanad Narikundu 2 Narikundu local road 11.58425 76.19588889 Debris Slide 08 August 2018 15573
KER/WYD/58A2/2018/115,Wayanad,11.58372222,76.195,,debris slide,,377,KER/WYD/58A2/2018/115 Kerala Wayanad Narikundu 3 Narikundu local road 11.58372222 76.195 Debris Slide 08th and 9th August 2018 15574
KER/WYD/58A2/2018/117,Wayanad,11.61488889,76.06594444,,subsidence,,377,KER/WYD/58A2/2018/117 Kerala Wayanad Edaguni SH-54 11.61488889 76.06594444 Soil Subsidence 15th August 2018 15576
KER/WYD/58A2/2018/118,Wayanad,11.59269444,76.03736111,,debris slide,09 August 2018,377,KER/WYD/58A2/2018/118 Kerala Wayanad Anoth 1 Anoth Road 11.59269444 76.03736111 rock-cum-debris Slide 09 August 2018 15577
KER/WYD/58A2/2018/119,Wayanad,11.59316667,76.03441667,,soil slide,09 August 2018,377,KER/WYD/58A2/2018/119 Kerala Wayanad Anoth 2 Anoth Road 11.59316667 76.03441667 Soil Slide 09 August 2018 15578
KER/WYD/58A2/2018/120,Wayanad,11.59783333,76.01502778,,rock slide,,377,KER/WYD/58A2/2018/120 Kerala Wayanad Achoor Vythiri-Tharuvana road 11.59783333 76.01502778 debris-cum-rock Slide 08th and 9th August 2018 15579
KER/WYD/58A2/2018/124,Wayanad,11.59483333,76.08002778,,debris slide,09 August 2018,377,KER/WYD/58A2/2018/124 Kerala Wayanad Chuzhali Kunnampetta-Madiyoor-Kuni road 11.59483333 76.08002778 Debris Slide 09 August 2018 15583
KER/WYD/58A6/2018/116,Wayanad,11.73661111,76.27,,debris slide,,377,KER/WYD/58A6/2018/116 Kerala Wayanad Pallivayal Vadakkanad-Pallivayal forest road 11.73661111 76.27 rock-cum-debris Slide 08th and 9th August 2018 15575
KER/WYD/58A2/2018/150,Wayanad,11.60169444,76.06908333,,debris slide,09 August 2018,378,KER/WYD/58A2/2018/150 Kerala Wayanad Chenamala 1 Thurkey bazar-Kaithakolly local road 11.60169444 76.06908333 Debris Slide 09 August 2018 15609
KER/WYD/58A2/2018/151,Wayanad,11.60177778,76.06994444,,debris slide,09 August 2018,378,KER/WYD/58A2/2018/151 Kerala Wayanad Chenamala 2 Thurkey bazar-Kaithakolly local road 11.60177778 76.06994444 Debris Slide 09 August 2018 15610
KER/WYD/58A2/2018/152,Wayanad,11.59652778,76.02827325,,debris slide,09 August 2018,378,KER/WYD/58A2/2018/152 Kerala Wayanad Chenamala 3 Anoth local road 11.59652778 76.02827325 Debris Slide 09 August 2018 15611
KER/WYD/58A2/2018/153,Wayanad,11.62777778,76.02786111,,soil slide,09 August 2018,378,KER/WYD/58A2/2018/153 Kerala Wayanad Thekumthara Pinangode-Thekumthara local road 11.62777778 76.02786111 Soil Slide 09 August 2018 15612
KER/WYD/58A2/2018/154,Wayanad,11.64625,76.03088889,,"debris slide, soil creep, creep",09 August 2018,378,"KER/WYD/58A2/2018/154 Kerala Wayanad Korattapadi Thekumthara-Korattapadi local road 11.64625 76.03088889 Soil Creep 09 August 2018 15613 1 Kerala Thiruvananthapuram Ponmudi 6/22 Hair pin curve 8.7437 77.1226 Debris Slide 10th August 2018 15614 2 Kerala Thiruvananthapuram Ponmudi 8.7531 77.1252 Debris Slide 10th August 2018 15615 3 Kerala Thiruvananthapuram 8.7557 77.1248 Debris Slide 10th August 2018, 10.30pm 15616 4 Kerala Kollam Chippanchira 8.749 77.0235 Debris Slide 10th August 2018 10.30pm 15617 5 Kerala Kollam Aryankavu New Railway Station 8.9555 77.1333 Debris Slide 14th August 2018 10.30pm 15618 6 Kerala Kollam Aryankavu 8.9741 77.1459 Debris Slide 14th August 2018 10.30pm 15619 7 Kerala Kollam Aryankavu Old Railway Station 8.982 77.1529 Debris Slide 14th August 2018 15620 8 Kerala Kollam Thenmala Railway Station 8.9648 77.08 Debris Slide 14th August 2018 15621"
KRL/KKD/49M/14/19/20,Wayanad,11.55746,76.912113,,,,378,KRL/KKD/49M/14/19/20 Kerala Kozhikode KakkaKam to kakkayam Dam road slide_1 Bappootikannu 11.55746 76.912113 Debris. slide 15th August 2018 15641
KRL/KKD/49M/14/19/21,Wayanad,11.55711,75.913033,,debris slide,,378,KRL/KKD/49M/14/19/21 Kerala Kozhikode KakkaKam to kakkayam Dam road slide_2 Kakkayam to Kakkayam Dam PWD road 11.55711 75.913033 Debris slide 15th August 2018 15642
KRL/KKD/49M/14/19/22,Wayanad,11.56103,75.91486,,,,378,KRL/KKD/49M/14/19/22 Kerala Kozhikode KakkaKam to kkayam Dam road slide_3 KakkaKam to kkayam Dam PWD road slide 11.56103 75.91486 Rock cum Debris. slide 15th August 2018 15643
KRL/KKD/49M/14/19/23,Wayanad,11.557,75.9132,,,,378,KRL/KKD/49M/14/19/23 Kerala Kozhikode KakkaKam to kkayam Dam road slide_4 KakkaKam to kkayam Dam PWD road 11.557 75.9132 Debris. Slide 15th August 2018 15644
KRL/KKD/49M/14/2019/24,Wayanad,11.5495,75.9143,,"rock cum debris slide, debris slide",,378,KRL/KKD/49M/14/2019/24 Kerala Kozhikode KakkaKam to kkayam Dam road slide_5 KakkaKam to kkayam Dam PWD road 11.5495 75.9143 Rock cum Debris Slide 15th August 2018 15645
KRL/KKD/49M/15/19/19,Wayanad,11.516353,76.909694,,,,378,KRL/KKD/49M/15/19/19 Kerala Kozhikode Chidi slide Chidikuzhi 11.516353 76.909694 Rock cum debris. slide 15th August 2018 15640
KRL/KKD/49M/15/6,Wayanad,11.4589,76.063204,,"rock cum debris flow, debris flow",,378,KRL/KKD/49M/15/6 Kerala Kozhikode Vallolikkal slide Koorotipara village 11.4589 76.063204 Rock cum debris Flow 15th August 2018 15627
KRL/KKD/58A/03/19/10,Wayanad,11.448076,76.066732,,debris slide,,378,"KRL/KKD/58A/03/19/10 Kerala Kozhikode Kadappanchal_1 Kandappachal,Nellipoyal village 11.448076 76.066732 Debris slide 15th August 2018 15631"
KRL/KKD/58A/03/19/11,Wayanad,11.447025,76.064183,,soil flow,,378,KRL/KKD/58A/03/19/11 Kerala Kozhikode Kadappanchal_2 Kadappanchal 11.447025 76.064183 Debris cum soil Flow 15th August 2018 15632
KRL/KKD/58A/03/19/13,Wayanad,11.392986,76.077699,,"rock cum debris slide, debris slide",,378,KRL/KKD/58A/03/19/13 Kerala Kozhikode Kallanpullu Poovaranthode 11.392986 76.077699 rock cum debris Slide 15th August 2018 15634
KRL/KKD/58A/03/19/15,Wayanad,11.3514,76.0758,,debris flow,,378,KRL/KKD/58A/03/19/15 Kerala Kozhikode Chulliyam_1 Chulliyam(Tribal colony) 11.3514 76.0758 Debris flow flow 15th August 2018 15636
KRL/KKD/58A/03/19/16,Wayanad,11.354191,76.058962,,,,378,KRL/KKD/58A/03/19/16 Kerala Kozhikode Panackachal_1 Panackachal 11.354191 76.058962 Rock cum debris. flow 15th August 2018 15637
KRL/KKD/58A/03/19/17,Wayanad,11.3524,76.0583,,debris flow,,378,KRL/KKD/58A/03/19/17 Kerala Kozhikode Panackachal_2 Panackachal 11.3524 76.0583 Debris flow flow 15th August 2018 15638
KRL/KKD/58A/03/19/18,Wayanad,11.35099,76.05894,,,,378,KRL/KKD/58A/03/19/18 Kerala Kozhikode Panackacahal_3 Panackacahal 11.35099 76.05894 Rock cum debris. flow 15th August 2018 15639
KRL/KKD/58A/03/19/27,Wayanad,11.352108,76.077271,,debris slide,,378,KRL/KKD/58A/03/19/27 Kerala Kozhikode Kadavu slide Manjakadavu 11.352108 76.077271 Debris slide slide 15th August 2018
KRL/KKD/58A/03/19/8,Wayanad,11.4516,76.0604,,debris slide,,378,KRL/KKD/58A/03/19/8 Kerala Kozhikode Mundur slide Mundur 11.4516 76.0604 Soil cum debris slide slide 15th August 2018 15629
KRL/KKD/58A/3/2018/26,Wayanad,11.3400129,76.071157,,debris flow,,378,KRL/KKD/58A/3/2018/26 Kerala Kozhikode Anaodu slide Koodaranhi village 11.3400129 76.071157 Debris Flow 15th August 2018 15647
KRL/KKD/58A/3/2019/25,Wayanad,11.381632,76.083944,,,,378,KRL/KKD/58A/3/2019/25 Kerala Kozhikode Medapara_1 Medapara 11.381632 76.083944 Debris. Flow 15th August 2018 15646
KRL/KOZ/58C/14/2018/14,Wayanad,11.448076,76.066732,,,,378,KRL/KOZ/58C/14/2018/14 Kerala Kozhikode Kandappanchal Nellipoyal 11.448076 76.066732 Debris. Slide 12th August 2018 15635
KRL/KTM/58C/14/2018/12,Wayanad,11.4516,76.0604,,,,378,KRL/KTM/58C/14/2018/12 Kerala Kozhikode Mundur slide Mundur 11.4516 76.0604 Debris. flow 12th August 2018 15633
KRL/KZH/49M/15/2018/5,Wayanad,11.49753,75.982558,,"rock cum debris flow, debris flow",,378,KRL/KZH/49M/15/2018/5 Kerala Kozhikode KannapunKundru slide-1 KannapunKundru 11.49753 75.982558 Rock cum debris flow Rotational 15th August 2018 15626
KRL/KZH/49M/15/2018/7,Wayanad,11.498281,75.9842,,,,378,KRL/KZH/49M/15/2018/7 Kerala Kozhikode KannappanKundru slide-2 KannappanKundru 11.498281 75.9842 Rock cum Debris. flow 17th August 2018 15628
KRL/KZH/58A/3/14/2018/02,Wayanad,11.31864,76.112463,,"rock cum debris slide, debris slide",3/14/2018,378,KRL/KZH/58A/3/14/2018/02 Kerala Kozhikode Kakkad slide-2 Kakkad 11.31864 76.112463 Rock cum debris Slide 17th August 2018 15623
KRL/KZH/58A/3/14/2018/1,Wayanad,11.318572,76.111157,,debris flow,3/14/2018,378,KRL/KZH/58A/3/14/2018/1 Kerala Kozhikode Kakkadslide-1 Kakkad 11.318572 76.111157 Debris flow 17th August 2018 15622
KRL/KZH/58A/3/2018/03,Wayanad,11.322878,76.111882,,"rock cum debris flow, debris flow",,378,KRL/KZH/58A/3/2018/03 Kerala Kozhikode Kakkadslide-3 Kakkad 11.322878 76.111882 Rock cum debris Flow 17th August 2018 15624
KRL/KZH/58C/14/2018/4,Wayanad,11.331245,76.100913,,debris slide,,378,KRL/KZH/58C/14/2018/4 Kerala Kozhikode Thalakkad slide Thalakkad 11.331245 76.100913 Debris Slide 16th August 2018 15625
KRL/KZH/58C/14/2018/9,Wayanad,11.4589,76.063204,,debris flow,,378,KRL/KZH/58C/14/2018/9 Kerala Kozhikode Nellipoyal slide Nellipoyal 11.4589 76.063204 Rock cum Debris. Debris flow 12th August 2018 15630
KER/WYD/58A03/2024/01,Wayanad,11.46277778,76.13416667,"Mundakkai, Chooralmala, Meppadi",debris flow,,392,"KER/WYD/58A03/2024/01 Kerala Wayanad Mundakkai- Chooralmala Mundakkai-Chooralmala- Meppadi road 11.46277778 76.13416667 Debris Flow 30th July 2024, around 1.00AM 16068"
KER/WYN/49M14/2019/04,Wayanad,11.658103,75.978842,,debris slide,,392,"KER/WYN/49M14/2019/04 Kerala Wayanad Manjoora, Mundancholakunnu Panamkuzhi - Mundancholakunnu SC colony road 11.658103 75.978842 Debris Slide 8th August 2019, 14.30 hrs 16072"
KER/WYN/49M14/2019/05,Wayanad,11.657041,75.980058,,rock topple,,392,"KER/WYN/49M14/2019/05 Kerala Wayanad Manjoora, Mundancholakunnu - 11.657041 75.980058 Rock Topple 8th August 2019, 14.30 hrs 16073"
KER/WYN/49M14/2019/06,Wayanad,11.659552,75.972902,,debris slide,,392,"KER/WYN/49M14/2019/06 Kerala Wayanad Manjoora Manjoora - Thenamackal road 11.659552 75.972902 Debris Slide 8th August 2019, 14.45 hrs 16074"
KER/WYN/49M14/2019/07,Wayanad,11.661645,75.971561,,debris flow,,392,"KER/WYN/49M14/2019/07 Kerala Wayanad Thenamackal - 11.661645 75.971561 Debris Flow 8th August 2019, 14.45 hrs 16075"
KER/WYN/49M14/2019/08,Wayanad,11.666862,75.96369,,debris slide,,392,KER/WYN/49M14/2019/08 Kerala Wayanad Naaymoola - Vellaranji Pathimoonaam Mile road 11.666862 75.96369 Debris Slide 8th August 2019 16076
KER/WYN/49M14/2019/09,Wayanad,11.672258,75.964571,,debris slide,,392,"KER/WYN/49M14/2019/09 Kerala Wayanad Kottalakunnu Banasura Dam road 11.672258 75.964571 Debris Slide 8th August 2019, 14.25 hrs 16077"
KER/WYN/49M14/2019/10,Wayanad,11.671605,75.965091,,debris slide,,392,"KER/WYN/49M14/2019/10 Kerala Wayanad Kottalakunnu - 11.671605 75.965091 Debris Slide 8th August 2019, 14.45 hrs 16078"
KER/WYN/49M14/2019/11,Wayanad,11.677335,75.935827,,debris slide,,392,"KER/WYN/49M14/2019/11 Kerala Wayanad Meenmutty Waterfall - 11.677335 75.935827 Debris Slide 8th August 2019, 14.30 hrs 16079"
KER/WYN/49M14/2019/12,Wayanad,11.677298,75.936129,,debris slide,,392,"KER/WYN/49M14/2019/12 Kerala Wayanad Near Banasura - Meenmutty Waterfall - 11.677298 75.936129 Debris Slide 8th August 2019, 15.00 hrs 16080"
KER/WYN/49M14/2019/13,Wayanad,11.677545,75.938094,,debris slide,,392,"KER/WYN/49M14/2019/13 Kerala Wayanad Near Banasura - Meenmutty Waterfall - 11.677545 75.938094 Debris Slide 8th August 2019, 15.00 hrs 16081"
KER/WYN/49M14/2019/14,Wayanad,11.667126,75.935811,,debris flow,,392,"KER/WYN/49M14/2019/14 Kerala Wayanad Kuttiyamvayal Ozhakkanamukku - Kaalappali Road 11.667126 75.935811 Debris Flow 8th August 2019, 15.00 hrs 16082"
KER/WYN/49M14/2019/15,Wayanad,11.661104,75.944221,,debris slide,,392,"KER/WYN/49M14/2019/15 Kerala Wayanad Mangalamkunnu Colony, Kuttiyamvayal Kuttiyamvayal - Madam Road 11.661104 75.944221 Debris Slide 8th August 2019, 15.00 hrs 16083"
KER/WYN/49M14/2019/16,Wayanad,11.673298,75.93707,,debris slide,,392,"KER/WYN/49M14/2019/16 Kerala Wayanad Kaappikalam, Moolanveli Mankottu - Moolanveli Road 11.673298 75.93707 Debris Slide 8th August 2019, 16.00 hrs 16084"
KER/WYN/49M14/2019/17,Wayanad,11.673744,75.944393,,soil slide,,392,"KER/WYN/49M14/2019/17 Kerala Wayanad Kaappikalam, Opp. Bonita Banasura Hotel Manjoora - Kaappikalam road 11.673744 75.944393 Soil Slide 8th August 2019, 15.00 hrs 16085"
KER/WYN/49M14/2019/18,Wayanad,11.661048,75.966357,,debris slide,,392,"KER/WYN/49M14/2019/18 Kerala Wayanad 13th mile Vythiri - Tharona road 11.661048 75.966357 Debris Slide 8th August 2019, 15.00 hrs 16086"
KER/WYN/49M14/2019/20,Wayanad,11.683847,75.943592,,debris flow,,392,"KER/WYN/49M14/2019/20 Kerala Wayanad Narikolli (Padinjarathara village) - 11.683847 75.943592 Debris Flow 8th August 2019, 17.00 hrs. 16088"
KER/WYN/49M14/2019/21,Wayanad,11.725066,75.906303,,debris flow,,392,"KER/WYN/49M14/2019/21 Kerala Wayanad Perincherimala Perincherimala road 11.725066 75.906303 Debris Flow 8th August 2019, 23.30 hrs 16089"
KER/WYN/49M14/2019/22,Wayanad,11.724502,75.904475,,debris flow,,392,"KER/WYN/49M14/2019/22 Kerala Wayanad Perincherimala Perincherimala road 11.724502 75.904475 Debris Flow 8th August 2019, 18.00 hrs 16090"
KER/WYN/49M14/2019/23,Wayanad,11.735759,75.887591,,debris flow,,392,"KER/WYN/49M14/2019/23 Kerala Wayanad Makkiyad Near forest station Forest station road 11.735759 75.887591 Debris Flow 9th August 2019, Night 16091"
KER/WYN/49M14/2019/24,Wayanad,11.735509,75.89216,,debris flow,,392,"KER/WYN/49M14/2019/24 Kerala Wayanad Makkiyad, Manikallu Forest station road 11.735509 75.89216 Debris Flow 9th August 2019 16092"
KER/WYN/49M14/2019/25,Wayanad,11.740403,75.879916,,debris slide,,392,"KER/WYN/49M14/2019/25 Kerala Wayanad Korome Ratakolli road 11.740403 75.879916 Debris Slide 8th August 2019, 17.15 hrs 16093"
KER/WYN/58A2/2019/01,Wayanad,11.62846,76.114012,,debris flow,,392,"KER/WYN/58A2/2019/01 Kerala Wayanad Pazhashi Colony Pazhashi Colony Road 11.62846 76.114012 Debris Flow 8th August 2019, 15.15 hrs 16069"
KER/WYN/58A2/2019/02,Wayanad,11.629487,76.112641,,debris flow,,392,"KER/WYN/58A2/2019/02 Kerala Wayanad Pazhashi Colony Muttickal - Pazhashi Colony Road 11.629487 76.112641 Debris Flow 8th August 2019, 15.30 hrs 16070"
KER/WYN/58A2/2019/03,Wayanad,11.620398,76.120126,,debris flow,,392,"KER/WYN/58A2/2019/03 Kerala Wayanad Muttilmala, Mandad Mandad Quarry Road 11.620398 76.120126 Debris Flow 8th August 2019, 15.30 hrs 16071"
KER/WYN/58A2/2019/19,Wayanad,11.534747,76.033502,,soil slide,,392,"KER/WYN/58A2/2019/19 Kerala Wayanad Thalipuzha Thamrasseri - Kalpetta road 11.534747 76.033502 Soil Slide 9th August 2019, 20.00 hrs 16087"
KER/WYN/58A2/2019/27,Wayanad,11.621404,76.236822,,debris flow,,392,"KER/WYN/58A2/2019/27 Kerala Wayanad Ambukuthi 19 Ambukuthi 19 colony road 11.621404 76.236822 Debris Flow 8th August 2019, Night 16095"
KER/WYN/58A2/2019/28,Wayanad,11.620085,76.234551,,debris slide,,392,"KER/WYN/58A2/2019/28 Kerala Wayanad Ambukuthi 19 Ambukuthi 19 colony road 11.620085 76.234551 Debris Slide 8th August 2019, Night 16096"
KER/WYN/58A2/2019/29,Wayanad,11.636461,76.199797,,debris slide,,392,"KER/WYN/58A2/2019/29 Kerala Wayanad Aaratupara Meenangadi - Ambalavayal road 11.636461 76.199797 Debris Slide 8th August 2019, 17.00 hrs. 16097"
KER/WYN/58A2/2019/30,Wayanad,11.636456,76.201071,,debris slide,,392,"KER/WYN/58A2/2019/30 Kerala Wayanad Aaratupara Aarattupara - Meenangadi road 11.636456 76.201071 Debris Slide 8th August 2019, 17.00 hrs. 16098"
KER/WYN/58A2/2019/31,Wayanad,11.631254,76.233967,,debris flow,,392,"KER/WYN/58A2/2019/31 Kerala Wayanad Ponmudikotta Kuppakolli - Ponmudikotta road 11.631254 76.233967 Debris Flow 8th August 2019, Night 16099"
KER/WYN/58A2/2019/32,Wayanad,11.63027,76.233569,,debris slide,,392,"KER/WYN/58A2/2019/32 Kerala Wayanad Edackal Cave Edackal Cave road 11.63027 76.233569 Debris Slide 8th August 2019, 16.30 hrs 16100"
KER/WYN/58A2/2019/33,Wayanad,11.631168,76.232848,,debris flow,,392,KER/WYN/58A2/2019/33 Kerala Wayanad Edackal - 11.631168 76.232848 Debris Flow 8th August 2019 16101
KER/WYN/58A2/2019/34,Wayanad,11.507432,76.13507,"Mundakai, Meppadi",debris flow,,392,KER/WYN/58A2/2019/34 Kerala Wayanad Mundakai Meppadi - Pthumala road 11.507432 76.13507 Debris Flow 8th August 2019 16102
KER/WYN/58A2/2019/35,Wayanad,11.505738,76.135943,,debris slide,,392,KER/WYN/58A2/2019/35 Kerala Wayanad Harrisons Malayalam Estate Harrisons Malayalam Estate road 11.505738 76.135943 Debris Slide 8th August 2019 16103
KER/WYN/58A2/2019/36,Wayanad,11.505195,76.142836,,debris flow,,392,KER/WYN/58A2/2019/36 Kerala Wayanad Harrisons Malayalam Estate Estate road 11.505195 76.142836 Debris Flow 8th August 2019
KER/WYN/58A6/2019/26,Wayanad,11.63157,76.26741,,debris slide,,392,KER/WYN/58A6/2019/26 Kerala Wayanad Thankamala Estate Estate road 11.63157 76.26741 Debris Slide 8th August 2019 16094
KER/KNR/48P12/2019/07,Wayanad,12.028903,75.629107,,,,393,KER/KNR/48P12/2019/07 Kerala Kannur Thermala - 12.028903 75.629107 Debris Slump 8th August 2019 16134
KER/KNR/49M13/2019/01,Wayanad,11.913745,75.842529,,debris flow,,393,"KER/KNR/49M13/2019/01 Kerala Kannur Memala Adackathodu – Shanthigiri - Vendekenchal road 11.913745 75.842529 Debris Flow 8th August 2019, 23.30 hrs 16128"
KER/KNR/49M13/2019/02,Wayanad,11.910607,75.860608,,,,393,"KER/KNR/49M13/2019/02 Kerala Kannur Kailasampadi – Shanthigiri Kailasampadi – Shanthigiri road 11.910607 75.860608 Debris Slump Initiated during 2003 monsoon, reactivated in 2018 and 2019 monsoons 16129"
KER/KNR/49M13/2019/03,Wayanad,11.856775,75.861045,,debris flow,,393,KER/KNR/49M13/2019/03 Kerala Kannur Nelliyodi Pambrapan – Nelliyodi road 11.856775 75.861045 Debris Flow 8th August 2019 16130
KER/KNR/49M13/2019/04,Wayanad,11.861662,75.844728,,debris flow,,393,"KER/KNR/49M13/2019/04 Kerala Kannur Chappamala - 11.861662 75.844728 Debris Flow 8th August, 22.30 hrs 16131"
KER/KNR/49M13/2019/05,Wayanad,11.8615,75.844378,,debris flow,,393,KER/KNR/49M13/2019/05 Kerala Kannur Chappamala - 11.8615 75.844378 Debris Flow 8th August 23.00 hrs. 16132
KER/KNR/49M13/2019/06,Wayanad,11.871064,75.842369,,debris slide,,393,KER/KNR/49M13/2019/06 Kerala Kannur Karimbumkandam Thalakkani-Karimbumkandam Road 11.871064 75.842369 Debris Slide 9th August 2019; 04.00 hrs. 16133
KER/PKD/58B09/2019/01,Wayanad,10.85858333,76.64751667,,debris flow,,393,"KER/PKD/58B09/2019/01 Kerala Palakkad Tekke Malampuzha 1 Tekke Malampuzha, near Malampuzha dam 10.85858333 76.64751667 Debris Flow 9th August 2019 16135"
KER/PKD/58B09/2019/02,Wayanad,10.83624167,76.67796111,,debris slide,09 August 2019,393,"KER/PKD/58B09/2019/02 Kerala Palakkad Tekke Malampuzha 2 Tekke Malampuzha 2, Near Malampuzha dam 10.83624167 76.67796111 Debris Slide 2018 and 09 August 2019 16136"
KER/PKD/58B09/2019/03,Wayanad,10.84491389,76.73904167,,debris flow,8 August 2018,393,"KER/PKD/58B09/2019/03 Kerala Palakkad Anakkal 1 Malampuzha, Anakkal road 10.84491389 76.73904167 Debris Flow 8 August 2018 and 09 August 2019 16137"
KER/PKD/58B09/2019/04,Wayanad,10.86233611,76.73838333,,debris flow,8 August 2018,393,"KER/PKD/58B09/2019/04 Kerala Palakkad Anakkal 2 Malampuzha, Anakkal road 10.86233611 76.73838333 Debris Flow 8 August 2018 and 09 August 2019 16138"
KER/PKD/58B09/2019/05,Wayanad,10.86786111,76.69186111,,debris flow,8 August 2018,393,"KER/PKD/58B09/2019/05 Kerala Palakkad Anakkal 3 Malampuzha, Anakkal road 10.86786111 76.69186111 Debris Flow 8 August 2018 and 09 August 2019 16139"
KER/PKD/58B09/2019/06,Wayanad,10.92816667,76.55565833,,"debris flow, debris flows",,393,KER/PKD/58B09/2019/06 Kerala Palakkad Karimba Colony Munnekkar road 10.92816667 76.55565833 Debris Flows 9th August 2019
KER/WYN/49M14/2019/43,Wayanad,11.605889,75.987703,,debris flow,,393,"KER/WYN/49M14/2019/43 Kerala Wayanad Kurichyaar Mala (reactivated slide) - 11.605889 75.987703 Debris Flow Reactivation: 7th August 2019, 08.00 am 9th August 2018 16111"
KER/WYN/58A2/2019/37,Wayanad,11.506241,76.136642,,debris flow,,393,KER/WYN/58A2/2019/37 Kerala Wayanad Harrisons Malayalam Estate Estate road 11.506241 76.136642 Debris Flow 8th August 2019 16105
KER/WYN/58A2/2019/38,Wayanad,11.510344,76.137337,"Meppadi, Puthumala, Kalladi",debris slide,,393,KER/WYN/58A2/2019/38 Kerala Wayanad Kalladi Meppadi - Puthumala road 11.510344 76.137337 Debris Slide 8th August 2019 16106
KER/WYN/58A2/2019/44,Wayanad,11.608153,76.11606,,soil slide,,393,"KER/WYN/58A2/2019/44 Kerala Wayanad Vengachola Colony, Manikkunnumala - 11.608153 76.11606 Soil Slide 8th August 2019 16112"
KER/WYN/58A2/2019/45,Wayanad,11.606776,76.118888,,soil slide,,393,KER/WYN/58A2/2019/45 Kerala Wayanad Kavanapara - 11.606776 76.118888 Soil Slide 8th August 2019 16113
KER/WYN/58A2/2019/53,Wayanad,11.50535,76.167608,"Attamala, Attamala Estate",debris flow,,393,KER/WYN/58A2/2019/53 Kerala Wayanad Attamala Estate Attamala Estate road 11.50535 76.167608 Debris Flow 8th August 2019 16121
KER/WYN/58A2/2019/54,Wayanad,11.504907,76.167671,"Attamala, Attamala Estate",debris slide,,393,KER/WYN/58A2/2019/54 Kerala Wayanad Attamala Estate Attamala Estate road 11.504907 76.167671 Debris Slide 8th August 2019 16122
KER/WYN/58A2/2019/55,Wayanad,11.502947,76.164885,"Chooralmala, Attamala",debris slide,,393,KER/WYN/58A2/2019/55 Kerala Wayanad Attamala Attamala – Chooralmala road 11.502947 76.164885 Debris Slide 8th August 2019 16123
KER/WYN/58A2/2019/56,Wayanad,11.502947,76.164885,"Chooralmala, Attamala",debris slide,,393,KER/WYN/58A2/2019/56 Kerala Wayanad Attamala Attamala – Chooralmala road 11.502947 76.164885 Debris Slide 8th August 2019 16124
KER/WYN/58A2/2019/57,Wayanad,11.50273,76.16493,"Chooralmala, Attamala",debris slide,,393,KER/WYN/58A2/2019/57 Kerala Wayanad Attamala Attamala – Chooralmala road 11.50273 76.16493 Debris Slide 8th August 2019 16125
KER/WYN/58A2/2019/58,Wayanad,11.502775,76.15347,Chooralmala,debris slide,,393,"KER/WYN/58A2/2019/58 Kerala Wayanad Chooralmala Chooralmala road 11.502775 76.15347 Debris Slide 8th August 2019, 15.00 hrs. 16126"
KER/WYN/58A2/2019/59,Wayanad,11.514932,76.133862,"Meppadi, Puthumala, Kalladi",debris slide,,393,KER/WYN/58A2/2019/59 Kerala Wayanad Kalladi Meppadi - Puthumala road 11.514932 76.133862 Debris Slide 8th August 2019 16127
KER/WYN/58A3/2019/042,Wayanad,11.497473,76.12908,"Churalmala, Puthumala",debris flow,,393,"KER/WYN/58A3/2019/042 Kerala Wayanad Puthumala Mepadi - Churalmala Road 11.497473 76.12908 Debris Flow Date of initiation: 8th August 2019, 16.00 hrs 16110"
KER/WYN/58A3/2019/39,Wayanad,11.49859,76.125528,"Kalladi, 900 Acres",debris flow,,393,KER/WYN/58A3/2019/39 Kerala Wayanad 900 acres Kalladi – 900-acres jeep road 11.49859 76.125528 Debris Flow 8th August 2019 16107
KER/WYN/58A3/2019/40,Wayanad,11.499223,76.127859,"Kalladi, 900 Acres",debris slide,,393,KER/WYN/58A3/2019/40 Kerala Wayanad 900 acres Kalladi - 900-acre road 11.499223 76.127859 Debris Slide 8th August 2019 16108
KER/WYN/58A3/2019/41,Wayanad,11.498578,76.128535,"Kalladi, 900 Acres",debris flow,,393,KER/WYN/58A3/2019/41 Kerala Wayanad 900 acres Kalladi - 900-acres road 11.498578 76.128535 Debris Flow 8th August 2019 16109
KER/WYN/58A3/2019/46,Wayanad,11.486797,76.160537,"Mundakkai, Mundakkai Estate",debris slide,,393,KER/WYN/58A3/2019/46 Kerala Wayanad Mundakkai Estate 15th No. Padi road 11.486797 76.160537 Debris Slide 8th August 2019 16114
KER/WYN/58A3/2019/47,Wayanad,11.485279,76.160183,"Mundakkai, Mundakkai Estate",debris slide,,393,KER/WYN/58A3/2019/47 Kerala Wayanad Mundakkai Estate 15th No. Padi road 11.485279 76.160183 Debris Slide 8th August 2019 16115
KER/WYN/58A3/2019/48,Wayanad,11.489735,76.158496,"Mundakkai, Mundakkai Estate",debris slide,,393,KER/WYN/58A3/2019/48 Kerala Wayanad Mundakkai Estate Harrisons Malayalam estate road 11.489735 76.158496 Debris Slide 8th August 2019 16116
KER/WYN/58A3/2019/49,Wayanad,11.489962,76.158194,Mundakai,debris flow,,393,KER/WYN/58A3/2019/49 Kerala Wayanad Mundakai Estate Estate road 11.489962 76.158194 Debris Flow 8th August 2019 16117
KER/WYN/58A3/2019/50,Wayanad,11.490127,76.157562,Mundakai,debris slide,,393,KER/WYN/58A3/2019/50 Kerala Wayanad Mundakai Estate Estate road 11.490127 76.157562 Debris Slide 8th August 2019 16118
KER/WYN/58A3/2019/51,Wayanad,11.496489,76.16076,Churalmala,debris slide,,393,KER/WYN/58A3/2019/51 Kerala Wayanad Churalmala Vallarmala division estate road 11.496489 76.16076 Debris Slide 8th August 2019 16119
KER/WYN/58A3/2019/52,Wayanad,11.496464,76.160201,Churalmala,debris slide,,393,KER/WYN/58A3/2019/52 Kerala Wayanad Churalmala Silver Rock Estate Estate road 11.496464 76.160201 Debris Slide 8th August 2019 16120
KER/KAN/49M13/2025/7,Wayanad,11.84484722,75.91622222,,debris slide,,396,KER/KAN/49M13/2025/7 Kerala Kannur Palchuram slide Palchuram Ghat road (Mananthawadi in Wayanad - Kannur) 11.84484722 75.91622222 Debris Slide 20th July 2025 16228
KER/KHZ/49M15/2025/01,Wayanad,11.51339444,76.01924444,,rock slide,26 August 2025,396,KER/KHZ/49M15/2025/01 Kerala Kozhikode Thamarassery Kozhikode–Kollegal National Highway (NH 766) 11.51339444 76.01924444 Rock Slide 26 August 2025 16221
KER/KOL/58D13/2025/01,Wayanad,8.97316667,76.89913889,,"debris flow, debris slide, rock slide, subsidence, landslide",12 October 2025,396,KER/KOL/58D13/2025/01 Kerala Kollam Pachamala-Pinnacle view point slide Kollam-Kurivikonam Road 8.97316667 76.89913889 Debris Flow 12 October 2025 16236 GO/NG/48I04/2015/01 Goa North Goa East of Palolem 15.014339 74.037694 Rock Slide NA 16237 GO/NG/48I04/2015/02 Goa North Goa East of Palolem 15.017553 74.034444 Debris Slide NA 16238 GO/NG/48I04/2015/03 Goa North Goa South west of Kankon 15.031378 74.023722 Debris Slide NA 16239 GO/NG/48I04/2015/04 Goa North Goa North west of Kankon 15.051183 74.022444 Debris Slide NA 16240 GO/NG/48I04/2015/06 Goa North Goa North of Kankon 15.055383 74.025556 Debris Slide NA 16241 GO/NG/48I04/2015/05 Goa North Goa North of Kankon 15.056369 74.025861 Debris Slide NA 16242 GO/SG/48E15/2015/19 Goa South Goa 15.132222 73.951667 Debris Slide NA 16243 GO/SG/48E15/2015/18 Goa South Goa S of Betul 15.135 73.954444 Debris Subsidence NA 16244 GO/NG/48I04/2015/07 Goa North Goa North of Rivona 15.172214 74.107333 Debris Slide NA 16245 GA/SGA/48I03/2020/3 Goa South Goa Cut Slope failure along Sanverdem – Siroda road 1.2 km north of Kudchedem 15.27 74.1 Debris Slide NA 16246 GA/SGA/48I03/2020/8 Goa South Goa Landslide at Mayna 2.9 km southeast of Mayna 15.27 74.02 Earth Slide NA 16247 GA/SGA/48I03/2020/4 Goa South Goa Cut Slope failure along Sanverdem – Siroda road 3.6 km north west of Kudchedem 15.28 74.08 Debris Slide NA 16248 GO/SOU/48I07/2018/33 Goa South Goa Dudhsagar landslide Dudhsagar railway junction 15.3325 74.306333 Rock Slide NA 16249 GO/SG/48E15/2015/16 Goa South Goa 15.355 73.976389 Earth Subsidence NA 16250 GO/SG/48E15/2015/12 Goa South Goa Rasain 15.37 73.960278 Debris Slide NA 16251 GO/SG/48E15/2015/13 Goa South Goa 15.385 73.951111 Debris Slide NA 16252 GO/SG/48E15/2015/20 Goa South Goa 15.39 73.913333 Earth Slide NA 16253 GO/SG/48E15/2015/22 Goa South Goa 15.391667 73.903611 Earth Slide NA
KER/KOZ/49M14/2025/02,Wayanad,11.520975,75.89981389,,"debris flow, debris flows",16 July 2025,396,KER/KOZ/49M14/2025/02 Kerala Kozhikode Cheedikuzhi debris flow Cheedikuzhi 11.520975 75.89981389 Debris Flows 16 July 2025 16223
KER/KOZ/49M14/2025/02,Wayanad,11.43813889,76.39222222,,debris slide,,396,KER/KOZ/49M14/2025/02 Kerala Malappuram Nadugani-Vazhikadavu Road-1 SH-28 11.43813889 76.39222222 Debris Slide Jul-25 16231
KER/KOZ/49M14/2025/03,Wayanad,11.42211111,76.38263889,,rock slide,,396,KER/KOZ/49M14/2025/03 Kerala Malappuram Nadugani-Vazhikadavu Road-2 SH-29 11.42211111 76.38263889 Rock Slide Jul-25 16232
KER/KOZ/49M14/2025/06,Wayanad,11.51527778,76.89536111,,rock slide,30 May 2025,396,KER/KOZ/49M14/2025/06 Kerala Kozhikode 26th mile Thalayad 1 Talayad –Kakkayam Road 11.51527778 76.89536111 Rock Slide 30 May 2025 16234
KER/KOZ/49M14/2025/07,Wayanad,11.51652778,75.89355556,,debris slide,30 May 2025,396,KER/KOZ/49M14/2025/07 Kerala Kozhikode Thalayad 2 Talayad –Kakkayam Road 11.51652778 75.89355556 Debris Slide 30 May 2025 16235
KER/KOZ/49M14/2025/3,Wayanad,11.72522222,75.81052778,,debris slide,16 July 2025,396,KER/KOZ/49M14/2025/3 Kerala Kozhikode Kuttiyadi churam slide 1 SH-54 11.72522222 75.81052778 Debris Slide 16 July 2025 16224
KER/KOZ/49M14/2025/4,Wayanad,11.72566667,75.81052778,,,6 July 2025,396,KER/KOZ/49M14/2025/4 Kerala Kozhikode Kuttiyadi Churam Slide 2 SH-54 11.72566667 75.81052778 Rock/Debris Fall 6 July 2025 16225
KER/KOZ/49M14/2025/5,Wayanad,11.72976111,75.81385278,,debris slide,16 July 2025,396,KER/KOZ/49M14/2025/5 Kerala Kozhikode Kuttiyadi Churam- 10th hairpin bend SH-54 11.72976111 75.81385278 Debris Slide 16 July 2025 at 01:00 hrs 16226
KER/KOZ/49M14/2025/5,Wayanad,11.72481667,75.81764167,,debris slide,,396,KER/KOZ/49M14/2025/5 Kerala Kozhikode Pakranthalam Opp to 10th hairpin turn Kuttiyadi churam 11.72481667 75.81764167 Debris Slide 2025 16227
KER/KOZ/49M15/2025/01,Wayanad,11.47475,75.92625,,rock slide,26 July 2025,396,"KER/KOZ/49M15/2025/01 Kerala Kozhikode Kattippara Kattippara, Mannathiyett 11.47475 75.92625 Rock Slide 26 July 2025 16222"
KER/MLP/58A4/2025/01,Wayanad,11.14075,76.01466667,,,,396,"KER/MLP/58A4/2025/01 Kerala Malappuram Morayur Ayyadan malai area, Morayur village 11.14075 76.01466667 Earth Rotational 26th June 2025 16229"
KER/PAL/58A12/2025/05,Wayanad,11.04488889,76.53952778,,rock slide,,396,KER/PAL/58A12/2025/05 Kerala Palakkad Mukkali rock slide Mannarkadu-Anakkatty Road 11.04488889 76.53952778 Rock Slide 15-Jun-25 16233
KER/WYD/58A03/2025/01,Wayanad,11.52101944,76.13565,"Chooralmala, Meppadi",debris slide,,396,KER/WYD/58A03/2025/01 Kerala Wayanad Meenakshi Bridge Meppadi- Chooralmala road 11.52101944 76.13565 Debris Slide Jun-24 16230
KL/IDK/58G/01/2025/PDLS/18,Wayanad,9.854678,77.234769,,debris slide,,396,"KL/IDK/58G/01/2025/PDLS/18 Kerala Idukki Soolappara Debris slide Soolappara, Paruthod village 9.854678 77.234769 Debris Slide 2025 16219"
KL/IDK/58G/01/2025/PDLS/19,Wayanad,9.733907,77.117741,,debris flow,,396,"KL/IDK/58G/01/2025/PDLS/19 Kerala Idukki Kunthalampara Debris flow Kunthalampara, V.T Padi 9.733907 77.117741 Debris Flow 2025 16220"
