village,vlcode,state,district,block,population,total_population_village,total_households,total_geographical_area,latitude,longitude,coastal_hazard_score,flood_hazard_score,cyclone_hazard_score,rainfall_hazard_score,multi_hazard_score,multi_hazard_category,hazards_available,hazard_contribution
Ambalappuzha,628229,Kerala,Alappuzha,Ambalappuzha,33939.0,33939.0,7856.0,918.0,9.393971793042391,76.35592125596773,,,,,,,,
Purakkad,628231,Kerala,Alappuzha,Ambalappuzha,29782.0,29782.0,7219.0,2321.0,9.34377191494104,76.38191755439665,,,,,,,,
Aryad South,628227,Kerala,Alappuzha,Aryad,0.0,0.0,0.0,524.0,9.521485728618297,76.3461487389806,,,,,,,,
Kalavoor,628226,Kerala,Alappuzha,Aryad,29808.0,29808.0,7385.0,1277.0,9.57496044695925,76.31536581821265,,,,,,,,
Noornad,628283,Kerala,Alappuzha,Bharanikkavu (Part),25375.0,25375.0,6899.0,2128.0,9.20341144003446,76.62941125432755,,,,,,,,
Palamel,628284,Kerala,Alappuzha,Bharanikkavu (Part),32512.0,32512.0,8546.0,2559.0,9.17376797941027,76.6556233139787,,,,,,,,
Thamarakkulam,628285,Kerala,Alappuzha,Bharanikkavu (Part),27017.0,27017.0,7062.0,2089.0,9.15325662400385,76.60702137671723,,,,,,,,
Champakkulam,628244,Kerala,Alappuzha,Champakkulam,15848.0,15848.0,3932.0,2297.0,9.419214225020133,76.42638751338049,,,,,,,,
Kainakary North,628236,Kerala,Alappuzha,Champakkulam,8292.0,8292.0,1919.0,3317.0,9.521754190029496,76.40088999895725,,,,,,,,
Kainakary South,628237,Kerala,Alappuzha,Champakkulam,15405.0,15405.0,3770.0,745.0,9.467102673950086,76.38616437795207,,,,,,,,
Mullakkal Part,628228,Kerala,Alappuzha,Champakkulam,497.0,497.0,112.0,58.0,9.516164187108132,76.36919440642106,,,,,,,,
Nedumudi,628245,Kerala,Alappuzha,Champakkulam,14601.0,14601.0,3668.0,2023.0,9.422639276050337,76.38890282624493,,,,,,,,
Thakazhy,628246,Kerala,Alappuzha,Champakkulam,15758.0,15758.0,3858.0,2527.0,9.36644107798274,76.42146678059625,,,,,,,,
Thalavady,628249,Kerala,Alappuzha,Champakkulam,20556.0,20556.0,5250.0,1576.0,9.368766949823415,76.49595526055604,,,,,,,,
Ennakkad,628267,Kerala,Alappuzha,Chengannur,18444.0,18444.0,4860.0,1295.0,9.295284075879191,76.55942810964814,,,,,,,,
Mulakuzha Part,628271,Kerala,Alappuzha,Chengannur,28390.0,28390.0,7694.0,2278.0,9.2833304158544,76.64738939239967,,,,,,,,
Puliyoor Part,628273,Kerala,Alappuzha,Chengannur,16531.0,16531.0,4459.0,1166.0,9.299310545410846,76.58698547569175,,,,,,,,
Thiruvanvandoor,628269,Kerala,Alappuzha,Chengannur,12712.0,12712.0,3344.0,888.0,9.3434854764984,76.57871569410553,,,,,,,,
Cheruthana,628251,Kerala,Alappuzha,Haripad,12882.0,12882.0,3274.0,1425.0,9.328588234242831,76.44555965080916,,,,,,,,
Karuvatta,628250,Kerala,Alappuzha,Haripad,14755.0,14755.0,3892.0,1440.0,9.322534813425952,76.41618471437174,,,,,,,,
Veeyapuram,628252,Kerala,Alappuzha,Haripad,11392.0,11392.0,2949.0,1403.0,9.3174897729288,76.47065672576754,,,,,,,,
Cherthala North Part,628211,Kerala,Alappuzha,Kanjikkuzhi,13945.0,13945.0,3450.0,564.0,9.67773180980296,76.30511020575476,,,,,,,,
Mararikkulam North,628213,Kerala,Alappuzha,Kanjikkuzhi,31322.0,31322.0,7747.0,1726.0,9.619502208404004,76.31370060235129,,,,,,,,
Perungala,628281,Kerala,Alappuzha,Mavelikkara,14151.0,14151.0,3790.0,783.0,9.207837178122723,76.52322387248837,,,,,,,,
Thekkekara Part,628280,Kerala,Alappuzha,Mavelikkara,32373.0,32373.0,8609.0,1982.0,9.212817094546228,76.55698292993864,,,,,,,,
Thriperumthura,628278,Kerala,Alappuzha,Mavelikkara,15226.0,15226.0,4021.0,1623.0,9.286594093660003,76.51267660927974,,,,,,,,
Vettiyar,628279,Kerala,Alappuzha,Mavelikkara,21393.0,21393.0,5673.0,1217.0,9.229425181427736,76.59369539630764,,,,,,,,
Arattupuzha,628255,Kerala,Alappuzha,Muthukulam,29264.0,29264.0,7471.0,2270.0,9.196564949942758,76.44365610065555,,,,,,,,
Kadakkarappally,628210,Kerala,Alappuzha,Pattanakkad,20487.0,20487.0,5094.0,881.0,9.69976201168858,76.30106982516531,,,,,,,,
Pattanakkad,628209,Kerala,Alappuzha,Pattanakkad,31629.0,31629.0,7744.0,1545.0,9.732091105275396,76.30384205038514,,,,,,,,
Thuravoor Thekku,628208,Kerala,Alappuzha,Pattanakkad,28802.0,28802.0,6966.0,1917.0,9.765049536358196,76.31328284591554,,,,,,,,
Perumbalam,628206,Kerala,Alappuzha,Thaikattussery,9733.0,9733.0,2365.0,1461.0,9.855877271956633,76.35584521062704,,,,,,,,
Edathua,628247,Kerala,Alappuzha,Veliyanad (Part),21699.0,21699.0,5468.0,2712.0,9.376993074619104,76.46201130273944,,,,,,,,
Kunnumma,628239,Kerala,Alappuzha,Veliyanad (Part),14252.0,14252.0,3420.0,1096.0,9.479154902534308,76.44678134568059,,,,,,,,
Muttar,628248,Kerala,Alappuzha,Veliyanad (Part),9200.0,9200.0,2264.0,1048.0,9.400233992714842,76.4912602033236,,,,,,,,
Ramankary,628243,Kerala,Alappuzha,Veliyanad (Part),10755.0,10755.0,2611.0,1135.0,9.422221369228795,76.4644923017361,,,,,,,,
Veliyanad,628242,Kerala,Alappuzha,Veliyanad (Part),12501.0,12501.0,3041.0,1941.0,9.4392839196613,76.48348532542882,,,,,,,,
Ayyampuzha,627967,Kerala,Ernakulam,Angamaly,14253.0,14253.0,3650.0,4405.0,10.24134681120981,76.56562060452127,,,,,,,,
Malayattoor,627969,Kerala,Ernakulam,Angamaly,14494.0,14494.0,3681.0,2393.0,10.201503719200634,76.51273255519452,,,,,,,,
Mookkannoor,627966,Kerala,Ernakulam,Angamaly,19009.0,19009.0,4756.0,2127.0,10.242806887906102,76.41645559748346,,,,,,,,
Thuravoor,627970,Kerala,Ernakulam,Angamaly,22786.0,22786.0,5835.0,1803.0,10.196587404221956,76.41051861664445,,,,,,,,
Kuttampuzha,628041,Kerala,Ernakulam,Chalakudy (Part),24799.0,24799.0,6487.0,44805.0,10.183564899222937,76.82436165911218,,,,,,,,
Thrikkakara North Part,628002,Kerala,Ernakulam,Edapally,546.0,546.0,164.0,582.0,10.039073819794323,76.36825743012957,,,,,,,,
Asamannoor,627945,Kerala,Ernakulam,Koovappady,19311.0,19311.0,4714.0,2123.0,10.093001248288967,76.5537527974259,,,,,,,,
Kodanad,627941,Kerala,Ernakulam,Koovappady,14244.0,14244.0,3502.0,1941.0,10.180019606532673,76.51764177224835,,,,,,,,
Kombanad,627942,Kerala,Ernakulam,Koovappady,10976.0,10976.0,2810.0,23139.0,10.164185362529707,76.58374167564051,,,,,,,,
Vengoor,627943,Kerala,Ernakulam,Koovappady,10961.0,10961.0,2797.0,1663.0,10.138886612392314,76.55160904175307,,,,,,,,
Vengoor West,627944,Kerala,Ernakulam,Koovappady,17355.0,17355.0,4448.0,2197.0,10.145398207366744,76.52018020353407,,,,,,,,
Kedavoor,628045,Kerala,Ernakulam,Kothamangalam (Part),15336.0,15336.0,3739.0,2411.0,10.003776618802377,76.73181000983388,,,,,,,,
Kottappady,628039,Kerala,Ernakulam,Kothamangalam (Part),13512.0,13512.0,3357.0,2786.0,10.12803233555403,76.6036626696276,,,,,,,,
Kuttamangalam,628043,Kerala,Ernakulam,Kothamangalam (Part),17400.0,17400.0,4200.0,3590.0,10.054731402081638,76.69192406842198,,,,,,,,
Neriamangalam,628044,Kerala,Ernakulam,Kothamangalam (Part),15994.0,15994.0,3952.0,2730.0,10.048907705326892,76.75384430656551,,,,,,,,
Pindimana,628040,Kerala,Ernakulam,Kothamangalam (Part),12516.0,12516.0,3242.0,2179.0,10.121155789093043,76.63979843177736,,,,,,,,
Thrikkariyoor Part,628038,Kerala,Ernakulam,Kothamangalam (Part),15746.0,15746.0,3888.0,1326.0,10.092878605138608,76.59588162274548,,,,,,,,
Edakkattuvayal,628003,Kerala,Ernakulam,Mulamthuruthy,11912.0,11912.0,2966.0,1808.0,9.872308860013115,76.4357883535136,,,,,,,,
Kaippattur,628004,Kerala,Ernakulam,Mulamthuruthy,6246.0,6246.0,1579.0,820.0,9.852206413937967,76.4476213109045,,,,,,,,
Keecherry,628006,Kerala,Ernakulam,Mulamthuruthy,6356.0,6356.0,1573.0,506.0,9.83309633783488,76.40896360491527,,,,,,,,
Kulayettikara,628005,Kerala,Ernakulam,Mulamthuruthy,7914.0,7914.0,1937.0,671.0,9.842266639966503,76.42727939212307,,,,,,,,
Kalloorkkad,628023,Kerala,Ernakulam,Muvattupuzha (Part),12911.0,12911.0,3130.0,2420.0,9.961143187315566,76.69129348490304,,,,,,,,
Marady Part,628027,Kerala,Ernakulam,Muvattupuzha (Part),17176.0,17176.0,4255.0,1793.0,9.940857956979109,76.55709655936828,,,,,,,,
Memury,628028,Kerala,Ernakulam,Muvattupuzha (Part),10049.0,10049.0,2560.0,2294.0,9.94410413582279,76.51782728108935,,,,,,,,
Muvattupuzha Part,628025,Kerala,Ernakulam,Muvattupuzha (Part),19797.0,19797.0,4725.0,1860.0,9.941840667208451,76.62501921624207,,,,,,,,
Valakam,628020,Kerala,Ernakulam,Muvattupuzha (Part),15966.0,15966.0,4012.0,2110.0,9.9815848011908,76.53366860730593,,,,,,,,
Chellanam,627997,Kerala,Ernakulam,Palluruthy,14928.0,14928.0,3446.0,812.0,9.81895529406206,76.27790016943892,,,,,,,,
Koothattukulam,628035,Kerala,Ernakulam,Pampakuda,17253.0,17253.0,4470.0,2313.0,9.861267855114528,76.58065957119575,,,,,,,,
Onakkoor,628032,Kerala,Ernakulam,Pampakuda,12421.0,12421.0,3159.0,2187.0,9.902342072191066,76.5214708464864,,,,,,,,
Palakkuzha,628034,Kerala,Ernakulam,Pampakuda,13412.0,13412.0,3401.0,2265.0,9.882822303225476,76.61159330827549,,,,,,,,
Piravom,628031,Kerala,Ernakulam,Pampakuda,27229.0,27229.0,6943.0,2896.0,9.869342324443696,76.49037018066423,,,,,,,,
Ramamangalam,628029,Kerala,Ernakulam,Pampakuda,10035.0,10035.0,2602.0,1408.0,9.927685254671,76.48820156044374,,,,,,,,
Thirumarady,628033,Kerala,Ernakulam,Pampakuda,17585.0,17585.0,4482.0,2934.0,9.896491460916485,76.5550365596216,,,,,,,,
Kunnukara,627981,Kerala,Ernakulam,Parakkadavu (Part),16433.0,16433.0,4068.0,1265.0,10.156930395111406,76.30571506511929,,,,,,,,
Ezhikkara,627982,Kerala,Ernakulam,Paravur,10813.0,10813.0,2698.0,1301.0,10.088944228902513,76.23399080341436,,,,,,,,
Aikaranad North,627953,Kerala,Ernakulam,Vadavukode,20316.0,20316.0,5123.0,2404.0,9.994167127585726,76.4617034086248,,,,,,,,
Aikaranad South,627954,Kerala,Ernakulam,Vadavukode,21053.0,21053.0,5375.0,2254.0,9.96425437298923,76.4606377520135,,,,,,,,
Irapuram,627948,Kerala,Ernakulam,Vadavukode,19137.0,19137.0,4770.0,2428.0,10.040058509960652,76.51021056403314,,,,,,,,
Mazhuvannoor,627949,Kerala,Ernakulam,Vadavukode,14946.0,14946.0,3679.0,2785.0,10.01234126780763,76.49964644128991,,,,,,,,
Vadavukode,627952,Kerala,Ernakulam,Vadavukode,2377.0,2377.0,624.0,250.0,9.983900587699246,76.42476496623121,,,,,,,,
Arakapady,627947,Kerala,Ernakulam,Vazhakulam,17779.0,17779.0,4213.0,1758.0,10.064645638579147,76.45946525017706,,,,,,,,
Pattimattom,627950,Kerala,Ernakulam,Vazhakulam,21595.0,21595.0,5128.0,2135.0,10.032823884839503,76.44622029288337,,,,,,,,
Edavanakkad,627995,Kerala,Ernakulam,Vypin,21787.0,21787.0,5293.0,1124.0,10.091286931030991,76.20561821625226,,,,,,,,
Kuzhuppilly,627993,Kerala,Ernakulam,Vypin,23858.0,23858.0,5797.0,852.0,10.137322243520952,76.18895328015866,,,,,,,,
Nayarambalam,627996,Kerala,Ernakulam,Vypin,24127.0,24127.0,5910.0,1219.0,10.064604658720782,76.21930110388118,,,,,,,,
Pallippuram,627994,Kerala,Ernakulam,Vypin,32321.0,32321.0,8056.0,1152.0,10.142526789790184,76.19071593106665,,,,,,,,
Baisonvally,628063,Kerala,Idukki,Adimali,12653.0,12653.0,3163.0,3262.0,10.009156231755115,77.10015510285257,,,,,,,,
Kunjithanny,628059,Kerala,Idukki,Adimali,12202.0,12202.0,3069.0,2577.0,10.010126692300366,77.04505835686388,,,,,,,,
Mannamkandam,628056,Kerala,Idukki,Adimali,40593.0,40593.0,10368.0,34088.0,10.038019724123789,76.89729150738836,,,,,,,,
Pallivasal,628058,Kerala,Idukki,Adimali,10875.0,10875.0,2726.0,3389.0,10.043755374921584,77.03407090061843,,,,,,,,
Rajakkad,628062,Kerala,Idukki,Adimali,16486.0,16486.0,4094.0,3266.0,9.961490067481328,77.08959243757674,,,,,,,,
Vellathuval,628060,Kerala,Idukki,Adimali,14509.0,14509.0,3622.0,4812.0,9.989729446003878,77.0093046085011,,,,,,,,
Kokkayar,628106,Kerala,Idukki,Azhutha,12190.0,12190.0,3057.0,6211.0,9.58278459525105,76.91784449281309,,,,,,,,
Kumily,628110,Kerala,Idukki,Azhutha,30276.0,30276.0,7404.0,20331.0,9.5783222326787,77.19548391625469,,,,,,,,
Manjumala,628108,Kerala,Idukki,Azhutha,20503.0,20503.0,5126.0,9654.0,9.551863592778572,77.0522820008829,,,,,,,,
Mlappara,628111,Kerala,Idukki,Azhutha,1129.0,1129.0,314.0,54940.0,9.453223279747236,77.23737850490403,,,,,,,,
Periyar,628109,Kerala,Idukki,Azhutha,22978.0,22978.0,5749.0,5098.0,9.581183122184292,77.11063745149839,,,,,,,,
Peruvanthanam,628112,Kerala,Idukki,Azhutha,14093.0,14093.0,3424.0,6892.0,9.522464126425788,76.9631765097688,,,,,,,,
Kannan Devan Hills,628054,Kerala,Idukki,Devikulam,55738.0,55738.0,14134.0,45689.0,10.1452969896551,77.09874839620227,,,,,,,,
Kanthalloor,628051,Kerala,Idukki,Devikulam,6758.0,6758.0,1778.0,4842.0,10.211091965480865,77.18728851936929,,,,,,,,
Keezhanthoor,628050,Kerala,Idukki,Devikulam,4205.0,4205.0,1145.0,6788.0,10.27324496176225,77.21407550984554,,,,,,,,
Kottakamboor,628052,Kerala,Idukki,Devikulam,2405.0,2405.0,660.0,3603.0,10.214528509806014,77.25183459401909,,,,,,,,
Mankulam,628055,Kerala,Idukki,Devikulam,9595.0,9595.0,2513.0,10446.0,10.122277298331452,76.94074754262947,,,,,,,,
Poopara,628065,Kerala,Idukki,Devikulam,8231.0,8231.0,2267.0,4105.0,9.989644704032758,77.22217263669971,,,,,,,,
Rajakumari,628066,Kerala,Idukki,Devikulam,16253.0,16253.0,4233.0,4454.0,9.987529274728356,77.15856179077142,,,,,,,,
Santhanpara,628068,Kerala,Idukki,Devikulam,6782.0,6782.0,1985.0,3643.0,9.948828974379127,77.22435860800775,,,,,,,,
Vattavada,628053,Kerala,Idukki,Devikulam,3292.0,3292.0,901.0,3178.0,10.166936034673224,77.25700183891401,,,,,,,,
Udumbannoor,628088,Kerala,Idukki,Elamdesom,23709.0,23709.0,5860.0,3115.0,9.907101402000366,76.84881351273236,,,,,,,,
Vannapuram,628086,Kerala,Idukki,Elamdesom,28905.0,28905.0,7325.0,1482.0,9.98894758193852,76.81611967761302,,,,,,,,
Velliyamattom,628098,Kerala,Idukki,Elamdesom,19366.0,19366.0,4828.0,2835.0,9.842702864791477,76.83024727876939,,,,,,,,
Arakkulam,628100,Kerala,Idukki,Idukki,12421.0,12421.0,3157.0,4135.0,9.793125802148928,76.86016845274327,,,,,,,,
Elappally,628102,Kerala,Idukki,Idukki,4320.0,4320.0,1148.0,2687.0,9.764991242497562,76.84546728407022,,,,,,,,
Idukki,628099,Kerala,Idukki,Idukki,21724.0,21724.0,5485.0,32427.0,9.831423446221706,76.92405750449406,,,,,,,,
Kanjikuzhi,628087,Kerala,Idukki,Idukki,26809.0,26809.0,6838.0,22354.0,9.957417203198954,76.91976380862664,,,,,,,,
Kudayathoor,628101,Kerala,Idukki,Idukki,10080.0,10080.0,2463.0,2093.0,9.811830872355053,76.79641777912268,,,,,,,,
Thankamony,628073,Kerala,Idukki,Idukki,24389.0,24389.0,5907.0,4462.0,9.844666679246348,77.02768359823585,,,,,,,,
Vathikudy,628071,Kerala,Idukki,Idukki,26359.0,26359.0,6556.0,4870.0,9.894250761164162,77.04167351752503,,,,,,,,
Anakkara,628083,Kerala,Idukki,Kattappana,24192.0,24192.0,5962.0,3846.0,9.695169378490093,77.17767181542814,,,,,,,,
Anavilasam,628081,Kerala,Idukki,Kattappana,7549.0,7549.0,2006.0,2693.0,9.666480247880136,77.07995519314463,,,,,,,,
Ayyappancoil,628080,Kerala,Idukki,Kattappana,34267.0,34267.0,8736.0,8573.0,9.743480041343574,77.04624863081371,,,,,,,,
Chakkupallam,628082,Kerala,Idukki,Kattappana,12609.0,12609.0,3429.0,2833.0,9.662733127308554,77.14110891369525,,,,,,,,
Kattappana,628079,Kerala,Idukki,Kattappana,42646.0,42646.0,10419.0,6132.0,9.755231362666516,77.10902810966918,,,,,,,,
Upputhara,628104,Kerala,Idukki,Kattappana,18885.0,18885.0,4965.0,3598.0,9.743429967186572,76.99550653564069,,,,,,,,
Vagamon,628103,Kerala,Idukki,Kattappana,14641.0,14641.0,3816.0,7830.0,9.700203094622193,76.92966880590053,,,,,,,,
Vandanmedu,628078,Kerala,Idukki,Kattappana,12138.0,12138.0,3344.0,2912.0,9.724516925831892,77.15099564748206,,,,,,,,
Kodikulam,628085,Kerala,Idukki,Kothamangalam (Part),12741.0,12741.0,3192.0,2953.0,9.96107138626444,76.75941971676228,,,,,,,,
Kumaramangalam Part,628084,Kerala,Idukki,Muvattupuzha (Part),15522.0,15522.0,3669.0,2064.0,9.945091686299628,76.71962250114802,,,,,,,,
Chathurangapara,628069,Kerala,Idukki,Nedumkandam,4177.0,4177.0,1306.0,2992.0,9.898334171716028,77.19774970975374,,,,,,,,
Kalkoonthal,628074,Kerala,Idukki,Nedumkandam,42006.0,42006.0,10307.0,6277.0,9.837556797813066,77.11690551494948,,,,,,,,
Kanthippara,628067,Kerala,Idukki,Nedumkandam,10901.0,10901.0,2751.0,3024.0,9.94353221536658,77.14796771304562,,,,,,,,
Pampadumpara,628076,Kerala,Idukki,Nedumkandam,17336.0,17336.0,4351.0,3619.0,9.797218468510383,77.15659046900892,,,,,,,,
Parathodu,628075,Kerala,Idukki,Nedumkandam,20417.0,20417.0,5444.0,5663.0,9.852811226832571,77.18175604920243,,,,,,,,
Udumbanchola,628070,Kerala,Idukki,Nedumkandam,10064.0,10064.0,2796.0,3179.0,9.908410276431631,77.14135815983046,,,,,,,,
Karimkunnam Part,628095,Kerala,Idukki,Thodupuzha,11956.0,11956.0,3030.0,2175.0,9.85422255099226,76.69805052858763,,,,,,,,
Purapuzha,628094,Kerala,Idukki,Thodupuzha,11836.0,11836.0,2952.0,2273.0,9.863137469784007,76.65424721242952,,,,,,,,
Thodupuzha Part,628092,Kerala,Idukki,Thodupuzha,557.0,557.0,154.0,92.0,9.86453811693703,76.697942613622,,,,,,,,
Eruvassy,627199,Kerala,Kannur,Irikkur,19216.0,19216.0,4694.0,4908.0,12.110061625062064,75.56503103039645,,,,,,,,
Kalliad,627204,Kerala,Kannur,Irikkur,9410.0,9410.0,2163.0,3002.0,12.010825800089028,75.58301151470239,,,,,,,,
Kayaralam,627208,Kerala,Kannur,Irikkur,17159.0,17159.0,3800.0,2033.0,12.000628781051542,75.4347255187498,,,,,,,,
Nediyanga,627198,Kerala,Kannur,Irikkur,15859.0,15859.0,3838.0,3522.0,12.077360780741468,75.5138185557416,,,,,,,,
Padiyoor,627203,Kerala,Kannur,Irikkur,12114.0,12114.0,2758.0,2544.0,12.002602012057494,75.62311820925584,,,,,,,,
Vayathur,627202,Kerala,Kannur,Irikkur,22743.0,22743.0,5395.0,4340.0,12.06744219973942,75.67954306405746,,,,,,,,
Aralam,627256,Kerala,Kannur,Iritty,29328.0,29328.0,6904.0,11245.0,11.96279311120052,75.79173482224527,,,,,,,,
Ayyankunnu,627255,Kerala,Kannur,Iritty,22436.0,22436.0,5387.0,8828.0,12.039200559616116,75.76217044747936,,,,,,,,
Chavassery,627251,Kerala,Kannur,Iritty,22480.0,22480.0,4380.0,2311.0,11.955358171664882,75.6190950808488,,,,,,,,
Keezhur,627252,Kerala,Kannur,Iritty,16597.0,16597.0,3622.0,1862.0,11.9678052880799,75.66958737273336,,,,,,,,
Payam,627253,Kerala,Kannur,Iritty,15429.0,15429.0,3667.0,1902.0,11.992515307036232,75.6795733147197,,,,,,,,
Thillenkeri,627262,Kerala,Kannur,Iritty,14583.0,14583.0,3204.0,2506.0,11.928010359893236,75.65424257212933,,,,,,,,
Cheruvanchery,627269,Kerala,Kannur,Koothuparamba,10341.0,10341.0,2179.0,1521.0,11.820438096524986,75.70624325886293,,,,,,,,
Kannavam,627267,Kerala,Kannur,Koothuparamba,9211.0,9211.0,2084.0,1674.0,11.860960914638596,75.64575890608334,,,,,,,,
Thrippangottur,627271,Kerala,Kannur,Koothuparamba,29911.0,29911.0,6536.0,3239.0,11.76886201382508,75.64974992222061,,,,,,,,
Alapadamba,627180,Kerala,Kannur,Payyannur,8660.0,8660.0,2233.0,2525.0,12.198675305164318,75.25535472483597,,,,,,,,
Eramam,627181,Kerala,Kannur,Payyannur,9448.0,9448.0,2425.0,2165.0,12.14687086595847,75.28128715045406,,,,,,,,
Kankole,627179,Kerala,Kannur,Payyannur,10665.0,10665.0,2576.0,1677.0,12.154245094034408,75.23843513845654,,,,,,,,
Kuttoor,627183,Kerala,Kannur,Payyannur,8143.0,8143.0,2022.0,2258.0,12.16905197298438,75.32381486120464,,,,,,,,
Mattool,627219,Kerala,Kannur,Payyannur,27806.0,27806.0,4564.0,1284.0,11.968541797729047,75.28891288910914,,,,,,,,
Panapuzha,627218,Kerala,Kannur,Payyannur,11355.0,11355.0,2701.0,3557.0,12.130083250071351,75.3427352424553,,,,,,,,
Pulingome,627188,Kerala,Kannur,Payyannur,10672.0,10672.0,2631.0,2880.0,12.276757001430385,75.43589218595413,,,,,,,,
Ramanthali,627177,Kerala,Kannur,Payyannur,25711.0,25711.0,5082.0,2991.0,12.045530992025135,75.20411334680885,,,,,,,,
Thirumeni,627189,Kerala,Kannur,Payyannur,8611.0,8611.0,2077.0,2358.0,12.247659181435871,75.41537424220219,,,,,,,,
Kanichar,627259,Kerala,Kannur,Peravoor,15789.0,15789.0,3838.0,5196.0,11.881646236766295,75.77493629127221,,,,,,,,
Kelakam,627258,Kerala,Kannur,Peravoor,16211.0,16211.0,4026.0,7793.0,11.89409665815086,75.82523843798228,,,,,,,,
Kottiyoor,627257,Kerala,Kannur,Peravoor,16698.0,16698.0,4156.0,15501.0,11.893069649323271,75.89407396914403,,,,,,,,
Muzhakkunnu,627261,Kerala,Kannur,Peravoor,21807.0,21807.0,4881.0,3103.0,11.936830018197758,75.70512714230405,,,,,,,,
Alakode,627190,Kerala,Kannur,Taliparamba,33173.0,33173.0,8007.0,7268.0,12.228134705911044,75.46347901650081,,,,,,,,
Chengalai,627207,Kerala,Kannur,Taliparamba,15800.0,15800.0,3270.0,2118.0,12.03215925675192,75.46580189926394,,,,,,,,
Chuzhali,627197,Kerala,Kannur,Taliparamba,14759.0,14759.0,3449.0,4619.0,12.078108016169956,75.45780067014535,,,,,,,,
New Naduvil,627192,Kerala,Kannur,Taliparamba,20369.0,20369.0,4926.0,4931.0,12.139497661720355,75.493339684283,,,,,,,,
Panniyoor,627194,Kerala,Kannur,Taliparamba,12382.0,12382.0,2673.0,2454.0,12.071386266827329,75.40830218746379,,,,,,,,
Pattuvam,627196,Kerala,Kannur,Taliparamba,15659.0,15659.0,3300.0,1681.0,12.022862073207644,75.32556338143515,,,,,,,,
Thimiri,627186,Kerala,Kannur,Taliparamba,18044.0,18044.0,4497.0,4730.0,12.190206602224215,75.40933477050082,,,,,,,,
Vellad,627191,Kerala,Kannur,Taliparamba,25875.0,25875.0,6229.0,8094.0,12.18408599210568,75.52347008162455,,,,,,,,
Ambalathara,627153,Kerala,Kasaragod,Kanhangad,9120.0,9120.0,2217.0,2522.0,12.330732369875507,75.15220507280381,,,,,,,,
Kallar,627143,Kerala,Kasaragod,Kanhangad,19414.0,19414.0,4691.0,5267.0,12.42932424653266,75.25507754823757,,,,,,,,
Kodom,627142,Kerala,Kasaragod,Kanhangad,6915.0,6915.0,1659.0,1972.0,12.41600824348945,75.19723604989855,,,,,,,,
Madikai,627154,Kerala,Kasaragod,Kanhangad,12930.0,12930.0,3310.0,2656.0,12.299012466525266,75.15510152972182,,,,,,,,
Panathady,627144,Kerala,Kasaragod,Kanhangad,22976.0,22976.0,5563.0,8877.0,12.458578334259167,75.34511992015152,,,,,,,,
Panayal,627137,Kerala,Kasaragod,Kanhangad,19186.0,19186.0,4291.0,2811.0,12.424444635438936,75.06804368750475,,,,,,,,
Parappa,627151,Kerala,Kasaragod,Kanhangad,14137.0,14137.0,3463.0,4022.0,12.345551429243583,75.26422260646015,,,,,,,,
Pullur,627140,Kerala,Kasaragod,Kanhangad,15565.0,15565.0,3667.0,2859.0,12.37867159291782,75.12430106018446,,,,,,,,
Thayanur,627152,Kerala,Kasaragod,Kanhangad,11955.0,11955.0,2917.0,3994.0,12.346514452580283,75.2045492018502,,,,,,,,
Adhur,627110,Kerala,Kasaragod,Kasaragod,11598.0,11598.0,2107.0,2258.0,12.565765900610206,75.19051617331048,,,,,,,,
Bandadka,627118,Kerala,Kasaragod,Kasaragod,7824.0,7824.0,1849.0,2330.0,12.495632547402524,75.2884341557674,,,,,,,,
Bedadka,627114,Kerala,Kasaragod,Kasaragod,13476.0,13476.0,2985.0,3624.0,12.459233202909047,75.14232032563476,,,,,,,,
Delampady,627120,Kerala,Kasaragod,Kasaragod,7291.0,7291.0,1314.0,1568.0,12.590300855856755,75.28100545650663,,,,,,,,
Kalnad,627100,Kerala,Kasaragod,Kasaragod,18029.0,18029.0,3351.0,847.0,12.458165735740838,75.00918205434414,,,,,,,,
Karadka,627111,Kerala,Kasaragod,Kasaragod,9613.0,9613.0,2158.0,1859.0,12.532768235809437,75.15106571098795,,,,,,,,
Karivedakam,627117,Kerala,Kasaragod,Kasaragod,10042.0,10042.0,2237.0,2206.0,12.489348628665908,75.25168462442599,,,,,,,,
Kolathur,627113,Kerala,Kasaragod,Kasaragod,5780.0,5780.0,1331.0,1763.0,12.463033566054442,75.10086310884995,,,,,,,,
Kuttikole,627116,Kerala,Kasaragod,Kasaragod,7057.0,7057.0,1657.0,2094.0,12.485251494712736,75.20758734611356,,,,,,,,
Muliyar,627112,Kerala,Kasaragod,Kasaragod,25095.0,25095.0,4980.0,3427.0,12.504248779617566,75.11004417103054,,,,,,,,
Munnad,627115,Kerala,Kasaragod,Kasaragod,8612.0,8612.0,1989.0,3131.0,12.455526873102736,75.18347908522254,,,,,,,,
Muttathody,627103,Kerala,Kasaragod,Kasaragod,20658.0,20658.0,3846.0,1205.0,12.528675942871097,75.03256818320703,,,,,,,,
Nekraje,627105,Kerala,Kasaragod,Kasaragod,12519.0,12519.0,2428.0,2046.0,12.550042902324796,75.09570649077187,,,,,,,,
Pady,627104,Kerala,Kasaragod,Kasaragod,8016.0,8016.0,1564.0,1221.0,12.53015039162164,75.06393971595341,,,,,,,,
Patla,627099,Kerala,Kasaragod,Kasaragod,5481.0,5481.0,982.0,469.0,12.567831466660078,75.00272461475677,,,,,,,,
Perumbala,627101,Kerala,Kasaragod,Kasaragod,8096.0,8096.0,1677.0,792.0,12.48800797004041,75.02767757508617,,,,,,,,
Thekkil,627102,Kerala,Kasaragod,Kasaragod,14299.0,14299.0,2822.0,1542.0,12.476567800916426,75.05943283085875,,,,,,,,
Angadimogaru,627082,Kerala,Kasaragod,Manjeshwar,2552.0,2552.0,456.0,325.0,12.63349133766941,75.0134184834875,,,,,,,,
Arikady,627097,Kerala,Kasaragod,Manjeshwar,8001.0,8001.0,1398.0,558.0,12.61041885885922,74.94531023313934,,,,,,,,
Badaje,627069,Kerala,Kasaragod,Manjeshwar,8170.0,8170.0,1479.0,640.0,12.724838317747984,74.90915899051515,,,,,,,,
Badiyadka,627088,Kerala,Kasaragod,Manjeshwar,10694.0,10694.0,2117.0,2347.0,12.598887973931085,75.09037747798087,,,,,,,,
Badoor,627081,Kerala,Kasaragod,Manjeshwar,5536.0,5536.0,960.0,1143.0,12.654758906192816,75.03563093982025,,,,,,,,
Bayar,627080,Kerala,Kasaragod,Manjeshwar,11057.0,11057.0,2022.0,2449.0,12.69390049147968,75.02867974134519,,,,,,,,
Bela,627090,Kerala,Kasaragod,Manjeshwar,11144.0,11144.0,2275.0,2279.0,12.572622750001024,75.03451674070666,,,,,,,,
Bellur,627109,Kerala,Kasaragod,Manjeshwar,3936.0,3936.0,773.0,890.0,12.589935373527137,75.16778889584896,,,,,,,,
Bombrana,627096,Kerala,Kasaragod,Manjeshwar,3759.0,3759.0,676.0,356.0,12.625082478565597,74.94657401950039,,,,,,,,
Chippar,627079,Kerala,Kasaragod,Manjeshwar,2834.0,2834.0,510.0,503.0,12.710297806349937,75.00286650357758,,,,,,,,
Edanad,627092,Kerala,Kasaragod,Manjeshwar,2922.0,2922.0,610.0,685.0,12.603581560422422,74.99678025706453,,,,,,,,
Enmakaje,627085,Kerala,Kasaragod,Manjeshwar,12697.0,12697.0,2432.0,3468.0,12.661600284007548,75.09482489530292,,,,,,,,
Heroor,627073,Kerala,Kasaragod,Manjeshwar,3195.0,3195.0,535.0,572.0,12.644506660713876,74.97145179514831,,,,,,,,
Ichilampady,627098,Kerala,Kasaragod,Manjeshwar,4001.0,4001.0,694.0,577.0,12.615443596204535,74.97524894836091,,,,,,,,
Kadambar,627065,Kerala,Kasaragod,Manjeshwar,2616.0,2616.0,503.0,328.0,12.719400423812788,74.9233088293792,,,,,,,,
Kannur,627093,Kerala,Kasaragod,Manjeshwar,2421.0,2421.0,445.0,686.0,12.577427040638334,74.98565247743586,,,,,,,,
Kattukukke,627086,Kerala,Kasaragod,Manjeshwar,3955.0,3955.0,797.0,1362.0,12.661725621483638,75.13637948256316,,,,,,,,
Kayyar,627076,Kerala,Kasaragod,Manjeshwar,4268.0,4268.0,826.0,732.0,12.664451955872174,74.96756835177348,,,,,,,,
Kidoor,627094,Kerala,Kasaragod,Manjeshwar,2569.0,2569.0,493.0,595.0,12.633233427142669,74.98009051584681,,,,,,,,
Kodalamogaru,627060,Kerala,Kasaragod,Manjeshwar,5788.0,5788.0,1107.0,1230.0,12.75245203410913,74.97148146089384,,,,,,,,
Kodibail,627071,Kerala,Kasaragod,Manjeshwar,3614.0,3614.0,668.0,258.0,12.670095013668108,74.92661419910834,,,,,,,,
Koliyoor,627061,Kerala,Kasaragod,Manjeshwar,2743.0,2743.0,496.0,489.0,12.739429689073962,74.95990331804137,,,,,,,,
Kubanoor,627074,Kerala,Kasaragod,Manjeshwar,2178.0,2178.0,420.0,326.0,12.66335649566524,74.94539967338594,,,,,,,,
Kudalmarkala,627077,Kerala,Kasaragod,Manjeshwar,7081.0,7081.0,1249.0,1530.0,12.657707432972042,75.00101462070444,,,,,,,,
Kuloor,627067,Kerala,Kasaragod,Manjeshwar,3381.0,3381.0,653.0,697.0,12.68593203887744,74.93702822757906,,,,,,,,
Kumbadaje,627107,Kerala,Kasaragod,Manjeshwar,11161.0,11161.0,2085.0,2625.0,12.584227965345605,75.13087902099205,,,,,,,,
Majibail,627068,Kerala,Kasaragod,Manjeshwar,1485.0,1485.0,306.0,343.0,12.697808456580576,74.91254486765118,,,,,,,,
Meenja,627064,Kerala,Kasaragod,Manjeshwar,4144.0,4144.0,826.0,1016.0,12.70138824768181,74.96181486207601,,,,,,,,
Moodambail,627066,Kerala,Kasaragod,Manjeshwar,4779.0,4779.0,932.0,692.0,12.70311348913183,74.93349608429185,,,,,,,,
Mugu,627083,Kerala,Kasaragod,Manjeshwar,2951.0,2951.0,521.0,530.0,12.621123336897268,75.03141334856333,,,,,,,,
Mulinja,627070,Kerala,Kasaragod,Manjeshwar,3841.0,3841.0,751.0,224.0,12.685813455660458,74.90722726218512,,,,,,,,
Nettanige,627108,Kerala,Kasaragod,Manjeshwar,6305.0,6305.0,1301.0,5168.0,12.610673881426376,75.18102947698749,,,,,,,,
Nirchal,627089,Kerala,Kasaragod,Manjeshwar,12369.0,12369.0,2352.0,2154.0,12.59918881094471,75.05615928588799,,,,,,,,
Padre,627087,Kerala,Kasaragod,Manjeshwar,5092.0,5092.0,970.0,1597.0,12.623885193141396,75.13171609465725,,,,,,,,
Paivalike,627078,Kerala,Kasaragod,Manjeshwar,9034.0,9034.0,1605.0,2036.0,12.70329198335856,74.98592953721878,,,,,,,,
Pathur,627059,Kerala,Kasaragod,Manjeshwar,6383.0,6383.0,1054.0,1044.0,12.7720984673584,74.98797842933352,,,,,,,,
Pavoor,627057,Kerala,Kasaragod,Manjeshwar,4798.0,4798.0,853.0,915.0,12.749899652910738,74.91785343886333,,,,,,,,
Puthige,627091,Kerala,Kasaragod,Manjeshwar,5441.0,5441.0,928.0,592.0,12.617604555874022,75.0093621394327,,,,,,,,
Sheni,627084,Kerala,Kasaragod,Manjeshwar,5080.0,5080.0,936.0,1396.0,12.63589733698884,75.05511881932496,,,,,,,,
Talikala,627063,Kerala,Kasaragod,Manjeshwar,1847.0,1847.0,363.0,529.0,12.721498354560064,74.94465855941948,,,,,,,,
Ubrangala,627106,Kerala,Kasaragod,Manjeshwar,3611.0,3611.0,702.0,478.0,12.56889865361175,75.10396950544303,,,,,,,,
Ujarulvar,627095,Kerala,Kasaragod,Manjeshwar,1328.0,1328.0,245.0,170.0,12.626724687799072,74.95717732743185,,,,,,,,
Vorkady,627058,Kerala,Kasaragod,Manjeshwar,8787.0,8787.0,1737.0,1351.0,12.767760583414058,74.93988244642144,,,,,,,,
Bheemanady,627150,Kerala,Kasaragod,Nileshwar,15688.0,15688.0,3625.0,4198.0,12.296132480190218,75.29956932353245,,,,,,,,
Cheemeni,627158,Kerala,Kasaragod,Nileshwar,8283.0,8283.0,2029.0,3668.0,12.246741930353265,75.25523191671572,,,,,,,,
Cheemeni Ii,627157,Kerala,Kasaragod,Nileshwar,1324.0,1324.0,367.0,349.0,12.276737202180389,75.24687129090358,,,,,,,,
Chittarikkal,627149,Kerala,Kasaragod,Nileshwar,15152.0,15152.0,3726.0,3265.0,12.296552911559964,75.34597745220168,,,,,,,,
Karindalam,627156,Kerala,Kasaragod,Nileshwar,6602.0,6602.0,1661.0,2037.0,12.293746650042644,75.2418225056853,,,,,,,,
Kayyur,627159,Kerala,Kasaragod,Nileshwar,6450.0,6450.0,1788.0,2055.0,12.259724536974488,75.2063681707669,,,,,,,,
Kilayikode,627160,Kerala,Kasaragod,Nileshwar,3251.0,3251.0,839.0,714.0,12.24797956757919,75.17491028879367,,,,,,,,
Padne,627163,Kerala,Kasaragod,Nileshwar,21009.0,21009.0,3776.0,1306.0,12.178937998139943,75.13912895400955,,,,,,,,
Palavayal,627148,Kerala,Kasaragod,Nileshwar,9923.0,9923.0,2371.0,2999.0,12.316289104959258,75.39218329845079,,,,,,,,
Udinoor,627164,Kerala,Kasaragod,Nileshwar,11401.0,11401.0,2621.0,1257.0,12.14624385118358,75.15976794750685,,,,,,,,
West Eleri,627147,Kerala,Kasaragod,Nileshwar,10656.0,10656.0,2656.0,2528.0,12.344748443050296,75.33417635289004,,,,,,,,
Alayamon,628402,Kerala,Kollam,Anchal,12219.0,12219.0,3261.0,1671.0,8.902213323990713,76.95639459403378,,,,,,,,
Channappetta,628403,Kerala,Kollam,Anchal,8518.0,8518.0,2276.0,2440.0,8.86610254023936,76.98969839461508,,,,,,,,
Edamon,628391,Kerala,Kollam,Anchal,12029.0,12029.0,3284.0,5685.0,9.048906629045923,77.00878098473073,,,,,,,,
Eroor,628401,Kerala,Kollam,Anchal,20640.0,20640.0,5486.0,2224.0,8.931968633388877,76.95276669542824,,,,,,,,
Kulathupuzha,628394,Kerala,Kollam,Anchal,15931.0,15931.0,4145.0,33521.0,8.869788581848463,77.1483248570377,,,,,,,,
Thenmala,628392,Kerala,Kollam,Anchal,11366.0,11366.0,3212.0,13764.0,9.027627146890458,77.06540293026852,,,,,,,,
Elamad,628418,Kerala,Kollam,Chadayamangalam,27248.0,27248.0,7078.0,3016.0,8.901934278294215,76.82242392950658,,,,,,,,
Kadakkal,628425,Kerala,Kollam,Chadayamangalam,30719.0,30719.0,8279.0,2948.0,8.834659183207128,76.91560569750273,,,,,,,,
Kummil,628427,Kerala,Kollam,Chadayamangalam,20383.0,20383.0,5301.0,1946.0,8.792224221314154,76.92777805948025,,,,,,,,
Mancode,628428,Kerala,Kollam,Chadayamangalam,24988.0,24988.0,6531.0,2447.0,8.792664516421143,76.97797955573614,,,,,,,,
Thekkumbhagom,628362,Kerala,Kollam,Chavara,16937.0,16937.0,4388.0,1660.0,8.961965189290524,76.56504642463149,,,,,,,,
Thevalakkara,628361,Kerala,Kollam,Chavara,42977.0,42977.0,10473.0,1692.0,9.00479776337384,76.57577642985018,,,,,,,,
Kizhakkekallada,628432,Kerala,Kollam,Chittumala,21820.0,21820.0,5603.0,1302.0,9.010120374852896,76.6534245496884,,,,,,,,
Mulavana,628433,Kerala,Kollam,Chittumala,35887.0,35887.0,9289.0,2674.0,8.9813385580251,76.66417530365374,,,,,,,,
Mundrothuruth,628431,Kerala,Kollam,Chittumala,9054.0,9054.0,2407.0,1337.0,8.989976915656136,76.60496440102752,,,,,,,,
Chirakkara,628435,Kerala,Kollam,Ithikkara,17342.0,17342.0,4516.0,1270.0,8.830495448443868,76.71517517977821,,,,,,,,
Pallimon,628434,Kerala,Kollam,Ithikkara,20677.0,20677.0,5069.0,1432.0,8.901278430107235,76.7213319792715,,,,,,,,
Paravoor Part,628436,Kerala,Kollam,Ithikkara,5817.0,5817.0,1514.0,428.0,8.841487798845922,76.68454697771347,,,,,,,,
Parippally,628437,Kerala,Kollam,Ithikkara,29371.0,29371.0,7445.0,1741.0,8.813922712237462,76.75639268472993,,,,,,,,
Alappad,628357,Kerala,Kollam,Karunagappally,21655.0,21655.0,5229.0,760.0,9.052509881353693,76.5035074255886,,,,,,,,
Mynagappally,628380,Kerala,Kollam,Karunagappally,41027.0,41027.0,10254.0,1970.0,9.03905877429757,76.58509301222274,,,,,,,,
Kareepra,628414,Kerala,Kollam,Kottarakkara,30099.0,30099.0,7774.0,2330.0,8.945886767923477,76.72617895279528,,,,,,,,
Neduvathoor,628412,Kerala,Kollam,Kottarakkara,24749.0,24749.0,6478.0,1970.0,9.00533271895099,76.73917697773858,,,,,,,,
Clappana,628358,Kerala,Kollam,Oachira,22250.0,22250.0,5699.0,1022.0,9.110047484132968,76.4903769834304,,,,,,,,
Pavumba,628360,Kerala,Kollam,Oachira,17230.0,17230.0,4482.0,1182.0,9.108155940207013,76.58711212097768,,,,,,,,
Thazhava,628359,Kerala,Kollam,Oachira,23341.0,23341.0,5995.0,1194.0,9.096953360696135,76.55168286606997,,,,,,,,
Pathanapuram,628387,Kerala,Kollam,Parakode (Part),32339.0,32339.0,8413.0,2420.0,9.107016839816302,76.88209570858159,,,,,,,,
Pattazhy Vadakkekara,628382,Kerala,Kollam,Pathanapuram,15160.0,15160.0,4101.0,2048.0,9.09299572587961,76.80803562294066,,,,,,,,
Pidavoor,628386,Kerala,Kollam,Pathanapuram,9843.0,9843.0,2676.0,1667.0,9.058514134488217,76.8675232451114,,,,,,,,
Piravanthur,628389,Kerala,Kollam,Pathanapuram,22380.0,22380.0,6217.0,6907.0,9.083752664883676,76.96921053198729,,,,,,,,
Punnala,628388,Kerala,Kollam,Pathanapuram,12104.0,12104.0,3243.0,6093.0,9.11024842091518,76.93398320353889,,,,,,,,
Thalavoor,628384,Kerala,Kollam,Pathanapuram,24385.0,24385.0,6489.0,2260.0,9.04281887035354,76.82621929212844,,,,,,,,
Valacode Part,628390,Kerala,Kollam,Pathanapuram,73.0,73.0,21.0,25.0,9.037799209188634,76.95387883125728,,,,,,,,
Kunnathur,628377,Kerala,Kollam,Sasthamkotta,25009.0,25009.0,6544.0,2143.0,9.064804680009138,76.68648193213373,,,,,,,,
Poruvazhy,628376,Kerala,Kollam,Sasthamkotta,28722.0,28722.0,7231.0,1935.0,9.09061682746127,76.6574265892271,,,,,,,,
Sooranad North,628375,Kerala,Kollam,Sasthamkotta,28471.0,28471.0,7378.0,2269.0,9.111256704077972,76.62307887515708,,,,,,,,
Sooranad South,628379,Kerala,Kollam,Sasthamkotta,24766.0,24766.0,6136.0,1714.0,9.07233793299553,76.60898794503245,,,,,,,,
West Kallada,628381,Kerala,Kollam,Sasthamkotta,18176.0,18176.0,4655.0,1335.0,9.017540724732706,76.62401479584709,,,,,,,,
Chakkuvarakkal,628410,Kerala,Kollam,Vettikkavala,16086.0,16086.0,4237.0,1760.0,8.99175781665676,76.8685267500376,,,,,,,,
Pavithreswaram,628404,Kerala,Kollam,Vettikkavala,26041.0,26041.0,6888.0,2221.0,9.024112209300233,76.69333361705122,,,,,,,,
Puthur,628405,Kerala,Kollam,Vettikkavala,19786.0,19786.0,5181.0,1376.0,9.035954831368496,76.72305154436138,,,,,,,,
Vettikkavala,628411,Kerala,Kollam,Vettikkavala,20118.0,20118.0,5313.0,1871.0,8.980917961977989,76.82435556405493,,,,,,,,
Moonilavu,628120,Kerala,Kottayam,Erattupetta,9213.0,9213.0,2223.0,3072.0,9.754326880828971,76.79613177629113,,,,,,,,
Poonjar Thekkekara,628136,Kerala,Kottayam,Erattupetta,19470.0,19470.0,4642.0,5562.0,9.649945232346694,76.83396092847907,,,,,,,,
Poonjar Vadakkekara,628121,Kerala,Kottayam,Erattupetta,8222.0,8222.0,1997.0,3573.0,9.72549713941558,76.83537123514263,,,,,,,,
Kaipuzha,628156,Kerala,Kottayam,Ettumanoor,6328.0,6328.0,1650.0,1322.0,9.662868926246023,76.48626553707217,,,,,,,,
Kumarakam,628166,Kerala,Kottayam,Ettumanoor,22422.0,22422.0,5382.0,5208.0,9.590156760521348,76.42464263684033,,,,,,,,
Onamthuruth,628157,Kerala,Kottayam,Ettumanoor,13375.0,13375.0,3372.0,1186.0,9.686086057885086,76.5025284523403,,,,,,,,
Peroor,628158,Kerala,Kottayam,Ettumanoor,18691.0,18691.0,4583.0,1175.0,9.644328547017205,76.56125514738747,,,,,,,,
Kaduthuruthy,628143,Kerala,Kottayam,Kaduthuruthy,19352.0,19352.0,4722.0,1862.0,9.775636563983698,76.48483061723648,,,,,,,,
Kallara,628151,Kerala,Kottayam,Kaduthuruthy,13562.0,13562.0,3412.0,2748.0,9.713362680019156,76.46121967686443,,,,,,,,
Muttuchira,628152,Kerala,Kottayam,Kaduthuruthy,15962.0,15962.0,3798.0,1676.0,9.749450684660976,76.48931156368177,,,,,,,,
Vadayar,628144,Kerala,Kottayam,Kaduthuruthy,22571.0,22571.0,5612.0,2067.0,9.777034606323648,76.44832061796882,,,,,,,,
Erumeli North,628203,Kerala,Kottayam,Kanjirappally,40511.0,40511.0,10125.0,5511.0,9.494976241469825,76.91920838008619,,,,,,,,
Koovappally,628202,Kerala,Kottayam,Kanjirappally,20182.0,20182.0,4821.0,3047.0,9.523046781151836,76.81587769355077,,,,,,,,
Manimala,628205,Kerala,Kottayam,Kanjirappally,21053.0,21053.0,5124.0,3742.0,9.473115140419166,76.77514211728287,,,,,,,,
Mundakayam,628195,Kerala,Kottayam,Kanjirappally,19939.0,19939.0,4961.0,4100.0,9.571085257089775,76.86086810015105,,,,,,,,
Lalam Part,628125,Kerala,Kottayam,Lalam,9137.0,9137.0,2152.0,1459.0,9.750375162993416,76.67970445526902,,,,,,,,
Meenachil Part,628133,Kerala,Kottayam,Lalam,15608.0,15608.0,3844.0,2170.0,9.670490188202349,76.67989508632606,,,,,,,,
Poovarany,628134,Kerala,Kottayam,Lalam,16102.0,16102.0,3848.0,2773.0,9.67547816022964,76.71862405761466,,,,,,,,
Puliyannoor Part,628132,Kerala,Kottayam,Lalam,15414.0,15414.0,3667.0,1930.0,9.688653258874156,76.65181652436276,,,,,,,,
Vallichira,628126,Kerala,Kottayam,Lalam,13716.0,13716.0,3380.0,2221.0,9.746670951536382,76.642022442469,,,,,,,,
Kurichy,628181,Kerala,Kottayam,Madappally,35815.0,35815.0,8812.0,1622.0,9.497187550609782,76.52719740006516,,,,,,,,
Madappally,628184,Kerala,Kottayam,Madappally,35176.0,35176.0,8765.0,2402.0,9.48157277944274,76.59490341246655,,,,,,,,
Thottackad,628185,Kerala,Kottayam,Madappally,13990.0,13990.0,3476.0,1190.0,9.520985905750036,76.59758197733541,,,,,,,,
Vakathanam,628180,Kerala,Kottayam,Madappally,19589.0,19589.0,4972.0,1457.0,9.513177859444928,76.56941593002611,,,,,,,,
Vazhappally West,628182,Kerala,Kottayam,Madappally,10655.0,10655.0,2622.0,1154.0,9.463679953477648,76.51382825317745,,,,,,,,
Manarcad,628164,Kerala,Kottayam,Pallom,33501.0,33501.0,8421.0,2002.0,9.607061907690143,76.58794942192563,,,,,,,,
Meenadam,628169,Kerala,Kottayam,Pallom,12904.0,12904.0,3268.0,1142.0,9.551754385525694,76.61174380282677,,,,,,,,
Muttampalam Part,628165,Kerala,Kottayam,Pallom,1590.0,1590.0,417.0,168.0,9.57452780440591,76.54859065408496,,,,,,,,
Veloor Part,628168,Kerala,Kottayam,Pallom,1533.0,1533.0,352.0,201.0,9.567258967567136,76.50256705092609,,,,,,,,
Chengalam East,628161,Kerala,Kottayam,Pampady,5226.0,5226.0,1215.0,1144.0,9.628993710309304,76.69667707213854,,,,,,,,
Elikkulam,628198,Kerala,Kottayam,Pampady,10419.0,10419.0,2458.0,1895.0,9.637422594367514,76.73690627363196,,,,,,,,
Kooroppada,628163,Kerala,Kottayam,Pampady,25999.0,25999.0,6551.0,2760.0,9.595230823040165,76.64752097416621,,,,,,,,
Elackad,628130,Kerala,Kottayam,Uzhavoor,13333.0,13333.0,3249.0,2311.0,9.730163237907355,76.59552323202077,,,,,,,,
Uzhavoor,628115,Kerala,Kottayam,Uzhavoor,9063.0,9063.0,2454.0,1255.0,9.791514249334751,76.6098419303412,,,,,,,,
Vellilappally,628116,Kerala,Kottayam,Uzhavoor,16509.0,16509.0,3994.0,2981.0,9.78459507081089,76.65998176919824,,,,,,,,
Kulasekharamangalam,628145,Kerala,Kottayam,Vaikom,21728.0,21728.0,5369.0,1569.0,9.796063403842885,76.40225317283668,,,,,,,,
Naduvile Part,628147,Kerala,Kottayam,Vaikom,8593.0,8593.0,2131.0,908.0,9.758839442599744,76.41980117789873,,,,,,,,
Thalayazham,628149,Kerala,Kottayam,Vaikom,20151.0,20151.0,4884.0,2240.0,9.712327081888104,76.42259794521102,,,,,,,,
Vadakkemuri Part,628146,Kerala,Kottayam,Vaikom,17019.0,17019.0,4267.0,1107.0,9.78010777789222,76.39473624277255,,,,,,,,
Vechoor,628150,Kerala,Kottayam,Vaikom,17041.0,17041.0,4168.0,2913.0,9.670601469281085,76.42740496865005,,,,,,,,
Cheruvally,628201,Kerala,Kottayam,Vazhoor,6447.0,6447.0,1645.0,1120.0,9.518703013887198,76.75894353917498,,,,,,,,
Kangazha,628189,Kerala,Kottayam,Vazhoor,21340.0,21340.0,5326.0,2718.0,9.515157512656254,76.69898634896332,,,,,,,,
Vazhoor,628188,Kerala,Kottayam,Vazhoor,23909.0,23909.0,6110.0,2860.0,9.554201434499278,76.70946391187793,,,,,,,,
Changanassery Part,628183,Kerala,Kottayam,Veliyanad (Part),4754.0,4754.0,1116.0,1389.0,9.421857147679471,76.52191752317897,,,,,,,,
Kottur,627377,Kerala,Kozhikode,Balusseri,12205.0,12205.0,2978.0,1178.0,11.49899538956281,75.7937830596288,,,,,,,,
Sivapuram,627385,Kerala,Kozhikode,Balusseri,24436.0,24436.0,5974.0,1958.0,11.42983613165764,75.86537263277093,,,,,,,,
Unnikulam,627384,Kerala,Kozhikode,Balusseri,24912.0,24912.0,5739.0,1868.0,11.443067303975743,75.89223188199543,,,,,,,,
Kakkur,627401,Kerala,Kozhikode,Chelannur,22788.0,22788.0,5551.0,2041.0,11.387328667676476,75.82912269744679,,,,,,,,
Chathamangalam,627416,Kerala,Kozhikode,Koduvally,18918.0,18918.0,4063.0,1157.0,11.328835855578127,75.9365970253203,,,,,,,,
Engapuzha,627408,Kerala,Kozhikode,Koduvally,18244.0,18244.0,4240.0,2414.0,11.454735827149864,75.97309426810214,,,,,,,,
Kizhakkoth,627403,Kerala,Kozhikode,Koduvally,31261.0,31261.0,6940.0,1991.0,11.3858103071687,75.89696275720199,,,,,,,,
Kodencheri,627410,Kerala,Kozhikode,Koduvally,18738.0,18738.0,4589.0,4757.0,11.452710282828871,76.01444002870714,,,,,,,,
Koodathayi,627409,Kerala,Kozhikode,Koduvally,13563.0,13563.0,3294.0,2354.0,11.409057541307012,75.97789494413739,,,,,,,,
Madavoor,627417,Kerala,Kozhikode,Koduvally,28672.0,28672.0,6598.0,1935.0,11.347356697124289,75.86606779943021,,,,,,,,
Puthur,627415,Kerala,Kozhikode,Koduvally,21466.0,21466.0,4791.0,1196.0,11.367567951754127,75.94995400350804,,,,,,,,
Thiruvambadi,627413,Kerala,Kozhikode,Koduvally,28820.0,28820.0,6771.0,8396.0,11.426504768759823,76.06234854304218,,,,,,,,
Vavad,627404,Kerala,Kozhikode,Koduvally,14818.0,14818.0,3239.0,789.0,11.385853847021224,75.923455836195,,,,,,,,
Kakkad,627419,Kerala,Kozhikode,Kunnamangalam,11950.0,11950.0,2547.0,1021.0,11.299077364133336,76.0027680856381,,,,,,,,
Kumaranallur,627418,Kerala,Kozhikode,Kunnamangalam,18105.0,18105.0,3969.0,2670.0,11.31898133288876,76.02536450617855,,,,,,,,
Kuttiadi,627351,Kerala,Kozhikode,Kunnummal,19351.0,19351.0,4511.0,1523.0,11.650637048379531,75.73099497088323,,,,,,,,
Maruthonkara,627352,Kerala,Kozhikode,Kunnummal,23487.0,23487.0,5689.0,2991.0,11.65031875311866,75.79668069286487,,,,,,,,
Narippatta,627347,Kerala,Kozhikode,Kunnummal,21381.0,21381.0,4977.0,1540.0,11.714102242905527,75.71882153616271,,,,,,,,
Thinoor,627344,Kerala,Kozhikode,Kunnummal,5148.0,5148.0,1229.0,3516.0,11.745359238864207,75.76712804172456,,,,,,,,
Payyoli,627367,Kerala,Kozhikode,Melady,23576.0,23576.0,5324.0,971.0,11.521203871257976,75.62550246524701,,,,,,,,
Arikkulam Part,627376,Kerala,Kozhikode,Panthalayani,18378.0,18378.0,4409.0,1568.0,11.50068017468392,75.72557229382802,,,,,,,,
Chengottukavu,627382,Kerala,Kozhikode,Panthalayani,26791.0,26791.0,6409.0,1360.0,11.4206963873438,75.72181458974912,,,,,,,,
Moodadi,627375,Kerala,Kozhikode,Panthalayani,30170.0,30170.0,6906.0,1601.0,11.479820511639703,75.65328017640338,,,,,,,,
Chakkittapara,627372,Kerala,Kozhikode,Perambra,11763.0,11763.0,2904.0,12420.0,11.570047046054404,75.89310004603186,,,,,,,,
Changaroth,627370,Kerala,Kozhikode,Perambra,17427.0,17427.0,4169.0,1733.0,11.60692346554232,75.78109955832767,,,,,,,,
Chempanoda,627371,Kerala,Kozhikode,Perambra,5398.0,5398.0,1361.0,5381.0,11.636881914793902,75.85744050000422,,,,,,,,
Cheruvannur,627368,Kerala,Kozhikode,Perambra,23388.0,23388.0,5556.0,2161.0,11.571038065392113,75.7044341864224,,,,,,,,
Kayanna,627378,Kerala,Kozhikode,Perambra,16776.0,16776.0,4163.0,2129.0,11.53285696222038,75.8156211939673,,,,,,,,
Koorachundu,627379,Kerala,Kozhikode,Perambra,12302.0,12302.0,3003.0,2256.0,11.499252002625155,75.86053789717016,,,,,,,,
Nochad,627374,Kerala,Kozhikode,Perambra,26857.0,26857.0,6456.0,2364.0,11.532099239860688,75.75714635963004,,,,,,,,
Palery,627369,Kerala,Kozhikode,Perambra,14680.0,14680.0,3379.0,1291.0,11.618642762322168,75.7556376789775,,,,,,,,
Perambra,627373,Kerala,Kozhikode,Perambra,11336.0,11336.0,2722.0,1446.0,11.576369905243984,75.80326661510148,,,,,,,,
Thiruvallur,627349,Kerala,Kozhikode,Thodannur,14429.0,14429.0,3235.0,1150.0,11.585544823565238,75.67870482073384,,,,,,,,
Vanimel,627342,Kerala,Kozhikode,Thuneri,25680.0,25680.0,5587.0,2271.0,11.740512369936186,75.70641295546818,,,,,,,,
Vilangad,627343,Kerala,Kozhikode,Thuneri,3778.0,3778.0,916.0,2283.0,11.781766981541889,75.75964493356871,,,,,,,,
Onchiam,627341,Kerala,Kozhikode,Vadakara,28650.0,28650.0,6289.0,873.0,11.650071821400608,75.57355496762614,,,,,,,,
Areekode,627447,Kerala,Malappuram,Areekode,31563.0,31563.0,6037.0,1703.0,11.221812975311495,76.03685314554255,,,,,,,,
Kavanoor,627452,Kerala,Malappuram,Areekode,37977.0,37977.0,7259.0,3133.0,11.191942123272062,76.07043891631726,,,,,,,,
Kuzhimanna,627453,Kerala,Malappuram,Areekode,34413.0,34413.0,6492.0,2366.0,11.176605760537871,76.00839066528594,,,,,,,,
Muthuvallur,627454,Kerala,Malappuram,Areekode,36482.0,36482.0,6905.0,2713.0,11.198058125241603,75.98910547896963,,,,,,,,
Pulpatta,627458,Kerala,Malappuram,Areekode,42683.0,42683.0,7973.0,3021.0,11.154196298663848,76.05737617265576,,,,,,,,
Vettilappara,627443,Kerala,Malappuram,Areekode,8696.0,8696.0,1973.0,4798.0,11.287537521064625,76.10489078294387,,,,,,,,
Nediyiruppu,627455,Kerala,Malappuram,Kondotty,30462.0,30462.0,5676.0,2020.0,11.127440944188791,75.98678338281742,,,,,,,,
Pulikkal,627445,Kerala,Malappuram,Kondotty,40133.0,40133.0,7611.0,2814.0,11.189707160543149,75.93720515221943,,,,,,,,
Vazhakkad,627444,Kerala,Malappuram,Kondotty,35774.0,35774.0,7435.0,2389.0,11.240279901087945,75.95431339930435,,,,,,,,
Athavanad,627521,Kerala,Malappuram,Kuttippuram,20480.0,20480.0,3769.0,1344.0,10.901604112362898,76.02780458596192,,,,,,,,
Edayoor,627520,Kerala,Malappuram,Kuttippuram,36498.0,36498.0,6811.0,3063.0,10.922729913967178,76.09172533945984,,,,,,,,
Kurumbathur,627522,Kerala,Malappuram,Kuttippuram,20707.0,20707.0,3804.0,1333.0,10.923193608900538,76.01038959502581,,,,,,,,
Melmuri,627519,Kerala,Malappuram,Kuttippuram,22217.0,22217.0,4249.0,1676.0,10.947305736871796,76.05159344854046,,,,,,,,
Pandalur,627461,Kerala,Malappuram,Malappuram,17375.0,17375.0,3364.0,2079.0,11.075073753838987,76.1777290502059,,,,,,,,
Ponmala,627518,Kerala,Malappuram,Malappuram,33922.0,33922.0,6237.0,2164.0,10.99672656785438,76.05868599965274,,,,,,,,
Kuruva,627495,Kerala,Malappuram,Mankada,38153.0,38153.0,7233.0,3102.0,10.977608886855135,76.10384027443348,,,,,,,,
Kuruvambalam,627507,Kerala,Malappuram,Mankada,10756.0,10756.0,2077.0,1028.0,10.939190571636614,76.1624268362389,,,,,,,,
Mankada,627493,Kerala,Malappuram,Mankada,32748.0,32748.0,6530.0,3106.0,11.035179423205786,76.16997994618632,,,,,,,,
Moorkkanad,627508,Kerala,Malappuram,Mankada,36324.0,36324.0,6944.0,3064.0,10.928168684178528,76.13754855925367,,,,,,,,
Pulamanthole,627506,Kerala,Malappuram,Mankada,27029.0,27029.0,5310.0,2186.0,10.92395717742831,76.19076319137663,,,,,,,,
Puzhakkattiri,627496,Kerala,Malappuram,Mankada,29886.0,29886.0,5883.0,2272.0,10.98156146373937,76.14506174694372,,,,,,,,
Vadakkangara,627494,Kerala,Malappuram,Mankada,18702.0,18702.0,3644.0,1127.0,11.018989124742372,76.13426771061964,,,,,,,,
Akampadam,627471,Kerala,Malappuram,Nilambur,16964.0,16964.0,3731.0,9198.0,11.347612393433783,76.16265214933141,,,,,,,,
Amarambalam,627476,Kerala,Malappuram,Nilambur,35975.0,35975.0,7841.0,14262.0,11.2485721960366,76.35513236781121,,,,,,,,
Chokkad,627482,Kerala,Malappuram,Nilambur,19510.0,19510.0,3841.0,5113.0,11.21639806973376,76.35907319731639,,,,,,,,
Chungathara,627473,Kerala,Malappuram,Nilambur,35406.0,35406.0,7897.0,5026.0,11.406705172461884,76.26070794081316,,,,,,,,
Edakkara,627474,Kerala,Malappuram,Nilambur,60573.0,60573.0,13071.0,8388.0,11.384573140304935,76.2974375253371,,,,,,,,
Kalikavu,627483,Kerala,Malappuram,Nilambur,22018.0,22018.0,4435.0,14182.0,11.17768598384336,76.34895556667306,,,,,,,,
Karulai,627477,Kerala,Malappuram,Nilambur,25758.0,25758.0,5537.0,13253.0,11.312352274958618,76.42736157776456,,,,,,,,
Kurumbilangode,627472,Kerala,Malappuram,Nilambur,21803.0,21803.0,4718.0,16836.0,11.412738496227217,76.20096940831932,,,,,,,,
Vazhikkadavu,627475,Kerala,Malappuram,Nilambur,47322.0,47322.0,9972.0,12837.0,11.40704345643192,76.36498674504513,,,,,,,,
Vellayur,627484,Kerala,Malappuram,Nilambur,25906.0,25906.0,5106.0,2429.0,11.171574751998408,76.29230515382575,,,,,,,,
Arakkuparamba,627501,Kerala,Malappuram,Perintalmanna,18098.0,18098.0,3401.0,2099.0,10.986123846305803,76.33073325716927,,,,,,,,
Edappatta,627489,Kerala,Malappuram,Perintalmanna,22729.0,22729.0,4532.0,2586.0,11.073394431116858,76.30677874490073,,,,,,,,
Kariavattom,627499,Kerala,Malappuram,Perintalmanna,15064.0,15064.0,2875.0,1893.0,11.00745396713668,76.26059326032313,,,,,,,,
Keezhattur,627491,Kerala,Malappuram,Perintalmanna,20457.0,20457.0,4042.0,2024.0,11.038389794449223,76.23580324823341,,,,,,,,
Thazhekode,627502,Kerala,Malappuram,Perintalmanna,23884.0,23884.0,4550.0,2403.0,10.96462853981664,76.28785708354167,,,,,,,,
Vettathur,627500,Kerala,Malappuram,Perintalmanna,13040.0,13040.0,2473.0,1673.0,11.007951337719048,76.30120434970121,,,,,,,,
Nannamukku,627561,Kerala,Malappuram,Perumpadppa,28989.0,28989.0,6221.0,1939.0,10.721635200010503,76.01709758585515,,,,,,,,
Perumpadappa,627560,Kerala,Malappuram,Perumpadppa,29766.0,29766.0,5876.0,1493.0,10.700325677331898,75.98308340877229,,,,,,,,
Veliyankode,627559,Kerala,Malappuram,Perumpadppa,32554.0,32554.0,6211.0,1521.0,10.724010504708238,75.9628105091578,,,,,,,,
Tavanur,627557,Kerala,Malappuram,Ponnani,34500.0,34500.0,6924.0,2528.0,10.840397647107244,75.99491588140147,,,,,,,,
Vattamkulam,627558,Kerala,Malappuram,Ponnani,36147.0,36147.0,7454.0,2073.0,10.789467870174246,76.02377005485167,,,,,,,,
Niramaruthur,627514,Kerala,Malappuram,Tanur,29846.0,29846.0,5259.0,1003.0,10.925412473078076,75.89391484256869,,,,,,,,
Ozhur,627513,Kerala,Malappuram,Tanur,34016.0,34016.0,6277.0,1592.0,10.975052920572384,75.92078097770711,,,,,,,,
Parappanangadi,627540,Kerala,Malappuram,Tanur,35243.0,35243.0,6027.0,744.0,11.046682960663338,75.85461202442097,,,,,,,,
Tanur,627512,Kerala,Malappuram,Tanur,44973.0,44973.0,7261.0,960.0,10.97694881183104,75.8763604542976,,,,,,,,
Valavannur,627515,Kerala,Malappuram,Tanur,33159.0,33159.0,6151.0,1528.0,10.923558487897864,75.97174145023264,,,,,,,,
Ananthavoor,627523,Kerala,Malappuram,Tirur,21058.0,21058.0,3868.0,857.0,10.895555601832449,75.99281461808923,,,,,,,,
Mangalam,627526,Kerala,Malappuram,Tirur,33442.0,33442.0,5664.0,1212.0,10.846450656235785,75.9172963033793,,,,,,,,
Purathur,627525,Kerala,Malappuram,Tirur,31915.0,31915.0,5787.0,1915.0,10.81243193008909,75.92383849641325,,,,,,,,
Vettom,627524,Kerala,Malappuram,Tirur,37456.0,37456.0,6577.0,1513.0,10.883569107333471,75.90320432240176,,,,,,,,
Vallikkunnu,627539,Kerala,Malappuram,Tirurangadi,25448.0,25448.0,5161.0,1345.0,11.124292624649458,75.8479026327112,,,,,,,,
Chembrasseri,627463,Kerala,Malappuram,Wandoor,14474.0,14474.0,2876.0,1689.0,11.132986099994971,76.25575569723706,,,,,,,,
Edavanna,627450,Kerala,Malappuram,Wandoor,26432.0,26432.0,5271.0,2754.0,11.214552375333392,76.14506881424619,,,,,,,,
Elankur,627460,Kerala,Malappuram,Wandoor,20453.0,20453.0,4069.0,3018.0,11.155035973593844,76.1747906360738,,,,,,,,
Karakunnu,627451,Kerala,Malappuram,Wandoor,16525.0,16525.0,3275.0,1512.0,11.17625097678332,76.12293817831376,,,,,,,,
Pandikkad,627464,Kerala,Malappuram,Wandoor,18406.0,18406.0,3578.0,1737.0,11.102188055598,76.25025225001399,,,,,,,,
Perakamanna,627449,Kerala,Malappuram,Wandoor,19696.0,19696.0,3777.0,2362.0,11.225918827008938,76.11538697079291,,,,,,,,
Pullipadam,627470,Kerala,Malappuram,Wandoor,11095.0,11095.0,2315.0,6789.0,11.287669407907403,76.16645304065865,,,,,,,,
Thiruvali,627479,Kerala,Malappuram,Wandoor,27734.0,27734.0,6086.0,3386.0,11.200132072139482,76.19544708426953,,,,,,,,
Thuvvur,627485,Kerala,Malappuram,Wandoor,29991.0,29991.0,5907.0,3157.0,11.128256899858018,76.30253535009521,,,,,,,,
Trikkalangode,627459,Kerala,Malappuram,Wandoor,15112.0,15112.0,3071.0,1483.0,11.150953348945809,76.12580815101245,,,,,,,,
Vettikkattiri,627462,Kerala,Malappuram,Wandoor,22333.0,22333.0,4336.0,2301.0,11.11091021084692,76.21024644261992,,,,,,,,
Wandoor,627481,Kerala,Malappuram,Wandoor,50973.0,50973.0,10663.0,4732.0,11.205360705969127,76.25668823771679,,,,,,,,
Kannambra I,627704,Kerala,Palakkad,Alathur,14303.0,14303.0,3407.0,2293.0,10.596364065411471,76.43213442283957,,,,,,,,
Kannambra Ii,627705,Kerala,Palakkad,Alathur,10768.0,10768.0,2591.0,679.0,10.620652567608218,76.47412223763709,,,,,,,,
Kizhakkencheri Ii,627711,Kerala,Palakkad,Alathur,17584.0,17584.0,4188.0,5644.0,10.501941862332703,76.52532340944896,,,,,,,,
Mangalam Dam,627710,Kerala,Palakkad,Alathur,6012.0,6012.0,1441.0,3000.0,10.49121536076009,76.56562264829057,,,,,,,,
Tarur I,627696,Kerala,Palakkad,Alathur,12617.0,12617.0,3096.0,1382.0,10.686866394619663,76.46592459904325,,,,,,,,
Vadakkancheri I,627706,Kerala,Palakkad,Alathur,20973.0,20973.0,4876.0,2113.0,10.584908825893176,76.46452463896016,,,,,,,,
Vadakkancheri Ii,627707,Kerala,Palakkad,Alathur,14918.0,14918.0,3502.0,1675.0,10.613049443521655,76.49857971728065,,,,,,,,
Vandazhi Ii,627708,Kerala,Palakkad,Alathur,12789.0,12789.0,3050.0,1881.0,10.594625151345292,76.52255702055362,,,,,,,,
Agali,627611,Kerala,Palakkad,Attappady,22327.0,22327.0,5783.0,7600.0,11.0917511874585,76.62864274767345,,,,,,,,
Kallamala,627614,Kerala,Palakkad,Attappady,12614.0,12614.0,2912.0,7700.0,11.05343572834438,76.55511336367637,,,,,,,,
Kottathara,627612,Kerala,Palakkad,Attappady,10195.0,10195.0,2790.0,7220.0,11.121302500823436,76.70670773798179,,,,,,,,
Padavayal,627609,Kerala,Palakkad,Attappady,6144.0,6144.0,1719.0,32026.0,11.135977562646213,76.48929957937368,,,,,,,,
Pudur,627610,Kerala,Palakkad,Attappady,6026.0,6026.0,1776.0,9320.0,11.176566601312976,76.64318201484753,,,,,,,,
Sholayur,627613,Kerala,Palakkad,Attappady,7012.0,7012.0,1885.0,9596.0,11.05962681763506,76.70070203961187,,,,,,,,
Chittur Part,627656,Kerala,Palakkad,Chittur,5244.0,5244.0,1269.0,765.0,10.698548866398744,76.76503567689367,,,,,,,,
Eruthempathy,627662,Kerala,Palakkad,Chittur,9469.0,9469.0,2542.0,1986.0,10.74524175335146,76.8743294469178,,,,,,,,
Kozhinjampara,627659,Kerala,Palakkad,Chittur,12311.0,12311.0,2919.0,1106.0,10.747993627395571,76.83107147761329,,,,,,,,
Kozhipathy,627663,Kerala,Palakkad,Chittur,12265.0,12265.0,3318.0,3014.0,10.691957355887691,76.84997164974305,,,,,,,,
Ozhalapathy,627661,Kerala,Palakkad,Chittur,8742.0,8742.0,2386.0,2293.0,10.78705768773593,76.88261395166688,,,,,,,,
Thathamangalam Part,627655,Kerala,Palakkad,Chittur,7306.0,7306.0,1650.0,776.0,10.657930959759,76.7166788856251,,,,,,,,
Thekkedesom,627657,Kerala,Palakkad,Chittur,13108.0,13108.0,3131.0,2038.0,10.702463949188902,76.79707637481724,,,,,,,,
Koduvayur Ii,627654,Kerala,Palakkad,Kollengode,8494.0,8494.0,2018.0,1026.0,10.664332542372554,76.63976937166208,,,,,,,,
Kollengode I,627679,Kerala,Palakkad,Kollengode,18258.0,18258.0,4217.0,1656.0,10.603292929180906,76.71223282175457,,,,,,,,
Kollengode Ii,627678,Kerala,Palakkad,Kollengode,11329.0,11329.0,2704.0,1525.0,10.568805682190654,76.69898638468935,,,,,,,,
Muthalamada I,627680,Kerala,Palakkad,Kollengode,21868.0,21868.0,5385.0,4652.0,10.573096106516838,76.79505286098744,,,,,,,,
Muthalamada Ii,627681,Kerala,Palakkad,Kollengode,15192.0,15192.0,3313.0,1957.0,10.536261924576795,76.7488454412439,,,,,,,,
Vadavannur,627669,Kerala,Palakkad,Kollengode,17126.0,17126.0,3927.0,1714.0,10.637474162458863,76.68502767325643,,,,,,,,
Kannadi I,627640,Kerala,Palakkad,Kuzhalmannam,15422.0,15422.0,3632.0,1437.0,10.736836810473848,76.62992293495638,,,,,,,,
Kuthannur Ii,627695,Kerala,Palakkad,Kuzhalmannam,6620.0,6620.0,1531.0,1132.0,10.714961491355089,76.50731547340965,,,,,,,,
Kuzhalmannam I,627693,Kerala,Palakkad,Kuzhalmannam,17848.0,17848.0,4128.0,1856.0,10.703309621617787,76.5810374861628,,,,,,,,
Kuzhalmannam Ii,627690,Kerala,Palakkad,Kuzhalmannam,9354.0,9354.0,2187.0,1206.0,10.70940844302511,76.60579330851354,,,,,,,,
Peringottukurissi Ii,627684,Kerala,Palakkad,Kuzhalmannam,12514.0,12514.0,2925.0,1967.0,10.730724044085632,76.48437421435118,,,,,,,,
Malampuzha I,627638,Kerala,Palakkad,Malampuzha,11879.0,11879.0,2842.0,17458.0,10.86921532524865,76.68849934227696,,,,,,,,
Malampuzha Ii,627639,Kerala,Palakkad,Malampuzha,12264.0,12264.0,2830.0,1902.0,10.808983683721936,76.69420393363967,,,,,,,,
Peruvemba,627643,Kerala,Palakkad,Malampuzha,19312.0,19312.0,4522.0,2037.0,10.703396139811227,76.68400182531377,,,,,,,,
Polpully,627644,Kerala,Palakkad,Malampuzha,16500.0,16500.0,3894.0,1994.0,10.723947502663597,76.73647922763467,,,,,,,,
Pudussery East,627647,Kerala,Palakkad,Malampuzha,14416.0,14416.0,3589.0,7960.0,10.844680661058884,76.78740763219403,,,,,,,,
Puthuppariyaram Ii,627637,Kerala,Palakkad,Malampuzha,8533.0,8533.0,1950.0,1750.0,10.885678052035546,76.60918475956764,,,,,,,,
Alanallur Iii,627605,Kerala,Palakkad,Mannarkad,21312.0,21312.0,4321.0,3225.0,11.063238048382043,76.35252264680446,,,,,,,,
Karakurissi,627622,Kerala,Palakkad,Mannarkad,27999.0,27999.0,5768.0,3036.0,10.944627416267004,76.48601226611332,,,,,,,,
Karimba Ii,627621,Kerala,Palakkad,Mannarkad,11930.0,11930.0,2700.0,935.0,10.90100063217129,76.54001381094794,,,,,,,,
Kottoppadam I,627606,Kerala,Palakkad,Mannarkad,14085.0,14085.0,2696.0,4427.0,11.051791592878102,76.39147431664038,,,,,,,,
Kottoppadam Ii,627624,Kerala,Palakkad,Mannarkad,11351.0,11351.0,2217.0,1409.0,10.980746637094471,76.39487430760921,,,,,,,,
Kottoppadam Iii,627607,Kerala,Palakkad,Mannarkad,17847.0,17847.0,3504.0,2570.0,11.023553293071402,76.4076663172029,,,,,,,,
Kumaramputhur,627623,Kerala,Palakkad,Mannarkad,16600.0,16600.0,3430.0,1763.0,10.972541739233218,76.42992326197293,,,,,,,,
Mannarkad Ii,627616,Kerala,Palakkad,Mannarkad,22545.0,22545.0,4723.0,1736.0,11.018156911068615,76.48760876524712,,,,,,,,
Payyanadam,627608,Kerala,Palakkad,Mannarkad,16260.0,16260.0,3315.0,1973.0,11.031069486797092,76.43688972203657,,,,,,,,
Pottassery I,627617,Kerala,Palakkad,Mannarkad,20873.0,20873.0,4690.0,2041.0,10.99832346538922,76.52571715919484,,,,,,,,
Pottassery Ii,627618,Kerala,Palakkad,Mannarkad,10391.0,10391.0,2103.0,2282.0,10.985387657200716,76.49071744833289,,,,,,,,
Thachampara,627619,Kerala,Palakkad,Mannarkad,13733.0,13733.0,3058.0,1299.0,10.96639342743856,76.51658867736,,,,,,,,
Thachanattukara I,627625,Kerala,Palakkad,Mannarkad,18864.0,18864.0,3545.0,2306.0,10.957826795869162,76.3570215894142,,,,,,,,
Ayiloor,627673,Kerala,Palakkad,Nemmara,8999.0,8999.0,2188.0,859.0,10.573758545100567,76.56371721357552,,,,,,,,
Elavancherry,627677,Kerala,Palakkad,Nemmara,17940.0,17940.0,4120.0,3228.0,10.58659061084508,76.65782697390223,,,,,,,,
Melarcode,627700,Kerala,Palakkad,Nemmara,26155.0,26155.0,6156.0,2552.0,10.604258300855046,76.56827216294393,,,,,,,,
Nelliyampathy,627676,Kerala,Palakkad,Nemmara,5545.0,5545.0,1534.0,57653.0,10.44307828771241,76.71118314907923,,,,,,,,
Nemmara,627672,Kerala,Palakkad,Nemmara,18745.0,18745.0,4564.0,1589.0,10.56492202079794,76.60466494598684,,,,,,,,
Pallassana,627670,Kerala,Palakkad,Nemmara,23581.0,23581.0,5457.0,2937.0,10.625703571202145,76.62872797421342,,,,,,,,
Vallanghy,627671,Kerala,Palakkad,Nemmara,17804.0,17804.0,4246.0,2174.0,10.584709101268338,76.61812642976362,,,,,,,,
Ambalapara I,627593,Kerala,Palakkad,Ottappalam,13387.0,13387.0,3126.0,2089.0,10.821458148455084,76.43617391019464,,,,,,,,
Ambalapara Ii,627592,Kerala,Palakkad,Ottappalam,24889.0,24889.0,5561.0,2919.0,10.81719129081084,76.39741095107726,,,,,,,,
Lakkidi Perur I,627594,Kerala,Palakkad,Ottappalam,13358.0,13358.0,3029.0,1305.0,10.78741563353094,76.43228442759859,,,,,,,,
Lakkidi Perur Ii,627595,Kerala,Palakkad,Ottappalam,19459.0,19459.0,4443.0,1774.0,10.762811336379414,76.4527245095309,,,,,,,,
Mannur,627630,Kerala,Palakkad,Ottappalam,19805.0,19805.0,4601.0,1925.0,10.79765983865296,76.47273578690377,,,,,,,,
Vaniyamkulam I,627591,Kerala,Palakkad,Ottappalam,15965.0,15965.0,3813.0,1548.0,10.784709414228258,76.3209054892767,,,,,,,,
Kannadi Ii,627641,Kerala,Palakkad,Palakkad,11228.0,11228.0,2642.0,1183.0,10.731064185778893,76.66967782503592,,,,,,,,
Keralassery,627629,Kerala,Palakkad,Palakkad,15022.0,15022.0,3683.0,2397.0,10.832309997021673,76.49043194828567,,,,,,,,
Mundur I,627634,Kerala,Palakkad,Palakkad,20334.0,20334.0,4644.0,1829.0,10.8357961756555,76.57113566977378,,,,,,,,
Mundur Ii,627633,Kerala,Palakkad,Palakkad,10314.0,10314.0,2455.0,1486.0,10.863973182888648,76.55264878712366,,,,,,,,
Parli I,627635,Kerala,Palakkad,Palakkad,17369.0,17369.0,4072.0,1579.0,10.809156100404117,76.54735712461431,,,,,,,,
Parli Ii,627636,Kerala,Palakkad,Palakkad,17082.0,17082.0,4078.0,1428.0,10.796851437991611,76.57079498002469,,,,,,,,
Koppam,627585,Kerala,Palakkad,Pattambi,30169.0,30169.0,6103.0,2585.0,10.860630092483342,76.186658195468,,,,,,,,
Nellaya,627571,Kerala,Palakkad,Pattambi,36146.0,36146.0,7282.0,2741.0,10.872367612899517,76.27565221150631,,,,,,,,
Parudur,627567,Kerala,Palakkad,Pattambi,26638.0,26638.0,5410.0,2071.0,10.829548793454538,76.11700770541576,,,,,,,,
Thiruvegapura,627568,Kerala,Palakkad,Pattambi,33942.0,33942.0,6518.0,2016.0,10.865457713396331,76.13223626659915,,,,,,,,
Vallapuzha,627584,Kerala,Palakkad,Pattambi,28018.0,28018.0,5282.0,2164.0,10.83579266463334,76.24335581285901,,,,,,,,
Cherpulacherry,627572,Kerala,Palakkad,Sreekrishnapuram,34899.0,34899.0,7538.0,2760.0,10.891310201128531,76.3071380125048,,,,,,,,
Kadampazhipuram I,627577,Kerala,Palakkad,Sreekrishnapuram,16003.0,16003.0,3757.0,2119.0,10.863841339803232,76.44411406144778,,,,,,,,
Karimpuzha I,627574,Kerala,Palakkad,Sreekrishnapuram,19287.0,19287.0,4208.0,2691.0,10.939006571794424,76.40150629261636,,,,,,,,
Sreekrishnapuram I,627578,Kerala,Palakkad,Sreekrishnapuram,14797.0,14797.0,3573.0,2027.0,10.904604498113072,76.41805863359733,,,,,,,,
Sreekrishnapuram Ii,627579,Kerala,Palakkad,Sreekrishnapuram,14736.0,14736.0,3683.0,2044.0,10.872570217938003,76.40951798186504,,,,,,,,
Thrikkadeeri I,627581,Kerala,Palakkad,Sreekrishnapuram,15005.0,15005.0,3239.0,1936.0,10.848715308379187,76.36085661824764,,,,,,,,
Thrikkadeeri Ii,627580,Kerala,Palakkad,Sreekrishnapuram,15357.0,15357.0,3139.0,1346.0,10.870112452140066,76.33900054639453,,,,,,,,
Anakkara,627566,Kerala,Palakkad,Thrithala,24699.0,24699.0,5214.0,2095.0,10.825576462822186,76.05870892245143,,,,,,,,
Nagalassery,627589,Kerala,Palakkad,Thrithala,27606.0,27606.0,6262.0,2620.0,10.747750515877945,76.13403213010972,,,,,,,,
Pattithara,627586,Kerala,Palakkad,Thrithala,33157.0,33157.0,6962.0,2870.0,10.79019187810472,76.09692096830948,,,,,,,,
Thirumittacode I,627590,Kerala,Palakkad,Thrithala,19143.0,19143.0,4094.0,1707.0,10.76485630974205,76.1881457892056,,,,,,,,
Pallickal,628354,Kerala,Pathanamthitta,Bharanikkavu (Part),21143.0,21143.0,5628.0,2236.0,9.13836304790127,76.66492562930327,,,,,,,,
Elanthoor,628327,Kerala,Pathanamthitta,Elanthoor,15344.0,15344.0,4176.0,1509.0,9.290972859727628,76.7358704022403,,,,,,,,
Omalloor,628330,Kerala,Pathanamthitta,Elanthoor,17611.0,17611.0,4858.0,1454.0,9.2482352653335,76.7609781595601,,,,,,,,
Koipuram,628300,Kerala,Pathanamthitta,Koipuram,26425.0,26425.0,7319.0,2226.0,9.3554683314356,76.66342248530437,,,,,,,,
Puramattam,628310,Kerala,Pathanamthitta,Koipuram,14069.0,14069.0,3778.0,1466.0,9.395372139453215,76.66191298603103,,,,,,,,
Thelliyoor,628309,Kerala,Pathanamthitta,Koipuram,8101.0,8101.0,2210.0,1015.0,9.392842798276243,76.69154694076552,,,,,,,,
Thottapuzhassery,628301,Kerala,Pathanamthitta,Koipuram,14469.0,14469.0,3980.0,1446.0,9.357017926226971,76.69620162510323,,,,,,,,
Aruvappulam,628339,Kerala,Pathanamthitta,Konni,13801.0,13801.0,3872.0,26587.0,9.166162626561816,77.10509145425993,,,,,,,,
Iravan,628340,Kerala,Pathanamthitta,Konni,9999.0,9999.0,2726.0,2058.0,9.228342761461615,76.86835721484711,,,,,,,,
Konnithazham,628335,Kerala,Pathanamthitta,Konni,13009.0,13009.0,3530.0,10198.0,9.255446642094649,76.85875450001888,,,,,,,,
Malayalapuzha Part,628334,Kerala,Pathanamthitta,Konni,16664.0,16664.0,4709.0,2524.0,9.286487590536556,76.8431501790797,,,,,,,,
Pathanamthitta Part,628331,Kerala,Pathanamthitta,Konni,742.0,742.0,215.0,228.0,9.27700011814306,76.7994564439696,,,,,,,,
Vallicode Kottayam,628337,Kerala,Pathanamthitta,Konni,11762.0,11762.0,3258.0,1984.0,9.198766186737585,76.83132996977385,,,,,,,,
Kidangannur,628324,Kerala,Pathanamthitta,Kulanada (Part),14264.0,14264.0,3965.0,1196.0,9.30119283354886,76.67398975294971,,,,,,,,
Anicad,628305,Kerala,Pathanamthitta,Mallappally,14678.0,14678.0,3750.0,1904.0,9.466063750637613,76.67381262831273,,,,,,,,
Kaviyoor,628298,Kerala,Pathanamthitta,Mallappally,16852.0,16852.0,4499.0,1308.0,9.405418251825475,76.61299539280824,,,,,,,,
Mallappally,628304,Kerala,Pathanamthitta,Mallappally,17693.0,17693.0,4787.0,1997.0,9.438730904933491,76.66670634579704,,,,,,,,
Perumpetty,628307,Kerala,Pathanamthitta,Mallappally,14396.0,14396.0,3881.0,2285.0,9.416715603610632,76.74589237261317,,,,,,,,
Kurampala,628344,Kerala,Pathanamthitta,Pandalam,20822.0,20822.0,5505.0,1447.0,9.20038221356693,76.69084376036344,,,,,,,,
Pandalam,628343,Kerala,Pathanamthitta,Pandalam,22635.0,22635.0,5905.0,1583.0,9.21947147988814,76.66403860047696,,,,,,,,
Pandalam Thekkekara,628345,Kerala,Pathanamthitta,Pandalam,24069.0,24069.0,6581.0,2536.0,9.201207678550595,76.72564596049489,,,,,,,,
Erathu,628352,Kerala,Pathanamthitta,Parakode (Part),24880.0,24880.0,6730.0,2174.0,9.121995247872608,76.73391701799616,,,,,,,,
Ezhamkulam,628351,Kerala,Pathanamthitta,Parakode (Part),18655.0,18655.0,5005.0,1734.0,9.146446269403851,76.77840037671626,,,,,,,,
Kadampanadu,628355,Kerala,Pathanamthitta,Parakode (Part),26909.0,26909.0,7126.0,2395.0,9.099374683546657,76.70701598350894,,,,,,,,
Koodal,628348,Kerala,Pathanamthitta,Parakode (Part),15979.0,15979.0,4461.0,3305.0,9.161371560734604,76.85273711516507,,,,,,,,
Peringanadu Part,628353,Kerala,Pathanamthitta,Parakode (Part),20638.0,20638.0,5581.0,1894.0,9.15177940693544,76.7012418516457,,,,,,,,
Kavumbhagom Part,628296,Kerala,Pathanamthitta,Pulikkeezh (Part),6644.0,6644.0,1662.0,761.0,9.402143640576735,76.54952232257907,,,,,,,,
Kuttoor,628297,Kerala,Pathanamthitta,Pulikkeezh (Part),19652.0,19652.0,5146.0,1249.0,9.35550879622874,76.59739019716088,,,,,,,,
Nedumpuram,628294,Kerala,Pathanamthitta,Pulikkeezh (Part),12694.0,12694.0,3397.0,849.0,9.367225022265751,76.5385076362508,,,,,,,,
Niranam,628292,Kerala,Pathanamthitta,Pulikkeezh (Part),10770.0,10770.0,2837.0,1101.0,9.340787490921109,76.50415937947538,,,,,,,,
Angadi,628316,Kerala,Pathanamthitta,Ranni,14855.0,14855.0,3989.0,3072.0,9.401600047955096,76.77186191298883,,,,,,,,
Athikkayam,628314,Kerala,Pathanamthitta,Ranni,9548.0,9548.0,2477.0,2156.0,9.395939248461184,76.85013072309124,,,,,,,,
Chethakkal,628311,Kerala,Pathanamthitta,Ranni,15027.0,15027.0,3982.0,4793.0,9.430958344692645,76.8232639799896,,,,,,,,
Mylapra Part,628333,Kerala,Pathanamthitta,Ranni,10082.0,10082.0,2710.0,1039.0,9.30690012331279,76.79504932399647,,,,,,,,
Perunad,628313,Kerala,Pathanamthitta,Ranni,15018.0,15018.0,4130.0,7523.0,9.394209526934972,76.98768213729717,,,,,,,,
Thannithode,628341,Kerala,Pathanamthitta,Ranni,12508.0,12508.0,3475.0,34802.0,9.24974067394716,76.94556830258789,,,,,,,,
Vadasserikkara,628320,Kerala,Pathanamthitta,Ranni,21933.0,21933.0,5827.0,6007.0,9.330688053420554,76.84217765724858,,,,,,,,
Peringara,628295,Kerala,Pathanamthitta,Veliyanad (Part),14440.0,14440.0,3744.0,1249.0,9.390674938819418,76.53008500127838,,,,,,,,
Karumkulam,628536,Kerala,Thiruvananthapuram,Athiyannur,27481.0,27481.0,6255.0,324.0,8.336324861319147,77.0487902138684,,,,,,,,
Vizhinjam Part,628538,Kerala,Thiruvananthapuram,Athiyannur,20714.0,20714.0,5040.0,794.0,8.382114992711177,77.00927624239989,,,,,,,,
Attingal,628470,Kerala,Thiruvananthapuram,Chirayinkeezhu,5290.0,5290.0,1353.0,153.0,8.697251454219094,76.84223960394435,,,,,,,,
Elamba,628469,Kerala,Thiruvananthapuram,Chirayinkeezhu,20314.0,20314.0,5288.0,1695.0,8.694172098948702,76.8673633711931,,,,,,,,
Kadakkavoor,628471,Kerala,Thiruvananthapuram,Chirayinkeezhu,22632.0,22632.0,5144.0,532.0,8.676863919653412,76.76112231194482,,,,,,,,
Andoorkonam,628508,Kerala,Thiruvananthapuram,Kazhakkoottam,15557.0,15557.0,3796.0,924.0,8.612646099221328,76.87819633715888,,,,,,,,
Karavaram,628465,Kerala,Thiruvananthapuram,Kilimanoor,15898.0,15898.0,4052.0,1333.0,8.7530607266789,76.81329973485404,,,,,,,,
Koduvazhannoor,628463,Kerala,Thiruvananthapuram,Kilimanoor,10248.0,10248.0,2755.0,808.0,8.737092545885547,76.87117862278801,,,,,,,,
Kudavoor,628458,Kerala,Thiruvananthapuram,Kilimanoor,14151.0,14151.0,3501.0,1196.0,8.782087061042581,76.80183408109549,,,,,,,,
Navaikulam,628455,Kerala,Thiruvananthapuram,Kilimanoor,26551.0,26551.0,6721.0,1627.0,8.790250583291117,76.77843786483484,,,,,,,,
Pallickal,628456,Kerala,Thiruvananthapuram,Kilimanoor,16873.0,16873.0,4261.0,1618.0,8.837291770899148,76.80185836390956,,,,,,,,
Pazhayakunnummel,628461,Kerala,Thiruvananthapuram,Kilimanoor,24608.0,24608.0,6578.0,2531.0,8.783718155893451,76.89123378103861,,,,,,,,
Panavoor,628487,Kerala,Thiruvananthapuram,Nedumangad,20348.0,20348.0,5253.0,2190.0,8.67298013062602,76.99498276175795,,,,,,,,
Vembayam,628498,Kerala,Thiruvananthapuram,Nedumangad,20716.0,20716.0,5328.0,1562.0,8.615171079763776,76.92920536981254,,,,,,,,
Kottukal Part,628537,Kerala,Thiruvananthapuram,Nemom,46915.0,46915.0,11725.0,1633.0,8.382806230083167,77.03318110692284,,,,,,,,
Maranalloor,628527,Kerala,Thiruvananthapuram,Nemom,36550.0,36550.0,9679.0,2513.0,8.459191116380525,77.07181457690297,,,,,,,,
Chenkal Part,628533,Kerala,Thiruvananthapuram,Parassala,36891.0,36891.0,9549.0,1937.0,8.361868592313927,77.10968375542487,,,,,,,,
Karode,628532,Kerala,Thiruvananthapuram,Parassala,31918.0,31918.0,8041.0,1413.0,8.325095589105999,77.11961066294613,,,,,,,,
Anavoor,628529,Kerala,Thiruvananthapuram,Perumkadavila,14667.0,14667.0,3905.0,1370.0,8.432815154791363,77.14660205801539,,,,,,,,
Kallikkad,628522,Kerala,Thiruvananthapuram,Perumkadavila,9413.0,9413.0,2499.0,7874.0,8.53560997145819,77.13643896300951,,,,,,,,
Kunnathukal,628530,Kerala,Thiruvananthapuram,Perumkadavila,33274.0,33274.0,8424.0,1775.0,8.410640564179142,77.17026927555332,,,,,,,,
Perumkadavila,628528,Kerala,Thiruvananthapuram,Perumkadavila,23580.0,23580.0,6311.0,1754.0,8.429921384661275,77.11589471071137,,,,,,,,
Kallara,628481,Kerala,Thiruvananthapuram,Vamanapuram,25844.0,25844.0,6981.0,2816.0,8.735094098375807,76.96363918865356,,,,,,,,
Koliyakode,628489,Kerala,Thiruvananthapuram,Vamanapuram,19274.0,19274.0,5004.0,1700.0,8.650634864339764,76.89761781589159,,,,,,,,
Kurupuzha,628486,Kerala,Thiruvananthapuram,Vamanapuram,10167.0,10167.0,2848.0,1940.0,8.679179061730938,77.02848044829744,,,,,,,,
Manikkal,628490,Kerala,Thiruvananthapuram,Vamanapuram,18632.0,18632.0,4822.0,1634.0,8.654849690264163,76.93461673888719,,,,,,,,
Palode,628485,Kerala,Thiruvananthapuram,Vamanapuram,14922.0,14922.0,4084.0,1786.0,8.714305443408557,77.0160977303807,,,,,,,,
Pangode,628482,Kerala,Thiruvananthapuram,Vamanapuram,29039.0,29039.0,7786.0,3728.0,8.756997203951684,76.98822437674855,,,,,,,,
Pullampara,628488,Kerala,Thiruvananthapuram,Vamanapuram,21817.0,21817.0,5570.0,2673.0,8.693654841338015,76.94823665849079,,,,,,,,
Vamanapuram,628480,Kerala,Thiruvananthapuram,Vamanapuram,21038.0,21038.0,5645.0,2178.0,8.72500570799612,76.92794929370635,,,,,,,,
Ayiroor,628453,Kerala,Thiruvananthapuram,Varkala,25307.0,25307.0,6508.0,1775.0,8.783939280889,76.72521789457778,,,,,,,,
Chemmaruthy,628454,Kerala,Thiruvananthapuram,Varkala,32444.0,32444.0,8238.0,1754.0,8.759972161388259,76.75106244131277,,,,,,,,
Ottoor,628466,Kerala,Thiruvananthapuram,Varkala,16085.0,16085.0,4260.0,947.0,8.74222677380866,76.77832575673129,,,,,,,,
Vettoor,628467,Kerala,Thiruvananthapuram,Varkala,36818.0,36818.0,8694.0,1769.0,8.718993927072427,76.74685850299029,,,,,,,,
Aruvikkara,628499,Kerala,Thiruvananthapuram,Vellanad,33909.0,33909.0,8871.0,2080.0,8.574042309757337,77.00902047900239,,,,,,,,
Aryanad,628496,Kerala,Thiruvananthapuram,Vellanad,26361.0,26361.0,7086.0,10435.0,8.598131310076235,77.09810481415111,,,,,,,,
Mannoorkara,628495,Kerala,Thiruvananthapuram,Vellanad,18343.0,18343.0,4793.0,1977.0,8.600766379135324,77.16888521849147,,,,,,,,
Perumkulam,628501,Kerala,Thiruvananthapuram,Vellanad,19202.0,19202.0,4888.0,1327.0,8.543788309115229,77.05368428894275,,,,,,,,
Tholicode,628493,Kerala,Thiruvananthapuram,Vellanad,31784.0,31784.0,8156.0,2936.0,8.650198213072844,77.06476898876778,,,,,,,,
Uzhamalackal,628497,Kerala,Thiruvananthapuram,Vellanad,21472.0,21472.0,5636.0,1875.0,8.601762028888789,77.0564575323445,,,,,,,,
Alappad,627821,Kerala,Thrissur,Anthicad,4448.0,4448.0,1112.0,572.0,10.43707491436573,76.16183165750553,,,,,,,,
Inchamudi,627823,Kerala,Thrissur,Anthicad,3341.0,3341.0,811.0,365.0,10.416061926113866,76.17764145429176,,,,,,,,
Pullu,627819,Kerala,Thrissur,Anthicad,1196.0,1196.0,292.0,383.0,10.459071345235795,76.15151726395344,,,,,,,,
Elanjipra,627904,Kerala,Thrissur,Chalakudy (Part),4895.0,4895.0,1254.0,216.0,10.323678620544564,76.35664189337841,,,,,,,,
Kuttichira,627901,Kerala,Thrissur,Chalakudy (Part),17808.0,17808.0,4558.0,22183.0,10.339557840474743,76.42659419835876,,,,,,,,
Melur,627913,Kerala,Thrissur,Chalakudy (Part),22678.0,22678.0,5660.0,2027.0,10.29434412827158,76.3774389075481,,,,,,,,
Pariyaram,627903,Kerala,Thrissur,Chalakudy (Part),31195.0,31195.0,8122.0,35867.0,10.358261379210653,76.5715915788713,,,,,,,,
Kadappuram,627785,Kerala,Thrissur,Chavakkad,22938.0,22938.0,4624.0,896.0,10.548211852581671,76.02603353415881,,,,,,,,
Arattupuzha,627824,Kerala,Thrissur,Cherpu,7263.0,7263.0,1793.0,414.0,10.420122692056706,76.22463387860529,,,,,,,,
Pallippuram,627820,Kerala,Thrissur,Cherpu,2450.0,2450.0,617.0,427.0,10.452701815455551,76.17329445086322,,,,,,,,
Chemmanthatta,627739,Kerala,Thrissur,Chowwannur,6538.0,6538.0,1468.0,486.0,10.642796958398538,76.10182634039298,,,,,,,,
Chowwannur,627736,Kerala,Thrissur,Chowwannur,6907.0,6907.0,1616.0,126.0,10.659898618393546,76.0908383802865,,,,,,,,
Kanipayyur,627738,Kerala,Thrissur,Chowwannur,3245.0,3245.0,782.0,116.0,10.63380414102133,76.08001829297102,,,,,,,,
Mangad Part,627737,Kerala,Thrissur,Chowwannur,3989.0,3989.0,934.0,111.0,10.671281338345294,76.04939237064251,,,,,,,,
Perumpilavu,627714,Kerala,Thrissur,Chowwannur,9896.0,9896.0,2228.0,1003.0,10.706960211365525,76.10812118903212,,,,,,,,
Anandapuram,627894,Kerala,Thrissur,Irinjalakuda,6741.0,6741.0,1733.0,610.0,10.379876670267596,76.26049835281675,,,,,,,,
Irinjalakuda,627896,Kerala,Thrissur,Irinjalakuda,2868.0,2868.0,709.0,180.0,10.364392653135612,76.22186643925637,,,,,,,,
Karalam,627886,Kerala,Thrissur,Irinjalakuda,16594.0,16594.0,4251.0,1430.0,10.386974425646404,76.18729397511655,,,,,,,,
Nellayi,627893,Kerala,Thrissur,Irinjalakuda,9998.0,9998.0,2546.0,720.0,10.384424585853749,76.28702692847999,,,,,,,,
Kallur,627888,Kerala,Thrissur,Kodakara,18716.0,18716.0,4578.0,1750.0,10.45548037748904,76.31651825846696,,,,,,,,
Kodassery,627902,Kerala,Thrissur,Kodakara,12575.0,12575.0,3159.0,4063.0,10.349969102090828,76.37189187311218,,,,,,,,
Mupliyam,627890,Kerala,Thrissur,Kodakara,8020.0,8020.0,2005.0,4043.0,10.406407670440974,76.34835043746084,,,,,,,,
Nandipulam,627891,Kerala,Thrissur,Kodakara,5529.0,5529.0,1438.0,470.0,10.395300252339135,76.3240034578199,,,,,,,,
Varandarappilly,627889,Kerala,Thrissur,Kodakara,27343.0,27343.0,6606.0,5805.0,10.423934300138315,76.33170033846315,,,,,,,,
Azhikode,627872,Kerala,Thrissur,Kodungallur,19935.0,19935.0,4606.0,724.0,10.195078832587985,76.16718607033931,,,,,,,,
Alathur,627915,Kerala,Thrissur,Mala,12678.0,12678.0,3236.0,1258.0,10.233588288452378,76.30570828424806,,,,,,,,
Kakkulissery,627917,Kerala,Thrissur,Mala,10448.0,10448.0,2646.0,856.0,10.209125987569198,76.29291608235455,,,,,,,,
Thazhekkad,627906,Kerala,Thrissur,Mala,13241.0,13241.0,3369.0,1196.0,10.315199361731551,76.27264409631083,,,,,,,,
Vadakkumbhagom,627911,Kerala,Thrissur,Mala,7075.0,7075.0,1814.0,605.0,10.271825732348017,76.27517307580003,,,,,,,,
Koolimuttam,627870,Kerala,Thrissur,Mathilakam,12497.0,12497.0,3147.0,656.0,10.285027985556344,76.14248995956812,,,,,,,,
Padinjare Vemballur,627871,Kerala,Thrissur,Mathilakam,11836.0,11836.0,2905.0,631.0,10.259695131679749,76.14636044669123,,,,,,,,
Irimbranallur,627787,Kerala,Thrissur,Mullassery,3200.0,3200.0,784.0,646.0,10.512200708653571,76.11525092313191,,,,,,,,
Kundazhiyur,627788,Kerala,Thrissur,Mullassery,10583.0,10583.0,2338.0,650.0,10.52559557774172,76.07301371067985,,,,,,,,
Mannamangalam,627817,Kerala,Thrissur,Ollukkara,7878.0,7878.0,1874.0,875.0,10.48154658556567,76.3448968849445,,,,,,,,
Mulayam,627818,Kerala,Thrissur,Ollukkara,9465.0,9465.0,2206.0,1112.0,10.52513294021041,76.31071369015862,,,,,,,,
Pananchery,627815,Kerala,Thrissur,Ollukkara,19832.0,19832.0,4889.0,8009.0,10.582958670386178,76.34125398191009,,,,,,,,
Peechi,627816,Kerala,Thrissur,Ollukkara,26946.0,26946.0,6706.0,10162.0,10.517157002573589,76.39142093660088,,,,,,,,
Elanad,627755,Kerala,Thrissur,Pazhayannur,10284.0,10284.0,2467.0,2140.0,10.622092443665624,76.39667518300517,,,,,,,,
Kondazhy,627727,Kerala,Thrissur,Pazhayannur,11507.0,11507.0,2715.0,1570.0,10.716075988658082,76.38983569768365,,,,,,,,
Mayannur,627723,Kerala,Thrissur,Pazhayannur,6660.0,6660.0,1524.0,926.0,10.75390964804997,76.37664851873747,,,,,,,,
Painkulam,627722,Kerala,Thrissur,Pazhayannur,9517.0,9517.0,2115.0,1396.0,10.739812596841263,76.32222686884097,,,,,,,,
Pampady,627724,Kerala,Thrissur,Pazhayannur,3515.0,3515.0,880.0,598.0,10.74422245127922,76.44858166066214,,,,,,,,
Pangarappilly,627751,Kerala,Thrissur,Pazhayannur,5467.0,5467.0,1333.0,812.0,10.659052472982763,76.35125811972236,,,,,,,,
Pazhayannur,627753,Kerala,Thrissur,Pazhayannur,16688.0,16688.0,3895.0,2048.0,10.669219895431072,76.42329327629899,,,,,,,,
Pulakode,627752,Kerala,Thrissur,Pazhayannur,6456.0,6456.0,1567.0,1623.0,10.668270588720512,76.37664675446067,,,,,,,,
Thiruvilwamala,627725,Kerala,Thrissur,Pazhayannur,11793.0,11793.0,2929.0,2061.0,10.719831155768386,76.44647198458692,,,,,,,,
Thonnurkara,627750,Kerala,Thrissur,Pazhayannur,6799.0,6799.0,1613.0,780.0,10.686897331627964,76.31734354286668,,,,,,,,
Venganellur,627729,Kerala,Thrissur,Pazhayannur,10664.0,10664.0,2596.0,2053.0,10.716264868243533,76.3552989006658,,,,,,,,
Vennur,627754,Kerala,Thrissur,Pazhayannur,3023.0,3023.0,723.0,956.0,10.644507348473113,76.40138884135746,,,,,,,,
Chalakkal,627814,Kerala,Thrissur,Puzhakkal,2938.0,2938.0,667.0,639.0,10.547930827645205,76.12764696803362,,,,,,,,
Velappaya,627812,Kerala,Thrissur,Puzhakkal,4575.0,4575.0,1185.0,446.0,10.60829399316472,76.1963043114198,,,,,,,,
Nattika,627790,Kerala,Thrissur,Talikkulam,19406.0,19406.0,4915.0,960.0,10.418123691934886,76.10066781357236,,,,,,,,
Karumathra,627909,Kerala,Thrissur,Vellangallur,4041.0,4041.0,995.0,251.0,10.261142198158824,76.21574519078932,,,,,,,,
Kottanellur,627907,Kerala,Thrissur,Vellangallur,11133.0,11133.0,2916.0,1134.0,10.300883116388784,76.24588338255049,,,,,,,,
Vallivattom,627908,Kerala,Thrissur,Vellangallur,8537.0,8537.0,2112.0,845.0,10.27562215492728,76.18997162427061,,,,,,,,
Arangottukara,627717,Kerala,Thrissur,Wadakkanchery,3013.0,3013.0,682.0,329.0,10.752700107008716,76.20515103530252,,,,,,,,
Attoor,627732,Kerala,Thrissur,Wadakkanchery,7327.0,7327.0,1590.0,4796.0,10.67491575211069,76.29410953544964,,,,,,,,
Kadangode,627715,Kerala,Thrissur,Wadakkanchery,9016.0,9016.0,2048.0,1269.0,10.703368732402874,76.14399687903718,,,,,,,,
Kanjirakode,627734,Kerala,Thrissur,Wadakkanchery,4474.0,4474.0,1060.0,820.0,10.692760755136147,76.23120542662305,,,,,,,,
Karumathara,627746,Kerala,Thrissur,Wadakkanchery,3814.0,3814.0,902.0,440.0,10.647241126028163,76.27383546348901,,,,,,,,
Kiralur,627742,Kerala,Thrissur,Wadakkanchery,2261.0,2261.0,545.0,290.0,10.62140724057261,76.16443646091285,,,,,,,,
Manalithara,627748,Kerala,Thrissur,Wadakkanchery,7581.0,7581.0,1910.0,1115.0,10.623505542526594,76.32650661363574,,,,,,,,
Pallur,627718,Kerala,Thrissur,Wadakkanchery,7197.0,7197.0,1495.0,981.0,10.769451184449286,76.2201613107299,,,,,,,,
Parlikad,627743,Kerala,Thrissur,Wadakkanchery,4771.0,4771.0,1160.0,379.0,10.641298181740051,76.22518700292716,,,,,,,,
Puthuruthy,627744,Kerala,Thrissur,Wadakkanchery,4390.0,4390.0,1095.0,528.0,10.65586014488041,76.2003003689054,,,,,,,,
Thalassery,627719,Kerala,Thrissur,Wadakkanchery,3318.0,3318.0,680.0,219.0,10.745355686889742,76.2166410537596,,,,,,,,
Thayyur,627741,Kerala,Thrissur,Wadakkanchery,4740.0,4740.0,1113.0,757.0,10.665918200143173,76.17077654699033,,,,,,,,
Thichur,627716,Kerala,Thrissur,Wadakkanchery,8165.0,8165.0,1750.0,778.0,10.723228069472562,76.182840907179,,,,,,,,
Vellattanjur,627740,Kerala,Thrissur,Wadakkanchery,6704.0,6704.0,1575.0,627.0,10.65862143141169,76.1422677823423,,,,,,,,
Viruppakka,627747,Kerala,Thrissur,Wadakkanchery,2037.0,2037.0,474.0,440.0,10.64124378976524,76.29186784888832,,,,,,,,
Achooranam,627333,Kerala,Wayanad,Kalpetta,11998.0,11998.0,2684.0,2032.0,11.602343195240037,76.02070054035015,,,,,,,,
Chundale,627336,Kerala,Wayanad,Kalpetta,7996.0,7996.0,1891.0,2207.0,11.567065832701912,76.04967779722496,,,,,,,,
Kaniambetta,627327,Kerala,Wayanad,Kalpetta,29363.0,29363.0,6647.0,3318.0,11.69360456671594,76.09401388883857,,,,,,,,
Kavumannam,627331,Kerala,Wayanad,Kalpetta,10106.0,10106.0,2358.0,1622.0,11.645241280787754,75.99096293527326,,,,,,,,
Kottappadi Part,627337,Kerala,Wayanad,Kalpetta,23384.0,23384.0,5262.0,5538.0,11.543274878361348,76.10500224668274,,,,,,,,
Kottathara,627326,Kerala,Wayanad,Kalpetta,17295.0,17295.0,3920.0,3224.0,11.668005892492705,76.03915881011856,,,,,,,,
Kunnathidavaka,627335,Kerala,Wayanad,Kalpetta,10309.0,10309.0,2268.0,2594.0,11.52895130623852,76.04227314973241,,,,,,,,
Muppainad,627339,Kerala,Wayanad,Kalpetta,22892.0,22892.0,5187.0,5917.0,11.541580319368189,76.18975431348213,,,,,,,,
Muttil South,627329,Kerala,Wayanad,Kalpetta,22355.0,22355.0,5060.0,2825.0,11.62772557229027,76.13947417309669,,,,,,,,
Padinharethara,627324,Kerala,Wayanad,Kalpetta,16146.0,16146.0,3645.0,3944.0,11.671496148572883,75.94700750242936,,,,,,,,
Purakkadi,627315,Kerala,Wayanad,Kalpetta,21022.0,21022.0,5102.0,3198.0,11.675655733855487,76.16071182157614,,,,,,,,
Thariyode,627332,Kerala,Wayanad,Kalpetta,1653.0,1653.0,385.0,5510.0,11.621560127477196,75.94393960100437,,,,,,,,
Thrikkaipatta Part,627338,Kerala,Wayanad,Kalpetta,8551.0,8551.0,2063.0,2337.0,11.594034219888524,76.13337499010615,,,,,,,,
Vellarimala,627340,Kerala,Wayanad,Kalpetta,7548.0,7548.0,1711.0,5420.0,11.492020252479875,76.14675849356112,,,,,,,,
Edavaka,627301,Kerala,Wayanad,Mananthavady,16737.0,16737.0,3727.0,2514.0,11.773330086153427,75.96598011618262,,,,,,,,
Kanjirangad,627308,Kerala,Wayanad,Mananthavady,11811.0,11811.0,2725.0,3546.0,11.747738030800646,75.9069522217993,,,,,,,,
Nadavayal,627309,Kerala,Wayanad,Mananthavady,15795.0,15795.0,3689.0,4001.0,11.75266570145546,76.1301287141734,,,,,,,,
Nalloornad,627302,Kerala,Wayanad,Mananthavady,16928.0,16928.0,3812.0,2216.0,11.77150683924663,76.0102069195362,,,,,,,,
Panamaram,627304,Kerala,Wayanad,Mananthavady,12683.0,12683.0,2916.0,2668.0,11.753723766817185,76.08355130958817,,,,,,,,
Payyampally,627295,Kerala,Wayanad,Mananthavady,13311.0,13311.0,3193.0,2555.0,11.807950170937714,76.05484755487578,,,,,,,,
Thirunelly,627293,Kerala,Wayanad,Mananthavady,12878.0,12878.0,2989.0,14861.0,11.915165658962486,76.03814062153971,,,,,,,,
Thondernad,627299,Kerala,Wayanad,Mananthavady,11752.0,11752.0,2652.0,9516.0,11.761550377613911,75.83771919535248,,,,,,,,
Valat,627300,Kerala,Wayanad,Mananthavady,10799.0,10799.0,2477.0,2721.0,11.793165497466322,75.91060809057599,,,,,,,,
Ambalavayal,627322,Kerala,Wayanad,Sulthan Bathery,16988.0,16988.0,4117.0,2823.0,11.625329342197531,76.20545360267297,,,,,,,,
Irulam,627314,Kerala,Wayanad,Sulthan Bathery,21052.0,21052.0,5259.0,4943.0,11.731752638061383,76.20153578837059,,,,,,,,
Kidanganad,627313,Kerala,Wayanad,Sulthan Bathery,9122.0,9122.0,2216.0,17521.0,11.739565788191577,76.30075374052377,,,,,,,,
Nenmeni,627321,Kerala,Wayanad,Sulthan Bathery,31225.0,31225.0,7507.0,4306.0,11.620873489905732,76.25647680950124,,,,,,,,
Noolpuzha,627319,Kerala,Wayanad,Sulthan Bathery,14133.0,14133.0,3299.0,12550.0,11.654937284362928,76.36064015930663,,,,,,,,
Padichira,627312,Kerala,Wayanad,Sulthan Bathery,28970.0,28970.0,7152.0,4951.0,11.826886664639533,76.18976562981648,,,,,,,,
Thomattuchal,627323,Kerala,Wayanad,Sulthan Bathery,17984.0,17984.0,4392.0,3485.0,11.58199987890806,76.20550679952126,,,,,,,,
Abdulpur,395647,Odisha,,,,,,,,,0.6740827207611679,0.3,0.5730776343232143,0.6415983790260553,0.5488139006143651,HIGH,4,COASTAL + FLOOD + CYCLONE + RAINFALL
Abhaypur,396778,Odisha,,,,,,,,,0.6922548651695029,0.3,0.6431490107934565,0.4446950457593799,0.532402721401091,HIGH,4,COASTAL + FLOOD + CYCLONE + RAINFALL
Achhutapur,395661,Odisha,,,,,,,,,0.548407916320506,1.0,0.5650062537816661,0.6098682748579979,0.6777475933131679,HIGH,4,COASTAL + FLOOD + CYCLONE + RAINFALL
Achinta,395631,Odisha,,,,,,,,,0.5416464776664849,0.3,0.56616168811784,0.6098682748579979,0.501008020301005,HIGH,4,COASTAL + FLOOD + CYCLONE + RAINFALL
Adabhutia,395837,Odisha,,,,,,,,,0.6780213264338626,0.1,0.5854377320013131,0.6098682748579979,0.4967394859020866,MODERATE,4,COASTAL + FLOOD + CYCLONE + RAINFALL
Adam Pur,396903,Odisha,,,,,,,,,0.3914588824971457,0.1,0.5714617185370877,0.4446950457593799,0.3742421035352916,MODERATE,4,COASTAL + FLOOD + CYCLONE + RAINFALL
Adoi,397110,Odisha,,,,,,,,,0.1865795060008378,1.0,0.5823054412752837,0.5378752947467564,0.5591252710684236,HIGH,4,COASTAL + FLOOD + CYCLONE + RAINFALL
Agapada,395640,Odisha,,,,,,,,,0.4684832437807681,0.8,0.5706756809494983,0.6098682748579979,0.6051875483432047,HIGH,4,COASTAL + FLOOD + CYCLONE + RAINFALL
Agar Bindha,396728,Odisha,,,,,,,,,0.6900642519288118,0.3,0.6652936670800209,0.4303411416807771,0.5344109206848042,HIGH,4,COASTAL + FLOOD + CYCLONE + RAINFALL
Ahamadpur,395646,Odisha,,,,,,,,,0.6820092315510853,0.3,0.5759998156692494,0.6415983790260553,0.551922399187849,HIGH,4,COASTAL + FLOOD + CYCLONE + RAINFALL
Ahirajpur,396063,Odisha,,,,,,,,,0.6820071850401379,0.1,0.5813378375975897,0.5999552848196029,0.4949276718753594,MODERATE,4,COASTAL + FLOOD + CYCLONE + RAINFALL
Aitipur,396919,Odisha,,,,,,,,,0.2356311630751024,0.1,0.5882866931214118,0.4446950457593799,0.3317000313547597,MODERATE,4,COASTAL + FLOOD + CYCLONE + RAINFALL
Aitipur,397044,Odisha,,,,,,,,,0.5819584599283927,0.1,0.5610115421619071,0.4446950457593799,0.4287794326708705,MODERATE,4,COASTAL + FLOOD + CYCLONE + RAINFALL
Aitpur,396711,Odisha,,,,,,,,,0.662343485811121,0.1,0.6701499385779697,0.4303411416807771,0.4773087587239841,MODERATE,4,COASTAL + FLOOD + CYCLONE + RAINFALL
Ajagar Patia,395824,Odisha,,,,,,,,,0.6545154559121764,0.1,0.5922114460062278,0.6098682748579979,0.4913811532468094,MODERATE,4,COASTAL + FLOOD + CYCLONE + RAINFALL
Akarapara,396045,Odisha,,,,,,,,,0.5319513938580477,0.3,0.5364003902870056,0.5378752947467564,0.476260574678517,MODERATE,4,COASTAL + FLOOD + CYCLONE + RAINFALL
Akhadasali,397121,Odisha,,,,,,,,,0.6584779436582906,0.0,0.6109953603762587,,0.4378652789894398,MODERATE,3,COASTAL + FLOOD + CYCLONE
Akhuadakhini,396796,Odisha,,,,,,,,,0.6901401350681151,0.3,0.6376552984963699,0.4446950457593799,0.530394874296403,HIGH,4,COASTAL + FLOOD + CYCLONE + RAINFALL
Akhulipada,395671,Odisha,,,,,,,,,0.545176435367615,0.0,0.5833818408572451,0.6098682748579979,0.4313720457961953,MODERATE,4,COASTAL + FLOOD + CYCLONE + RAINFALL
Alailo,397047,Odisha,,,,,,,,,0.6468757068853876,0.3,0.5724238363987864,0.4446950457593799,0.5011076803171889,HIGH,4,COASTAL + FLOOD + CYCLONE + RAINFALL
Alifa,396943,Odisha,,,,,,,,,0.6536986992069083,0.3,0.6082172169549996,0.4123689316052198,0.5056377003218664,HIGH,4,COASTAL + FLOOD + CYCLONE + RAINFALL
Amanapari,395861,Odisha,,,,,,,,,0.2983056448438139,0.3,0.587897836354893,0.6098682748579979,0.433439807513467,MODERATE,4,COASTAL + FLOOD + CYCLONE + RAINFALL
Amarabati,395790,Odisha,,,,,,,,,0.5815988395792195,0.3,0.5704717481460527,0.5999552848196029,0.5120886458741996,HIGH,4,COASTAL + FLOOD + CYCLONE + RAINFALL
Ambaora,395891,Odisha,,,,,,,,,0.4897710528065373,1.0,0.5738129370537128,0.5378752947467564,0.6479596090547407,HIGH,4,COASTAL + FLOOD + CYCLONE + RAINFALL
Ameipal,396952,Odisha,,,,,,,,,0.5516711656783646,0.8,0.5880255217712425,0.4123689316052198,0.594981516467364,HIGH,4,COASTAL + FLOOD + CYCLONE + RAINFALL
Amirabad,397059,Odisha,,,,,,,,,0.4311936348070815,0.1,0.5607634862136117,0.4446950457593799,0.3834879711474033,MODERATE,4,COASTAL + FLOOD + CYCLONE + RAINFALL
Ananta Keshari,395782,Odisha,,,,,,,,,0.6122558019249214,0.3,0.5786628621685983,0.5999552848196029,0.5233335130835466,HIGH,4,COASTAL + FLOOD + CYCLONE + RAINFALL
Anantapur,396977,Odisha,,,,,,,,,0.6280872290975974,0.3,0.6022965211214839,0.4123689316052198,0.4964740853306941,MODERATE,4,COASTAL + FLOOD + CYCLONE + RAINFALL
Anantapur,395683,Odisha,,,,,,,,,0.5945188196862292,0.3,0.6116330756628343,0.6098682748579979,0.5282375697931769,HIGH,4,COASTAL + FLOOD + CYCLONE + RAINFALL
Anduli,397042,Odisha,,,,,,,,,0.6942186448131358,0.1,0.5629890010998366,0.4446950457593799,0.4629518528707758,MODERATE,4,COASTAL + FLOOD + CYCLONE + RAINFALL
Angulai,396518,Odisha,,,,,,,,,0.6354995903417662,0.1,0.6143406236478495,0.4446950457593799,0.4581740421663682,MODERATE,4,COASTAL + FLOOD + CYCLONE + RAINFALL
Anko,396785,Odisha,,,,,,,,,0.5254798876892588,0.8,0.6121078722081192,0.4446950457593799,0.5996099435106834,HIGH,4,COASTAL + FLOOD + CYCLONE + RAINFALL
Antei,396873,Odisha,,,,,,,,,0.6807485201035912,1.0,0.6223304372471206,0.4123689316052198,0.6922809516639015,HIGH,4,COASTAL + FLOOD + CYCLONE + RAINFALL
Arada,397033,Odisha,,,,,,,,,0.4631046155604058,0.3,0.55427816564581,0.4446950457593799,0.4414399352314502,MODERATE,4,COASTAL + FLOOD + CYCLONE + RAINFALL
Arakhadiha,396006,Odisha,,,,,,,,,0.6081257659968045,0.3,0.5414247544128241,0.5378752947467564,0.5003689773515987,HIGH,4,COASTAL + FLOOD + CYCLONE + RAINFALL
Arakhia,396538,Odisha,,,,,,,,,0.6256436601923001,0.1,0.6066369815773363,0.4446950457593799,0.4532913526039,MODERATE,4,COASTAL + FLOOD + CYCLONE + RAINFALL
Arasa,395626,Odisha,,,,,,,,,0.5922875608106029,0.0,0.5755861563539222,0.6098682748579979,0.4435564623032609,MODERATE,4,COASTAL + FLOOD + CYCLONE + RAINFALL
Arimula,396722,Odisha,,,,,,,,,0.6155276586934608,0.0,0.6415192322690839,0.4446950457593799,0.4339771148271852,MODERATE,4,COASTAL + FLOOD + CYCLONE + RAINFALL
Arjunpur,395840,Odisha,,,,,,,,,0.5434274918888178,0.1,0.5898566940498344,0.6098682748579979,0.4574660760507035,MODERATE,4,COASTAL + FLOOD + CYCLONE + RAINFALL
Asoka Dia,395688,Odisha,,,,,,,,,0.691287541638083,0.0,0.6037961223782936,0.6098682748579979,0.4803089480575979,MODERATE,4,COASTAL + FLOOD + CYCLONE + RAINFALL
Athabatia,396938,Odisha,,,,,,,,,0.3807435355342112,0.3,0.5952980007079873,0.4446950457593799,0.4269865699891361,MODERATE,4,COASTAL + FLOOD + CYCLONE + RAINFALL
Ayatan,395723,Odisha,,,,,,,,,0.5942461984104435,0.0,0.5872707572693165,0.6098682748579979,0.4470652038120618,MODERATE,4,COASTAL + FLOOD + CYCLONE + RAINFALL
Babakar Pur,397055,Odisha,,,,,,,,,0.4810913015238434,0.1,0.572303293523293,0.4446950457593799,0.4013422229898522,MODERATE,4,COASTAL + FLOOD + CYCLONE + RAINFALL
Babara,396992,Odisha,,,,,,,,,0.6399763613599638,0.3,0.5407908176646562,0.5378752947467564,0.5097656717735044,HIGH,4,COASTAL + FLOOD + CYCLONE + RAINFALL
Bachharai,396717,Odisha,,,,,,,,,0.6481842086442795,0.3,0.6266503882157657,0.4446950457593799,0.5150568687991013,HIGH,4,COASTAL + FLOOD + CYCLONE + RAINFALL
Bachhuria,397109,Odisha,,,,,,,,,0.2989742900748915,0.8,0.587234982680695,0.5378752947467564,0.5440760916419924,HIGH,4,COASTAL + FLOOD + CYCLONE + RAINFALL
Bada Baincha,397024,Odisha,,,,,,,,,0.4662831242295209,0.1,0.5511149579876247,0.5378752947467564,0.4102387357151137,MODERATE,4,COASTAL + FLOOD + CYCLONE + RAINFALL
Bada Rahama,396990,Odisha,,,,,,,,,0.6986029421300435,0.3,0.5396193054398182,0.5378752947467564,0.5270607679483189,HIGH,4,COASTAL + FLOOD + CYCLONE + RAINFALL
Badadandua,397072,Odisha,,,,,,,,,0.3448128694710634,0.1,0.5612537714859822,0.5378752947467564,0.3763323626621658,MODERATE,4,COASTAL + FLOOD + CYCLONE + RAINFALL
Badadihi,397026,Odisha,,,,,,,,,0.573848174839575,0.3,0.5474707341964679,0.5378752947467564,0.4915971949503407,MODERATE,4,COASTAL + FLOOD + CYCLONE + RAINFALL
Badagahiramatha,395831,Odisha,,,,,,,,,0.7064777304486733,0.0,0.5738330989925245,0.5999552848196029,0.4753926508466537,MODERATE,4,COASTAL + FLOOD + CYCLONE + RAINFALL
Badagan,396937,Odisha,,,,,,,,,0.3390425642090256,0.3,0.589297414256366,0.4446950457593799,0.4129761319786751,MODERATE,4,COASTAL + FLOOD + CYCLONE + RAINFALL
Badagara,395665,Odisha,,,,,,,,,0.5349637957509744,0.0,0.5776647481303523,0.6098682748579979,0.42687898072948,MODERATE,4,COASTAL + FLOOD + CYCLONE + RAINFALL
Badaghai,396955,Odisha,,,,,,,,,0.6286561784301672,0.3,0.5932994283093858,0.4123689316052198,0.4943954969274405,MODERATE,4,COASTAL + FLOOD + CYCLONE + RAINFALL
Badahalapada,395595,Odisha,,,,,,,,,0.6428319126238042,1.0,0.5893465223334271,0.6415983790260553,0.7185058801757092,HIGH,4,COASTAL + FLOOD + CYCLONE + RAINFALL
Badajoramuhan,395714,Odisha,,,,,,,,,0.7043649194269259,0.0,0.5658293545976733,0.6098682748579979,0.4747404694490956,MODERATE,4,COASTAL + FLOOD + CYCLONE + RAINFALL
Badakul,396920,Odisha,,,,,,,,,0.2142997973748191,0.1,0.5802842235958645,0.4446950457593799,0.3233000042632878,MODERATE,4,COASTAL + FLOOD + CYCLONE + RAINFALL
Badamatha,397080,Odisha,,,,,,,,,0.2043232184097659,0.3,0.5671612763963032,0.5378752947467564,0.3856623435713568,MODERATE,4,COASTAL + FLOOD + CYCLONE + RAINFALL
Badanaukana,396023,Odisha,,,,,,,,,0.4953909453344173,0.8,0.5417781802506426,0.5378752947467564,0.5916368876123371,HIGH,4,COASTAL + FLOOD + CYCLONE + RAINFALL
Badapal,396912,Odisha,,,,,,,,,0.3156769053948823,0.1,0.5959670185547215,0.4446950457593799,0.357633835409021,MODERATE,4,COASTAL + FLOOD + CYCLONE + RAINFALL
Badapal,397020,Odisha,,,,,,,,,0.3421383658815863,0.1,0.5559809833310272,0.5378752947467564,0.3742118145465839,MODERATE,4,COASTAL + FLOOD + CYCLONE + RAINFALL
Badapal,395869,Odisha,,,,,,,,,0.5151083544063919,0.1,0.583984730195487,0.6098682748579979,0.4475023438423889,MODERATE,4,COASTAL + FLOOD + CYCLONE + RAINFALL
Badapaldia,396913,Odisha,,,,,,,,,0.2295654651450178,0.1,0.5927922704441972,0.4446950457593799,0.3310067163064306,MODERATE,4,COASTAL + FLOOD + CYCLONE + RAINFALL
Badapanka,395693,Odisha,,,,,,,,,0.5928499218124781,0.0,0.6080819347513011,0.6098682748579979,0.4518491152031682,MODERATE,4,COASTAL + FLOOD + CYCLONE + RAINFALL
Badaraja,395722,Odisha,,,,,,,,,0.5030750945748241,0.0,0.5869620420731968,0.6098682748579979,0.419636693862346,MODERATE,4,COASTAL + FLOOD + CYCLONE + RAINFALL
Badataila,395628,Odisha,,,,,,,,,0.6336396149898904,0.3,0.570191344991969,0.6098682748579979,0.529613375716559,HIGH,4,COASTAL + FLOOD + CYCLONE + RAINFALL
Badatota Chhapali,397077,Odisha,,,,,,,,,0.3420836476756923,0.0,0.5727035508807607,0.5378752947467564,0.3533760409722492,MODERATE,4,COASTAL + FLOOD + CYCLONE + RAINFALL
Badatubi,397127,Odisha,,,,,,,,,0.5821228409712236,0.1,0.6181700998314011,,0.4427242215615216,MODERATE,3,COASTAL + FLOOD + CYCLONE
Badhadia,395763,Odisha,,,,,,,,,0.649820055768662,0.8,0.5848468796555613,0.6098682748579979,0.6631313916160885,HIGH,4,COASTAL + FLOOD + CYCLONE + RAINFALL
Badhi,395972,Odisha,,,,,,,,,0.5821671754619479,1.0,0.5655694832048999,0.5378752947467564,0.6736175823891606,HIGH,4,COASTAL + FLOOD + CYCLONE + RAINFALL
Badhinakolha,395894,Odisha,,,,,,,,,0.3777474098131628,1.0,0.5815685194649027,0.5378752947467564,0.6162914117595258,HIGH,4,COASTAL + FLOOD + CYCLONE + RAINFALL
Badkota,396005,Odisha,,,,,,,,,0.6831188103981185,0.3,0.5386855682057112,0.5378752947467564,0.5221820941202147,HIGH,4,COASTAL + FLOOD + CYCLONE + RAINFALL
Badkuji,395985,Odisha,,,,,,,,,0.6264530608679284,0.8,0.5540389725145274,0.5378752947467564,0.6340207203383617,HIGH,4,COASTAL + FLOOD + CYCLONE + RAINFALL
Badmaricha Palli,396035,Odisha,,,,,,,,,0.6100237611527184,0.8,0.5327296798550996,0.5378752947467564,0.6237646072589417,HIGH,4,COASTAL + FLOOD + CYCLONE + RAINFALL
Badolara,395942,Odisha,,,,,,,,,0.5566654754176171,0.0,0.5575751677395682,0.5378752947467564,0.4139684935095284,MODERATE,4,COASTAL + FLOOD + CYCLONE + RAINFALL
Badpal,396034,Odisha,,,,,,,,,0.682982550641912,0.8,0.5328541740625546,0.5378752947467564,0.6456833676575635,HIGH,4,COASTAL + FLOOD + CYCLONE + RAINFALL
Badpalli,396033,Odisha,,,,,,,,,0.6996952661100844,0.8,0.5311524652594064,0.5378752947467564,0.6502717550972282,HIGH,4,COASTAL + FLOOD + CYCLONE + RAINFALL
Bagadia,396901,Odisha,,,,,,,,,0.4305549336388542,0.1,0.5883002254564372,0.4446950457593799,0.3901805456076415,MODERATE,4,COASTAL + FLOOD + CYCLONE + RAINFALL
Bagagahan,397074,Odisha,,,,,,,,,0.3656211160170567,0.1,0.5660086852391775,0.5378752947467564,0.3837635650642627,MODERATE,4,COASTAL + FLOOD + CYCLONE + RAINFALL
Bagapatia,395834,Odisha,,,,,,,,,0.6829691248976228,0.1,0.5839369604088906,0.6098682748579979,0.497848632543109,MODERATE,4,COASTAL + FLOOD + CYCLONE + RAINFALL
Bagapatia Uttar,395827,Odisha,,,,,,,,,0.6800465305167276,0.0,0.5811528952238302,0.5999552848196029,0.4692932399248964,MODERATE,4,COASTAL + FLOOD + CYCLONE + RAINFALL
Baghabuda,395629,Odisha,,,,,,,,,0.5674038447271599,0.1,0.5703649602825345,0.6098682748579979,0.4597860484603811,MODERATE,4,COASTAL + FLOOD + CYCLONE + RAINFALL
Baghadia,396016,Odisha,,,,,,,,,0.7114614071069432,0.0,0.5508177537142238,0.5378752947467564,0.4587179195099902,MODERATE,4,COASTAL + FLOOD + CYCLONE + RAINFALL
Baghamari,395789,Odisha,,,,,,,,,0.6018481716653654,0.1,0.5649093466066535,0.5999552848196029,0.4667728451151935,MODERATE,4,COASTAL + FLOOD + CYCLONE + RAINFALL
Baghataila,395952,Odisha,,,,,,,,,0.6354138969717333,0.3,0.5645099216182117,0.5378752947467564,0.5143267084454242,HIGH,4,COASTAL + FLOOD + CYCLONE + RAINFALL
Baghua,395993,Odisha,,,,,,,,,0.3884511882184683,0.1,0.5520461606367786,0.5378752947467564,0.3871219555740864,MODERATE,4,COASTAL + FLOOD + CYCLONE + RAINFALL
Baghua,395769,Odisha,,,,,,,,,0.6664824674836105,0.1,0.572349835797497,0.5999552848196029,0.488023256158378,MODERATE,4,COASTAL + FLOOD + CYCLONE + RAINFALL
Baghuasuni,395621,Odisha,,,,,,,,,0.5788426428660358,0.1,0.583249664442292,0.6098682748579979,0.4664388639419833,MODERATE,4,COASTAL + FLOOD + CYCLONE + RAINFALL
Bahadiha,395609,Odisha,,,,,,,,,0.6753611692424442,0.3,0.5663641159379135,0.6098682748579979,0.5411730347288112,HIGH,4,COASTAL + FLOOD + CYCLONE + RAINFALL
Bahakuda Pitapat,397124,Odisha,,,,,,,,,0.6727127131902526,0.0,0.6151235414673251,,0.4444933741548838,MODERATE,3,COASTAL + FLOOD + CYCLONE
Bahar Subala,397029,Odisha,,,,,,,,,0.3740224367962733,0.3,0.5590103087305645,0.5378752947467564,0.4345343671708743,MODERATE,4,COASTAL + FLOOD + CYCLONE + RAINFALL
Bahargadabadadandua,397122,Odisha,,,,,,,,,0.5737760018049094,0.0,0.6049258880339077,,0.4042053406874371,MODERATE,3,COASTAL + FLOOD + CYCLONE
Bahargarh,395898,Odisha,,,,,,,,,0.4603756285356402,0.3,0.5728502599735442,0.5378752947467564,0.4639003125034293,MODERATE,4,COASTAL + FLOOD + CYCLONE + RAINFALL
Baikuntha Pur,396721,Odisha,,,,,,,,,0.5264073733709492,0.8,0.6305156894105625,0.4446950457593799,0.6044901435158014,HIGH,4,COASTAL + FLOOD + CYCLONE + RAINFALL
Bajapur,395753,Odisha,,,,,,,,,0.6715544766303985,0.1,0.5905686647772146,0.6098682748579979,0.4960821641550227,MODERATE,4,COASTAL + FLOOD + CYCLONE + RAINFALL
Bajarpur,395685,Odisha,,,,,,,,,0.6491319245941962,0.1,0.6061548074648041,0.6098682748579979,0.4932519342160594,MODERATE,4,COASTAL + FLOOD + CYCLONE + RAINFALL
Bala Bhadrapur,397068,Odisha,,,,,,,,,0.300773461755399,0.0,0.560878951436174,0.5378752947467564,0.3380268353350144,MODERATE,4,COASTAL + FLOOD + CYCLONE + RAINFALL
Balabhadraprasad,395917,Odisha,,,,,,,,,0.6499688803618175,0.0,0.5702020156775325,0.6098682748579979,0.4595148229995279,MODERATE,4,COASTAL + FLOOD + CYCLONE + RAINFALL
Balabhadraprasad Dia,395689,Odisha,,,,,,,,,0.5895700087120337,0.0,0.6110405845818412,0.6098682748579979,0.4516048037306699,MODERATE,4,COASTAL + FLOOD + CYCLONE + RAINFALL
Balabhadrapur,395823,Odisha,,,,,,,,,0.5983746585976448,1.0,0.5998067994196403,0.6098682748579979,0.7014377524058032,HIGH,4,COASTAL + FLOOD + CYCLONE + RAINFALL
Balana,396904,Odisha,,,,,,,,,0.3165549512770679,0.1,0.5737042656111053,0.4446950457593799,0.3523315609377727,MODERATE,4,COASTAL + FLOOD + CYCLONE + RAINFALL
Balarampur,396009,Odisha,,,,,,,,,0.4219118597830414,0.1,0.5477764658700635,0.5378752947467564,0.3960927333517795,MODERATE,4,COASTAL + FLOOD + CYCLONE + RAINFALL
Balarampur,395845,Odisha,,,,,,,,,0.3132520982605437,0.1,0.5968937798139813,0.6098682748579979,0.390172729403258,MODERATE,4,COASTAL + FLOOD + CYCLONE + RAINFALL
Balarampur,395866,Odisha,,,,,,,,,0.3879372806792595,0.1,0.5883882574336591,0.6098682748579979,0.4104519035337922,MODERATE,4,COASTAL + FLOOD + CYCLONE + RAINFALL
Balarampur,395635,Odisha,,,,,,,,,0.402753685159177,0.1,0.559189260023605,0.6098682748579979,0.4075970755252538,MODERATE,4,COASTAL + FLOOD + CYCLONE + RAINFALL
Balia,396547,Odisha,,,,,,,,,0.6466358192333637,0.1,0.5889848254436603,0.4446950457593799,0.4551759612828001,MODERATE,4,COASTAL + FLOOD + CYCLONE + RAINFALL
Balia,396986,Odisha,,,,,,,,,0.690299331896971,0.1,0.5486354592881008,0.4446950457593799,0.4581876735429924,MODERATE,4,COASTAL + FLOOD + CYCLONE + RAINFALL
Balibhanda,395654,Odisha,,,,,,,,,0.4946052454728033,0.8,0.5604721377722682,0.6098682748579979,0.6104732630565076,HIGH,4,COASTAL + FLOOD + CYCLONE + RAINFALL
Baliganda Ratanpur,396997,Odisha,,,,,,,,,0.6782171566857877,0.0,0.5383267126717194,0.5378752947467564,0.4456218841230174,MODERATE,4,COASTAL + FLOOD + CYCLONE + RAINFALL
Baligarh,397131,Odisha,,,,,,,,,0.6855271107302487,0.0,0.5926563285166935,0.5378752947467564,0.4613972742975992,MODERATE,4,COASTAL + FLOOD + CYCLONE + RAINFALL
Balighai,396885,Odisha,,,,,,,,,0.6788210014966811,0.0,0.6179703576863964,0.4123689316052198,0.4406126761916474,MODERATE,4,COASTAL + FLOOD + CYCLONE + RAINFALL
Balikana,395924,Odisha,,,,,,,,,0.5542366845001861,0.0,0.5562451506091072,0.5378752947467564,0.4129073519516839,MODERATE,4,COASTAL + FLOOD + CYCLONE + RAINFALL
Balikuda,396918,Odisha,,,,,,,,,0.2762899879653397,0.1,0.5922161788216707,0.4446950457593799,0.3448800502468955,MODERATE,4,COASTAL + FLOOD + CYCLONE + RAINFALL
Baliora,395883,Odisha,,,,,,,,,0.6493629323646091,0.0,0.5728203600809523,0.5378752947467564,0.4455890286789721,MODERATE,4,COASTAL + FLOOD + CYCLONE + RAINFALL
Balipal,397039,Odisha,,,,,,,,,0.5548053583504231,0.1,0.5573999092960502,0.4446950457593799,0.4197305939810155,MODERATE,4,COASTAL + FLOOD + CYCLONE + RAINFALL
Balisahipatna,395912,Odisha,,,,,,,,,0.6795960563605226,0.0,0.566392050755908,0.5378752947467564,0.453051888546485,MODERATE,4,COASTAL + FLOOD + CYCLONE + RAINFALL
Balisuan,396947,Odisha,,,,,,,,,0.5364882027238419,0.0,0.5982960317046222,0.4123689316052198,0.392994255064352,MODERATE,4,COASTAL + FLOOD + CYCLONE + RAINFALL
Balunga Patia,395825,Odisha,,,,,,,,,0.6816111809575902,0.1,0.5909954033684719,0.6098682748579979,0.4992058601009946,MODERATE,4,COASTAL + FLOOD + CYCLONE + RAINFALL
Bana Pada,397016,Odisha,,,,,,,,,0.6730912105724784,0.3,0.5435769364696866,0.5378752947467564,0.5203966562385165,HIGH,4,COASTAL + FLOOD + CYCLONE + RAINFALL
Banabiharipur,397126,Odisha,,,,,,,,,0.6453150442281381,0.8,0.6174468425360258,,0.6849452798780598,HIGH,3,COASTAL + FLOOD + CYCLONE
Banabiharipur,395874,Odisha,,,,,,,,,0.6352621078008156,0.8,0.5796030011620088,0.6098682748579979,0.6574530376023465,HIGH,4,COASTAL + FLOOD + CYCLONE + RAINFALL
Bandha Kata,396720,Odisha,,,,,,,,,0.4977127479516655,0.3,0.6219089817151766,0.4446950457593799,0.4687300789661697,MODERATE,4,COASTAL + FLOOD + CYCLONE + RAINFALL
Bandha Para,396994,Odisha,,,,,,,,,0.5684293367863432,0.3,0.5449830703738686,0.5378752947467564,0.4893496275787213,MODERATE,4,COASTAL + FLOOD + CYCLONE + RAINFALL
Bandhakud,396961,Odisha,,,,,,,,,0.6265062640252288,0.8,0.5956440039645643,0.4123689316052198,0.6193366665197537,HIGH,4,COASTAL + FLOOD + CYCLONE + RAINFALL
Bandhamala,395751,Odisha,,,,,,,,,0.5059749793581628,0.1,0.6009843096723141,0.6098682748579979,0.4490122261971269,MODERATE,4,COASTAL + FLOOD + CYCLONE + RAINFALL
Bandhapara,397101,Odisha,,,,,,,,,0.3250926292830551,0.1,0.5844865851964768,0.4446950457593799,0.3575884442359117,MODERATE,4,COASTAL + FLOOD + CYCLONE + RAINFALL
Bandhapara,395938,Odisha,,,,,,,,,0.6971210063876105,0.1,0.5443572757950705,0.5378752947467564,0.4778006798144021,MODERATE,4,COASTAL + FLOOD + CYCLONE + RAINFALL
Bandhapatana,395927,Odisha,,,,,,,,,0.6018893239990333,0.3,0.55640193334056,0.5378752947467564,0.5022423394842013,HIGH,4,COASTAL + FLOOD + CYCLONE + RAINFALL
Bandhapur,396051,Odisha,,,,,,,,,0.6344344612704165,0.3,0.5421542698918949,0.5378752947467564,0.5084439648034499,HIGH,4,COASTAL + FLOOD + CYCLONE + RAINFALL
Bangarakuan,395616,Odisha,,,,,,,,,0.653559210791633,0.3,0.584410295296742,0.6098682748579979,0.539143992033275,HIGH,4,COASTAL + FLOOD + CYCLONE + RAINFALL
Banidihapatna,395707,Odisha,,,,,,,,,0.6526460545415753,0.0,0.5586031434683982,0.6098682748579979,0.4574182572011717,MODERATE,4,COASTAL + FLOOD + CYCLONE + RAINFALL
Banipal,396067,Odisha,,,,,,,,,0.6567209881200089,0.3,0.581434072062273,0.5999552848196029,0.5373658714154915,HIGH,4,COASTAL + FLOOD + CYCLONE + RAINFALL
Bankual,395799,Odisha,,,,,,,,,0.6860096967175826,0.1,0.5839895610562595,0.6098682748579979,0.4987739542509392,MODERATE,4,COASTAL + FLOOD + CYCLONE + RAINFALL
Bansaria,395718,Odisha,,,,,,,,,0.5368890960680608,0.3,0.5793272776015221,0.6098682748579979,0.5028722031923983,HIGH,4,COASTAL + FLOOD + CYCLONE + RAINFALL
Bara Danga,397067,Odisha,,,,,,,,,0.2755383429269621,0.3,0.5636473272038816,0.5378752947467564,0.4061483936284102,MODERATE,4,COASTAL + FLOOD + CYCLONE + RAINFALL
Bara Tunga,396719,Odisha,,,,,,,,,0.5172301519444764,0.8,0.6173977556067997,0.4446950457593799,0.5984574936369189,HIGH,4,COASTAL + FLOOD + CYCLONE + RAINFALL
Barada,395627,Odisha,,,,,,,,,0.6490074643496764,0.3,0.5748143687188607,0.6098682748579979,0.5353794864562177,HIGH,4,COASTAL + FLOOD + CYCLONE + RAINFALL
Baradia,395618,Odisha,,,,,,,,,0.6975337007056228,0.3,0.5913514057468898,0.6098682748579979,0.5540716166200089,HIGH,4,COASTAL + FLOOD + CYCLONE + RAINFALL
Baradia,395920,Odisha,,,,,,,,,0.6219545793587482,0.3,0.5630180404518648,0.5378752947467564,0.5099159428699419,HIGH,4,COASTAL + FLOOD + CYCLONE + RAINFALL
Baragudidanda,395946,Odisha,,,,,,,,,0.5830886276444965,0.8,0.5570957300413644,0.5378752947467564,0.6217755797530413,HIGH,4,COASTAL + FLOOD + CYCLONE + RAINFALL
Barahipur,396068,Odisha,,,,,,,,,0.6988255919360336,0.0,0.558073515137898,0.5999552848196029,0.4691571133292052,MODERATE,4,COASTAL + FLOOD + CYCLONE + RAINFALL
Baraja Bahakuda,397125,Odisha,,,,,,,,,0.5371170577520531,0.1,0.6088394141406104,,0.4229312135759606,MODERATE,3,COASTAL + FLOOD + CYCLONE
Barakandha,397106,Odisha,,,,,,,,,0.3814572834830113,0.1,0.5888909767214519,0.4446950457593799,0.3755989383771423,MODERATE,4,COASTAL + FLOOD + CYCLONE + RAINFALL
Barakoli Khala,397137,Odisha,,,,,,,,,0.4733447761515454,0.1,0.6183907169172341,,0.4020013900934652,MODERATE,3,COASTAL + FLOOD + CYCLONE
Baranga,395622,Odisha,,,,,,,,,0.6085282250373334,0.3,0.5822523839489393,0.6098682748579979,0.5250952184700344,HIGH,4,COASTAL + FLOOD + CYCLONE + RAINFALL
Barei,396537,Odisha,,,,,,,,,0.6327481158642738,0.1,0.6087304846855912,0.4446950457593799,0.4559460650825559,MODERATE,4,COASTAL + FLOOD + CYCLONE + RAINFALL
Barhapur,396039,Odisha,,,,,,,,,0.6075544500948553,0.3,0.5285559695029737,0.5378752947467564,0.4969803863535512,MODERATE,4,COASTAL + FLOOD + CYCLONE + RAINFALL
Baripal,396886,Odisha,,,,,,,,,0.6943002227148718,0.3,0.6144228935918984,0.4123689316052198,0.51936957653348,HIGH,4,COASTAL + FLOOD + CYCLONE + RAINFALL
Baro,397010,Odisha,,,,,,,,,0.6860312569152565,0.3,0.5318908422951255,0.5378752947467564,0.5213571465977096,HIGH,4,COASTAL + FLOOD + CYCLONE + RAINFALL
Bartani,395676,Odisha,,,,,,,,,0.5488150838826724,0.3,0.5929626693196395,0.6098682748579979,0.5098588474663112,HIGH,4,COASTAL + FLOOD + CYCLONE + RAINFALL
Baruna,395708,Odisha,,,,,,,,,0.6290068363517611,0.8,0.5545075649011844,0.6098682748579979,0.6493025971024241,HIGH,4,COASTAL + FLOOD + CYCLONE + RAINFALL
Baruna,395859,Odisha,,,,,,,,,0.3268549477835235,0.8,0.589149994658291,0.6098682748579979,0.5673176379712294,HIGH,4,COASTAL + FLOOD + CYCLONE + RAINFALL
Barunadia,395706,Odisha,,,,,,,,,0.6607763597425678,0.0,0.562027563483001,0.6098682748579979,0.4607134537651201,MODERATE,4,COASTAL + FLOOD + CYCLONE + RAINFALL
Barunei,396075,Odisha,,,,,,,,,0.6293740968739818,0.1,0.5321510808185288,0.5378752947467564,0.454425058216178,MODERATE,4,COASTAL + FLOOD + CYCLONE + RAINFALL
Barunipalla,396036,Odisha,,,,,,,,,0.6492867594805318,0.0,0.5294867054395309,0.5378752947467564,0.4347327631533936,MODERATE,4,COASTAL + FLOOD + CYCLONE + RAINFALL
Basaghar,397043,Odisha,,,,,,,,,0.6358573896211077,0.1,0.5604989636799727,0.4446950457593799,0.4448209669582014,MODERATE,4,COASTAL + FLOOD + CYCLONE + RAINFALL
Basantpur,396037,Odisha,,,,,,,,,0.5853004288615542,0.1,0.5326381194959439,0.5378752947467564,0.4413247174818034,MODERATE,4,COASTAL + FLOOD + CYCLONE + RAINFALL
Batakuli,397096,Odisha,,,,,,,,,0.2573714192800627,1.0,0.5801828703880336,0.4446950457593799,0.5611961525329032,HIGH,4,COASTAL + FLOOD + CYCLONE + RAINFALL
Batarapada,395598,Odisha,,,,,,,,,0.6697043500679116,0.8,0.5855736231784688,0.6415983790260553,0.6756243866202019,HIGH,4,COASTAL + FLOOD + CYCLONE + RAINFALL
Batighar,396060,Odisha,,,,,,,,,0.5457852265264131,0.1,0.6149147854667314,,0.4280803304057584,MODERATE,3,COASTAL + FLOOD + CYCLONE
Batira,396887,Odisha,,,,,,,,,0.6778404116040326,0.1,0.6099231908923584,0.4123689316052198,0.4633067075253433,MODERATE,4,COASTAL + FLOOD + CYCLONE + RAINFALL
Bauda,396950,Odisha,,,,,,,,,0.4230548818561472,0.8,0.5915038060584523,0.4123689316052198,0.5572662023925012,HIGH,4,COASTAL + FLOOD + CYCLONE + RAINFALL
Baulakani,397112,Odisha,,,,,,,,,0.265538059362114,0.0,0.5811978097564287,0.5378752947467564,0.3325359291970926,MODERATE,4,COASTAL + FLOOD + CYCLONE + RAINFALL
Baulanga,396782,Odisha,,,,,,,,,0.560828530239007,0.8,0.6245502833104366,0.4446950457593799,0.6133251390511874,HIGH,4,COASTAL + FLOOD + CYCLONE + RAINFALL
Baulapara,397095,Odisha,,,,,,,,,0.1972464861702293,0.3,0.5756382360574942,0.4446950457593799,0.3670225140173183,MODERATE,4,COASTAL + FLOOD + CYCLONE + RAINFALL
Baunsagarh,395832,Odisha,,,,,,,,,0.6779463839523745,0.0,0.5606243985181936,0.5999552848196029,0.4635310717791813,MODERATE,4,COASTAL + FLOOD + CYCLONE + RAINFALL
Baunsakani,395864,Odisha,,,,,,,,,0.3196650936143914,0.0,0.5847963280390345,0.6098682748579979,0.3640722650656756,MODERATE,4,COASTAL + FLOOD + CYCLONE + RAINFALL
Bedhuakolha,395851,Odisha,,,,,,,,,0.5371124613037929,0.1,0.58145377978833,0.6098682748579979,0.4534708383098199,MODERATE,4,COASTAL + FLOOD + CYCLONE + RAINFALL
Bektakolha,395887,Odisha,,,,,,,,,0.5676593573597605,0.8,0.5774142875683039,0.5378752947467564,0.6222264380493554,HIGH,4,COASTAL + FLOOD + CYCLONE + RAINFALL
Belar,396930,Odisha,,,,,,,,,0.3577554406835103,0.0,0.5863658096624178,0.4446950457593799,0.3428570937725335,MODERATE,4,COASTAL + FLOOD + CYCLONE + RAINFALL
Belpal,395925,Odisha,,,,,,,,,0.6793525885979423,0.3,0.5567920891066584,0.6098682748579979,0.539977453827647,HIGH,4,COASTAL + FLOOD + CYCLONE + RAINFALL
Belpaldia,395926,Odisha,,,,,,,,,0.6876361363963412,0.3,0.5616025729501428,0.6098682748579979,0.5436651391280377,HIGH,4,COASTAL + FLOOD + CYCLONE + RAINFALL
Benudharpur,395951,Odisha,,,,,,,,,0.5101621289479821,0.3,0.5611472637818118,0.5378752947467564,0.4759105135791989,MODERATE,4,COASTAL + FLOOD + CYCLONE + RAINFALL
Benupal,396922,Odisha,,,,,,,,,0.1606857471400005,0.1,0.5758050677616829,0.4446950457593799,0.3060960002342969,MODERATE,4,COASTAL + FLOOD + CYCLONE + RAINFALL
Beruhan,396942,Odisha,,,,,,,,,0.5890823995966901,0.0,0.6035569872672355,0.4123689316052198,0.4100877530168598,MODERATE,4,COASTAL + FLOOD + CYCLONE + RAINFALL
Bhadia,395901,Odisha,,,,,,,,,0.5398892201518635,0.3,0.5705121739712264,0.5378752947467564,0.4871698684877169,MODERATE,4,COASTAL + FLOOD + CYCLONE + RAINFALL
Bhagabanpur,396949,Odisha,,,,,,,,,0.4654679666227405,0.0,0.6012583987812492,0.4446950457593799,0.3788939988340104,MODERATE,4,COASTAL + FLOOD + CYCLONE + RAINFALL
Bhagabanpur,395923,Odisha,,,,,,,,,0.5922266533670473,0.0,0.5629009053434779,0.5378752947467564,0.4259682812953349,MODERATE,4,COASTAL + FLOOD + CYCLONE + RAINFALL
Bhamanda,395600,Odisha,,,,,,,,,0.5926893306532942,0.8,0.5785546993356063,0.6415983790260553,0.6507651498351009,HIGH,4,COASTAL + FLOOD + CYCLONE + RAINFALL
Bhanja Prasad,395778,Odisha,,,,,,,,,0.6907984745584403,0.1,0.5633591558451654,0.5999552848196029,0.493070388292744,MODERATE,4,COASTAL + FLOOD + CYCLONE + RAINFALL
Bharigada,395705,Odisha,,,,,,,,,0.6689154745780874,1.0,0.5650540538591672,0.6098682748579979,0.7139118108098177,HIGH,4,COASTAL + FLOOD + CYCLONE + RAINFALL
Bhatapara,395943,Odisha,,,,,,,,,0.5707127851534823,0.3,0.5511303495155123,0.5378752947467564,0.491571481874274,MODERATE,4,COASTAL + FLOOD + CYCLONE + RAINFALL
Bhatasahi,395967,Odisha,,,,,,,,,0.4954388106468472,0.0,0.5682550534553534,0.5378752947467564,0.3982704655072437,MODERATE,4,COASTAL + FLOOD + CYCLONE + RAINFALL
Bhateni,397075,Odisha,,,,,,,,,0.4666658641750698,0.1,0.570521244527431,0.5378752947467564,0.41520512933373,MODERATE,4,COASTAL + FLOOD + CYCLONE + RAINFALL
Bhitara Kharinasi,397130,Odisha,,,,,,,,,0.6026699448335704,0.0,0.5941831307600756,0.5378752947467564,0.4369218250894413,MODERATE,4,COASTAL + FLOOD + CYCLONE + RAINFALL
Bhitargarh,395899,Odisha,,,,,,,,,0.4127190854976194,0.0,0.5794348307914544,0.5378752947467564,0.3762494922965007,MODERATE,4,COASTAL + FLOOD + CYCLONE + RAINFALL
Bhitarkanika,395806,Odisha,,,,,,,,,0.7111856868530597,0.0,0.5878565569961521,0.6098682748579979,0.4822935002765555,MODERATE,4,COASTAL + FLOOD + CYCLONE + RAINFALL
Bhitarsubala,397079,Odisha,,,,,,,,,0.1988729417992274,0.3,0.5724016065810054,0.5378752947467564,0.3853373431343708,MODERATE,4,COASTAL + FLOOD + CYCLONE + RAINFALL
Bhopal,397005,Odisha,,,,,,,,,0.4956283652520429,0.1,0.5339536148653132,0.5378752947467564,0.4147519722412924,MODERATE,4,COASTAL + FLOOD + CYCLONE + RAINFALL
Bhuinpada,397002,Odisha,,,,,,,,,0.4619861248974313,0.0,0.5429892944701264,0.5378752947467564,0.3819182200361123,MODERATE,4,COASTAL + FLOOD + CYCLONE + RAINFALL
Bhusaranga,396879,Odisha,,,,,,,,,0.6634944245147036,0.1,0.6141734601494531,0.4446950457593799,0.4665307015436503,MODERATE,4,COASTAL + FLOOD + CYCLONE + RAINFALL
Bijayanagar,397034,Odisha,,,,,,,,,0.4050291699905373,0.1,0.5571939043491516,0.4446950457593799,0.374746236236325,MODERATE,4,COASTAL + FLOOD + CYCLONE + RAINFALL
Bikeikani,396020,Odisha,,,,,,,,,0.6887642052026632,0.0,0.5450368790125402,0.5378752947467564,0.4504635402632853,MODERATE,4,COASTAL + FLOOD + CYCLONE + RAINFALL
Bilabalarampur,396712,Odisha,,,,,,,,,0.7028500495846586,0.3,0.6582414865644222,0.4446950457593799,0.5393543956683791,HIGH,4,COASTAL + FLOOD + CYCLONE + RAINFALL
Bilakalupara,396029,Odisha,,,,,,,,,0.6977866136997048,0.3,0.5291849011045806,0.5378752947467564,0.5242072683354079,HIGH,4,COASTAL + FLOOD + CYCLONE + RAINFALL
Bilipada,397048,Odisha,,,,,,,,,0.5720235901515922,0.3,0.5757619190461734,0.4446950457593799,0.4794865659588969,MODERATE,4,COASTAL + FLOOD + CYCLONE + RAINFALL
Bimisnagar,395870,Odisha,,,,,,,,,0.5641929999048287,0.0,0.5804632953843387,0.6098682748579979,0.4363473787891328,MODERATE,4,COASTAL + FLOOD + CYCLONE + RAINFALL
Bindhanaukana,396044,Odisha,,,,,,,,,0.5192308691187295,0.3,0.5387882776728989,0.5378752947467564,0.4730413891031948,MODERATE,4,COASTAL + FLOOD + CYCLONE + RAINFALL
Birabhanjapur,395776,Odisha,,,,,,,,,0.6732736336304392,0.1,0.5624680513090607,0.5999552848196029,0.4875901598803175,MODERATE,4,COASTAL + FLOOD + CYCLONE + RAINFALL
Biradia,395757,Odisha,,,,,,,,,0.5704037740902002,0.1,0.5868654761113724,0.6098682748579979,0.4648111562265027,MODERATE,4,COASTAL + FLOOD + CYCLONE + RAINFALL
Birin Dola,396779,Odisha,,,,,,,,,0.6528284254910168,0.3,0.6440498028276681,0.4446950457593799,0.5207999875060981,HIGH,4,COASTAL + FLOOD + CYCLONE + RAINFALL
Bishnupara,395896,Odisha,,,,,,,,,0.3635362169197588,0.8,0.5769116031869821,0.5378752947467564,0.5608638248220245,HIGH,4,COASTAL + FLOOD + CYCLONE + RAINFALL
Biswanathpur,395742,Odisha,,,,,,,,,0.5261853495855785,0.3,0.6025273845988472,0.6098682748579979,0.5054611059969849,HIGH,4,COASTAL + FLOOD + CYCLONE + RAINFALL
Brahmanikholha,395895,Odisha,,,,,,,,,0.3613707406812162,1.0,0.5799526168848916,0.5378752947467564,0.610974435374939,HIGH,4,COASTAL + FLOOD + CYCLONE + RAINFALL
Brahmansahi,396022,Odisha,,,,,,,,,0.5487310420970853,1.0,0.5447508755013502,0.5378752947467564,0.6583820904538144,HIGH,4,COASTAL + FLOOD + CYCLONE + RAINFALL
Burudia,395623,Odisha,,,,,,,,,0.6455247346182289,0.3,0.5789348786134698,0.6098682748579979,0.5353647950104357,HIGH,4,COASTAL + FLOOD + CYCLONE + RAINFALL
Chadeiguan,397091,Odisha,,,,,,,,,0.3264415148558565,0.3,0.5647997799682956,0.4446950457593799,0.4030714086007068,MODERATE,4,COASTAL + FLOOD + CYCLONE + RAINFALL
Chakamanpur,395841,Odisha,,,,,,,,,0.4755894718487505,0.1,0.594013785869234,0.6098682748579979,0.4381539429935332,MODERATE,4,COASTAL + FLOOD + CYCLONE + RAINFALL
Chakarpur,396516,Odisha,,,,,,,,,0.7025557409124601,0.3,0.6192802242781523,0.4446950457593799,0.5295257874951521,HIGH,4,COASTAL + FLOOD + CYCLONE + RAINFALL
Chakibanka,395936,Odisha,,,,,,,,,0.691878580672814,0.0,0.5348058894972878,0.5378752947467564,0.4488401055255174,MODERATE,4,COASTAL + FLOOD + CYCLONE + RAINFALL
Chakradharpur,396010,Odisha,,,,,,,,,0.4505825652456938,1.0,0.5493921541655682,0.5378752947467564,0.6300978670644514,HIGH,4,COASTAL + FLOOD + CYCLONE + RAINFALL
Chakulidiha,397009,Odisha,,,,,,,,,0.6308752467275707,0.3,0.5296614613941779,0.5378752947467564,0.504252998316167,HIGH,4,COASTAL + FLOOD + CYCLONE + RAINFALL
Chalunia,395697,Odisha,,,,,,,,,0.4520871102165773,0.3,0.5884721527504928,0.6098682748579979,0.4797178262241959,MODERATE,4,COASTAL + FLOOD + CYCLONE + RAINFALL
Chandanpur,395915,Odisha,,,,,,,,,0.6721434700063122,0.8,0.5782916687398547,0.6098682748579979,0.6681896131584569,HIGH,4,COASTAL + FLOOD + CYCLONE + RAINFALL
Chandia Palli,397061,Odisha,,,,,,,,,0.3713345232325544,0.1,0.5626494327433684,0.4446950457593799,0.3660017243074844,MODERATE,4,COASTAL + FLOOD + CYCLONE + RAINFALL
Chandibaunsamula,395900,Odisha,,,,,,,,,0.5106611740895122,0.3,0.5744817076633533,0.5378752947467564,0.4793938380920433,MODERATE,4,COASTAL + FLOOD + CYCLONE + RAINFALL
Chandrasekhar,395964,Odisha,,,,,,,,,0.4609315478373664,0.0,0.5665474866391026,0.5378752947467564,0.3874913949603368,MODERATE,4,COASTAL + FLOOD + CYCLONE + RAINFALL
Chanra Kolha,395792,Odisha,,,,,,,,,0.6875757046972066,0.1,0.5674414605638354,0.5999552848196029,0.4931241335140414,MODERATE,4,COASTAL + FLOOD + CYCLONE + RAINFALL
Charapada,395648,Odisha,,,,,,,,,0.6902090021450782,0.3,0.5685137630386305,0.6415983790260553,0.5525108172083921,HIGH,4,COASTAL + FLOOD + CYCLONE + RAINFALL
Chardia,395902,Odisha,,,,,,,,,0.6088230135614089,0.1,0.5710826247712958,0.5378752947467564,0.4579926192105978,MODERATE,4,COASTAL + FLOOD + CYCLONE + RAINFALL
Charipokharia,395893,Odisha,,,,,,,,,0.4268895513037632,1.0,0.5761797786744438,0.5378752947467564,0.6296868690090912,HIGH,4,COASTAL + FLOOD + CYCLONE + RAINFALL
Charipokharia,395739,Odisha,,,,,,,,,0.4984461184218524,1.0,0.6042195194637063,0.6098682748579979,0.672562370364082,HIGH,4,COASTAL + FLOOD + CYCLONE + RAINFALL
Cherantapada,395667,Odisha,,,,,,,,,0.4384562973735615,0.0,0.5757012844486467,0.6098682748579979,0.3974358652958297,MODERATE,4,COASTAL + FLOOD + CYCLONE + RAINFALL
Chhadesh,395657,Odisha,,,,,,,,,0.5375434823573664,0.0,0.5586960816640949,0.6098682748579979,0.4229107200948331,MODERATE,4,COASTAL + FLOOD + CYCLONE + RAINFALL
Chhanda,396976,Odisha,,,,,,,,,0.6635864975980692,0.0,0.6055352875453176,0.4123689316052198,0.4329335574867941,MODERATE,4,COASTAL + FLOOD + CYCLONE + RAINFALL
Chhatar,396988,Odisha,,,,,,,,,0.6293532633489667,0.3,0.5440141201150342,0.4446950457593799,0.4887485181853245,MODERATE,4,COASTAL + FLOOD + CYCLONE + RAINFALL
Chheda Kani,397107,Odisha,,,,,,,,,0.4339823482820066,0.1,0.5940510997429291,0.4123689316052198,0.3861812657413782,MODERATE,4,COASTAL + FLOOD + CYCLONE + RAINFALL
Chinchiri,395982,Odisha,,,,,,,,,0.6834974089441266,0.8,0.560596828301232,0.5378752947467564,0.6527734887078972,HIGH,4,COASTAL + FLOOD + CYCLONE + RAINFALL
Chittakolha,396014,Odisha,,,,,,,,,0.6728659372419075,0.8,0.5498250947157662,0.5378752947467564,0.6468911138008651,HIGH,4,COASTAL + FLOOD + CYCLONE + RAINFALL
Dadhipur,397097,Odisha,,,,,,,,,0.2297995040709193,0.3,0.5783975329634699,0.4446950457593799,0.3774782436140192,MODERATE,4,COASTAL + FLOOD + CYCLONE + RAINFALL
Daenigiri,395754,Odisha,,,,,,,,,0.6106460650329064,0.0,0.5919230226915904,0.6098682748579979,0.453148230154369,MODERATE,4,COASTAL + FLOOD + CYCLONE + RAINFALL
Dahimachha,396921,Odisha,,,,,,,,,0.2486080731712384,0.1,0.5756072219668436,0.4446950457593799,0.3324232365949584,MODERATE,4,COASTAL + FLOOD + CYCLONE + RAINFALL
Dakhinadandi,395935,Odisha,,,,,,,,,0.705236556854143,0.0,0.5422030649193064,0.5378752947467564,0.4546967922354208,MODERATE,4,COASTAL + FLOOD + CYCLONE + RAINFALL
Dakhinaveda,395907,Odisha,,,,,,,,,0.6801249326478782,0.1,0.5728227981876217,0.5378752947467564,0.4798182382906202,MODERATE,4,COASTAL + FLOOD + CYCLONE + RAINFALL
Dalaanta,396725,Odisha,,,,,,,,,0.6778686504662699,0.3,0.6589086953594414,0.4446950457593799,0.5320267781316173,HIGH,4,COASTAL + FLOOD + CYCLONE + RAINFALL
Dalei Sahi,395785,Odisha,,,,,,,,,0.548792248962662,0.1,0.5763349084276184,0.5999552848196029,0.4537124587596238,MODERATE,4,COASTAL + FLOOD + CYCLONE + RAINFALL
Dalikaenda,395717,Odisha,,,,,,,,,0.655764865370271,0.1,0.5714340919891243,0.6098682748579979,0.4865616375799619,MODERATE,4,COASTAL + FLOOD + CYCLONE + RAINFALL
Damodarpur,395645,Odisha,,,,,,,,,0.7115263180136018,0.0,0.577402772168143,0.6415983790260553,0.4861282642513274,MODERATE,4,COASTAL + FLOOD + CYCLONE + RAINFALL
Dangamal,395766,Odisha,,,,,,,,,0.6313856157736057,0.8,0.5823614283974121,0.6098682748579979,0.6569796968030345,HIGH,4,COASTAL + FLOOD + CYCLONE + RAINFALL
Dantiapada,396071,Odisha,,,,,,,,,0.6355246173172355,0.3,0.5596714817417112,0.5999552848196029,0.525566312594519,HIGH,4,COASTAL + FLOOD + CYCLONE + RAINFALL
Dara Bachha,396898,Odisha,,,,,,,,,0.5447451362561511,0.1,0.6116946153959664,0.4446950457593799,0.4302862038777129,MODERATE,4,COASTAL + FLOOD + CYCLONE + RAINFALL
Daruora,395846,Odisha,,,,,,,,,0.3655462611444726,0.1,0.5970775883650885,0.6098682748579979,0.4059069304062134,MODERATE,4,COASTAL + FLOOD + CYCLONE + RAINFALL
Dasabhagaria,395703,Odisha,,,,,,,,,0.5487708145543055,0.3,0.5753486640460306,0.6098682748579979,0.5054420653493988,HIGH,4,COASTAL + FLOOD + CYCLONE + RAINFALL
Dasarajapur,397120,Odisha,,,,,,,,,0.6649745613579858,0.1,0.6083432764074572,0.4123689316052198,0.459051973830304,MODERATE,4,COASTAL + FLOOD + CYCLONE + RAINFALL
Dasi Pur,396902,Odisha,,,,,,,,,0.3310430071088505,0.1,0.5803947033093872,0.4446950457593799,0.3583505871118779,MODERATE,4,COASTAL + FLOOD + CYCLONE + RAINFALL
Debendranarayanpur,395875,Odisha,,,,,,,,,0.7094472104191605,0.0,0.5763658339075625,0.6098682748579979,0.4788992765742383,MODERATE,4,COASTAL + FLOOD + CYCLONE + RAINFALL
Dekani,396964,Odisha,,,,,,,,,0.6457129427710073,0.0,0.6018666280430898,0.4123689316052198,0.4266543261631186,MODERATE,4,COASTAL + FLOOD + CYCLONE + RAINFALL
Dera,395987,Odisha,,,,,,,,,0.5662202210867693,1.0,0.5581662483679772,0.5378752947467564,0.6669826873673763,HIGH,4,COASTAL + FLOOD + CYCLONE + RAINFALL
Deula Pada,397058,Odisha,,,,,,,,,0.5174413335787404,0.1,0.562521633339466,0.4446950457593799,0.4098018175603646,MODERATE,4,COASTAL + FLOOD + CYCLONE + RAINFALL
Deulasahi,395655,Odisha,,,,,,,,,0.5451745621507186,0.8,0.554865336085451,0.6098682748579979,0.6242423576381779,HIGH,4,COASTAL + FLOOD + CYCLONE + RAINFALL
Deulatara,395650,Odisha,,,,,,,,,0.6182670333438887,0.8,0.5658820269005145,0.6415983790260553,0.6552702925335063,HIGH,4,COASTAL + FLOOD + CYCLONE + RAINFALL
Deuli,395617,Odisha,,,,,,,,,0.6964001496096419,0.3,0.5876897599244431,0.6098682748579979,0.552816139835603,HIGH,4,COASTAL + FLOOD + CYCLONE + RAINFALL
Dhagua,395991,Odisha,,,,,,,,,0.4083440216873014,0.3,0.5569052576982294,0.5378752947467564,0.4443045798800991,MODERATE,4,COASTAL + FLOOD + CYCLONE + RAINFALL
Dhamara,395756,Odisha,,,,,,,,,0.5450114168283848,0.1,0.5916619878408171,0.6098682748579979,0.4583925769803192,MODERATE,4,COASTAL + FLOOD + CYCLONE + RAINFALL
Dhandia,395947,Odisha,,,,,,,,,0.6181319164880819,0.0,0.5603050499343118,0.5378752947467564,0.4330908963793538,MODERATE,4,COASTAL + FLOOD + CYCLONE + RAINFALL
Dhaneswarpur,396004,Odisha,,,,,,,,,0.6346557241828561,0.0,0.5427444403791422,0.5378752947467564,0.4336578862989936,MODERATE,4,COASTAL + FLOOD + CYCLONE + RAINFALL
Dhaniapada,396944,Odisha,,,,,,,,,0.6401380730178092,1.0,0.601304043080105,0.4123689316052198,0.674841218996413,HIGH,4,COASTAL + FLOOD + CYCLONE + RAINFALL
Dhobeigarh,395974,Odisha,,,,,,,,,0.5766460902167316,0.8,0.569903024117069,0.5378752947467564,0.623044642043638,HIGH,4,COASTAL + FLOOD + CYCLONE + RAINFALL
Dholamara,395852,Odisha,,,,,,,,,0.4890348149206276,0.3,0.5819311027742522,0.5378752947467564,0.4747682791191026,MODERATE,4,COASTAL + FLOOD + CYCLONE + RAINFALL
Dia Rajagarh,397056,Odisha,,,,,,,,,0.5194692200048181,0.3,0.5744938952113332,0.4446950457593799,0.4634032489561547,MODERATE,4,COASTAL + FLOOD + CYCLONE + RAINFALL
Dibakarpur,395842,Odisha,,,,,,,,,0.4598510101965936,0.1,0.6001765974842092,0.6098682748579979,0.4349731074016299,MODERATE,4,COASTAL + FLOOD + CYCLONE + RAINFALL
Dighi,395814,Odisha,,,,,,,,,0.5459004498033948,0.1,0.6167231229735,0.6098682748579979,0.4649245706559929,MODERATE,4,COASTAL + FLOOD + CYCLONE + RAINFALL
Dihabalarampur,396713,Odisha,,,,,,,,,0.6241578503302969,0.3,0.6584325703969058,0.4446950457593799,0.5157945068501916,HIGH,4,COASTAL + FLOOD + CYCLONE + RAINFALL
Doligan,396998,Odisha,,,,,,,,,0.6546302319618216,0.3,0.5378643099825084,0.5378752947467564,0.5134302060335248,HIGH,4,COASTAL + FLOOD + CYCLONE + RAINFALL
Domanda Barha,395601,Odisha,,,,,,,,,0.5942769163439512,0.0,0.5792769213774426,0.6098682748579979,0.4450759602191456,MODERATE,4,COASTAL + FLOOD + CYCLONE + RAINFALL
Domanda Kaema,395606,Odisha,,,,,,,,,0.5806010047854289,0.0,0.5760689538116011,0.6098682748579979,0.4401711948601285,MODERATE,4,COASTAL + FLOOD + CYCLONE + RAINFALL
Dumuka,396907,Odisha,,,,,,,,,0.3646891137124151,0.1,0.5905838956248873,0.4446950457593799,0.3709917171718223,MODERATE,4,COASTAL + FLOOD + CYCLONE + RAINFALL
Durgaprasad,395801,Odisha,,,,,,,,,0.6973382171440923,0.1,0.5920176737717657,0.6098682748579979,0.5041795385577688,HIGH,4,COASTAL + FLOOD + CYCLONE + RAINFALL
Duttapur,396041,Odisha,,,,,,,,,0.5298906531599431,0.1,0.5298306675484197,0.5378752947467564,0.4239999217844391,MODERATE,4,COASTAL + FLOOD + CYCLONE + RAINFALL
Ekalapur,397027,Odisha,,,,,,,,,0.4362493376256376,0.3,0.5551542673643707,0.5378752947467564,0.4522384270781352,MODERATE,4,COASTAL + FLOOD + CYCLONE + RAINFALL
Ektala,395612,Odisha,,,,,,,,,0.6424240696203334,0.3,0.5653466054188985,0.6098682748579979,0.5310375272124243,HIGH,4,COASTAL + FLOOD + CYCLONE + RAINFALL
Endulapur,395986,Odisha,,,,,,,,,0.6174805066940674,0.1,0.5531103506345183,0.5378752947467564,0.4560967986162011,MODERATE,4,COASTAL + FLOOD + CYCLONE + RAINFALL
Endulapur,395684,Odisha,,,,,,,,,0.6267513820795418,0.1,0.6102305341557412,0.6098682748579979,0.4875567031343974,MODERATE,4,COASTAL + FLOOD + CYCLONE + RAINFALL
Fazilpur,395593,Odisha,,,,,,,,,0.6975486782747904,1.0,0.5849502358425435,0.6415983790260553,0.7338218382482841,HIGH,4,COASTAL + FLOOD + CYCLONE + RAINFALL
Firikidandi,395937,Odisha,,,,,,,,,0.7166043870547258,0.0,0.5417617949600604,0.5378752947467564,0.4579968238057841,MODERATE,4,COASTAL + FLOOD + CYCLONE + RAINFALL
Gadadharpur,395890,Odisha,,,,,,,,,0.5726238667045798,0.0,0.5729482897646903,0.5378752947467564,0.4225992914018978,MODERATE,4,COASTAL + FLOOD + CYCLONE + RAINFALL
Gahamapal,395599,Odisha,,,,,,,,,0.7064188593295964,1.0,0.5861441911706279,0.6415983790260553,0.736781381396747,HIGH,4,COASTAL + FLOOD + CYCLONE + RAINFALL
Gahmasikhar,395983,Odisha,,,,,,,,,0.6712393884502685,0.8,0.559779363616955,0.5378752947467564,0.6488917163886706,HIGH,4,COASTAL + FLOOD + CYCLONE + RAINFALL
Gajarajpur,395740,Odisha,,,,,,,,,0.4364772179641027,0.3,0.6087679626043275,0.6098682748579979,0.4801088110119122,MODERATE,4,COASTAL + FLOOD + CYCLONE + RAINFALL
Gajipithi,396776,Odisha,,,,,,,,,0.6882709509980838,0.3,0.6482119734798006,0.4446950457593799,0.5324732878212513,HIGH,4,COASTAL + FLOOD + CYCLONE + RAINFALL
Gamha,397087,Odisha,,,,,,,,,0.244044624620914,0.1,0.569553866014199,0.4446950457593799,0.3295408630416999,MODERATE,4,COASTAL + FLOOD + CYCLONE + RAINFALL
Gangadharprasaddia,395746,Odisha,,,,,,,,,0.6874626240422341,0.1,0.5861440132190703,0.6098682748579979,0.4997484454890373,MODERATE,4,COASTAL + FLOOD + CYCLONE + RAINFALL
Gangadharpur,395666,Odisha,,,,,,,,,0.4942033616456903,0.0,0.5776629800657831,0.6098682748579979,0.4146504084817524,MODERATE,4,COASTAL + FLOOD + CYCLONE + RAINFALL
Ganja,395660,Odisha,,,,,,,,,0.4587145142759576,1.0,0.5658388173724389,0.6098682748579979,0.6510477135974967,HIGH,4,COASTAL + FLOOD + CYCLONE + RAINFALL
Gankalu Para,396030,Odisha,,,,,,,,,0.6567608536773877,0.0,0.527276807157443,0.5378752947467564,0.4364225168419283,MODERATE,4,COASTAL + FLOOD + CYCLONE + RAINFALL
Garadapur,395749,Odisha,,,,,,,,,0.5987709775076746,0.0,0.5983273904338431,0.6098682748579979,0.4511867958323627,MODERATE,4,COASTAL + FLOOD + CYCLONE + RAINFALL
Garajanga,396939,Odisha,,,,,,,,,0.4454074986130617,0.1,0.6035882167995161,0.4446950457593799,0.3984583129356735,MODERATE,4,COASTAL + FLOOD + CYCLONE + RAINFALL
Garajanga Palli,396784,Odisha,,,,,,,,,0.4593870543306324,0.8,0.6151571564528348,0.4446950457593799,0.5805444145642744,HIGH,4,COASTAL + FLOOD + CYCLONE + RAINFALL
Gararomita,396983,Odisha,,,,,,,,,0.6409888351328263,0.3,0.6038972978584015,0.4123689316052198,0.5007447613254923,HIGH,4,COASTAL + FLOOD + CYCLONE + RAINFALL
Garjang,397001,Odisha,,,,,,,,,0.5502567731444818,0.3,0.5359131722460561,0.5378752947467564,0.4816303839542099,MODERATE,4,COASTAL + FLOOD + CYCLONE + RAINFALL
Garjanpur,396001,Odisha,,,,,,,,,0.7012853312004346,0.1,0.5450929791567267,0.5378752947467564,0.4792339030986633,MODERATE,4,COASTAL + FLOOD + CYCLONE + RAINFALL
Garta,395791,Odisha,,,,,,,,,0.6763217771359424,0.1,0.5740768681613952,0.5999552848196029,0.4914068071450521,MODERATE,4,COASTAL + FLOOD + CYCLONE + RAINFALL
Gatanai Nuasahi,396966,Odisha,,,,,,,,,0.5386435774776808,0.0,0.5929092040801166,0.4123689316052198,0.3922941605843773,MODERATE,4,COASTAL + FLOOD + CYCLONE + RAINFALL
Gaudabadpur,397092,Odisha,,,,,,,,,0.2542790614439152,0.3,0.5683153340189737,0.4446950457593799,0.3823015610897939,MODERATE,4,COASTAL + FLOOD + CYCLONE + RAINFALL
Gaudagan,396714,Odisha,,,,,,,,,0.6688320926688467,0.3,0.6508378831983455,0.4446950457593799,0.5272981077521164,HIGH,4,COASTAL + FLOOD + CYCLONE + RAINFALL
Gayaspur,397053,Odisha,,,,,,,,,0.5398564480442998,0.3,0.5866549784606823,0.4446950457593799,0.4725596881803364,MODERATE,4,COASTAL + FLOOD + CYCLONE + RAINFALL
Ghadiamal,395844,Odisha,,,,,,,,,0.3303689289541063,0.1,0.6021535188328356,0.6098682748579979,0.3966227133660404,MODERATE,4,COASTAL + FLOOD + CYCLONE + RAINFALL
Ghantia Palli,397040,Odisha,,,,,,,,,0.6333824428072965,0.1,0.5552728591126135,0.4446950457593799,0.4427719567722183,MODERATE,4,COASTAL + FLOOD + CYCLONE + RAINFALL
Gharabhanjakola,395737,Odisha,,,,,,,,,0.3988255072242952,0.1,0.6093613086967585,0.6098682748579979,0.4189616343130777,MODERATE,4,COASTAL + FLOOD + CYCLONE + RAINFALL
Ghusuria,395738,Odisha,,,,,,,,,0.4398066699740443,0.1,0.6060968131533842,0.6098682748579979,0.4304398592521589,MODERATE,4,COASTAL + FLOOD + CYCLONE + RAINFALL
Girang,396906,Odisha,,,,,,,,,0.2900010543872192,0.1,0.5858232057557519,0.4446950457593799,0.3473951269069797,MODERATE,4,COASTAL + FLOOD + CYCLONE + RAINFALL
Giria,395700,Odisha,,,,,,,,,0.4671095218876384,0.3,0.5809599556517979,0.6098682748579979,0.4823465004508405,MODERATE,4,COASTAL + FLOOD + CYCLONE + RAINFALL
Giria Pahi,395787,Odisha,,,,,,,,,0.5544093743348886,0.3,0.573385288142345,0.5999552848196029,0.5046601912999733,HIGH,4,COASTAL + FLOOD + CYCLONE + RAINFALL
Gobanga,395719,Odisha,,,,,,,,,0.6804717664358486,0.0,0.5762596692252112,0.6098682748579979,0.4701801022086569,MODERATE,4,COASTAL + FLOOD + CYCLONE + RAINFALL
Gobardhanpur,396923,Odisha,,,,,,,,,0.197469525607071,0.1,0.5734307220187849,0.4446950457593799,0.3165375473386935,MODERATE,4,COASTAL + FLOOD + CYCLONE + RAINFALL
Gobardhanpur,396025,Odisha,,,,,,,,,0.5333869591281688,0.1,0.5377499927600616,0.5378752947467564,0.4270286448778173,MODERATE,4,COASTAL + FLOOD + CYCLONE + RAINFALL
Gobind Pur,397052,Odisha,,,,,,,,,0.6686278923769575,0.1,0.5865929403078207,0.4446950457593799,0.4611756119419184,MODERATE,4,COASTAL + FLOOD + CYCLONE + RAINFALL
Gobindakana,395735,Odisha,,,,,,,,,0.4085782143985152,0.0,0.6180281701058035,0.6098682748579979,0.399054161817605,MODERATE,4,COASTAL + FLOOD + CYCLONE + RAINFALL
Gobindapur,395633,Odisha,,,,,,,,,0.4811964783686948,0.1,0.5648542277933554,0.6098682748579979,0.4325461554305468,MODERATE,4,COASTAL + FLOOD + CYCLONE + RAINFALL
Gobindpur,395658,Odisha,,,,,,,,,0.4797297789158392,0.3,0.5563319122654389,0.6098682748579979,0.479975566712711,MODERATE,4,COASTAL + FLOOD + CYCLONE + RAINFALL
Godhan,396718,Odisha,,,,,,,,,0.6030096368265525,0.3,0.6204482237447465,0.4446950457593799,0.4999539561360284,MODERATE,4,COASTAL + FLOOD + CYCLONE + RAINFALL
Gogua,396996,Odisha,,,,,,,,,0.6512154552666347,0.3,0.5400916407800405,0.5378752947467564,0.5129626057243518,HIGH,4,COASTAL + FLOOD + CYCLONE + RAINFALL
Gohipur,396053,Odisha,,,,,,,,,0.7147672216721594,0.0,0.5435816111901739,0.5378752947467564,0.4579006282485426,MODERATE,4,COASTAL + FLOOD + CYCLONE + RAINFALL
Goja Bandha,397102,Odisha,,,,,,,,,0.3549386753878735,0.1,0.585037410758494,0.4446950457593799,0.3666799644578615,MODERATE,4,COASTAL + FLOOD + CYCLONE + RAINFALL
Gokarneswar,395663,Odisha,,,,,,,,,0.4499001780290093,0.3,0.571987629139403,0.6098682748579979,0.4749406156651531,MODERATE,4,COASTAL + FLOOD + CYCLONE + RAINFALL
Gokha Khati,397104,Odisha,,,,,,,,,0.4850569722474738,0.1,0.5932283189007834,0.4123689316052198,0.4012979577204819,MODERATE,4,COASTAL + FLOOD + CYCLONE + RAINFALL
Gokhani,395971,Odisha,,,,,,,,,0.6029548516602397,0.8,0.5608236777179441,0.5378752947467564,0.6286674338769092,HIGH,4,COASTAL + FLOOD + CYCLONE + RAINFALL
Gokhapada,396925,Odisha,,,,,,,,,0.2472529243275066,0.3,0.5761013235808768,0.4446950457593799,0.3821402173453471,MODERATE,4,COASTAL + FLOOD + CYCLONE + RAINFALL
Gopalapur,396948,Odisha,,,,,,,,,0.4781791153534124,0.0,0.5968781828835172,0.4123689316052198,0.375147066647947,MODERATE,4,COASTAL + FLOOD + CYCLONE + RAINFALL
Gopaljew Patana,395808,Odisha,,,,,,,,,0.6715245369714384,0.3,0.5791928225887026,0.5999552848196029,0.5412466237025277,HIGH,4,COASTAL + FLOOD + CYCLONE + RAINFALL
Gopaljewpatna J Block,395809,Odisha,,,,,,,,,0.6999843170049318,0.0,0.5819710083815235,0.5999552848196029,0.475479104160781,MODERATE,4,COASTAL + FLOOD + CYCLONE + RAINFALL
Gopalpur,397090,Odisha,,,,,,,,,0.3121851168585048,0.3,0.5678552437599647,0.4446950457593799,0.3995583551494185,MODERATE,4,COASTAL + FLOOD + CYCLONE + RAINFALL
Gopalpur,395885,Odisha,,,,,,,,,0.612514122013558,0.3,0.5719441346961018,0.5378752947467564,0.5093153292274442,HIGH,4,COASTAL + FLOOD + CYCLONE + RAINFALL
Gopei,396731,Odisha,,,,,,,,,0.6753780730266927,0.1,0.679886739487326,0.4303411416807771,0.4836533351159947,MODERATE,4,COASTAL + FLOOD + CYCLONE + RAINFALL
Gopinathapur,395643,Odisha,,,,,,,,,0.5635163637457599,0.3,0.581074962733645,0.6415983790260553,0.5176433256123503,HIGH,4,COASTAL + FLOOD + CYCLONE + RAINFALL
Gopinathpur,396916,Odisha,,,,,,,,,0.1984299481679936,0.8,0.5851097127672127,0.4446950457593799,0.4947454217940772,MODERATE,4,COASTAL + FLOOD + CYCLONE + RAINFALL
Gopinathpur,395906,Odisha,,,,,,,,,0.6382472647746615,0.8,0.5760219437510183,0.5378752947467564,0.6430547243195043,HIGH,4,COASTAL + FLOOD + CYCLONE + RAINFALL
Gothakolha,395849,Odisha,,,,,,,,,0.4832358223011548,0.1,0.5901863565867727,0.6098682748579979,0.4394909908086392,MODERATE,4,COASTAL + FLOOD + CYCLONE + RAINFALL
Govindapur,395878,Odisha,,,,,,,,,0.6941481255778985,0.0,0.5589383065745049,,0.4349737678962447,MODERATE,3,COASTAL + FLOOD + CYCLONE
Govindpur,395934,Odisha,,,,,,,,,0.6439126542151308,0.1,0.5477409402322594,0.5378752947467564,0.4626840902719553,MODERATE,4,COASTAL + FLOOD + CYCLONE + RAINFALL
Govindpur,395803,Odisha,,,,,,,,,0.6773066487550075,0.1,0.600653929833551,0.6098682748579979,0.5003291320564895,HIGH,4,COASTAL + FLOOD + CYCLONE + RAINFALL
Gualigan,395615,Odisha,,,,,,,,,0.6966193403835288,0.3,0.5769757900580361,0.6098682748579979,0.5502034046011672,HIGH,4,COASTAL + FLOOD + CYCLONE + RAINFALL
Guhalkani,395959,Odisha,,,,,,,,,0.4743765216752997,0.3,0.5690619760118394,0.5378752947467564,0.4671535094549011,MODERATE,4,COASTAL + FLOOD + CYCLONE + RAINFALL
Guludia,397022,Odisha,,,,,,,,,0.4879612953864761,0.1,0.5485767886306505,0.5378752947467564,0.4161076447229567,MODERATE,4,COASTAL + FLOOD + CYCLONE + RAINFALL
Guludia,395996,Odisha,,,,,,,,,0.5767902806126795,0.1,0.5467838657149626,0.5378752947467564,0.4423081095618958,MODERATE,4,COASTAL + FLOOD + CYCLONE + RAINFALL
Gumura,395826,Odisha,,,,,,,,,0.6675509761639968,0.1,0.5869730588099705,0.6098682748579979,0.4939822125232913,MODERATE,4,COASTAL + FLOOD + CYCLONE + RAINFALL
Gunthala,395604,Odisha,,,,,,,,,0.6975059178991514,1.0,0.583252331060663,0.6098682748579979,0.7270385131065108,HIGH,4,COASTAL + FLOOD + CYCLONE + RAINFALL
Guptagiri,397116,Odisha,,,,,,,,,0.4136230233084657,0.8,0.5961076587497681,,0.5913922770999771,HIGH,3,COASTAL + FLOOD + CYCLONE
Gupti,395838,Odisha,,,,,,,,,0.6840924843820546,0.1,0.582174309495509,0.6098682748579979,0.4977449776600932,MODERATE,4,COASTAL + FLOOD + CYCLONE + RAINFALL
Habalaganda,395711,Odisha,,,,,,,,,0.7007112544054319,0.0,0.551020980593849,0.6415983790260553,0.4762882972753028,MODERATE,4,COASTAL + FLOOD + CYCLONE + RAINFALL
Habelichintamanipur,395829,Odisha,,,,,,,,,0.7082165341802333,0.0,0.5869981582599909,0.5999552848196029,0.4792055567829883,MODERATE,4,COASTAL + FLOOD + CYCLONE + RAINFALL
Haladia,396941,Odisha,,,,,,,,,0.5690626805304169,0.0,0.6079623417897612,0.4446950457593799,0.4116483987584413,MODERATE,4,COASTAL + FLOOD + CYCLONE + RAINFALL
Handiagarh,395865,Odisha,,,,,,,,,0.4234738303643628,1.0,0.5829185947943124,0.5378752947467564,0.6303468567572382,HIGH,4,COASTAL + FLOOD + CYCLONE + RAINFALL
Hansina,395856,Odisha,,,,,,,,,0.4143997355928139,0.3,0.5913708935196438,0.6098682748579979,0.4691362990293546,MODERATE,4,COASTAL + FLOOD + CYCLONE + RAINFALL
Hansina Dia,395848,Odisha,,,,,,,,,0.459592372002769,0.1,0.5914530382346281,0.6098682748579979,0.4327146261310873,MODERATE,4,COASTAL + FLOOD + CYCLONE + RAINFALL
Hansua,395855,Odisha,,,,,,,,,0.4004567111044258,0.3,0.5872923098367107,0.6098682748579979,0.4639337457621049,MODERATE,4,COASTAL + FLOOD + CYCLONE + RAINFALL
Hantapada,396708,Odisha,,,,,,,,,0.6868404682611986,0.1,0.6721309448405199,0.4303411416807771,0.485153105024645,MODERATE,4,COASTAL + FLOOD + CYCLONE + RAINFALL
Hariabanka,397129,Odisha,,,,,,,,,0.5323572282642944,0.1,0.5930692335813045,0.5378752947467564,0.4405495358239657,MODERATE,4,COASTAL + FLOOD + CYCLONE + RAINFALL
Hariharpur,395886,Odisha,,,,,,,,,0.6086170586741065,0.3,0.5739213082322603,0.5378752947467564,0.5086405036096483,HIGH,4,COASTAL + FLOOD + CYCLONE + RAINFALL
Hariharpursasan,395672,Odisha,,,,,,,,,0.6221166745007729,0.3,0.5894821567854213,0.6098682748579979,0.5309791965181868,HIGH,4,COASTAL + FLOOD + CYCLONE + RAINFALL
Harina Pokhari,395795,Odisha,,,,,,,,,0.5987637110918151,0.3,0.5638544985960547,0.5999552848196029,0.5155837949404788,HIGH,4,COASTAL + FLOOD + CYCLONE + RAINFALL
Harishpur,396048,Odisha,,,,,,,,,0.6252932577898911,0.1,0.5362649883960691,0.5378752947467564,0.4542292833853358,MODERATE,4,COASTAL + FLOOD + CYCLONE + RAINFALL
Hatasahi,395642,Odisha,,,,,,,,,0.4999933381480604,0.8,0.5779142247839165,0.6415983790260553,0.6227962334456083,HIGH,4,COASTAL + FLOOD + CYCLONE + RAINFALL
Hatia,396896,Odisha,,,,,,,,,0.6729749490599706,0.3,0.616475012557351,0.4446950457593799,0.5199502470092049,HIGH,4,COASTAL + FLOOD + CYCLONE + RAINFALL
Hatiagadi,395954,Odisha,,,,,,,,,0.5667471104606767,0.0,0.5679917024626584,0.5378752947467564,0.4195971177032188,MODERATE,4,COASTAL + FLOOD + CYCLONE + RAINFALL
Hatina,395988,Odisha,,,,,,,,,0.526817848178238,1.0,0.5551575888264971,0.5378752947467564,0.6544098106094469,HIGH,4,COASTAL + FLOOD + CYCLONE + RAINFALL
Hetamundia,397138,Odisha,,,,,,,,,0.6056946597681683,0.3,0.6108077326973597,,0.5117629138809879,HIGH,3,COASTAL + FLOOD + CYCLONE
Hindulia,396895,Odisha,,,,,,,,,0.7003848160966664,0.3,0.6246011031104539,0.4446950457593799,0.5302047297584894,HIGH,4,COASTAL + FLOOD + CYCLONE + RAINFALL
Hukitola,396061,Odisha,,,,,,,,,0.6094644237055785,0.0,0.5771658880816186,0.5378752947467564,0.4347058580814295,MODERATE,4,COASTAL + FLOOD + CYCLONE + RAINFALL
Inkiria,396038,Odisha,,,,,,,,,0.597786787019803,0.3,0.5308037977047785,0.5378752947467564,0.4946120444814867,MODERATE,4,COASTAL + FLOOD + CYCLONE + RAINFALL
Isani Palla,396032,Odisha,,,,,,,,,0.6554049374542881,0.0,0.5292853939218655,0.5378752947467564,0.4365178886661041,MODERATE,4,COASTAL + FLOOD + CYCLONE + RAINFALL
Iswarpur,395813,Odisha,,,,,,,,,0.6591922401430235,0.1,0.6129144233104993,0.6098682748579979,0.4979599328421314,MODERATE,4,COASTAL + FLOOD + CYCLONE + RAINFALL
Iswarpur,395682,Odisha,,,,,,,,,0.6194561351428649,0.1,0.608232678191026,0.6098682748579979,0.4848686650622155,MODERATE,4,COASTAL + FLOOD + CYCLONE + RAINFALL
Itakandia,396989,Odisha,,,,,,,,,0.6549757285569944,0.3,0.5438203049736734,0.5378752947467564,0.5150228537598679,HIGH,4,COASTAL + FLOOD + CYCLONE + RAINFALL
Jaduchandrapur,395903,Odisha,,,,,,,,,0.5697703928916271,0.1,0.575138851414418,0.5378752947467564,0.4472908896704439,MODERATE,4,COASTAL + FLOOD + CYCLONE + RAINFALL
Jadupur,396933,Odisha,,,,,,,,,0.3733351676659934,0.3,0.5819715809803749,0.4446950457593799,0.4214324546967677,MODERATE,4,COASTAL + FLOOD + CYCLONE + RAINFALL
Jagadispur,396522,Odisha,,,,,,,,,0.7059540516226863,0.1,0.6129901650302667,0.4446950457593799,0.4789727658962485,MODERATE,4,COASTAL + FLOOD + CYCLONE + RAINFALL
Jaganathprasad_ Dia,395733,Odisha,,,,,,,,,0.5485347946881868,0.0,0.6211314626860126,0.6098682748579979,0.4418169590495587,MODERATE,4,COASTAL + FLOOD + CYCLONE + RAINFALL
Jaganathpur,396535,Odisha,,,,,,,,,0.70062021892987,0.1,0.6084415784937682,0.4446950457593799,0.476235469454279,MODERATE,4,COASTAL + FLOOD + CYCLONE + RAINFALL
Jaganathpur,397094,Odisha,,,,,,,,,0.1798174069056717,0.1,0.5736830568060742,0.4446950457593799,0.311304995425096,MODERATE,4,COASTAL + FLOOD + CYCLONE + RAINFALL
Jaganathpur,395857,Odisha,,,,,,,,,0.3200384491834653,0.1,0.5921743655407278,0.6098682748579979,0.3910287811118211,MODERATE,4,COASTAL + FLOOD + CYCLONE + RAINFALL
Jaganathpursasan,395922,Odisha,,,,,,,,,0.5517389037679958,0.3,0.5606115044939108,0.5378752947467564,0.4882496062032277,MODERATE,4,COASTAL + FLOOD + CYCLONE + RAINFALL
Jagannathapur,396002,Odisha,,,,,,,,,0.6911689178127147,0.1,0.5416289402322274,0.5378752947467564,0.4753329693512225,MODERATE,4,COASTAL + FLOOD + CYCLONE + RAINFALL
Jagati,397066,Odisha,,,,,,,,,0.2941234392043488,0.3,0.5639049016255229,0.5378752947467564,0.4117883161170366,MODERATE,4,COASTAL + FLOOD + CYCLONE + RAINFALL
Jagulaipada,395630,Odisha,,,,,,,,,0.591717819963719,0.3,0.5652125916200128,0.6098682748579979,0.5157921488657184,HIGH,4,COASTAL + FLOOD + CYCLONE + RAINFALL
Jalakana,397089,Odisha,,,,,,,,,0.4472812324944067,0.3,0.5665654501106538,0.4446950457593799,0.4397647414278614,MODERATE,4,COASTAL + FLOOD + CYCLONE + RAINFALL
Jalopoka,396702,Odisha,,,,,,,,,0.6960212691706542,0.1,0.6883432000205362,0.4303411416807771,0.4919604090924857,MODERATE,4,COASTAL + FLOOD + CYCLONE + RAINFALL
Jamapada,396724,Odisha,,,,,,,,,0.6804218221961718,0.3,0.6518020868774536,0.4446950457593799,0.531016077530091,HIGH,4,COASTAL + FLOOD + CYCLONE + RAINFALL
Jamboo,396057,Odisha,,,,,,,,,0.620245003831476,0.1,0.5704906111589391,0.5378752947467564,0.4612712128885288,MODERATE,4,COASTAL + FLOOD + CYCLONE + RAINFALL
Janra,397064,Odisha,,,,,,,,,0.2431887806679488,0.3,0.5685964443871676,0.4446950457593799,0.3790447544490525,MODERATE,4,COASTAL + FLOOD + CYCLONE + RAINFALL
Jaripada,396542,Odisha,,,,,,,,,0.6189801854097337,0.1,0.6017668562348681,0.4446950457593799,0.4500747788335131,MODERATE,4,COASTAL + FLOOD + CYCLONE + RAINFALL
Jasuapalli,397036,Odisha,,,,,,,,,0.6774441363832482,0.3,0.5531714709063199,0.4446950457593799,0.5054651177934304,HIGH,4,COASTAL + FLOOD + CYCLONE + RAINFALL
Jaudia,396018,Odisha,,,,,,,,,0.7088566966725434,0.0,0.5486982843517991,0.5378752947467564,0.4574066390390641,MODERATE,4,COASTAL + FLOOD + CYCLONE + RAINFALL
Jay Chandrapur,396936,Odisha,,,,,,,,,0.2973819539812843,0.1,0.5852881011741097,0.4446950457593799,0.3494756206397887,MODERATE,4,COASTAL + FLOOD + CYCLONE + RAINFALL
Jayakunda,395759,Odisha,,,,,,,,,0.693311640731288,0.1,0.5845559679385491,0.6098682748579979,0.5011061391756233,HIGH,4,COASTAL + FLOOD + CYCLONE + RAINFALL
Jayanagar,395691,Odisha,,,,,,,,,0.5195330766268611,0.1,0.6190348354346725,0.6098682748579979,0.457592286818326,MODERATE,4,COASTAL + FLOOD + CYCLONE + RAINFALL
Jayapur,396024,Odisha,,,,,,,,,0.4392666953991498,0.8,0.5408039460289775,0.5378752947467564,0.5745560540763406,HIGH,4,COASTAL + FLOOD + CYCLONE + RAINFALL
Jemadeipur,397084,Odisha,,,,,,,,,0.1304840703601353,1.0,0.5760636580222804,0.5378752947467564,0.540736194562962,HIGH,4,COASTAL + FLOOD + CYCLONE + RAINFALL
Jhadamala,395755,Odisha,,,,,,,,,0.5244110503857329,0.1,0.595867039838785,0.6098682748579979,0.4532637300470156,MODERATE,4,COASTAL + FLOOD + CYCLONE + RAINFALL
Jharkata,395715,Odisha,,,,,,,,,0.6600728146402965,0.1,0.5702721911630405,0.6098682748579979,0.4875635471544486,MODERATE,4,COASTAL + FLOOD + CYCLONE + RAINFALL
Jharkata,395904,Odisha,,,,,,,,,0.5695552465383177,0.1,0.5770083974967856,0.5378752947467564,0.4476937322850429,MODERATE,4,COASTAL + FLOOD + CYCLONE + RAINFALL
Jharpada,395908,Odisha,,,,,,,,,0.669926280531774,0.1,0.5692733468548089,0.5378752947467564,0.4758712798225857,MODERATE,4,COASTAL + FLOOD + CYCLONE + RAINFALL
Jhinkiria,395958,Odisha,,,,,,,,,0.4342150565265946,0.8,0.5656609583651111,0.5378752947467564,0.5792548154986075,HIGH,4,COASTAL + FLOOD + CYCLONE + RAINFALL
Jogidhankud,397135,Odisha,,,,,,,,,0.6429597304204824,0.1,0.6342860293700787,,0.4705742830858304,MODERATE,3,COASTAL + FLOOD + CYCLONE
Joginatha,396074,Odisha,,,,,,,,,0.6029280863350348,0.1,0.5324433951367327,0.5378752947467564,0.4465643336340449,MODERATE,4,COASTAL + FLOOD + CYCLONE + RAINFALL
Jokia,396780,Odisha,,,,,,,,,0.6462786447655198,0.3,0.6403461729901515,0.4446950457593799,0.5179091458290698,HIGH,4,COASTAL + FLOOD + CYCLONE + RAINFALL
Joral,395696,Odisha,,,,,,,,,0.4482936850882408,0.3,0.5934800233893842,0.6098682748579979,0.4798317663454178,MODERATE,4,COASTAL + FLOOD + CYCLONE + RAINFALL
Juna,396909,Odisha,,,,,,,,,0.4249926045979056,0.1,0.6053742290087104,0.4446950457593799,0.3927803477834252,MODERATE,4,COASTAL + FLOOD + CYCLONE + RAINFALL
Junapanga,396019,Odisha,,,,,,,,,0.7012186856122145,0.0,0.5461472737461213,0.5378752947467564,0.4544774830695459,MODERATE,4,COASTAL + FLOOD + CYCLONE + RAINFALL
Junapangara,395970,Odisha,,,,,,,,,0.5308381904264867,0.0,0.5647681449173538,0.5378752947467564,0.4080185523066357,MODERATE,4,COASTAL + FLOOD + CYCLONE + RAINFALL
Junus Nagar,395836,Odisha,,,,,,,,,0.5722309311226152,0.1,0.5914943996428681,0.6098682748579979,0.4665165342191011,MODERATE,4,COASTAL + FLOOD + CYCLONE + RAINFALL
Jyoti Prasad,395777,Odisha,,,,,,,,,0.6758991741243068,0.1,0.5636501217452798,0.5999552848196029,0.4886733396375325,MODERATE,4,COASTAL + FLOOD + CYCLONE + RAINFALL
Kadalichua,396046,Odisha,,,,,,,,,0.5496790734900195,0.1,0.5326901706599606,0.5378752947467564,0.4306513236613473,MODERATE,4,COASTAL + FLOOD + CYCLONE + RAINFALL
Kaduanasi,395828,Odisha,,,,,,,,,0.6893049456693232,0.0,0.5796537585675425,0.5999552848196029,0.4716959803066031,MODERATE,4,COASTAL + FLOOD + CYCLONE + RAINFALL
Kaitha,395984,Odisha,,,,,,,,,0.6757066347704535,0.0,0.5552342322704229,0.5378752947467564,0.449095607448093,MODERATE,4,COASTAL + FLOOD + CYCLONE + RAINFALL
Kakat Pur,396993,Odisha,,,,,,,,,0.5753308593145632,0.3,0.5445214556384728,0.5378752947467564,0.4913046806533384,MODERATE,4,COASTAL + FLOOD + CYCLONE + RAINFALL
Kalagarh,396959,Odisha,,,,,,,,,0.4911762701593881,0.8,0.5874095951117748,0.4123689316052198,0.5766790661468042,HIGH,4,COASTAL + FLOOD + CYCLONE + RAINFALL
Kalapara,397041,Odisha,,,,,,,,,0.6611596983731511,0.1,0.5574583139009575,0.4446950457593799,0.4516514971390606,MODERATE,4,COASTAL + FLOOD + CYCLONE + RAINFALL
Kalatunga,396995,Odisha,,,,,,,,,0.5391803497513,0.3,0.5453693911400123,0.5378752947467564,0.4806715116597443,MODERATE,4,COASTAL + FLOOD + CYCLONE + RAINFALL
Kalikapur,395668,Odisha,,,,,,,,,0.4532247138899952,0.0,0.5795600213249897,0.6098682748579979,0.4028310744698455,MODERATE,4,COASTAL + FLOOD + CYCLONE + RAINFALL
Kalisipada,395674,Odisha,,,,,,,,,0.530608119085085,0.1,0.5870228224668101,0.6098682748579979,0.4529117963138275,MODERATE,4,COASTAL + FLOOD + CYCLONE + RAINFALL
Kamalpur,395764,Odisha,,,,,,,,,0.6773093001374675,0.1,0.5807452614610547,0.6098682748579979,0.4953527603781034,MODERATE,4,COASTAL + FLOOD + CYCLONE + RAINFALL
Kan Pur,396908,Odisha,,,,,,,,,0.3551744543677579,0.1,0.5963948396779453,0.4446950457593799,0.3695900553816897,MODERATE,4,COASTAL + FLOOD + CYCLONE + RAINFALL
Kanafulia,395977,Odisha,,,,,,,,,0.6771283094374321,0.0,0.5672272768189857,0.5378752947467564,0.4525203709853272,MODERATE,4,COASTAL + FLOOD + CYCLONE + RAINFALL
Kanak Nagar,395771,Odisha,,,,,,,,,0.6732218817275428,0.3,0.5661849128648162,0.5999552848196029,0.5385038496983875,HIGH,4,COASTAL + FLOOD + CYCLONE + RAINFALL
Kanakapur,395978,Odisha,,,,,,,,,0.694867717981082,0.0,0.5671932993735535,0.5378752947467564,0.4578336991870643,MODERATE,4,COASTAL + FLOOD + CYCLONE + RAINFALL
Kanapur Barha,395602,Odisha,,,,,,,,,0.6718434584169157,0.0,0.5861075751145279,0.6098682748579979,0.4700535862753063,MODERATE,4,COASTAL + FLOOD + CYCLONE + RAINFALL
Kanapur Kaema,395603,Odisha,,,,,,,,,0.6960740807199939,0.0,0.5897197611082792,0.6098682748579979,0.4782258194646675,MODERATE,4,COASTAL + FLOOD + CYCLONE + RAINFALL
Kandara Patia,396056,Odisha,,,,,,,,,0.6824734114422712,0.1,0.5549510769293022,0.5378752947467564,0.4760548516143582,MODERATE,4,COASTAL + FLOOD + CYCLONE + RAINFALL
Kandhamara,396012,Odisha,,,,,,,,,0.5753405226954473,0.0,0.5506701675870718,0.5378752947467564,0.4178447576547534,MODERATE,4,COASTAL + FLOOD + CYCLONE + RAINFALL
Kandira,395860,Odisha,,,,,,,,,0.3558981437707016,0.3,0.5840308352964123,0.6098682748579979,0.4497508069269131,MODERATE,4,COASTAL + FLOOD + CYCLONE + RAINFALL
Kanhua,395994,Odisha,,,,,,,,,0.4369392384095008,0.3,0.5563966609479782,0.5378752947467564,0.4527559957091961,MODERATE,4,COASTAL + FLOOD + CYCLONE + RAINFALL
Kanhupur,396050,Odisha,,,,,,,,,0.6888646585157145,0.3,0.5356980396909148,0.5378752947467564,0.5231589664267944,HIGH,4,COASTAL + FLOOD + CYCLONE + RAINFALL
Kanhupur,396072,Odisha,,,,,,,,,0.6995621989221406,0.3,0.5556098783505831,0.5999552848196029,0.5437621862282085,HIGH,4,COASTAL + FLOOD + CYCLONE + RAINFALL
Kani,395950,Odisha,,,,,,,,,0.5394838091053161,1.0,0.5592371913051679,0.5378752947467564,0.6592294995072381,HIGH,4,COASTAL + FLOOD + CYCLONE + RAINFALL
Kankdia,396028,Odisha,,,,,,,,,0.6219971778925768,0.0,0.5320071324483677,0.5378752947467564,0.4271759954292162,MODERATE,4,COASTAL + FLOOD + CYCLONE + RAINFALL
Kanpur,397031,Odisha,,,,,,,,,0.4106129640484732,0.3,0.5569679792608278,0.4446950457593799,0.4263648931816248,MODERATE,4,COASTAL + FLOOD + CYCLONE + RAINFALL
Kansapal,397076,Odisha,,,,,,,,,0.3658405144436962,0.1,0.5713047414434633,0.5378752947467564,0.385153398643326,MODERATE,4,COASTAL + FLOOD + CYCLONE + RAINFALL
Kansara,397071,Odisha,,,,,,,,,0.2830176712684611,0.3,0.5611228847889717,0.5378752947467564,0.4077610815271325,MODERATE,4,COASTAL + FLOOD + CYCLONE + RAINFALL
Kansardia,397132,Odisha,,,,,,,,,0.6258381976709877,0.1,0.5948223609088252,,0.4518213119106282,MODERATE,3,COASTAL + FLOOD + CYCLONE
Kantapada,395694,Odisha,,,,,,,,,0.5690007858861794,0.3,0.6003144108457844,0.6098682748579979,0.5177524934488995,HIGH,4,COASTAL + FLOOD + CYCLONE + RAINFALL
Kantapada,395664,Odisha,,,,,,,,,0.527776209144343,0.3,0.572969676184089,0.6098682748579979,0.4985489367609247,MODERATE,4,COASTAL + FLOOD + CYCLONE + RAINFALL
Kantilo,397019,Odisha,,,,,,,,,0.3751787992063414,0.1,0.5553218546566256,0.5378752947467564,0.3839591623754101,MODERATE,4,COASTAL + FLOOD + CYCLONE + RAINFALL
Kantipokhari,395727,Odisha,,,,,,,,,0.4445769779816091,0.0,0.6026558662223707,0.6098682748579979,0.4060107149216749,MODERATE,4,COASTAL + FLOOD + CYCLONE + RAINFALL
Karamakul,396917,Odisha,,,,,,,,,0.1924747732303873,0.1,0.5889619340029721,0.4446950457593799,0.3189219246217352,MODERATE,4,COASTAL + FLOOD + CYCLONE + RAINFALL
Karandia Patna,396715,Odisha,,,,,,,,,0.6360389572884386,0.1,0.6440083227276632,0.4446950457593799,0.4657527770203233,MODERATE,4,COASTAL + FLOOD + CYCLONE + RAINFALL
Karanja,396924,Odisha,,,,,,,,,0.1750114446674711,0.1,0.5721745369107474,0.4446950457593799,0.3094860767798041,MODERATE,4,COASTAL + FLOOD + CYCLONE + RAINFALL
Karanjia,396049,Odisha,,,,,,,,,0.6596744421339533,0.0,0.5355802273513727,0.5378752947467564,0.4393724484273804,MODERATE,4,COASTAL + FLOOD + CYCLONE + RAINFALL
Karilo Patana,396709,Odisha,,,,,,,,,0.6623863128440912,0.1,0.6753651725735679,0.4303411416807771,0.4786254153327747,MODERATE,4,COASTAL + FLOOD + CYCLONE + RAINFALL
Kasoti,396910,Odisha,,,,,,,,,0.4083983009843832,0.1,0.6076391464723623,0.4446950457593799,0.3883682860652815,MODERATE,4,COASTAL + FLOOD + CYCLONE + RAINFALL
Katakana,395931,Odisha,,,,,,,,,0.693257371201071,0.0,0.5481451340852617,0.6098682748579979,0.4669871498532362,MODERATE,4,COASTAL + FLOOD + CYCLONE + RAINFALL
Katanabania,395752,Odisha,,,,,,,,,0.6705117496289021,0.1,0.5929344654627007,0.6098682748579979,0.4963607962259453,MODERATE,4,COASTAL + FLOOD + CYCLONE + RAINFALL
Kathapangara,395973,Odisha,,,,,,,,,0.5957474697484387,0.8,0.565691704284758,0.5378752947467564,0.6277222259450724,HIGH,4,COASTAL + FLOOD + CYCLONE + RAINFALL
Kathuaganda,395979,Odisha,,,,,,,,,0.6771482138322118,0.8,0.5645143421421638,0.5378752947467564,0.6518481086345558,HIGH,4,COASTAL + FLOOD + CYCLONE + RAINFALL
Kendukolha,395888,Odisha,,,,,,,,,0.5103618131632085,0.0,0.5791157317683723,0.5378752947467564,0.4054625358404069,MODERATE,4,COASTAL + FLOOD + CYCLONE + RAINFALL
Kentia,397114,Odisha,,,,,,,,,0.3745367202436501,0.8,0.593074457574937,0.5378752947467564,0.5682046894161806,HIGH,4,COASTAL + FLOOD + CYCLONE + RAINFALL
Keradagarh,395914,Odisha,,,,,,,,,0.6611287833903619,0.0,0.5709873585917058,0.6098682748579979,0.4630591296366346,MODERATE,4,COASTAL + FLOOD + CYCLONE + RAINFALL
Keradasahi,396031,Odisha,,,,,,,,,0.6933345459807283,0.0,0.52759511289793,0.5378752947467564,0.4474742009680522,MODERATE,4,COASTAL + FLOOD + CYCLONE + RAINFALL
Keruapal,395786,Odisha,,,,,,,,,0.6603214744799915,0.3,0.5781344297468847,0.5999552848196029,0.5376211067446393,HIGH,4,COASTAL + FLOOD + CYCLONE + RAINFALL
Keshanagar,395704,Odisha,,,,,,,,,0.6490921793752242,0.0,0.567826638228085,0.6098682748579979,0.458657968341188,MODERATE,4,COASTAL + FLOOD + CYCLONE + RAINFALL
Khamagan,396882,Odisha,,,,,,,,,0.6872713143100129,0.3,0.6121152488896451,0.4123689316052198,0.516683992836459,HIGH,4,COASTAL + FLOOD + CYCLONE + RAINFALL
Khamaganbindha,396940,Odisha,,,,,,,,,0.6500089557848308,0.3,0.6129279273636252,0.4446950457593799,0.5121736777282315,HIGH,4,COASTAL + FLOOD + CYCLONE + RAINFALL
Khamarsahi,395761,Odisha,,,,,,,,,0.6570766084700315,0.0,0.5884324999724913,0.6098682748579979,0.4662047625057318,MODERATE,4,COASTAL + FLOOD + CYCLONE + RAINFALL
Khamarsahi,395955,Odisha,,,,,,,,,0.5002764476647571,0.0,0.5662505287434697,0.5378752947467564,0.3992206254346458,MODERATE,4,COASTAL + FLOOD + CYCLONE + RAINFALL
Khandeipara,395940,Odisha,,,,,,,,,0.6177655333746814,0.0,0.5482881351712272,0.5378752947467564,0.4299767527545625,MODERATE,4,COASTAL + FLOOD + CYCLONE + RAINFALL
Khandeita,395743,Odisha,,,,,,,,,0.6127489503221443,0.3,0.5965933189495225,0.6098682748579979,0.5299466698056234,HIGH,4,COASTAL + FLOOD + CYCLONE + RAINFALL
Khandiora,395981,Odisha,,,,,,,,,0.6888786941624672,0.1,0.5611573230526752,0.5378752947467564,0.4795279979612602,MODERATE,4,COASTAL + FLOOD + CYCLONE + RAINFALL
Kharakhara,396105,Odisha,,,,,,,,,0.7065961592133652,0.3,0.5537012073680447,0.6415983790260553,0.5537238254112318,HIGH,4,COASTAL + FLOOD + CYCLONE + RAINFALL
Kharianta,397023,Odisha,,,,,,,,,0.4255507932722453,0.3,0.5528999734289621,0.5378752947467564,0.4484652902882654,MODERATE,4,COASTAL + FLOOD + CYCLONE + RAINFALL
Kharinasi,396059,Odisha,,,,,,,,,0.4873148052020628,0.1,0.5954171390063865,0.5378752947467564,0.4276237852615667,MODERATE,4,COASTAL + FLOOD + CYCLONE + RAINFALL
Khas Munda,395783,Odisha,,,,,,,,,0.6655945292954171,0.1,0.571998342707634,0.5999552848196029,0.4876690014294542,MODERATE,4,COASTAL + FLOOD + CYCLONE + RAINFALL
Kholanai,397025,Odisha,,,,,,,,,0.5284326282835705,0.3,0.5487463794404688,0.5378752947467564,0.4782914422945397,MODERATE,4,COASTAL + FLOOD + CYCLONE + RAINFALL
Khulari,395741,Odisha,,,,,,,,,0.4930513765945674,0.0,0.6050371782299815,0.6098682748579979,0.4211483625074652,MODERATE,4,COASTAL + FLOOD + CYCLONE + RAINFALL
Khunta,395732,Odisha,,,,,,,,,0.4827882953815412,0.1,0.6218024151443264,0.6098682748579979,0.4472607473721435,MODERATE,4,COASTAL + FLOOD + CYCLONE + RAINFALL
Khuntakana,395854,Odisha,,,,,,,,,0.3998457681846948,0.3,0.5845284496355609,0.6098682748579979,0.4630594978358982,MODERATE,4,COASTAL + FLOOD + CYCLONE + RAINFALL
Khurusia,396962,Odisha,,,,,,,,,0.6740096674172553,0.8,0.5958352425862306,0.4123689316052198,0.6336354971927781,HIGH,4,COASTAL + FLOOD + CYCLONE + RAINFALL
Khurusiapat,396963,Odisha,,,,,,,,,0.6965503960911712,0.0,0.6027705406775705,0.4123689316052198,0.4421315403177879,MODERATE,4,COASTAL + FLOOD + CYCLONE + RAINFALL
Kiabaria,397111,Odisha,,,,,,,,,0.1849501534893539,0.0,0.5828415764465413,0.5378752947467564,0.3087704991077927,MODERATE,4,COASTAL + FLOOD + CYCLONE + RAINFALL
Kiajori,395945,Odisha,,,,,,,,,0.5503624471485176,0.3,0.5536529215267125,0.5378752947467564,0.4860970234755847,MODERATE,4,COASTAL + FLOOD + CYCLONE + RAINFALL
Kiar Banka,397063,Odisha,,,,,,,,,0.3005774062217341,0.1,0.564755347752949,0.4446950457593799,0.3453010679566334,MODERATE,4,COASTAL + FLOOD + CYCLONE + RAINFALL
Kochila,397115,Odisha,,,,,,,,,0.3541122607625139,0.0,0.5913216943265305,0.5378752947467564,0.3616391607597381,MODERATE,4,COASTAL + FLOOD + CYCLONE + RAINFALL
Kodakan,396973,Odisha,,,,,,,,,0.6854303446969154,1.0,0.6073316830341873,0.4123689316052198,0.6899358104886654,HIGH,4,COASTAL + FLOOD + CYCLONE + RAINFALL
Koilipur,396042,Odisha,,,,,,,,,0.5527354859227351,0.1,0.5327452467724867,0.5378752947467564,0.4315820164192935,MODERATE,4,COASTAL + FLOOD + CYCLONE + RAINFALL
Koilipur,395736,Odisha,,,,,,,,,0.3757019994272427,0.1,0.6128964736384319,0.6098682748579979,0.4129083732093803,MODERATE,4,COASTAL + FLOOD + CYCLONE + RAINFALL
Koranda,395721,Odisha,,,,,,,,,0.5274597203614324,0.0,0.5833018076001135,0.6098682748579979,0.4260370229800577,MODERATE,4,COASTAL + FLOOD + CYCLONE + RAINFALL
Koratapanga,396965,Odisha,,,,,,,,,0.5679605816187807,0.8,0.5990357573213677,0.4123689316052198,0.6026209001370201,HIGH,4,COASTAL + FLOOD + CYCLONE + RAINFALL
Kothasahi,395653,Odisha,,,,,,,,,0.5756130417981016,0.8,0.5594530513100882,0.6098682748579979,0.6345208303385521,HIGH,4,COASTAL + FLOOD + CYCLONE + RAINFALL
Kothasahi,395701,Odisha,,,,,,,,,0.4219892069365401,0.8,0.5786191390100247,0.6098682748579979,0.5932252018050678,HIGH,4,COASTAL + FLOOD + CYCLONE + RAINFALL
Krishnanagar,395770,Odisha,,,,,,,,,0.6650329685144054,0.1,0.5695057377510033,0.5999552848196029,0.486877381955993,MODERATE,4,COASTAL + FLOOD + CYCLONE + RAINFALL
Krishnapriyapur,395882,Odisha,,,,,,,,,0.693957063891316,0.3,0.5705455868499785,0.5378752947467564,0.5333985748292407,HIGH,4,COASTAL + FLOOD + CYCLONE + RAINFALL
Kshirkot,396026,Odisha,,,,,,,,,0.615435249096135,0.1,0.5377184207017909,0.5378752947467564,0.4516352388536395,MODERATE,4,COASTAL + FLOOD + CYCLONE + RAINFALL
Kuanrpal,396911,Odisha,,,,,,,,,0.3689413329102303,0.1,0.6023317602424274,0.4446950457593799,0.3752043490855519,MODERATE,4,COASTAL + FLOOD + CYCLONE + RAINFALL
Kuhudi,396536,Odisha,,,,,,,,,0.6686742234360823,0.1,0.6068497905072068,0.4446950457593799,0.4662537238095023,MODERATE,4,COASTAL + FLOOD + CYCLONE + RAINFALL
Kuhudi,395620,Odisha,,,,,,,,,0.601142746085032,0.1,0.5858425871576589,0.6098682748579979,0.4737771255865239,MODERATE,4,COASTAL + FLOOD + CYCLONE + RAINFALL
Kujipur,395730,Odisha,,,,,,,,,0.5112253026764954,0.0,0.6139631945239827,0.6098682748579979,0.4288320444055438,MODERATE,4,COASTAL + FLOOD + CYCLONE + RAINFALL
Kulapada,396534,Odisha,,,,,,,,,0.6878678003808112,0.3,0.6033858247831654,0.4446950457593799,0.5211458054619107,HIGH,4,COASTAL + FLOOD + CYCLONE + RAINFALL
Kumbharapara,397098,Odisha,,,,,,,,,0.1790976867205248,0.8,0.5770280780915735,0.4446950457593799,0.4869253346909268,MODERATE,4,COASTAL + FLOOD + CYCLONE + RAINFALL
Kurunti,395990,Odisha,,,,,,,,,0.4398049413217045,1.0,0.5556962726474626,0.5378752947467564,0.6284406095077283,HIGH,4,COASTAL + FLOOD + CYCLONE + RAINFALL
Kurutunga,396539,Odisha,,,,,,,,,0.5195891398714878,0.1,0.6041103345528125,0.4446950457593799,0.4208433347515254,MODERATE,4,COASTAL + FLOOD + CYCLONE + RAINFALL
Kusailo,395941,Odisha,,,,,,,,,0.5240441705370178,0.8,0.5547353592734487,0.5378752947467564,0.6034721499288188,HIGH,4,COASTAL + FLOOD + CYCLONE + RAINFALL
Kusiapal,397069,Odisha,,,,,,,,,0.3671839300126125,0.3,0.5558170723320561,0.5378752947467564,0.431684506036149,MODERATE,4,COASTAL + FLOOD + CYCLONE + RAINFALL
Kusun Pur,396915,Odisha,,,,,,,,,0.3053002171916459,0.1,0.5952816702205024,0.4446950457593799,0.3543494918644953,MODERATE,4,COASTAL + FLOOD + CYCLONE + RAINFALL
Kusunpur,395690,Odisha,,,,,,,,,0.584851847518769,0.1,0.6127042295682132,0.6098682748579979,0.4756052666192835,MODERATE,4,COASTAL + FLOOD + CYCLONE + RAINFALL
Kusunpur,395853,Odisha,,,,,,,,,0.4507415113476678,0.1,0.5822470532256295,0.5378752947467564,0.413359275660059,MODERATE,4,COASTAL + FLOOD + CYCLONE + RAINFALL
Langalabhanja,395610,Odisha,,,,,,,,,0.6036464418890767,0.3,0.5638906130216023,0.6098682748579979,0.5190402407937231,HIGH,4,COASTAL + FLOOD + CYCLONE + RAINFALL
Laxminarayanpur,395897,Odisha,,,,,,,,,0.3822772046079728,1.0,0.5735899101028448,0.5378752947467564,0.6156556978574543,HIGH,4,COASTAL + FLOOD + CYCLONE + RAINFALL
Laxmiprasad,395975,Odisha,,,,,,,,,0.6229881669138839,0.0,0.5704620829931142,0.5378752947467564,0.437087029771795,MODERATE,4,COASTAL + FLOOD + CYCLONE + RAINFALL
Laxmiprasad Dia,395687,Odisha,,,,,,,,,0.7013346077128191,0.0,0.5973533260625727,0.6098682748579979,0.4817123688010885,MODERATE,4,COASTAL + FLOOD + CYCLONE + RAINFALL
Loknathprasad,395850,Odisha,,,,,,,,,0.4811766464375751,0.1,0.5852111359859138,0.6098682748579979,0.4376294328993506,MODERATE,4,COASTAL + FLOOD + CYCLONE + RAINFALL
Lunia,396011,Odisha,,,,,,,,,0.5527596307715985,0.0,0.548856062354911,0.5378752947467564,0.4106169637695586,MODERATE,4,COASTAL + FLOOD + CYCLONE + RAINFALL
Madarangapata,395750,Odisha,,,,,,,,,0.5548837141814689,0.0,0.599478772245027,0.6098682748579979,0.438308462287297,MODERATE,4,COASTAL + FLOOD + CYCLONE + RAINFALL
Madhupara,395677,Odisha,,,,,,,,,0.6394989931151869,0.0,0.5928298677954651,0.6098682748579979,0.4620308198550218,MODERATE,4,COASTAL + FLOOD + CYCLONE + RAINFALL
Madhupur,395918,Odisha,,,,,,,,,0.6313456971151505,0.1,0.566440572622583,0.6098682748579979,0.4779875072617904,MODERATE,4,COASTAL + FLOOD + CYCLONE + RAINFALL
Madhupur,395862,Odisha,,,,,,,,,0.2817537425567606,0.1,0.5897181201456745,0.6098682748579979,0.3789293077750463,MODERATE,4,COASTAL + FLOOD + CYCLONE + RAINFALL
Madhupur,395815,Odisha,,,,,,,,,0.4951568433141912,0.1,0.6142157641253176,0.6098682748579979,0.4490746489971863,MODERATE,4,COASTAL + FLOOD + CYCLONE + RAINFALL
Madhuraganda Khamar,396953,Odisha,,,,,,,,,0.5235164543991259,0.8,0.5864943152080537,0.4123689316052198,0.5861523014427951,HIGH,4,COASTAL + FLOOD + CYCLONE + RAINFALL
Madhusudanpur,396891,Odisha,,,,,,,,,0.6121003036855619,0.3,0.604072651529159,0.4123689316052198,0.4921220403090022,MODERATE,4,COASTAL + FLOOD + CYCLONE + RAINFALL
Madhusudanpur,396981,Odisha,,,,,,,,,0.5656232535057262,0.3,0.5988252810525345,0.4123689316052198,0.4768670826358954,MODERATE,4,COASTAL + FLOOD + CYCLONE + RAINFALL
Madhyapara,395939,Odisha,,,,,,,,,0.6016790210547777,0.0,0.5483577085799224,0.5378752947467564,0.4251681924107652,MODERATE,4,COASTAL + FLOOD + CYCLONE + RAINFALL
Magarkanda,395833,Odisha,,,,,,,,,0.6824006960582778,0.3,0.567011296435766,0.5999552848196029,0.5414640898903453,HIGH,4,COASTAL + FLOOD + CYCLONE + RAINFALL
Maha Kala Para,397088,Odisha,,,,,,,,,0.2876151915884196,0.1,0.5684290211967574,0.4446950457593799,0.3423308219275912,MODERATE,4,COASTAL + FLOOD + CYCLONE + RAINFALL
Mahadeiadia,395744,Odisha,,,,,,,,,0.6470477763379505,0.1,0.5904312292325858,0.6098682748579979,0.4886957951811312,MODERATE,4,COASTAL + FLOOD + CYCLONE + RAINFALL
Mahamadpur,395592,Odisha,,,,,,,,,0.6798077359134598,1.0,0.5822404318814678,0.6415983790260553,0.7278221045496159,HIGH,4,COASTAL + FLOOD + CYCLONE + RAINFALL
Mahanangala,396957,Odisha,,,,,,,,,0.6261780586311141,0.8,0.5902791128634288,0.4123689316052198,0.6178969821262353,HIGH,4,COASTAL + FLOOD + CYCLONE + RAINFALL
Mahinsasur,395995,Odisha,,,,,,,,,0.4618336843739814,0.1,0.5533120496861499,0.5378752947467564,0.4094531766830831,MODERATE,4,COASTAL + FLOOD + CYCLONE + RAINFALL
Mahula Kandha,397099,Odisha,,,,,,,,,0.2498655753958848,1.0,0.5828398223108777,0.4446950457593799,0.5596086373483609,HIGH,4,COASTAL + FLOOD + CYCLONE + RAINFALL
Mahulia,395953,Odisha,,,,,,,,,0.5727023227246217,0.0,0.5649913853790144,0.5378752947467564,0.4206336021114913,MODERATE,4,COASTAL + FLOOD + CYCLONE + RAINFALL
Mahurigan,395613,Odisha,,,,,,,,,0.7036958262670554,0.0,0.5700420359015128,0.6098682748579979,0.4755929118270943,MODERATE,4,COASTAL + FLOOD + CYCLONE + RAINFALL
Makundapur,395662,Odisha,,,,,,,,,0.5317496082907627,0.1,0.5687965471206081,0.6098682748579979,0.4486976742389804,MODERATE,4,COASTAL + FLOOD + CYCLONE + RAINFALL
Maladhia,397081,Odisha,,,,,,,,,0.1175231924606096,0.3,0.573955081435087,0.5378752947467564,0.3613207870463059,MODERATE,4,COASTAL + FLOOD + CYCLONE + RAINFALL
Maladhia,397004,Odisha,,,,,,,,,0.5535186269912332,0.3,0.5410830217630004,0.5378752947467564,0.4839014024874712,MODERATE,4,COASTAL + FLOOD + CYCLONE + RAINFALL
Maliabuda,395949,Odisha,,,,,,,,,0.5791879917362535,0.8,0.5577689190716562,0.5378752947467564,0.6207736862381413,HIGH,4,COASTAL + FLOOD + CYCLONE + RAINFALL
Maliancha,397030,Odisha,,,,,,,,,0.3589784664078932,0.3,0.5596655204483014,0.4446950457593799,0.4115489291863193,MODERATE,4,COASTAL + FLOOD + CYCLONE + RAINFALL
Maliparida,395965,Odisha,,,,,,,,,0.4187332636329962,0.0,0.5701242196571437,0.5378752947467564,0.3757260929535361,MODERATE,4,COASTAL + FLOOD + CYCLONE + RAINFALL
Malisahada,395673,Odisha,,,,,,,,,0.5740727469340825,0.3,0.5907601874139661,0.6098682748579979,0.5168855259053159,HIGH,4,COASTAL + FLOOD + CYCLONE + RAINFALL
Manapara,395956,Odisha,,,,,,,,,0.4795632070336554,0.0,0.5618979046136044,0.5378752947467564,0.391918497212849,MODERATE,4,COASTAL + FLOOD + CYCLONE + RAINFALL
Manapur,395605,Odisha,,,,,,,,,0.6590897103734865,1.0,0.5808691883310234,0.6098682748579979,0.7149178651664014,HIGH,4,COASTAL + FLOOD + CYCLONE + RAINFALL
Mandia,396795,Odisha,,,,,,,,,0.6808241078565966,0.3,0.6330839115202904,0.4446950457593799,0.5264572193889275,HIGH,4,COASTAL + FLOOD + CYCLONE + RAINFALL
Maneidiha,395702,Odisha,,,,,,,,,0.5218670299096213,1.0,0.5724999106730011,0.6098682748579979,0.6716587416127363,HIGH,4,COASTAL + FLOOD + CYCLONE + RAINFALL
Mangalapur,397086,Odisha,,,,,,,,,0.1760996560740412,0.3,0.5731999518365025,0.4446950457593799,0.3600688939332139,MODERATE,4,COASTAL + FLOOD + CYCLONE + RAINFALL
Mangalapur,395716,Odisha,,,,,,,,,0.6161352106678442,0.3,0.5728657106219626,0.6098682748579979,0.5250306458274435,HIGH,4,COASTAL + FLOOD + CYCLONE + RAINFALL
Mangalpur,395909,Odisha,,,,,,,,,0.7139232541145775,0.1,0.568291243573966,0.5378752947467564,0.488824846077216,MODERATE,4,COASTAL + FLOOD + CYCLONE + RAINFALL
Mangarajpur,396890,Odisha,,,,,,,,,0.6396034026803463,1.0,0.6068097733732267,0.4123689316052198,0.6760572504684544,HIGH,4,COASTAL + FLOOD + CYCLONE + RAINFALL
Mangarajpur,396007,Odisha,,,,,,,,,0.5297655762264752,1.0,0.5443547205898489,0.5378752947467564,0.6525934119647561,HIGH,4,COASTAL + FLOOD + CYCLONE + RAINFALL
Manikhandi,395919,Odisha,,,,,,,,,0.5934516618579344,0.3,0.5651712670574156,0.5378752947467564,0.5019033742710856,HIGH,4,COASTAL + FLOOD + CYCLONE + RAINFALL
Manikipur,396880,Odisha,,,,,,,,,0.6834658600043848,0.3,0.6159273132743628,0.4446950457593799,0.5229605954717821,HIGH,4,COASTAL + FLOOD + CYCLONE + RAINFALL
Manikunda,396897,Odisha,,,,,,,,,0.6361755707716461,0.1,0.6163956072676279,0.4446950457593799,0.4588905822002767,MODERATE,4,COASTAL + FLOOD + CYCLONE + RAINFALL
Manitiri,396894,Odisha,,,,,,,,,0.6230097897046776,0.1,0.6232451455173023,0.4446950457593799,0.4566532324426048,MODERATE,4,COASTAL + FLOOD + CYCLONE + RAINFALL
Manitiri,397051,Odisha,,,,,,,,,0.6545985035107953,0.1,0.5839093884242215,0.4446950457593799,0.4562959073111699,MODERATE,4,COASTAL + FLOOD + CYCLONE + RAINFALL
Manjulapalli,396066,Odisha,,,,,,,,,0.5627819379765276,0.1,0.5694086242117636,0.5999552848196029,0.4561777944098198,MODERATE,4,COASTAL + FLOOD + CYCLONE + RAINFALL
Mantapara,395678,Odisha,,,,,,,,,0.6612429146326331,0.3,0.5986057171826399,0.6098682748579979,0.5449979586570495,HIGH,4,COASTAL + FLOOD + CYCLONE + RAINFALL
Mantei,396874,Odisha,,,,,,,,,0.685448110599038,0.0,0.620718684068983,0.4123689316052198,0.4432878905180011,MODERATE,4,COASTAL + FLOOD + CYCLONE + RAINFALL
Marichakani,397100,Odisha,,,,,,,,,0.282465634478337,0.8,0.5830866208183615,0.4446950457593799,0.5194503546999675,HIGH,4,COASTAL + FLOOD + CYCLONE + RAINFALL
Masakani,396932,Odisha,,,,,,,,,0.4180709115308959,0.3,0.5857411996543569,0.4123689316052198,0.4293303596939019,MODERATE,4,COASTAL + FLOOD + CYCLONE + RAINFALL
Matia,395910,Odisha,,,,,,,,,0.7175231924606096,0.1,0.566205652497626,0.5378752947467564,0.4893834298119406,MODERATE,4,COASTAL + FLOOD + CYCLONE + RAINFALL
Matia,395611,Odisha,,,,,,,,,0.6742779481817394,0.1,0.5643624519435986,0.6098682748579979,0.490347652412021,MODERATE,4,COASTAL + FLOOD + CYCLONE + RAINFALL
Meghapur,395725,Odisha,,,,,,,,,0.4911433202069545,0.3,0.5918074948014402,0.6098682748579979,0.492268524734046,MODERATE,4,COASTAL + FLOOD + CYCLONE + RAINFALL
Mehendinagar,396512,Odisha,,,,,,,,,0.673488748535553,0.1,0.6334312857151531,0.4446950457593799,0.4743434551413301,MODERATE,4,COASTAL + FLOOD + CYCLONE + RAINFALL
Mirzapur,395709,Odisha,,,,,,,,,0.6809917970410708,0.8,0.5526733025971761,0.6098682748579979,0.6644395197332149,HIGH,4,COASTAL + FLOOD + CYCLONE + RAINFALL
Mohanpur,395879,Odisha,,,,,,,,,0.7020014113006423,1.0,0.5593412662666504,,0.750544674946069,VERY HIGH,3,COASTAL + FLOOD + CYCLONE
Mugakani,395989,Odisha,,,,,,,,,0.4619514962579442,1.0,0.5603209139886682,0.5378752947467564,0.6362407363239017,HIGH,4,COASTAL + FLOOD + CYCLONE + RAINFALL
Mulubasanta,396984,Odisha,,,,,,,,,0.6976326849140653,0.3,0.5506580145940434,0.4446950457593799,0.5108933182746064,HIGH,4,COASTAL + FLOOD + CYCLONE + RAINFALL
Mundatala Sahara Kani,397013,Odisha,,,,,,,,,0.6381040703423138,0.3,0.5337932271026802,0.5378752947467564,0.5074545868277155,HIGH,4,COASTAL + FLOOD + CYCLONE + RAINFALL
Muradpur,395651,Odisha,,,,,,,,,0.6304458792592609,1.0,0.5645191042603309,0.6415983790260553,0.708583215648072,HIGH,4,COASTAL + FLOOD + CYCLONE + RAINFALL
Nachhi Pada,397049,Odisha,,,,,,,,,0.5864415756916774,0.1,0.5788527650812823,0.4446950457593799,0.4345846731296998,MODERATE,4,COASTAL + FLOOD + CYCLONE + RAINFALL
Nachhipada,396888,Odisha,,,,,,,,,0.6940839819993072,0.0,0.6114302596646016,0.4123689316052198,0.4435565458369865,MODERATE,4,COASTAL + FLOOD + CYCLONE + RAINFALL
Nachhipara,395976,Odisha,,,,,,,,,0.6359650842445366,0.8,0.5676272281602925,0.5378752947467564,0.6402713912627854,HIGH,4,COASTAL + FLOOD + CYCLONE + RAINFALL
Nagada,395929,Odisha,,,,,,,,,0.6912966171511843,0.3,0.5530566705623301,0.5378752947467564,0.5282282117352891,HIGH,4,COASTAL + FLOOD + CYCLONE + RAINFALL
Nahulia,395698,Odisha,,,,,,,,,0.4121490073686207,0.3,0.5841131021906253,0.6098682748579979,0.4666466327298421,MODERATE,4,COASTAL + FLOOD + CYCLONE + RAINFALL
Nahuni,395638,Odisha,,,,,,,,,0.4305453838118178,0.8,0.5663558361715704,0.6098682748579979,0.5927262291580375,HIGH,4,COASTAL + FLOOD + CYCLONE + RAINFALL
Naladia,396971,Odisha,,,,,,,,,0.6907478989340305,1.0,0.6090618701841328,0.4123689316052198,0.6919636235472864,HIGH,4,COASTAL + FLOOD + CYCLONE + RAINFALL
Naladia,395930,Odisha,,,,,,,,,0.6997750592361942,1.0,0.5518961760263088,0.6098682748579979,0.7198802167490351,HIGH,4,COASTAL + FLOOD + CYCLONE + RAINFALL
Naladiapalanda,396956,Odisha,,,,,,,,,0.6747640503580432,0.1,0.596004483194529,0.4123689316052198,0.4589041222270892,MODERATE,4,COASTAL + FLOOD + CYCLONE + RAINFALL
Naladiasasan,396967,Odisha,,,,,,,,,0.4662557149022659,0.0,0.5896751806872416,0.4123689316052198,0.3697692959635341,MODERATE,4,COASTAL + FLOOD + CYCLONE + RAINFALL
Nalajodi,395867,Odisha,,,,,,,,,0.4408396773600543,0.0,0.5847388010525529,0.6098682748579979,0.4004102584427541,MODERATE,4,COASTAL + FLOOD + CYCLONE + RAINFALL
Nalitajori Pal,397119,Odisha,,,,,,,,,0.5951029182475311,0.0,0.6050883995181457,0.4123689316052198,0.4122767616748397,MODERATE,4,COASTAL + FLOOD + CYCLONE + RAINFALL
Nalitapatia,395760,Odisha,,,,,,,,,0.7081181525776821,0.1,0.590436866473867,0.6098682748579979,0.507018317363371,HIGH,4,COASTAL + FLOOD + CYCLONE + RAINFALL
Namatara,395649,Odisha,,,,,,,,,0.6480375853850873,1.0,0.5662238379037189,0.6415983790260553,0.714286910896667,HIGH,4,COASTAL + FLOOD + CYCLONE + RAINFALL
Nandanpur,396980,Odisha,,,,,,,,,0.4876327728286168,0.0,0.5936917298763051,0.4123689316052198,0.3771865506387053,MODERATE,4,COASTAL + FLOOD + CYCLONE + RAINFALL
Nandimahara,395699,Odisha,,,,,,,,,0.4413411757173414,0.3,0.5861449802994598,0.6098682748579979,0.4759122527616669,MODERATE,4,COASTAL + FLOOD + CYCLONE + RAINFALL
Nanjura,396999,Odisha,,,,,,,,,0.608090777638716,0.3,0.5372572917365539,0.5378752947467564,0.4993166151751045,MODERATE,4,COASTAL + FLOOD + CYCLONE + RAINFALL
Nantar,397082,Odisha,,,,,,,,,0.1925604474491022,0.3,0.5698128364116489,0.5378752947467564,0.3827964022869942,MODERATE,4,COASTAL + FLOOD + CYCLONE + RAINFALL
Narangarh,395884,Odisha,,,,,,,,,0.654674733756778,0.0,0.5694479962669878,0.5378752947467564,0.4463394781431316,MODERATE,4,COASTAL + FLOOD + CYCLONE + RAINFALL
Naranpur,396707,Odisha,,,,,,,,,0.6847885467159942,0.1,0.6794084884853943,0.4303411416807771,0.4863569144723022,MODERATE,4,COASTAL + FLOOD + CYCLONE + RAINFALL
Narasingha Pur,397015,Odisha,,,,,,,,,0.563427640494263,0.3,0.5383165215831034,0.5378752947467564,0.486182481493406,MODERATE,4,COASTAL + FLOOD + CYCLONE + RAINFALL
Narasingpur,396790,Odisha,,,,,,,,,0.6610607592130844,0.8,0.627930159563324,0.4446950457593799,0.6442397768066324,HIGH,4,COASTAL + FLOOD + CYCLONE + RAINFALL
Narayanpur,396968,Odisha,,,,,,,,,0.4875699000546514,1.0,0.5936421162167913,0.4123689316052198,0.6271552853916372,HIGH,4,COASTAL + FLOOD + CYCLONE + RAINFALL
Narayanpur,396519,Odisha,,,,,,,,,0.691942386997819,1.0,0.6124247615467502,0.4446950457593799,0.6996279156379093,HIGH,4,COASTAL + FLOOD + CYCLONE + RAINFALL
Narayanpur,396786,Odisha,,,,,,,,,0.4657842012433678,1.0,0.6112866007472639,0.4446950457593799,0.6314959197117023,HIGH,4,COASTAL + FLOOD + CYCLONE + RAINFALL
Narayanpur,395796,Odisha,,,,,,,,,0.6891780556238325,1.0,0.564239544983527,0.5999552848196029,0.7178043598969521,HIGH,4,COASTAL + FLOOD + CYCLONE + RAINFALL
Narendrapur,396543,Odisha,,,,,,,,,0.682143345542265,0.3,0.6002259464015144,0.4446950457593799,0.5186384994149341,HIGH,4,COASTAL + FLOOD + CYCLONE + RAINFALL
Nathapur,395961,Odisha,,,,,,,,,0.4079916018762515,1.0,0.5634586218137567,0.5378752947467564,0.6208371949656659,HIGH,4,COASTAL + FLOOD + CYCLONE + RAINFALL
Nembara,396546,Odisha,,,,,,,,,0.6858230699934591,0.1,0.5930458012265059,0.4446950457593799,0.4679473804565401,MODERATE,4,COASTAL + FLOOD + CYCLONE + RAINFALL
Nethuria,395858,Odisha,,,,,,,,,0.3711475617629746,0.3,0.588454635864386,0.6098682748579979,0.4554315824665884,MODERATE,4,COASTAL + FLOOD + CYCLONE + RAINFALL
Niladripur,396523,Odisha,,,,,,,,,0.7036303429762041,0.1,0.6160342147113296,0.4446950457593799,0.4790366657225696,MODERATE,4,COASTAL + FLOOD + CYCLONE + RAINFALL
Nipania,397134,Odisha,,,,,,,,,0.5781433727662297,0.1,0.6237537524284469,,0.4429768124212258,MODERATE,3,COASTAL + FLOOD + CYCLONE
Niyamatpur,397050,Odisha,,,,,,,,,0.6470115390398077,0.3,0.5812186380398044,0.4446950457593799,0.5033471303737694,HIGH,4,COASTAL + FLOOD + CYCLONE + RAINFALL
Nodhabasanta,395962,Odisha,,,,,,,,,0.4559333656534152,0.0,0.5633209487391575,0.5378752947467564,0.3851853058301652,MODERATE,4,COASTAL + FLOOD + CYCLONE + RAINFALL
Nuadia,395745,Odisha,,,,,,,,,0.69190150806276,0.0,0.5809126677835104,0.6098682748579979,0.4747722743363051,MODERATE,4,COASTAL + FLOOD + CYCLONE + RAINFALL
Nuagan,396945,Odisha,,,,,,,,,0.6690564407867261,0.0,0.5971157363839901,0.4123689316052198,0.4324696526530593,MODERATE,4,COASTAL + FLOOD + CYCLONE + RAINFALL
Nuagan,396931,Odisha,,,,,,,,,0.3808398700251463,0.0,0.586899587524556,0.4123689316052198,0.3434506442097268,MODERATE,4,COASTAL + FLOOD + CYCLONE + RAINFALL
Nuagan,396520,Odisha,,,,,,,,,0.7120774446888531,0.0,0.6126581049142742,0.4446950457593799,0.4557267687871004,MODERATE,4,COASTAL + FLOOD + CYCLONE + RAINFALL
Nuagan,395980,Odisha,,,,,,,,,0.6669435048330101,0.0,0.563196680559982,0.5378752947467564,0.4484572805392498,MODERATE,4,COASTAL + FLOOD + CYCLONE + RAINFALL
Nuagan,395843,Odisha,,,,,,,,,0.3877856316271493,0.0,0.6044065421631422,0.6098682748579979,0.3894109800005299,MODERATE,4,COASTAL + FLOOD + CYCLONE + RAINFALL
Nuagan,395608,Odisha,,,,,,,,,0.5233803742753715,0.0,0.5659648214830474,0.6098682748579979,0.4204789726249728,MODERATE,4,COASTAL + FLOOD + CYCLONE + RAINFALL
Nuagan,395686,Odisha,,,,,,,,,0.6936775158755786,0.0,0.6016012794470048,0.6098682748579979,0.4804772295960243,MODERATE,4,COASTAL + FLOOD + CYCLONE + RAINFALL
Nuagan Baragan,395863,Odisha,,,,,,,,,0.3358901819708687,0.0,0.5888130287864143,0.6098682748579979,0.3699439667594638,MODERATE,4,COASTAL + FLOOD + CYCLONE + RAINFALL
Nuagaon Satagan,395905,Odisha,,,,,,,,,0.5956284322924823,0.0,0.5774216767038874,0.5378752947467564,0.4306190078130678,MODERATE,4,COASTAL + FLOOD + CYCLONE + RAINFALL
Nuakhunta,395819,Odisha,,,,,,,,,0.5783379525006651,0.0,0.6058901892670663,0.6098682748579979,0.4469475880385656,MODERATE,4,COASTAL + FLOOD + CYCLONE + RAINFALL
Nuapokhari,395969,Odisha,,,,,,,,,0.5561690386343511,0.3,0.5655947533825556,0.5378752947467564,0.4908244588852954,MODERATE,4,COASTAL + FLOOD + CYCLONE + RAINFALL
Nunimatia Kandha,397105,Odisha,,,,,,,,,0.4445319098508956,0.3,0.5920462648853511,0.4123689316052198,0.4388449254976504,MODERATE,4,COASTAL + FLOOD + CYCLONE + RAINFALL
Nurugan,395944,Odisha,,,,,,,,,0.665011887718773,0.3,0.5464591304244477,0.5378752947467564,0.5186934078710951,HIGH,4,COASTAL + FLOOD + CYCLONE + RAINFALL
Odang,396781,Odisha,,,,,,,,,0.658682048823457,0.3,0.6357269997395096,0.4446950457593799,0.5204753737337905,HIGH,4,COASTAL + FLOOD + CYCLONE + RAINFALL
Odiasala,397012,Odisha,,,,,,,,,0.6951538615445372,0.0,0.5370221869573255,0.5378752947467564,0.4503767641520437,MODERATE,4,COASTAL + FLOOD + CYCLONE + RAINFALL
Ogalasendha,395966,Odisha,,,,,,,,,0.44238884095101,0.0,0.5717340748124605,0.5378752947467564,0.3832252299377694,MODERATE,4,COASTAL + FLOOD + CYCLONE + RAINFALL
Olaver,395656,Odisha,,,,,,,,,0.4702683854652525,1.0,0.5571964097745836,0.6098682748579979,0.6523532730548213,HIGH,4,COASTAL + FLOOD + CYCLONE + RAINFALL
Oliha,397045,Odisha,,,,,,,,,0.6022217421506832,0.3,0.565861821155444,0.4446950457593799,0.4860709870859419,MODERATE,4,COASTAL + FLOOD + CYCLONE + RAINFALL
Olihanilakanthapur,397057,Odisha,,,,,,,,,0.5529602862158967,0.3,0.5694672073907906,0.4446950457593799,0.4721938968643426,MODERATE,4,COASTAL + FLOOD + CYCLONE + RAINFALL
Orata,397046,Odisha,,,,,,,,,0.6729684755131653,0.3,0.5674256063947978,0.4446950457593799,0.507685953404525,HIGH,4,COASTAL + FLOOD + CYCLONE + RAINFALL
Orisbindha,396777,Odisha,,,,,,,,,0.6846278077185379,0.3,0.6465928047415421,0.4446950457593799,0.5309755526528229,HIGH,4,COASTAL + FLOOD + CYCLONE + RAINFALL
Ostara,396934,Odisha,,,,,,,,,0.272528981228383,0.1,0.5786339483840566,0.4446950457593799,0.340356190616405,MODERATE,4,COASTAL + FLOOD + CYCLONE + RAINFALL
Ostia,395928,Odisha,,,,,,,,,0.641089321318618,0.3,0.5551980740784714,0.5378752947467564,0.5137013738645545,HIGH,4,COASTAL + FLOOD + CYCLONE + RAINFALL
Ostia,395614,Odisha,,,,,,,,,0.7037341465351852,0.3,0.5731703832896342,0.6098682748579979,0.5513864947545637,HIGH,4,COASTAL + FLOOD + CYCLONE + RAINFALL
Pachimaveda,395960,Odisha,,,,,,,,,0.4059257039694532,0.0,0.5693827400556666,0.5378752947467564,0.3716984551541039,MODERATE,4,COASTAL + FLOOD + CYCLONE + RAINFALL
Padhanpada,395594,Odisha,,,,,,,,,0.6573455504275307,1.0,0.583032230191605,0.6415983790260553,0.7212813984813715,HIGH,4,COASTAL + FLOOD + CYCLONE + RAINFALL
Padini,395911,Odisha,,,,,,,,,0.6731227835989235,0.0,0.5632119314761539,0.5378752947467564,0.4503148768980668,MODERATE,4,COASTAL + FLOOD + CYCLONE + RAINFALL
Padmanav Pur,395868,Odisha,,,,,,,,,0.4337441232934895,0.1,0.5885486273787528,0.6098682748579979,0.4242340488043346,MODERATE,4,COASTAL + FLOOD + CYCLONE + RAINFALL
Padmanavpatna,396054,Odisha,,,,,,,,,0.717379668239287,0.0,0.5440580060790823,0.5378752947467564,0.4588034609409079,MODERATE,4,COASTAL + FLOOD + CYCLONE + RAINFALL
Padmanavpur,395816,Odisha,,,,,,,,,0.3870321816502092,0.1,0.6120782549802903,0.6098682748579979,0.4161028732117349,MODERATE,4,COASTAL + FLOOD + CYCLONE + RAINFALL
Pailo,396872,Odisha,,,,,,,,,0.6787402884906402,1.0,0.6268565008338928,0.4123689316052198,0.6928099980767092,HIGH,4,COASTAL + FLOOD + CYCLONE + RAINFALL
Palaspur,396905,Odisha,,,,,,,,,0.2476792337389229,0.1,0.5756765878260348,0.4446950457593799,0.3321619262300616,MODERATE,4,COASTAL + FLOOD + CYCLONE + RAINFALL
Palli Garh,397123,Odisha,,,,,,,,,0.5413909522618073,0.0,0.6056854011406503,,0.3922982949546309,MODERATE,3,COASTAL + FLOOD + CYCLONE
Panasaganda,395644,Odisha,,,,,,,,,0.7043915793390394,1.0,0.577815598673295,0.6415983790260553,0.7340910492752467,HIGH,4,COASTAL + FLOOD + CYCLONE + RAINFALL
Pancha Gachhia,397018,Odisha,,,,,,,,,0.4005484712346101,0.1,0.5575997163078801,0.5378752947467564,0.3921395293967044,MODERATE,4,COASTAL + FLOOD + CYCLONE + RAINFALL
Panchanpur,396515,Odisha,,,,,,,,,0.7089244279600371,0.1,0.6211707310968724,0.4446950457593799,0.4819090203141051,MODERATE,4,COASTAL + FLOOD + CYCLONE + RAINFALL
Pancheswar,395913,Odisha,,,,,,,,,0.700067806449636,0.0,0.5713128098725264,0.6098682748579979,0.4748221993746219,MODERATE,4,COASTAL + FLOOD + CYCLONE + RAINFALL
Panchu Palli,395817,Odisha,,,,,,,,,0.4298045796397038,0.1,0.6112984025264023,0.6098682748579979,0.4287396294951113,MODERATE,4,COASTAL + FLOOD + CYCLONE + RAINFALL
Pandiapali,395675,Odisha,,,,,,,,,0.4735393421999041,0.3,0.5866648621490771,0.6098682748579979,0.48570167316884,MODERATE,4,COASTAL + FLOOD + CYCLONE + RAINFALL
Pandurkoli,395747,Odisha,,,,,,,,,0.6722961499370697,0.1,0.5937527109682269,0.6098682748579979,0.4971006776947771,MODERATE,4,COASTAL + FLOOD + CYCLONE + RAINFALL
Panikhia,397000,Odisha,,,,,,,,,0.546906770334731,0.3,0.5401163640227575,0.5378752947467564,0.4816761810554599,MODERATE,4,COASTAL + FLOOD + CYCLONE + RAINFALL
Pankapal,397073,Odisha,,,,,,,,,0.2506318683300702,0.3,0.5653578640041623,0.5378752947467564,0.3991040854494129,MODERATE,4,COASTAL + FLOOD + CYCLONE + RAINFALL
Panki,395607,Odisha,,,,,,,,,0.6542445954890468,1.0,0.5738179707463825,0.6098682748579979,0.7117015263049092,HIGH,4,COASTAL + FLOOD + CYCLONE + RAINFALL
Parakula,396783,Odisha,,,,,,,,,0.5582760104468927,0.8,0.6165043818632348,0.4446950457593799,0.6105479077517525,HIGH,4,COASTAL + FLOOD + CYCLONE + RAINFALL
Paramanandapur,395880,Odisha,,,,,,,,,0.7124225957511567,1.0,0.5593568750685244,,0.7544574968655976,VERY HIGH,3,COASTAL + FLOOD + CYCLONE
Paramanandpur,395804,Odisha,,,,,,,,,0.6356613412343033,0.1,0.6094194845270728,0.6098682748579979,0.4900269284736587,MODERATE,4,COASTAL + FLOOD + CYCLONE + RAINFALL
Pareswar Pur,397083,Odisha,,,,,,,,,0.1220622495289935,0.3,0.5740109416057825,0.5378752947467564,0.3626964692094949,MODERATE,4,COASTAL + FLOOD + CYCLONE + RAINFALL
Parimakundapur,395713,Odisha,,,,,,,,,0.681191733829078,0.8,0.551418451611654,0.6098682748579979,0.6641857880232366,HIGH,4,COASTAL + FLOOD + CYCLONE + RAINFALL
Parinuapada,395712,Odisha,,,,,,,,,0.6597226581850366,0.8,0.5485480849242818,0.6098682748579979,0.657027473658181,HIGH,4,COASTAL + FLOOD + CYCLONE + RAINFALL
Paripangara,395963,Odisha,,,,,,,,,0.529859791588374,0.3,0.5610401899647695,0.5378752947467564,0.4817930439170559,MODERATE,4,COASTAL + FLOOD + CYCLONE + RAINFALL
Pata Paria,395807,Odisha,,,,,,,,,0.6520414413549551,0.3,0.5720121742990616,0.5999552848196029,0.5336065329451725,HIGH,4,COASTAL + FLOOD + CYCLONE + RAINFALL
Patalipanka,396970,Odisha,,,,,,,,,0.6750467039515402,0.0,0.6059174968710601,0.4123689316052198,0.4364671717242711,MODERATE,4,COASTAL + FLOOD + CYCLONE + RAINFALL
Patarapur,395758,Odisha,,,,,,,,,0.6276965906511351,0.1,0.5809205150119918,0.6098682748579979,0.480512760919938,MODERATE,4,COASTAL + FLOOD + CYCLONE + RAINFALL
Patuli,395636,Odisha,,,,,,,,,0.4274449171400836,1.0,0.5596352199532502,0.6098682748579979,0.6401159351019373,HIGH,4,COASTAL + FLOOD + CYCLONE + RAINFALL
Paunsiapal,396975,Odisha,,,,,,,,,0.7051188865344198,0.0,0.6074620932378205,0.4123689316052198,0.445874975590825,MODERATE,4,COASTAL + FLOOD + CYCLONE + RAINFALL
Paunsiapal,397011,Odisha,,,,,,,,,0.7023809952219076,0.0,0.5344342940238482,0.5378752947467564,0.4518979310218856,MODERATE,4,COASTAL + FLOOD + CYCLONE + RAINFALL
Pegarapada,395639,Odisha,,,,,,,,,0.4418970107450033,1.0,0.5678344710203083,0.6098682748579979,0.6465013759501778,HIGH,4,COASTAL + FLOOD + CYCLONE + RAINFALL
Penth,396021,Odisha,,,,,,,,,0.62216941201259,0.0,0.5461130837340206,0.5378752947467564,0.4307541534866334,MODERATE,4,COASTAL + FLOOD + CYCLONE + RAINFALL
Pentha,396716,Odisha,,,,,,,,,0.5866027235455105,0.3,0.634358481346812,0.4446950457593799,0.4985094465522321,MODERATE,4,COASTAL + FLOOD + CYCLONE + RAINFALL
Petchhela,396058,Odisha,,,,,,,,,0.2764826343007063,0.1,0.5890229683251664,0.5378752947467564,0.3627755913208548,MODERATE,4,COASTAL + FLOOD + CYCLONE + RAINFALL
Pikarali,396789,Odisha,,,,,,,,,0.6581526067534478,0.8,0.622330608944472,0.4446950457593799,0.6419674434140283,HIGH,4,COASTAL + FLOOD + CYCLONE + RAINFALL
Pimpudi,395670,Odisha,,,,,,,,,0.4978726009297843,0.0,0.5833051039011884,0.6098682748579979,0.4171617112258319,MODERATE,4,COASTAL + FLOOD + CYCLONE + RAINFALL
Pinchapatia,395767,Odisha,,,,,,,,,0.6546961144184289,0.0,0.5760970451987737,0.6098682748579979,0.4624067505968216,MODERATE,4,COASTAL + FLOOD + CYCLONE + RAINFALL
Pitanda,395820,Odisha,,,,,,,,,0.5992743396304607,1.0,0.6108760910925779,0.6098682748579979,0.7044749796338824,HIGH,4,COASTAL + FLOOD + CYCLONE + RAINFALL
Podana,396791,Odisha,,,,,,,,,0.6462316451345773,0.8,0.6322656132656894,0.4446950457593799,0.6408749060086716,HIGH,4,COASTAL + FLOOD + CYCLONE + RAINFALL
Pokharia,395957,Odisha,,,,,,,,,0.4414867999417239,1.0,0.5628125650190899,0.5378752947467564,0.6307242401866409,HIGH,4,COASTAL + FLOOD + CYCLONE + RAINFALL
Pokshyot,396701,Odisha,,,,,,,,,0.6909957833427163,0.1,0.6950777597638266,0.4303411416807771,0.4921364032799269,MODERATE,4,COASTAL + FLOOD + CYCLONE + RAINFALL
Porala,395669,Odisha,,,,,,,,,0.456293635590118,0.0,0.58355841950919,0.6098682748579979,0.4047513505259324,MODERATE,4,COASTAL + FLOOD + CYCLONE + RAINFALL
Posta,396540,Odisha,,,,,,,,,0.5554866722395115,0.1,0.6011171739288746,0.4446950457593799,0.4308643043059481,MODERATE,4,COASTAL + FLOOD + CYCLONE + RAINFALL
Potakani,397108,Odisha,,,,,,,,,0.3515938731970068,0.0,0.5892017314520839,0.5378752947467564,0.3603536537714743,MODERATE,4,COASTAL + FLOOD + CYCLONE + RAINFALL
Potari,396892,Odisha,,,,,,,,,0.6859640399182623,1.0,0.6048792410618526,0.4123689316052198,0.6894828085619858,HIGH,4,COASTAL + FLOOD + CYCLONE + RAINFALL
Potari,396889,Odisha,,,,,,,,,0.663986117437207,1.0,0.6068997376516189,0.4123689316052198,0.6833945559651108,HIGH,4,COASTAL + FLOOD + CYCLONE + RAINFALL
Potia,397035,Odisha,,,,,,,,,0.6120497048397033,0.3,0.5467719338284598,0.4446950457593799,0.4842469040609019,MODERATE,4,COASTAL + FLOOD + CYCLONE + RAINFALL
Praharajpur,396043,Odisha,,,,,,,,,0.4649640654870667,0.3,0.5354799273681994,0.5378752947467564,0.4559342604375211,MODERATE,4,COASTAL + FLOOD + CYCLONE + RAINFALL
Prasanpur,396013,Odisha,,,,,,,,,0.6487254678186929,0.0,0.5481008148285027,0.5378752947467564,0.4392179030020848,MODERATE,4,COASTAL + FLOOD + CYCLONE + RAINFALL
Pratappur,395637,Odisha,,,,,,,,,0.4050446584061402,1.0,0.5623641649071164,0.6098682748579979,0.6340780937202207,HIGH,4,COASTAL + FLOOD + CYCLONE + RAINFALL
Pravati,396064,Odisha,,,,,,,,,0.6782529284300121,0.1,0.5888185227707503,0.5999552848196029,0.4956715661856117,MODERATE,4,COASTAL + FLOOD + CYCLONE + RAINFALL
Puruso Tamapur,396899,Odisha,,,,,,,,,0.4527608568273324,0.1,0.6048048112210812,0.4446950457593799,0.400968469005346,MODERATE,4,COASTAL + FLOOD + CYCLONE + RAINFALL
Purusottampur,396979,Odisha,,,,,,,,,0.5783280258618825,0.1,0.5999294878696211,0.4123689316052198,0.430954566047014,MODERATE,4,COASTAL + FLOOD + CYCLONE + RAINFALL
Purusottampur,395835,Odisha,,,,,,,,,0.6095212753065593,0.1,0.5897390499622313,0.6098682748579979,0.4772648000541251,MODERATE,4,COASTAL + FLOOD + CYCLONE + RAINFALL
Rabindrapalli,396070,Odisha,,,,,,,,,0.6660112381331884,0.0,0.556793487300574,0.5999552848196029,0.4589928002290206,MODERATE,4,COASTAL + FLOOD + CYCLONE + RAINFALL
Radhamalipur,395788,Odisha,,,,,,,,,0.5616845390531615,0.1,0.5673390016640405,0.5999552848196029,0.4553311690958792,MODERATE,4,COASTAL + FLOOD + CYCLONE + RAINFALL
Radia,397028,Odisha,,,,,,,,,0.4013394877242435,0.3,0.5560551239777666,0.5378752947467564,0.4419906862610659,MODERATE,4,COASTAL + FLOOD + CYCLONE + RAINFALL
Ragadapatia,395800,Odisha,,,,,,,,,0.6768872461790332,0.1,0.5894280888929513,0.6098682748579979,0.4973968510485473,MODERATE,4,COASTAL + FLOOD + CYCLONE + RAINFALL
Raghabapur,396792,Odisha,,,,,,,,,0.6832154685425014,0.3,0.6320474635267755,0.4446950457593799,0.5269155155963203,HIGH,4,COASTAL + FLOOD + CYCLONE + RAINFALL
Raghunatha Pur,396723,Odisha,,,,,,,,,0.6458007034285904,0.3,0.644490807090135,0.4446950457593799,0.5188019219529868,HIGH,4,COASTAL + FLOOD + CYCLONE + RAINFALL
Raghunathpur,396972,Odisha,,,,,,,,,0.6515513689144921,0.0,0.6061500510167026,0.4123689316052198,0.4294767097495672,MODERATE,4,COASTAL + FLOOD + CYCLONE + RAINFALL
Raichand,396732,Odisha,,,,,,,,,0.6910966354291326,0.1,0.6795583042420472,0.4303411416807771,0.488286795025407,MODERATE,4,COASTAL + FLOOD + CYCLONE + RAINFALL
Raigada,397065,Odisha,,,,,,,,,0.2488307384181628,0.3,0.5661390015869523,0.5378752947467564,0.3987590308715382,MODERATE,4,COASTAL + FLOOD + CYCLONE + RAINFALL
Raipur,396958,Odisha,,,,,,,,,0.6456726243111466,0.8,0.5936492345355167,0.4123689316052198,0.6245878822482671,HIGH,4,COASTAL + FLOOD + CYCLONE + RAINFALL
Rajagada,397054,Odisha,,,,,,,,,0.4454186999754003,0.3,0.579564876617249,0.4446950457593799,0.4424558382988083,MODERATE,4,COASTAL + FLOOD + CYCLONE + RAINFALL
Rajagarh,395948,Odisha,,,,,,,,,0.6556919674866595,0.1,0.5620707539051915,0.5378752947467564,0.469800337671647,MODERATE,4,COASTAL + FLOOD + CYCLONE + RAINFALL
Rajbijaya Nagar,395822,Odisha,,,,,,,,,0.6851142443485101,0.0,0.6000887533128278,0.6098682748579979,0.4775301166043595,MODERATE,4,COASTAL + FLOOD + CYCLONE + RAINFALL
Rajendra Nagar,397117,Odisha,,,,,,,,,0.4998795624542484,0.8,0.6019308712568545,,0.6255582331881101,HIGH,3,COASTAL + FLOOD + CYCLONE
Rajendranagar,395774,Odisha,,,,,,,,,0.6795607877324261,0.1,0.555546653533686,0.5999552848196029,0.4877459566670699,MODERATE,4,COASTAL + FLOOD + CYCLONE + RAINFALL
Rajendranarayanpur,395805,Odisha,,,,,,,,,0.6977229908184237,0.1,0.6039842342445967,0.6098682748579979,0.5072866107782759,HIGH,4,COASTAL + FLOOD + CYCLONE + RAINFALL
Rajendranarayanpur,395802,Odisha,,,,,,,,,0.7007067258451023,0.1,0.5986782996138069,0.6098682748579979,0.506855247628582,HIGH,4,COASTAL + FLOOD + CYCLONE + RAINFALL
Rajeswarinagar,395773,Odisha,,,,,,,,,0.6830460078950393,0.1,0.557708802338714,0.5999552848196029,0.4893320599171109,MODERATE,4,COASTAL + FLOOD + CYCLONE + RAINFALL
Rajnagar,395998,Odisha,,,,,,,,,0.5880306286846653,1.0,0.5481536981322868,0.5378752947467564,0.6710226720878225,HIGH,4,COASTAL + FLOOD + CYCLONE + RAINFALL
Rajpatana,395779,Odisha,,,,,,,,,0.6828073380034887,0.1,0.5668287512416073,0.5999552848196029,0.491540446175369,MODERATE,4,COASTAL + FLOOD + CYCLONE + RAINFALL
Rajpur,395916,Odisha,,,,,,,,,0.6597955376723681,0.3,0.5751056018178387,0.6098682748579979,0.5386887167277696,HIGH,4,COASTAL + FLOOD + CYCLONE + RAINFALL
Rajrajeswaripur,395873,Odisha,,,,,,,,,0.7040746333962524,0.0,0.5739502100532698,0.5378752947467564,0.4622850014815445,MODERATE,4,COASTAL + FLOOD + CYCLONE + RAINFALL
Rama Chandra Pur,396987,Odisha,,,,,,,,,0.6702087147334379,0.3,0.5433562633273177,0.4446950457593799,0.5008406894037368,HIGH,4,COASTAL + FLOOD + CYCLONE + RAINFALL
Ramachandrapur,396884,Odisha,,,,,,,,,0.6785698314322661,0.3,0.6151378546563083,0.4123689316052198,0.5148291994148009,HIGH,4,COASTAL + FLOOD + CYCLONE + RAINFALL
Ramachandrapur,396974,Odisha,,,,,,,,,0.6801324294463469,0.3,0.6063712224549341,0.4123689316052198,0.5131063207686816,HIGH,4,COASTAL + FLOOD + CYCLONE + RAINFALL
Ramakani,397060,Odisha,,,,,,,,,0.467797777237704,0.3,0.556906353350456,0.4446950457593799,0.4435049306608011,MODERATE,4,COASTAL + FLOOD + CYCLONE + RAINFALL
Ramanagar,397128,Odisha,,,,,,,,,0.4156008633138033,0.3,0.602607929150375,,0.4379153016021684,MODERATE,3,COASTAL + FLOOD + CYCLONE
Ramchandrapur,395847,Odisha,,,,,,,,,0.4304390929285809,0.1,0.5962767212054557,0.6098682748579979,0.4251745631515377,MODERATE,4,COASTAL + FLOOD + CYCLONE + RAINFALL
Rangani,395797,Odisha,,,,,,,,,0.6504834692789585,0.1,0.5632736548634489,0.5999552848196029,0.4809545114634704,MODERATE,4,COASTAL + FLOOD + CYCLONE + RAINFALL
Ranki,397032,Odisha,,,,,,,,,0.4749477000357043,0.3,0.5541934928968533,0.5378752947467564,0.4636077421842759,MODERATE,4,COASTAL + FLOOD + CYCLONE + RAINFALL
Rata Panga,397014,Odisha,,,,,,,,,0.5722552588884233,0.3,0.5349419777300659,0.5378752947467564,0.4879871310483947,MODERATE,4,COASTAL + FLOOD + CYCLONE + RAINFALL
Ratanpur,396893,Odisha,,,,,,,,,0.6981078996999666,0.3,0.6008268866008877,0.4123689316052198,0.5171128778812558,HIGH,4,COASTAL + FLOOD + CYCLONE + RAINFALL
Raula,396929,Odisha,,,,,,,,,0.4372410897863625,0.0,0.5900719473758289,0.4123689316052198,0.3611641001009099,MODERATE,4,COASTAL + FLOOD + CYCLONE + RAINFALL
Raulia,395692,Odisha,,,,,,,,,0.5531050973978665,0.0,0.6121154136340892,0.6098682748579979,0.4409340375994818,MODERATE,4,COASTAL + FLOOD + CYCLONE + RAINFALL
Rautabartani,395724,Odisha,,,,,,,,,0.5798855060070109,0.1,0.5920926846469639,0.6098682748579979,0.4689624779354438,MODERATE,4,COASTAL + FLOOD + CYCLONE + RAINFALL
Righa Garh,395812,Odisha,,,,,,,,,0.6632545520417465,0.1,0.6135611718735074,0.6098682748579979,0.4993403135525003,MODERATE,4,COASTAL + FLOOD + CYCLONE + RAINFALL
Sadanandapur,395876,Odisha,,,,,,,,,0.6967841767113458,0.1,0.5620386105160764,,0.4681811320530285,MODERATE,3,COASTAL + FLOOD + CYCLONE
Safalanga,395634,Odisha,,,,,,,,,0.4221720059635593,1.0,0.561423077695719,0.6098682748579979,0.6389810261845971,HIGH,4,COASTAL + FLOOD + CYCLONE + RAINFALL
Sahabaj Pur,397062,Odisha,,,,,,,,,0.4212187365528787,0.1,0.5582784963821639,0.4446950457593799,0.3798742542132805,MODERATE,4,COASTAL + FLOOD + CYCLONE + RAINFALL
Sahebnagar,395881,Odisha,,,,,,,,,0.7023263975393539,0.1,0.5613866862821328,,0.4700557385404242,MODERATE,3,COASTAL + FLOOD + CYCLONE
Sahoo Pada,396985,Odisha,,,,,,,,,0.6998955553265829,0.3,0.5489753529737385,0.4446950457593799,0.5111515139932855,HIGH,4,COASTAL + FLOOD + CYCLONE + RAINFALL
Sailendra Sarai,395781,Odisha,,,,,,,,,0.7028528847911002,0.1,0.5730951299273952,0.5999552848196029,0.4991207048830994,MODERATE,4,COASTAL + FLOOD + CYCLONE + RAINFALL
Sailendranagar,395772,Odisha,,,,,,,,,0.6740547405899997,0.1,0.5620890776373357,0.5999552848196029,0.4877297485502544,MODERATE,4,COASTAL + FLOOD + CYCLONE + RAINFALL
Sailendranarayanpur,395811,Odisha,,,,,,,,,0.6771947077462062,0.3,0.5863490563696627,0.6098682748579979,0.5467193313878771,HIGH,4,COASTAL + FLOOD + CYCLONE + RAINFALL
Sailendranarayanpur Purbajungal Block,395810,Odisha,,,,,,,,,0.7039055660549458,0.0,0.582735363686039,0.5999552848196029,0.4768465677019141,MODERATE,4,COASTAL + FLOOD + CYCLONE + RAINFALL
Samantsingharpur,396927,Odisha,,,,,,,,,0.29250508154479,0.0,0.5810947654321463,0.4446950457593799,0.3219642249733496,MODERATE,4,COASTAL + FLOOD + CYCLONE + RAINFALL
Samjori,396954,Odisha,,,,,,,,,0.6002949846269071,0.8,0.5892053073539438,0.4123689316052198,0.609863608547602,HIGH,4,COASTAL + FLOOD + CYCLONE + RAINFALL
Sana Gokhani,395821,Odisha,,,,,,,,,0.6606085336553618,0.0,0.6059956520841561,0.6098682748579979,0.4716551280892471,MODERATE,4,COASTAL + FLOOD + CYCLONE + RAINFALL
Sana Rahama,396991,Odisha,,,,,,,,,0.6483176440592895,0.3,0.5398054089367872,0.5378752947467564,0.5120217044013349,HIGH,4,COASTAL + FLOOD + CYCLONE + RAINFALL
Sanabadagopalpur,396000,Odisha,,,,,,,,,0.6504855509467702,0.0,0.5476574255879748,0.5378752947467564,0.439635080630376,MODERATE,4,COASTAL + FLOOD + CYCLONE + RAINFALL
Sanagahiramatha,395830,Odisha,,,,,,,,,0.7090996731925168,0.0,0.5791702105308415,0.5999552848196029,0.477513511554386,MODERATE,4,COASTAL + FLOOD + CYCLONE + RAINFALL
Sanagan,396935,Odisha,,,,,,,,,0.3252892163043165,0.3,0.5778001200222975,0.4446950457593799,0.4059758040487453,MODERATE,4,COASTAL + FLOOD + CYCLONE + RAINFALL
Sanahalapada,395596,Odisha,,,,,,,,,0.690697024484628,1.0,0.5926560820894189,0.6415983790260553,0.7336928036729542,HIGH,4,COASTAL + FLOOD + CYCLONE + RAINFALL
Sanataila,395632,Odisha,,,,,,,,,0.4979797087305266,0.3,0.5632165505858475,0.6098682748579979,0.4871717052372194,MODERATE,4,COASTAL + FLOOD + CYCLONE + RAINFALL
Sanatubi,397133,Odisha,,,,,,,,,0.3877443101188649,0.1,0.6113693668151543,,0.36770704342431,MODERATE,3,COASTAL + FLOOD + CYCLONE
Sangopalpur,395889,Odisha,,,,,,,,,0.5675395137087393,0.0,0.5749075266523018,0.5378752947467564,0.4215637947250485,MODERATE,4,COASTAL + FLOOD + CYCLONE + RAINFALL
Sangrampur,395728,Odisha,,,,,,,,,0.4293443282064779,0.0,0.6062611338750553,0.6098682748579979,0.4023422369023068,MODERATE,4,COASTAL + FLOOD + CYCLONE + RAINFALL
Sankachit,397003,Odisha,,,,,,,,,0.4475990983652387,0.0,0.5409569321700968,0.5378752947467564,0.3770940215014471,MODERATE,4,COASTAL + FLOOD + CYCLONE + RAINFALL
Sankarnathpeta,395871,Odisha,,,,,,,,,0.5803130498672179,0.8,0.5818347086502986,0.6098682748579979,0.6415262470943396,HIGH,4,COASTAL + FLOOD + CYCLONE + RAINFALL
Sankhapada,397038,Odisha,,,,,,,,,0.524801648865326,0.1,0.552835248459502,0.4446950457593799,0.4095883159263492,MODERATE,4,COASTAL + FLOOD + CYCLONE + RAINFALL
Sankuji,396015,Odisha,,,,,,,,,0.6814493472138823,0.8,0.5504708408668133,0.5378752947467564,0.6496275733302193,HIGH,4,COASTAL + FLOOD + CYCLONE + RAINFALL
Sanolara,395921,Odisha,,,,,,,,,0.5137836421027933,0.8,0.5580390196409346,0.5378752947467564,0.6012199064904229,HIGH,4,COASTAL + FLOOD + CYCLONE + RAINFALL
Sanora,395999,Odisha,,,,,,,,,0.5916710410322841,0.0,0.5501125513549339,0.5378752947467564,0.4226045090977699,MODERATE,4,COASTAL + FLOOD + CYCLONE + RAINFALL
Santhapada,395933,Odisha,,,,,,,,,0.6861547090445892,0.1,0.5470187095169329,0.5378752947467564,0.4751761490419612,MODERATE,4,COASTAL + FLOOD + CYCLONE + RAINFALL
Saradaprasad,395762,Odisha,,,,,,,,,0.6952733195633449,0.1,0.583473420766473,0.6098682748579979,0.5014240060322214,HIGH,4,COASTAL + FLOOD + CYCLONE + RAINFALL
Saralikud,397136,Odisha,,,,,,,,,0.671977722886469,0.1,0.6347423611939651,,0.4815986339555398,MODERATE,3,COASTAL + FLOOD + CYCLONE
Sarumunhi,397113,Odisha,,,,,,,,,0.2830268145687943,0.0,0.5883732576053867,0.5378752947467564,0.3395764177213363,MODERATE,4,COASTAL + FLOOD + CYCLONE + RAINFALL
Sasana,397007,Odisha,,,,,,,,,0.557139504876537,0.3,0.5300606668899676,0.5378752947467564,0.4822320771348042,MODERATE,4,COASTAL + FLOOD + CYCLONE + RAINFALL
Sasanipada,396787,Odisha,,,,,,,,,0.541283570960519,0.1,0.6112320002194758,0.4446950457593799,0.4291320804949006,MODERATE,4,COASTAL + FLOOD + CYCLONE + RAINFALL
Satagharia,395659,Odisha,,,,,,,,,0.4735884127221903,0.3,0.5576731732184503,0.6098682748579979,0.4784684720928692,MODERATE,4,COASTAL + FLOOD + CYCLONE + RAINFALL
Satavaya,396069,Odisha,,,,,,,,,0.699976226157889,0.0,0.5573672572410628,0.5999552848196029,0.469325739121553,MODERATE,4,COASTAL + FLOOD + CYCLONE + RAINFALL
Sathiabati,397103,Odisha,,,,,,,,,0.5005064466012563,0.1,0.596036951779167,0.4123689316052198,0.4066349582462126,MODERATE,4,COASTAL + FLOOD + CYCLONE + RAINFALL
Sendhakani,395968,Odisha,,,,,,,,,0.5060495249227616,0.0,0.5695213346758985,0.5378752947467564,0.4017702500951543,MODERATE,4,COASTAL + FLOOD + CYCLONE + RAINFALL
Sereinpur,396951,Odisha,,,,,,,,,0.4898602869823673,0.8,0.5920579257640408,0.4123689316052198,0.5774463538567645,HIGH,4,COASTAL + FLOOD + CYCLONE + RAINFALL
Sialia,395625,Odisha,,,,,,,,,0.5440254686219431,0.0,0.5803817801334288,0.6098682748579979,0.4302767405915397,MODERATE,4,COASTAL + FLOOD + CYCLONE + RAINFALL
Sihopada,395641,Odisha,,,,,,,,,0.4959717837483664,0.8,0.5662261678103192,0.6098682748579979,0.6123217320486893,HIGH,4,COASTAL + FLOOD + CYCLONE + RAINFALL
Sikar Pahi,395794,Odisha,,,,,,,,,0.6720697973841012,0.1,0.5614417256546846,0.5999552848196029,0.4869724275928221,MODERATE,4,COASTAL + FLOOD + CYCLONE + RAINFALL
Sikdarpur,395597,Odisha,,,,,,,,,0.6851232444054685,1.0,0.5909414232604131,0.6415983790260553,0.731592004941955,HIGH,4,COASTAL + FLOOD + CYCLONE + RAINFALL
Sikhar,397093,Odisha,,,,,,,,,0.2994471170714779,0.3,0.5670604771193719,0.4446950457593799,0.3955382635531623,MODERATE,4,COASTAL + FLOOD + CYCLONE + RAINFALL
Siko,395720,Odisha,,,,,,,,,0.6114755435161507,0.0,0.5822545540326969,0.6098682748579979,0.450979956534619,MODERATE,4,COASTAL + FLOOD + CYCLONE + RAINFALL
Sikudi,395619,Odisha,,,,,,,,,0.6553415303296533,0.0,0.5878749325422611,0.6098682748579979,0.4655448472060608,MODERATE,4,COASTAL + FLOOD + CYCLONE + RAINFALL
Sila Pokhari,395818,Odisha,,,,,,,,,0.5192638355565384,0.3,0.6093161616989005,0.6098682748579979,0.5050818460632862,HIGH,4,COASTAL + FLOOD + CYCLONE + RAINFALL
Silapokhari,395892,Odisha,,,,,,,,,0.5020636304665346,1.0,0.5761747830188314,0.5378752947467564,0.6522378438440195,HIGH,4,COASTAL + FLOOD + CYCLONE + RAINFALL
Silipur,396900,Odisha,,,,,,,,,0.447627792102803,0.1,0.5982799811020518,0.4446950457593799,0.3977973420582298,MODERATE,4,COASTAL + FLOOD + CYCLONE + RAINFALL
Singadapal,395872,Odisha,,,,,,,,,0.6427719996885453,0.0,0.5766703789053329,0.5378752947467564,0.4445742535822481,MODERATE,4,COASTAL + FLOOD + CYCLONE + RAINFALL
Singar Pur,397006,Odisha,,,,,,,,,0.4989446624383101,0.1,0.5305751496343377,0.5378752947467564,0.4149022450894287,MODERATE,4,COASTAL + FLOOD + CYCLONE + RAINFALL
Singidi,395748,Odisha,,,,,,,,,0.6773148031325946,0.1,0.593108597981036,0.6098682748579979,0.4984452454066369,MODERATE,4,COASTAL + FLOOD + CYCLONE + RAINFALL
Sir Rajendrapur,396065,Odisha,,,,,,,,,0.6549246067296903,0.1,0.5853059655972008,0.5999552848196029,0.4877949303821279,MODERATE,4,COASTAL + FLOOD + CYCLONE + RAINFALL
Sisua,395695,Odisha,,,,,,,,,0.5011027464980284,0.1,0.5993385941252407,0.6098682748579979,0.4471391274523182,MODERATE,4,COASTAL + FLOOD + CYCLONE + RAINFALL
Sourendrapur,395793,Odisha,,,,,,,,,0.5885321425716938,0.3,0.5670861882260387,0.5999552848196029,0.5133222467919385,HIGH,4,COASTAL + FLOOD + CYCLONE + RAINFALL
Sri Chandan Pur,397037,Odisha,,,,,,,,,0.6023977313769848,0.3,0.5505566661114318,0.4446950457593799,0.4822974950928294,MODERATE,4,COASTAL + FLOOD + CYCLONE + RAINFALL
Sribantapur,395839,Odisha,,,,,,,,,0.5377758273703168,0.1,0.5874628771962648,0.6098682748579979,0.4551721224817608,MODERATE,4,COASTAL + FLOOD + CYCLONE + RAINFALL
Srirampur,396982,Odisha,,,,,,,,,0.5710137191134487,0.3,0.5986309050206753,0.4123689316052198,0.4784356283102474,MODERATE,4,COASTAL + FLOOD + CYCLONE + RAINFALL
Subala,396928,Odisha,,,,,,,,,0.4596845380261117,0.0,0.5920804773433392,0.4123689316052198,0.3683992670647122,MODERATE,4,COASTAL + FLOOD + CYCLONE + RAINFALL
Subarnpur,395768,Odisha,,,,,,,,,0.6905771480822553,0.1,0.5739794756296446,0.6098682748579979,0.4976416683036873,MODERATE,4,COASTAL + FLOOD + CYCLONE + RAINFALL
Subhadraprasad Dia,395734,Odisha,,,,,,,,,0.4019779613630263,0.1,0.6138960518353778,0.6098682748579979,0.4210410563393519,MODERATE,4,COASTAL + FLOOD + CYCLONE + RAINFALL
Sugal,397021,Odisha,,,,,,,,,0.4127285417484918,0.1,0.5520889255180207,0.5378752947467564,0.3944158528534039,MODERATE,4,COASTAL + FLOOD + CYCLONE + RAINFALL
Sukdevpur,396008,Odisha,,,,,,,,,0.4695520776993848,0.8,0.547217229316611,0.5378752947467564,0.5852449895883194,HIGH,4,COASTAL + FLOOD + CYCLONE + RAINFALL
Sundripal,396073,Odisha,,,,,,,,,0.5863916959033635,0.3,0.5349831027964876,0.5378752947467564,0.4922383434194822,MODERATE,4,COASTAL + FLOOD + CYCLONE + RAINFALL
Suniti Bena Kandha,397017,Odisha,,,,,,,,,0.5300460999770513,0.0,0.554461833468896,0.5378752947467564,0.4052043473096907,MODERATE,4,COASTAL + FLOOD + CYCLONE + RAINFALL
Suravi,395780,Odisha,,,,,,,,,0.6923299191407888,0.0,0.5644789354540904,0.5999552848196029,0.4688097665696798,MODERATE,4,COASTAL + FLOOD + CYCLONE + RAINFALL
Surtipur,396490,Odisha,,,,,,,,,0.7071464911247425,0.1,0.6873623785893105,0.4303411416807771,0.4950527703209057,MODERATE,4,COASTAL + FLOOD + CYCLONE + RAINFALL
Talagan,396710,Odisha,,,,,,,,,0.622411618690017,0.1,0.6646661713501258,0.4446950457593799,0.4668290375964125,MODERATE,4,COASTAL + FLOOD + CYCLONE + RAINFALL
Talapatta,396052,Odisha,,,,,,,,,0.6959776982442445,0.0,0.5425040085670283,0.5378752947467564,0.4519943705643817,MODERATE,4,COASTAL + FLOOD + CYCLONE + RAINFALL
Talasanga,396788,Odisha,,,,,,,,,0.6115293701636868,0.1,0.6122080306406672,0.4446950457593799,0.4504498278611488,MODERATE,4,COASTAL + FLOOD + CYCLONE + RAINFALL
Talchua,396062,Odisha,,,,,,,,,0.6512743401378134,0.1,0.5587714884082483,0.5999552848196029,0.4800662311073266,MODERATE,4,COASTAL + FLOOD + CYCLONE + RAINFALL
Tamulia,397008,Odisha,,,,,,,,,0.5698578916139889,0.1,0.5310041602680243,0.5378752947467564,0.436283466500554,MODERATE,4,COASTAL + FLOOD + CYCLONE + RAINFALL
Tamulia,396003,Odisha,,,,,,,,,0.6858316377029101,0.1,0.5419142518755495,0.5378752947467564,0.4738031132291117,MODERATE,4,COASTAL + FLOOD + CYCLONE + RAINFALL
Taneipada,395679,Odisha,,,,,,,,,0.6390594436758712,0.3,0.6056567049274804,0.6098682748579979,0.5401056643062311,HIGH,4,COASTAL + FLOOD + CYCLONE + RAINFALL
Tangataila,395932,Odisha,,,,,,,,,0.7020661085565305,0.3,0.5416062438901432,0.5378752947467564,0.5285964524888462,HIGH,4,COASTAL + FLOOD + CYCLONE + RAINFALL
Tanki Belari,397078,Odisha,,,,,,,,,0.1758614896521057,0.8,0.5751832661153407,0.5378752947467564,0.5041293223738182,HIGH,4,COASTAL + FLOOD + CYCLONE + RAINFALL
Tantiapal,396055,Odisha,,,,,,,,,0.4840636481524581,0.3,0.5295560158400829,0.5378752947467564,0.4601831573551095,MODERATE,4,COASTAL + FLOOD + CYCLONE + RAINFALL
Taradeipur,396978,Odisha,,,,,,,,,0.5522523665183603,0.0,0.5977940202625065,0.4123689316052198,0.3975980013421787,MODERATE,4,COASTAL + FLOOD + CYCLONE + RAINFALL
Taradeipur,396040,Odisha,,,,,,,,,0.5410287729971991,0.0,0.5305790219886601,0.5378752947467564,0.4025284463456761,MODERATE,4,COASTAL + FLOOD + CYCLONE + RAINFALL
Tarapada,397070,Odisha,,,,,,,,,0.3589699736128105,0.3,0.5557663237804782,0.5378752947467564,0.429207631978314,MODERATE,4,COASTAL + FLOOD + CYCLONE + RAINFALL
Tarapada,395997,Odisha,,,,,,,,,0.4866413564861037,0.3,0.5492035608313469,0.5378752947467564,0.4658683561030191,MODERATE,4,COASTAL + FLOOD + CYCLONE + RAINFALL
Tarapada,395731,Odisha,,,,,,,,,0.4172203410388125,0.3,0.6127250618837481,0.6098682748579979,0.4753210227541803,MODERATE,4,COASTAL + FLOOD + CYCLONE + RAINFALL
Taras,395624,Odisha,,,,,,,,,0.6234944043816437,0.3,0.5775477784752547,0.6098682748579979,0.5284089209049064,HIGH,4,COASTAL + FLOOD + CYCLONE + RAINFALL
Tekarapanga,396969,Odisha,,,,,,,,,0.5600619866930727,0.0,0.5979162445930014,0.4123689316052198,0.3999714434772161,MODERATE,4,COASTAL + FLOOD + CYCLONE + RAINFALL
Tentuli Kandha,397118,Odisha,,,,,,,,,0.4833439039066928,0.0,0.5980607969751648,0.4123689316052198,0.376992156736843,MODERATE,4,COASTAL + FLOOD + CYCLONE + RAINFALL
Tentuliakolha,395877,Odisha,,,,,,,,,0.6801317904179414,0.3,0.5593318918988988,0.5999552848196029,0.5388635670640276,HIGH,4,COASTAL + FLOOD + CYCLONE + RAINFALL
Tentulikoli,395726,Odisha,,,,,,,,,0.5282975690552827,0.3,0.5985230552750196,0.6098682748579979,0.5050936895069393,HIGH,4,COASTAL + FLOOD + CYCLONE + RAINFALL
Teragan,396926,Odisha,,,,,,,,,0.2424296692719767,0.1,0.5787818619387073,0.4446950457593799,0.3313633754181458,MODERATE,4,COASTAL + FLOOD + CYCLONE + RAINFALL
Tetelenga,396027,Odisha,,,,,,,,,0.6798158912474599,0.3,0.5346923286802355,0.5378752947467564,0.5201929084936481,HIGH,4,COASTAL + FLOOD + CYCLONE + RAINFALL
Thantapalanda,396960,Odisha,,,,,,,,,0.5497164360225428,0.8,0.590550884233912,0.4123689316052198,0.5950264381862848,HIGH,4,COASTAL + FLOOD + CYCLONE + RAINFALL
Thauri,396541,Odisha,,,,,,,,,0.5832956565505314,0.1,0.5962342299389141,0.4446950457593799,0.4379862636017639,MODERATE,4,COASTAL + FLOOD + CYCLONE + RAINFALL
Tiara,395992,Odisha,,,,,,,,,0.3944489166293714,0.3,0.5550943783758435,0.5378752947467564,0.4396833285321235,MODERATE,4,COASTAL + FLOOD + CYCLONE + RAINFALL
Tikayat Nagar,395775,Odisha,,,,,,,,,0.6739051163439111,0.0,0.5600999805728112,0.5999552848196029,0.4621875870102967,MODERATE,4,COASTAL + FLOOD + CYCLONE + RAINFALL
Tikhiri,396946,Odisha,,,,,,,,,0.6225146881693562,1.0,0.5915861663819003,0.4123689316052198,0.6671247343673259,HIGH,4,COASTAL + FLOOD + CYCLONE + RAINFALL
Tithi,397085,Odisha,,,,,,,,,0.1934813945688489,0.0,0.5716627165305314,0.4446950457593799,0.2898991066551635,MODERATE,4,COASTAL + FLOOD + CYCLONE + RAINFALL
Trailokyapur,395729,Odisha,,,,,,,,,0.511642754972752,0.0,0.6074177775091576,0.6098682748579979,0.4273209258407145,MODERATE,4,COASTAL + FLOOD + CYCLONE + RAINFALL
Trilochanpur,395765,Odisha,,,,,,,,,0.6936815728614307,0.1,0.5776080083316899,0.6098682748579979,0.4994801289129512,MODERATE,4,COASTAL + FLOOD + CYCLONE + RAINFALL
Tulasi Pur,396914,Odisha,,,,,,,,,0.3208048007344778,0.1,0.5992802975028864,0.4446950457593799,0.3600005237479409,MODERATE,4,COASTAL + FLOOD + CYCLONE + RAINFALL
Udyan,395784,Odisha,,,,,,,,,0.615630250617684,0.1,0.5711534339097036,0.5999552848196029,0.4724684906266517,MODERATE,4,COASTAL + FLOOD + CYCLONE + RAINFALL
Ujanga,395652,Odisha,,,,,,,,,0.6359706883783618,0.8,0.5585079763465259,0.6415983790260553,0.6587378764053511,HIGH,4,COASTAL + FLOOD + CYCLONE + RAINFALL
Upulei,395680,Odisha,,,,,,,,,0.6986328923415726,0.1,0.6032895875470394,0.6098682748579979,0.5073859195608312,HIGH,4,COASTAL + FLOOD + CYCLONE + RAINFALL
Upulei Dia,395681,Odisha,,,,,,,,,0.6778186789393157,0.0,0.6048289691178412,0.6098682748579979,0.4765265009328546,MODERATE,4,COASTAL + FLOOD + CYCLONE + RAINFALL
Vekta,395798,Odisha,,,,,,,,,0.6775345452037618,0.1,0.5604243407486258,0.5999552848196029,0.4883575057122055,MODERATE,4,COASTAL + FLOOD + CYCLONE + RAINFALL
Velsari,396047,Odisha,,,,,,,,,0.6045589923570227,0.3,0.5397427313609554,0.5378752947467564,0.4988784394966969,MODERATE,4,COASTAL + FLOOD + CYCLONE + RAINFALL
